case aligned-d8-p0 arguments=64 128 2 4 2 0 0 0 0 0 8
quant_check variant=0 operand=0 max_int8_diff=0 scale_rel_diff=1.52639004e-07
quant_check variant=0 operand=1 max_int8_diff=0 scale_rel_diff=7.78567255e-08
quant_check variant=1 operand=0 max_int8_diff=0 scale_rel_diff=1.52639004e-07
quant_check variant=1 operand=1 max_int8_diff=0 scale_rel_diff=7.78567255e-08
bit_compare operand=0 int8_count=4096 int8_mismatches=0 scale_count=32 scale_bit_mismatches=0
bit_compare operand=1 int8_count=4096 int8_mismatches=0 scale_count=8 scale_bit_mismatches=0
bit_identity=1
correct=1
case tail-d8-p0 arguments=65 129 3 6 2 0 1 0 1 0 8
quant_check variant=0 operand=0 max_int8_diff=0 scale_rel_diff=1.15720759e-07
quant_check variant=0 operand=1 max_int8_diff=0 scale_rel_diff=1.09533822e-07
quant_check variant=1 operand=0 max_int8_diff=0 scale_rel_diff=1.15720759e-07
quant_check variant=1 operand=1 max_int8_diff=0 scale_rel_diff=1.09533822e-07
bit_compare operand=0 int8_count=9360 int8_mismatches=0 scale_count=90 scale_bit_mismatches=0
bit_compare operand=1 int8_count=6192 int8_mismatches=0 scale_count=18 scale_bit_mismatches=0
bit_identity=1
correct=1
case packed-d8-p0 arguments=65 129 3 6 2 0 1 3 2 1 8
quant_check variant=0 operand=0 max_int8_diff=0 scale_rel_diff=1.18005381e-07
quant_check variant=0 operand=1 max_int8_diff=0 scale_rel_diff=7.4778491e-08
quant_check variant=1 operand=0 max_int8_diff=0 scale_rel_diff=1.18005381e-07
quant_check variant=1 operand=1 max_int8_diff=0 scale_rel_diff=7.4778491e-08
bit_compare operand=0 int8_count=9360 int8_mismatches=0 scale_count=90 scale_bit_mismatches=0
bit_compare operand=1 int8_count=6192 int8_mismatches=0 scale_count=18 scale_bit_mismatches=0
bit_identity=1
correct=1
case zeros-d8-p0 arguments=65 129 3 6 2 0 1 3 3 1 8
quant_check variant=0 operand=0 max_int8_diff=0 scale_rel_diff=0
quant_check variant=0 operand=1 max_int8_diff=0 scale_rel_diff=0
quant_check variant=1 operand=0 max_int8_diff=0 scale_rel_diff=0
quant_check variant=1 operand=1 max_int8_diff=0 scale_rel_diff=0
bit_compare operand=0 int8_count=9360 int8_mismatches=0 scale_count=90 scale_bit_mismatches=0
bit_compare operand=1 int8_count=6192 int8_mismatches=0 scale_count=18 scale_bit_mismatches=0
bit_identity=1
correct=1
case aligned-d8-p1 arguments=64 128 2 4 2 1 0 0 0 0 8
quant_check variant=0 operand=0 max_int8_diff=0 scale_rel_diff=1.17308311e-07
quant_check variant=0 operand=1 max_int8_diff=0 scale_rel_diff=7.81052378e-08
quant_check variant=1 operand=0 max_int8_diff=0 scale_rel_diff=1.17308311e-07
quant_check variant=1 operand=1 max_int8_diff=0 scale_rel_diff=7.81052378e-08
bit_compare operand=0 int8_count=4096 int8_mismatches=0 scale_count=32 scale_bit_mismatches=0
bit_compare operand=1 int8_count=4096 int8_mismatches=0 scale_count=8 scale_bit_mismatches=0
bit_identity=1
correct=1
case tail-d8-p1 arguments=65 129 3 6 2 1 1 0 1 0 8
quant_check variant=0 operand=0 max_int8_diff=0 scale_rel_diff=1.16189291e-07
quant_check variant=0 operand=1 max_int8_diff=0 scale_rel_diff=1.08541208e-07
quant_check variant=1 operand=0 max_int8_diff=0 scale_rel_diff=1.16189291e-07
quant_check variant=1 operand=1 max_int8_diff=0 scale_rel_diff=1.08541208e-07
bit_compare operand=0 int8_count=9360 int8_mismatches=0 scale_count=90 scale_bit_mismatches=0
bit_compare operand=1 int8_count=6192 int8_mismatches=0 scale_count=18 scale_bit_mismatches=0
bit_identity=1
correct=1
case packed-d8-p1 arguments=65 129 3 6 2 1 1 3 2 1 8
quant_check variant=0 operand=0 max_int8_diff=0 scale_rel_diff=1.13961946e-07
quant_check variant=0 operand=1 max_int8_diff=0 scale_rel_diff=7.49933449e-08
quant_check variant=1 operand=0 max_int8_diff=0 scale_rel_diff=1.13961946e-07
quant_check variant=1 operand=1 max_int8_diff=0 scale_rel_diff=7.49933449e-08
bit_compare operand=0 int8_count=9360 int8_mismatches=0 scale_count=90 scale_bit_mismatches=0
bit_compare operand=1 int8_count=6192 int8_mismatches=0 scale_count=18 scale_bit_mismatches=0
bit_identity=1
correct=1
case zeros-d8-p1 arguments=65 129 3 6 2 1 1 3 3 1 8
quant_check variant=0 operand=0 max_int8_diff=0 scale_rel_diff=0
quant_check variant=0 operand=1 max_int8_diff=0 scale_rel_diff=0
quant_check variant=1 operand=0 max_int8_diff=0 scale_rel_diff=0
quant_check variant=1 operand=1 max_int8_diff=0 scale_rel_diff=0
bit_compare operand=0 int8_count=9360 int8_mismatches=0 scale_count=90 scale_bit_mismatches=0
bit_compare operand=1 int8_count=6192 int8_mismatches=0 scale_count=18 scale_bit_mismatches=0
bit_identity=1
correct=1
case aligned-d8-p2 arguments=64 128 2 4 2 2 0 0 0 0 8
quant_check variant=0 operand=0 max_int8_diff=0 scale_rel_diff=9.88547839e-08
quant_check variant=0 operand=1 max_int8_diff=0 scale_rel_diff=7.5564806e-08
quant_check variant=1 operand=0 max_int8_diff=0 scale_rel_diff=9.88547839e-08
quant_check variant=1 operand=1 max_int8_diff=0 scale_rel_diff=7.5564806e-08
bit_compare operand=0 int8_count=4096 int8_mismatches=0 scale_count=32 scale_bit_mismatches=0
bit_compare operand=1 int8_count=4096 int8_mismatches=0 scale_count=8 scale_bit_mismatches=0
bit_identity=1
correct=1
case tail-d8-p2 arguments=65 129 3 6 2 2 1 0 1 0 8
quant_check variant=0 operand=0 max_int8_diff=0 scale_rel_diff=1.15022559e-07
quant_check variant=0 operand=1 max_int8_diff=0 scale_rel_diff=1.11702775e-07
quant_check variant=1 operand=0 max_int8_diff=0 scale_rel_diff=1.15022559e-07
quant_check variant=1 operand=1 max_int8_diff=0 scale_rel_diff=1.11702775e-07
bit_compare operand=0 int8_count=9360 int8_mismatches=0 scale_count=90 scale_bit_mismatches=0
bit_compare operand=1 int8_count=6192 int8_mismatches=0 scale_count=18 scale_bit_mismatches=0
bit_identity=1
correct=1
case packed-d8-p2 arguments=65 129 3 6 2 2 1 3 2 1 8
quant_check variant=0 operand=0 max_int8_diff=0 scale_rel_diff=8.64430447e-08
quant_check variant=0 operand=1 max_int8_diff=0 scale_rel_diff=1.18953587e-07
quant_check variant=1 operand=0 max_int8_diff=0 scale_rel_diff=8.64430447e-08
quant_check variant=1 operand=1 max_int8_diff=0 scale_rel_diff=1.18953587e-07
bit_compare operand=0 int8_count=9360 int8_mismatches=0 scale_count=90 scale_bit_mismatches=0
bit_compare operand=1 int8_count=6192 int8_mismatches=0 scale_count=18 scale_bit_mismatches=0
bit_identity=1
correct=1
case zeros-d8-p2 arguments=65 129 3 6 2 2 1 3 3 1 8
quant_check variant=0 operand=0 max_int8_diff=0 scale_rel_diff=0
quant_check variant=0 operand=1 max_int8_diff=0 scale_rel_diff=0
quant_check variant=1 operand=0 max_int8_diff=0 scale_rel_diff=0
quant_check variant=1 operand=1 max_int8_diff=0 scale_rel_diff=0
bit_compare operand=0 int8_count=9360 int8_mismatches=0 scale_count=90 scale_bit_mismatches=0
bit_compare operand=1 int8_count=6192 int8_mismatches=0 scale_count=18 scale_bit_mismatches=0
bit_identity=1
correct=1
case aligned-d16-p0 arguments=64 128 2 4 2 0 0 0 0 0 16
quant_check variant=0 operand=0 max_int8_diff=0 scale_rel_diff=7.34910159e-08
quant_check variant=0 operand=1 max_int8_diff=0 scale_rel_diff=0
quant_check variant=1 operand=0 max_int8_diff=0 scale_rel_diff=7.34910159e-08
quant_check variant=1 operand=1 max_int8_diff=0 scale_rel_diff=0
bit_compare operand=0 int8_count=8192 int8_mismatches=0 scale_count=32 scale_bit_mismatches=0
bit_compare operand=1 int8_count=8192 int8_mismatches=0 scale_count=8 scale_bit_mismatches=0
bit_identity=1
correct=1
case tail-d16-p0 arguments=65 129 3 6 2 0 1 0 1 0 16
quant_check variant=0 operand=0 max_int8_diff=0 scale_rel_diff=7.83667389e-08
quant_check variant=0 operand=1 max_int8_diff=0 scale_rel_diff=7.38690247e-08
quant_check variant=1 operand=0 max_int8_diff=0 scale_rel_diff=7.83667389e-08
quant_check variant=1 operand=1 max_int8_diff=0 scale_rel_diff=7.38690247e-08
bit_compare operand=0 int8_count=18720 int8_mismatches=0 scale_count=90 scale_bit_mismatches=0
bit_compare operand=1 int8_count=12384 int8_mismatches=0 scale_count=18 scale_bit_mismatches=0
bit_identity=1
correct=1
case packed-d16-p0 arguments=65 129 3 6 2 0 1 3 2 1 16
quant_check variant=0 operand=0 max_int8_diff=0 scale_rel_diff=6.46887983e-08
quant_check variant=0 operand=1 max_int8_diff=0 scale_rel_diff=6.30831209e-08
quant_check variant=1 operand=0 max_int8_diff=0 scale_rel_diff=6.46887983e-08
quant_check variant=1 operand=1 max_int8_diff=0 scale_rel_diff=6.30831209e-08
bit_compare operand=0 int8_count=18720 int8_mismatches=0 scale_count=90 scale_bit_mismatches=0
bit_compare operand=1 int8_count=12384 int8_mismatches=0 scale_count=18 scale_bit_mismatches=0
bit_identity=1
correct=1
case zeros-d16-p0 arguments=65 129 3 6 2 0 1 3 3 1 16
quant_check variant=0 operand=0 max_int8_diff=0 scale_rel_diff=0
quant_check variant=0 operand=1 max_int8_diff=0 scale_rel_diff=0
quant_check variant=1 operand=0 max_int8_diff=0 scale_rel_diff=0
quant_check variant=1 operand=1 max_int8_diff=0 scale_rel_diff=0
bit_compare operand=0 int8_count=18720 int8_mismatches=0 scale_count=90 scale_bit_mismatches=0
bit_compare operand=1 int8_count=12384 int8_mismatches=0 scale_count=18 scale_bit_mismatches=0
bit_identity=1
correct=1
case aligned-d16-p1 arguments=64 128 2 4 2 1 0 0 0 0 16
quant_check variant=0 operand=0 max_int8_diff=0 scale_rel_diff=8.4008505e-08
quant_check variant=0 operand=1 max_int8_diff=0 scale_rel_diff=0
quant_check variant=1 operand=0 max_int8_diff=0 scale_rel_diff=8.4008505e-08
quant_check variant=1 operand=1 max_int8_diff=0 scale_rel_diff=0
bit_compare operand=0 int8_count=8192 int8_mismatches=0 scale_count=32 scale_bit_mismatches=0
bit_compare operand=1 int8_count=8192 int8_mismatches=0 scale_count=8 scale_bit_mismatches=0
bit_identity=1
correct=1
case tail-d16-p1 arguments=65 129 3 6 2 1 1 0 1 0 16
quant_check variant=0 operand=0 max_int8_diff=0 scale_rel_diff=8.21931323e-08
quant_check variant=0 operand=1 max_int8_diff=0 scale_rel_diff=0
quant_check variant=1 operand=0 max_int8_diff=0 scale_rel_diff=8.21931323e-08
quant_check variant=1 operand=1 max_int8_diff=0 scale_rel_diff=0
bit_compare operand=0 int8_count=18720 int8_mismatches=0 scale_count=90 scale_bit_mismatches=0
bit_compare operand=1 int8_count=12384 int8_mismatches=0 scale_count=18 scale_bit_mismatches=0
bit_identity=1
correct=1
case packed-d16-p1 arguments=65 129 3 6 2 1 1 3 2 1 16
quant_check variant=0 operand=0 max_int8_diff=0 scale_rel_diff=7.22706872e-08
quant_check variant=0 operand=1 max_int8_diff=0 scale_rel_diff=0
quant_check variant=1 operand=0 max_int8_diff=0 scale_rel_diff=7.22706872e-08
quant_check variant=1 operand=1 max_int8_diff=0 scale_rel_diff=0
bit_compare operand=0 int8_count=18720 int8_mismatches=0 scale_count=90 scale_bit_mismatches=0
bit_compare operand=1 int8_count=12384 int8_mismatches=0 scale_count=18 scale_bit_mismatches=0
bit_identity=1
correct=1
case zeros-d16-p1 arguments=65 129 3 6 2 1 1 3 3 1 16
quant_check variant=0 operand=0 max_int8_diff=0 scale_rel_diff=0
quant_check variant=0 operand=1 max_int8_diff=0 scale_rel_diff=0
quant_check variant=1 operand=0 max_int8_diff=0 scale_rel_diff=0
quant_check variant=1 operand=1 max_int8_diff=0 scale_rel_diff=0
bit_compare operand=0 int8_count=18720 int8_mismatches=0 scale_count=90 scale_bit_mismatches=0
bit_compare operand=1 int8_count=12384 int8_mismatches=0 scale_count=18 scale_bit_mismatches=0
bit_identity=1
correct=1
case aligned-d16-p2 arguments=64 128 2 4 2 2 0 0 0 0 16
quant_check variant=0 operand=0 max_int8_diff=0 scale_rel_diff=7.21445375e-08
quant_check variant=0 operand=1 max_int8_diff=0 scale_rel_diff=0
quant_check variant=1 operand=0 max_int8_diff=0 scale_rel_diff=7.21445375e-08
quant_check variant=1 operand=1 max_int8_diff=0 scale_rel_diff=0
bit_compare operand=0 int8_count=8192 int8_mismatches=0 scale_count=32 scale_bit_mismatches=0
bit_compare operand=1 int8_count=8192 int8_mismatches=0 scale_count=8 scale_bit_mismatches=0
bit_identity=1
correct=1
case tail-d16-p2 arguments=65 129 3 6 2 2 1 0 1 0 16
quant_check variant=0 operand=0 max_int8_diff=0 scale_rel_diff=9.87105651e-08
quant_check variant=0 operand=1 max_int8_diff=0 scale_rel_diff=7.8776857e-08
quant_check variant=1 operand=0 max_int8_diff=0 scale_rel_diff=9.87105651e-08
quant_check variant=1 operand=1 max_int8_diff=0 scale_rel_diff=7.8776857e-08
bit_compare operand=0 int8_count=18720 int8_mismatches=0 scale_count=90 scale_bit_mismatches=0
bit_compare operand=1 int8_count=12384 int8_mismatches=0 scale_count=18 scale_bit_mismatches=0
bit_identity=1
correct=1
case packed-d16-p2 arguments=65 129 3 6 2 2 1 3 2 1 16
quant_check variant=0 operand=0 max_int8_diff=0 scale_rel_diff=9.46229761e-08
quant_check variant=0 operand=1 max_int8_diff=0 scale_rel_diff=0
quant_check variant=1 operand=0 max_int8_diff=0 scale_rel_diff=9.46229761e-08
quant_check variant=1 operand=1 max_int8_diff=0 scale_rel_diff=0
bit_compare operand=0 int8_count=18720 int8_mismatches=0 scale_count=90 scale_bit_mismatches=0
bit_compare operand=1 int8_count=12384 int8_mismatches=0 scale_count=18 scale_bit_mismatches=0
bit_identity=1
correct=1
case zeros-d16-p2 arguments=65 129 3 6 2 2 1 3 3 1 16
quant_check variant=0 operand=0 max_int8_diff=0 scale_rel_diff=0
quant_check variant=0 operand=1 max_int8_diff=0 scale_rel_diff=0
quant_check variant=1 operand=0 max_int8_diff=0 scale_rel_diff=0
quant_check variant=1 operand=1 max_int8_diff=0 scale_rel_diff=0
bit_compare operand=0 int8_count=18720 int8_mismatches=0 scale_count=90 scale_bit_mismatches=0
bit_compare operand=1 int8_count=12384 int8_mismatches=0 scale_count=18 scale_bit_mismatches=0
bit_identity=1
correct=1
case aligned-d24-p0 arguments=64 128 2 4 2 0 0 0 0 0 24
quant_check variant=0 operand=0 max_int8_diff=0 scale_rel_diff=8.96236543e-08
quant_check variant=0 operand=1 max_int8_diff=0 scale_rel_diff=7.18760376e-08
quant_check variant=1 operand=0 max_int8_diff=0 scale_rel_diff=8.96236543e-08
quant_check variant=1 operand=1 max_int8_diff=0 scale_rel_diff=7.18760376e-08
bit_compare operand=0 int8_count=12288 int8_mismatches=0 scale_count=32 scale_bit_mismatches=0
bit_compare operand=1 int8_count=12288 int8_mismatches=0 scale_count=8 scale_bit_mismatches=0
bit_identity=1
correct=1
case tail-d24-p0 arguments=65 129 3 6 2 0 1 0 1 0 24
quant_check variant=0 operand=0 max_int8_diff=0 scale_rel_diff=1.14285704e-07
quant_check variant=0 operand=1 max_int8_diff=0 scale_rel_diff=8.89697276e-08
quant_check variant=1 operand=0 max_int8_diff=0 scale_rel_diff=1.14285704e-07
quant_check variant=1 operand=1 max_int8_diff=0 scale_rel_diff=8.89697276e-08
bit_compare operand=0 int8_count=28080 int8_mismatches=0 scale_count=90 scale_bit_mismatches=0
bit_compare operand=1 int8_count=18576 int8_mismatches=0 scale_count=18 scale_bit_mismatches=0
bit_identity=1
correct=1
case packed-d24-p0 arguments=65 129 3 6 2 0 1 3 2 1 24
quant_check variant=0 operand=0 max_int8_diff=0 scale_rel_diff=1.18005381e-07
quant_check variant=0 operand=1 max_int8_diff=0 scale_rel_diff=7.30333127e-08
quant_check variant=1 operand=0 max_int8_diff=0 scale_rel_diff=1.18005381e-07
quant_check variant=1 operand=1 max_int8_diff=0 scale_rel_diff=7.30333127e-08
bit_compare operand=0 int8_count=28080 int8_mismatches=0 scale_count=90 scale_bit_mismatches=0
bit_compare operand=1 int8_count=18576 int8_mismatches=0 scale_count=18 scale_bit_mismatches=0
bit_identity=1
correct=1
case zeros-d24-p0 arguments=65 129 3 6 2 0 1 3 3 1 24
quant_check variant=0 operand=0 max_int8_diff=0 scale_rel_diff=0
quant_check variant=0 operand=1 max_int8_diff=0 scale_rel_diff=0
quant_check variant=1 operand=0 max_int8_diff=0 scale_rel_diff=0
quant_check variant=1 operand=1 max_int8_diff=0 scale_rel_diff=0
bit_compare operand=0 int8_count=28080 int8_mismatches=0 scale_count=90 scale_bit_mismatches=0
bit_compare operand=1 int8_count=18576 int8_mismatches=0 scale_count=18 scale_bit_mismatches=0
bit_identity=1
correct=1
case aligned-d24-p1 arguments=64 128 2 4 2 1 0 0 0 0 24
quant_check variant=0 operand=0 max_int8_diff=0 scale_rel_diff=8.82342874e-08
quant_check variant=0 operand=1 max_int8_diff=0 scale_rel_diff=6.79297258e-08
quant_check variant=1 operand=0 max_int8_diff=0 scale_rel_diff=8.82342874e-08
quant_check variant=1 operand=1 max_int8_diff=0 scale_rel_diff=6.79297258e-08
bit_compare operand=0 int8_count=12288 int8_mismatches=0 scale_count=32 scale_bit_mismatches=0
bit_compare operand=1 int8_count=12288 int8_mismatches=0 scale_count=8 scale_bit_mismatches=0
bit_identity=1
correct=1
case tail-d24-p1 arguments=65 129 3 6 2 1 1 0 1 0 24
quant_check variant=0 operand=0 max_int8_diff=0 scale_rel_diff=1.15255986e-07
quant_check variant=0 operand=1 max_int8_diff=0 scale_rel_diff=9.09788795e-08
quant_check variant=1 operand=0 max_int8_diff=0 scale_rel_diff=1.15255986e-07
quant_check variant=1 operand=1 max_int8_diff=0 scale_rel_diff=9.09788795e-08
bit_compare operand=0 int8_count=28080 int8_mismatches=0 scale_count=90 scale_bit_mismatches=0
bit_compare operand=1 int8_count=18576 int8_mismatches=0 scale_count=18 scale_bit_mismatches=0
bit_identity=1
correct=1
case packed-d24-p1 arguments=65 129 3 6 2 1 1 3 2 1 24
quant_check variant=0 operand=0 max_int8_diff=0 scale_rel_diff=1.42322236e-07
quant_check variant=0 operand=1 max_int8_diff=0 scale_rel_diff=1.18824005e-07
quant_check variant=1 operand=0 max_int8_diff=0 scale_rel_diff=1.42322236e-07
quant_check variant=1 operand=1 max_int8_diff=0 scale_rel_diff=1.18824005e-07
bit_compare operand=0 int8_count=28080 int8_mismatches=0 scale_count=90 scale_bit_mismatches=0
bit_compare operand=1 int8_count=18576 int8_mismatches=0 scale_count=18 scale_bit_mismatches=0
bit_identity=1
correct=1
case zeros-d24-p1 arguments=65 129 3 6 2 1 1 3 3 1 24
quant_check variant=0 operand=0 max_int8_diff=0 scale_rel_diff=0
quant_check variant=0 operand=1 max_int8_diff=0 scale_rel_diff=0
quant_check variant=1 operand=0 max_int8_diff=0 scale_rel_diff=0
quant_check variant=1 operand=1 max_int8_diff=0 scale_rel_diff=0
bit_compare operand=0 int8_count=28080 int8_mismatches=0 scale_count=90 scale_bit_mismatches=0
bit_compare operand=1 int8_count=18576 int8_mismatches=0 scale_count=18 scale_bit_mismatches=0
bit_identity=1
correct=1
case aligned-d24-p2 arguments=64 128 2 4 2 2 0 0 0 0 24
quant_check variant=0 operand=0 max_int8_diff=0 scale_rel_diff=8.44933865e-08
quant_check variant=0 operand=1 max_int8_diff=0 scale_rel_diff=7.1631753e-08
quant_check variant=1 operand=0 max_int8_diff=0 scale_rel_diff=8.44933865e-08
quant_check variant=1 operand=1 max_int8_diff=0 scale_rel_diff=7.1631753e-08
bit_compare operand=0 int8_count=12288 int8_mismatches=0 scale_count=32 scale_bit_mismatches=0
bit_compare operand=1 int8_count=12288 int8_mismatches=0 scale_count=8 scale_bit_mismatches=0
bit_identity=1
correct=1
case tail-d24-p2 arguments=65 129 3 6 2 2 1 0 1 0 24
quant_check variant=0 operand=0 max_int8_diff=0 scale_rel_diff=1.18994834e-07
quant_check variant=0 operand=1 max_int8_diff=0 scale_rel_diff=1.15761402e-07
quant_check variant=1 operand=0 max_int8_diff=0 scale_rel_diff=1.18994834e-07
quant_check variant=1 operand=1 max_int8_diff=0 scale_rel_diff=1.15761402e-07
bit_compare operand=0 int8_count=28080 int8_mismatches=0 scale_count=90 scale_bit_mismatches=0
bit_compare operand=1 int8_count=18576 int8_mismatches=0 scale_count=18 scale_bit_mismatches=0
bit_identity=1
correct=1
case packed-d24-p2 arguments=65 129 3 6 2 2 1 3 2 1 24
quant_check variant=0 operand=0 max_int8_diff=0 scale_rel_diff=1.18953587e-07
quant_check variant=0 operand=1 max_int8_diff=0 scale_rel_diff=1.05548615e-07
quant_check variant=1 operand=0 max_int8_diff=0 scale_rel_diff=1.18953587e-07
quant_check variant=1 operand=1 max_int8_diff=0 scale_rel_diff=1.05548615e-07
bit_compare operand=0 int8_count=28080 int8_mismatches=0 scale_count=90 scale_bit_mismatches=0
bit_compare operand=1 int8_count=18576 int8_mismatches=0 scale_count=18 scale_bit_mismatches=0
bit_identity=1
correct=1
case zeros-d24-p2 arguments=65 129 3 6 2 2 1 3 3 1 24
quant_check variant=0 operand=0 max_int8_diff=0 scale_rel_diff=0
quant_check variant=0 operand=1 max_int8_diff=0 scale_rel_diff=0
quant_check variant=1 operand=0 max_int8_diff=0 scale_rel_diff=0
quant_check variant=1 operand=1 max_int8_diff=0 scale_rel_diff=0
bit_compare operand=0 int8_count=28080 int8_mismatches=0 scale_count=90 scale_bit_mismatches=0
bit_compare operand=1 int8_count=18576 int8_mismatches=0 scale_count=18 scale_bit_mismatches=0
bit_identity=1
correct=1
case aligned-d32-p0 arguments=64 128 2 4 2 0 0 0 0 0 32
quant_check variant=0 operand=0 max_int8_diff=0 scale_rel_diff=9.11744849e-08
quant_check variant=0 operand=1 max_int8_diff=0 scale_rel_diff=6.31046717e-08
quant_check variant=1 operand=0 max_int8_diff=0 scale_rel_diff=9.11744849e-08
quant_check variant=1 operand=1 max_int8_diff=0 scale_rel_diff=6.31046717e-08
bit_compare operand=0 int8_count=16384 int8_mismatches=0 scale_count=32 scale_bit_mismatches=0
bit_compare operand=1 int8_count=16384 int8_mismatches=0 scale_count=8 scale_bit_mismatches=0
bit_identity=1
correct=1
case tail-d32-p0 arguments=65 129 3 6 2 0 1 0 1 0 32
quant_check variant=0 operand=0 max_int8_diff=0 scale_rel_diff=1.06962645e-07
quant_check variant=0 operand=1 max_int8_diff=0 scale_rel_diff=1.15956681e-07
quant_check variant=1 operand=0 max_int8_diff=0 scale_rel_diff=1.06962645e-07
quant_check variant=1 operand=1 max_int8_diff=0 scale_rel_diff=1.15956681e-07
bit_compare operand=0 int8_count=37440 int8_mismatches=0 scale_count=90 scale_bit_mismatches=0
bit_compare operand=1 int8_count=24768 int8_mismatches=0 scale_count=18 scale_bit_mismatches=0
bit_identity=1
correct=1
case packed-d32-p0 arguments=65 129 3 6 2 0 1 3 2 1 32
quant_check variant=0 operand=0 max_int8_diff=0 scale_rel_diff=1.17567957e-07
quant_check variant=0 operand=1 max_int8_diff=0 scale_rel_diff=1.12844987e-07
quant_check variant=1 operand=0 max_int8_diff=0 scale_rel_diff=1.17567957e-07
quant_check variant=1 operand=1 max_int8_diff=0 scale_rel_diff=1.12844987e-07
bit_compare operand=0 int8_count=37440 int8_mismatches=0 scale_count=90 scale_bit_mismatches=0
bit_compare operand=1 int8_count=24768 int8_mismatches=0 scale_count=18 scale_bit_mismatches=0
bit_identity=1
correct=1
case zeros-d32-p0 arguments=65 129 3 6 2 0 1 3 3 1 32
quant_check variant=0 operand=0 max_int8_diff=0 scale_rel_diff=0
quant_check variant=0 operand=1 max_int8_diff=0 scale_rel_diff=0
quant_check variant=1 operand=0 max_int8_diff=0 scale_rel_diff=0
quant_check variant=1 operand=1 max_int8_diff=0 scale_rel_diff=0
bit_compare operand=0 int8_count=37440 int8_mismatches=0 scale_count=90 scale_bit_mismatches=0
bit_compare operand=1 int8_count=24768 int8_mismatches=0 scale_count=18 scale_bit_mismatches=0
bit_identity=1
correct=1
case aligned-d32-p1 arguments=64 128 2 4 2 1 0 0 0 0 32
quant_check variant=0 operand=0 max_int8_diff=0 scale_rel_diff=1.16612e-07
quant_check variant=0 operand=1 max_int8_diff=0 scale_rel_diff=6.86778918e-08
quant_check variant=1 operand=0 max_int8_diff=0 scale_rel_diff=1.16612e-07
quant_check variant=1 operand=1 max_int8_diff=0 scale_rel_diff=6.86778918e-08
bit_compare operand=0 int8_count=16384 int8_mismatches=0 scale_count=32 scale_bit_mismatches=0
bit_compare operand=1 int8_count=16384 int8_mismatches=0 scale_count=8 scale_bit_mismatches=0
bit_identity=1
correct=1
case tail-d32-p1 arguments=65 129 3 6 2 1 1 0 1 0 32
quant_check variant=0 operand=0 max_int8_diff=0 scale_rel_diff=1.09762773e-07
quant_check variant=0 operand=1 max_int8_diff=0 scale_rel_diff=1.16173283e-07
quant_check variant=1 operand=0 max_int8_diff=0 scale_rel_diff=1.09762773e-07
quant_check variant=1 operand=1 max_int8_diff=0 scale_rel_diff=1.16173283e-07
bit_compare operand=0 int8_count=37440 int8_mismatches=0 scale_count=90 scale_bit_mismatches=0
bit_compare operand=1 int8_count=24768 int8_mismatches=0 scale_count=18 scale_bit_mismatches=0
bit_identity=1
correct=1
case packed-d32-p1 arguments=65 129 3 6 2 1 1 3 2 1 32
quant_check variant=0 operand=0 max_int8_diff=0 scale_rel_diff=1.12101965e-07
quant_check variant=0 operand=1 max_int8_diff=0 scale_rel_diff=1.00414745e-07
quant_check variant=1 operand=0 max_int8_diff=0 scale_rel_diff=1.12101965e-07
quant_check variant=1 operand=1 max_int8_diff=0 scale_rel_diff=1.00414745e-07
bit_compare operand=0 int8_count=37440 int8_mismatches=0 scale_count=90 scale_bit_mismatches=0
bit_compare operand=1 int8_count=24768 int8_mismatches=0 scale_count=18 scale_bit_mismatches=0
bit_identity=1
correct=1
case zeros-d32-p1 arguments=65 129 3 6 2 1 1 3 3 1 32
quant_check variant=0 operand=0 max_int8_diff=0 scale_rel_diff=0
quant_check variant=0 operand=1 max_int8_diff=0 scale_rel_diff=0
quant_check variant=1 operand=0 max_int8_diff=0 scale_rel_diff=0
quant_check variant=1 operand=1 max_int8_diff=0 scale_rel_diff=0
bit_compare operand=0 int8_count=37440 int8_mismatches=0 scale_count=90 scale_bit_mismatches=0
bit_compare operand=1 int8_count=24768 int8_mismatches=0 scale_count=18 scale_bit_mismatches=0
bit_identity=1
correct=1
case aligned-d32-p2 arguments=64 128 2 4 2 2 0 0 0 0 32
quant_check variant=0 operand=0 max_int8_diff=0 scale_rel_diff=8.45296455e-08
quant_check variant=0 operand=1 max_int8_diff=0 scale_rel_diff=7.06831571e-08
quant_check variant=1 operand=0 max_int8_diff=0 scale_rel_diff=8.45296455e-08
quant_check variant=1 operand=1 max_int8_diff=0 scale_rel_diff=7.06831571e-08
bit_compare operand=0 int8_count=16384 int8_mismatches=0 scale_count=32 scale_bit_mismatches=0
bit_compare operand=1 int8_count=16384 int8_mismatches=0 scale_count=8 scale_bit_mismatches=0
bit_identity=1
correct=1
case tail-d32-p2 arguments=65 129 3 6 2 2 1 0 1 0 32
quant_check variant=0 operand=0 max_int8_diff=0 scale_rel_diff=1.07019687e-07
quant_check variant=0 operand=1 max_int8_diff=0 scale_rel_diff=1.03231201e-07
quant_check variant=1 operand=0 max_int8_diff=0 scale_rel_diff=1.07019687e-07
quant_check variant=1 operand=1 max_int8_diff=0 scale_rel_diff=1.03231201e-07
bit_compare operand=0 int8_count=37440 int8_mismatches=0 scale_count=90 scale_bit_mismatches=0
bit_compare operand=1 int8_count=24768 int8_mismatches=0 scale_count=18 scale_bit_mismatches=0
bit_identity=1
correct=1
case packed-d32-p2 arguments=65 129 3 6 2 2 1 3 2 1 32
quant_check variant=0 operand=0 max_int8_diff=0 scale_rel_diff=7.66392532e-08
quant_check variant=0 operand=1 max_int8_diff=0 scale_rel_diff=1.12807157e-07
quant_check variant=1 operand=0 max_int8_diff=0 scale_rel_diff=7.66392532e-08
quant_check variant=1 operand=1 max_int8_diff=0 scale_rel_diff=1.12807157e-07
bit_compare operand=0 int8_count=37440 int8_mismatches=0 scale_count=90 scale_bit_mismatches=0
bit_compare operand=1 int8_count=24768 int8_mismatches=0 scale_count=18 scale_bit_mismatches=0
bit_identity=1
correct=1
case zeros-d32-p2 arguments=65 129 3 6 2 2 1 3 3 1 32
quant_check variant=0 operand=0 max_int8_diff=0 scale_rel_diff=0
quant_check variant=0 operand=1 max_int8_diff=0 scale_rel_diff=0
quant_check variant=1 operand=0 max_int8_diff=0 scale_rel_diff=0
quant_check variant=1 operand=1 max_int8_diff=0 scale_rel_diff=0
bit_compare operand=0 int8_count=37440 int8_mismatches=0 scale_count=90 scale_bit_mismatches=0
bit_compare operand=1 int8_count=24768 int8_mismatches=0 scale_count=18 scale_bit_mismatches=0
bit_identity=1
correct=1
case aligned-d40-p0 arguments=64 128 2 4 2 0 0 0 0 0 40
quant_check variant=0 operand=0 max_int8_diff=0 scale_rel_diff=8.35535516e-08
quant_check variant=0 operand=1 max_int8_diff=0 scale_rel_diff=1.09710044e-07
quant_check variant=1 operand=0 max_int8_diff=0 scale_rel_diff=8.35535516e-08
quant_check variant=1 operand=1 max_int8_diff=0 scale_rel_diff=1.09710044e-07
bit_compare operand=0 int8_count=20480 int8_mismatches=0 scale_count=32 scale_bit_mismatches=0
bit_compare operand=1 int8_count=20480 int8_mismatches=0 scale_count=8 scale_bit_mismatches=0
bit_identity=1
correct=1
case tail-d40-p0 arguments=65 129 3 6 2 0 1 0 1 0 40
quant_check variant=0 operand=0 max_int8_diff=0 scale_rel_diff=1.15509692e-07
quant_check variant=0 operand=1 max_int8_diff=0 scale_rel_diff=9.60631965e-08
quant_check variant=1 operand=0 max_int8_diff=0 scale_rel_diff=1.15509692e-07
quant_check variant=1 operand=1 max_int8_diff=0 scale_rel_diff=9.60631965e-08
bit_compare operand=0 int8_count=46800 int8_mismatches=0 scale_count=90 scale_bit_mismatches=0
bit_compare operand=1 int8_count=30960 int8_mismatches=0 scale_count=18 scale_bit_mismatches=0
bit_identity=1
correct=1
case packed-d40-p0 arguments=65 129 3 6 2 0 1 3 2 1 40
quant_check variant=0 operand=0 max_int8_diff=0 scale_rel_diff=1.11450056e-07
quant_check variant=0 operand=1 max_int8_diff=0 scale_rel_diff=1.17807538e-07
quant_check variant=1 operand=0 max_int8_diff=0 scale_rel_diff=1.11450056e-07
quant_check variant=1 operand=1 max_int8_diff=0 scale_rel_diff=1.17807538e-07
bit_compare operand=0 int8_count=46800 int8_mismatches=0 scale_count=90 scale_bit_mismatches=0
bit_compare operand=1 int8_count=30960 int8_mismatches=0 scale_count=18 scale_bit_mismatches=0
bit_identity=1
correct=1
case zeros-d40-p0 arguments=65 129 3 6 2 0 1 3 3 1 40
quant_check variant=0 operand=0 max_int8_diff=0 scale_rel_diff=0
quant_check variant=0 operand=1 max_int8_diff=0 scale_rel_diff=0
quant_check variant=1 operand=0 max_int8_diff=0 scale_rel_diff=0
quant_check variant=1 operand=1 max_int8_diff=0 scale_rel_diff=0
bit_compare operand=0 int8_count=46800 int8_mismatches=0 scale_count=90 scale_bit_mismatches=0
bit_compare operand=1 int8_count=30960 int8_mismatches=0 scale_count=18 scale_bit_mismatches=0
bit_identity=1
correct=1
case aligned-d40-p1 arguments=64 128 2 4 2 1 0 0 0 0 40
quant_check variant=0 operand=0 max_int8_diff=0 scale_rel_diff=1.17308311e-07
quant_check variant=0 operand=1 max_int8_diff=0 scale_rel_diff=7.0346438e-08
quant_check variant=1 operand=0 max_int8_diff=0 scale_rel_diff=1.17308311e-07
quant_check variant=1 operand=1 max_int8_diff=0 scale_rel_diff=7.0346438e-08
bit_compare operand=0 int8_count=20480 int8_mismatches=0 scale_count=32 scale_bit_mismatches=0
bit_compare operand=1 int8_count=20480 int8_mismatches=0 scale_count=8 scale_bit_mismatches=0
bit_identity=1
correct=1
case tail-d40-p1 arguments=65 129 3 6 2 1 1 0 1 0 40
quant_check variant=0 operand=0 max_int8_diff=0 scale_rel_diff=1.17549838e-07
quant_check variant=0 operand=1 max_int8_diff=0 scale_rel_diff=9.3168687e-08
quant_check variant=1 operand=0 max_int8_diff=0 scale_rel_diff=1.17549838e-07
quant_check variant=1 operand=1 max_int8_diff=0 scale_rel_diff=9.3168687e-08
bit_compare operand=0 int8_count=46800 int8_mismatches=0 scale_count=90 scale_bit_mismatches=0
bit_compare operand=1 int8_count=30960 int8_mismatches=0 scale_count=18 scale_bit_mismatches=0
bit_identity=1
correct=1
case packed-d40-p1 arguments=65 129 3 6 2 1 1 3 2 1 40
quant_check variant=0 operand=0 max_int8_diff=0 scale_rel_diff=1.42322236e-07
quant_check variant=0 operand=1 max_int8_diff=1 scale_rel_diff=1.18086732e-07
quant_check variant=1 operand=0 max_int8_diff=0 scale_rel_diff=1.42322236e-07
quant_check variant=1 operand=1 max_int8_diff=1 scale_rel_diff=1.18086732e-07
bit_compare operand=0 int8_count=46800 int8_mismatches=0 scale_count=90 scale_bit_mismatches=0
bit_compare operand=1 int8_count=30960 int8_mismatches=0 scale_count=18 scale_bit_mismatches=0
bit_identity=1
correct=1
case zeros-d40-p1 arguments=65 129 3 6 2 1 1 3 3 1 40
quant_check variant=0 operand=0 max_int8_diff=0 scale_rel_diff=0
quant_check variant=0 operand=1 max_int8_diff=0 scale_rel_diff=0
quant_check variant=1 operand=0 max_int8_diff=0 scale_rel_diff=0
quant_check variant=1 operand=1 max_int8_diff=0 scale_rel_diff=0
bit_compare operand=0 int8_count=46800 int8_mismatches=0 scale_count=90 scale_bit_mismatches=0
bit_compare operand=1 int8_count=30960 int8_mismatches=0 scale_count=18 scale_bit_mismatches=0
bit_identity=1
correct=1
case aligned-d40-p2 arguments=64 128 2 4 2 2 0 0 0 0 40
quant_check variant=0 operand=0 max_int8_diff=0 scale_rel_diff=8.3546702e-08
quant_check variant=0 operand=1 max_int8_diff=0 scale_rel_diff=1.18251883e-07
quant_check variant=1 operand=0 max_int8_diff=0 scale_rel_diff=8.3546702e-08
quant_check variant=1 operand=1 max_int8_diff=0 scale_rel_diff=1.18251883e-07
bit_compare operand=0 int8_count=20480 int8_mismatches=0 scale_count=32 scale_bit_mismatches=0
bit_compare operand=1 int8_count=20480 int8_mismatches=0 scale_count=8 scale_bit_mismatches=0
bit_identity=1
correct=1
case tail-d40-p2 arguments=65 129 3 6 2 2 1 0 1 0 40
quant_check variant=0 operand=0 max_int8_diff=0 scale_rel_diff=1.18740267e-07
quant_check variant=0 operand=1 max_int8_diff=0 scale_rel_diff=1.02749652e-07
quant_check variant=1 operand=0 max_int8_diff=0 scale_rel_diff=1.18740267e-07
quant_check variant=1 operand=1 max_int8_diff=0 scale_rel_diff=1.02749652e-07
bit_compare operand=0 int8_count=46800 int8_mismatches=0 scale_count=90 scale_bit_mismatches=0
bit_compare operand=1 int8_count=30960 int8_mismatches=0 scale_count=18 scale_bit_mismatches=0
bit_identity=1
correct=1
case packed-d40-p2 arguments=65 129 3 6 2 2 1 3 2 1 40
quant_check variant=0 operand=0 max_int8_diff=0 scale_rel_diff=7.50413491e-08
quant_check variant=0 operand=1 max_int8_diff=0 scale_rel_diff=1.13710882e-07
quant_check variant=1 operand=0 max_int8_diff=0 scale_rel_diff=7.50413491e-08
quant_check variant=1 operand=1 max_int8_diff=0 scale_rel_diff=1.13710882e-07
bit_compare operand=0 int8_count=46800 int8_mismatches=0 scale_count=90 scale_bit_mismatches=0
bit_compare operand=1 int8_count=30960 int8_mismatches=0 scale_count=18 scale_bit_mismatches=0
bit_identity=1
correct=1
case zeros-d40-p2 arguments=65 129 3 6 2 2 1 3 3 1 40
quant_check variant=0 operand=0 max_int8_diff=0 scale_rel_diff=0
quant_check variant=0 operand=1 max_int8_diff=0 scale_rel_diff=0
quant_check variant=1 operand=0 max_int8_diff=0 scale_rel_diff=0
quant_check variant=1 operand=1 max_int8_diff=0 scale_rel_diff=0
bit_compare operand=0 int8_count=46800 int8_mismatches=0 scale_count=90 scale_bit_mismatches=0
bit_compare operand=1 int8_count=30960 int8_mismatches=0 scale_count=18 scale_bit_mismatches=0
bit_identity=1
correct=1
case aligned-d48-p0 arguments=64 128 2 4 2 0 0 0 0 0 48
quant_check variant=0 operand=0 max_int8_diff=0 scale_rel_diff=7.34910159e-08
quant_check variant=0 operand=1 max_int8_diff=0 scale_rel_diff=0
quant_check variant=1 operand=0 max_int8_diff=0 scale_rel_diff=7.34910159e-08
quant_check variant=1 operand=1 max_int8_diff=0 scale_rel_diff=0
bit_compare operand=0 int8_count=24576 int8_mismatches=0 scale_count=32 scale_bit_mismatches=0
bit_compare operand=1 int8_count=24576 int8_mismatches=0 scale_count=8 scale_bit_mismatches=0
bit_identity=1
correct=1
case tail-d48-p0 arguments=65 129 3 6 2 0 1 0 1 0 48
quant_check variant=0 operand=0 max_int8_diff=0 scale_rel_diff=6.66672193e-08
quant_check variant=0 operand=1 max_int8_diff=0 scale_rel_diff=1.08552904e-07
quant_check variant=1 operand=0 max_int8_diff=0 scale_rel_diff=6.66672193e-08
quant_check variant=1 operand=1 max_int8_diff=0 scale_rel_diff=1.08552904e-07
bit_compare operand=0 int8_count=56160 int8_mismatches=0 scale_count=90 scale_bit_mismatches=0
bit_compare operand=1 int8_count=37152 int8_mismatches=0 scale_count=18 scale_bit_mismatches=0
bit_identity=1
correct=1
case packed-d48-p0 arguments=65 129 3 6 2 0 1 3 2 1 48
quant_check variant=0 operand=0 max_int8_diff=0 scale_rel_diff=6.90018851e-08
quant_check variant=0 operand=1 max_int8_diff=0 scale_rel_diff=6.21141396e-08
quant_check variant=1 operand=0 max_int8_diff=0 scale_rel_diff=6.90018851e-08
quant_check variant=1 operand=1 max_int8_diff=0 scale_rel_diff=6.21141396e-08
bit_compare operand=0 int8_count=56160 int8_mismatches=0 scale_count=90 scale_bit_mismatches=0
bit_compare operand=1 int8_count=37152 int8_mismatches=0 scale_count=18 scale_bit_mismatches=0
bit_identity=1
correct=1
case zeros-d48-p0 arguments=65 129 3 6 2 0 1 3 3 1 48
quant_check variant=0 operand=0 max_int8_diff=0 scale_rel_diff=0
quant_check variant=0 operand=1 max_int8_diff=0 scale_rel_diff=0
quant_check variant=1 operand=0 max_int8_diff=0 scale_rel_diff=0
quant_check variant=1 operand=1 max_int8_diff=0 scale_rel_diff=0
bit_compare operand=0 int8_count=56160 int8_mismatches=0 scale_count=90 scale_bit_mismatches=0
bit_compare operand=1 int8_count=37152 int8_mismatches=0 scale_count=18 scale_bit_mismatches=0
bit_identity=1
correct=1
case aligned-d48-p1 arguments=64 128 2 4 2 1 0 0 0 0 48
quant_check variant=0 operand=0 max_int8_diff=0 scale_rel_diff=7.54900071e-08
quant_check variant=0 operand=1 max_int8_diff=0 scale_rel_diff=7.01921934e-08
quant_check variant=1 operand=0 max_int8_diff=0 scale_rel_diff=7.54900071e-08
quant_check variant=1 operand=1 max_int8_diff=0 scale_rel_diff=7.01921934e-08
bit_compare operand=0 int8_count=24576 int8_mismatches=0 scale_count=32 scale_bit_mismatches=0
bit_compare operand=1 int8_count=24576 int8_mismatches=0 scale_count=8 scale_bit_mismatches=0
bit_identity=1
correct=1
case tail-d48-p1 arguments=65 129 3 6 2 1 1 0 1 0 48
quant_check variant=0 operand=0 max_int8_diff=0 scale_rel_diff=9.07559397e-08
quant_check variant=0 operand=1 max_int8_diff=0 scale_rel_diff=9.88417241e-08
quant_check variant=1 operand=0 max_int8_diff=0 scale_rel_diff=9.07559397e-08
quant_check variant=1 operand=1 max_int8_diff=0 scale_rel_diff=9.88417241e-08
bit_compare operand=0 int8_count=56160 int8_mismatches=0 scale_count=90 scale_bit_mismatches=0
bit_compare operand=1 int8_count=37152 int8_mismatches=0 scale_count=18 scale_bit_mismatches=0
bit_identity=1
correct=1
case packed-d48-p1 arguments=65 129 3 6 2 1 1 3 2 1 48
quant_check variant=0 operand=0 max_int8_diff=0 scale_rel_diff=6.57349446e-08
quant_check variant=0 operand=1 max_int8_diff=0 scale_rel_diff=0
quant_check variant=1 operand=0 max_int8_diff=0 scale_rel_diff=6.57349446e-08
quant_check variant=1 operand=1 max_int8_diff=0 scale_rel_diff=0
bit_compare operand=0 int8_count=56160 int8_mismatches=0 scale_count=90 scale_bit_mismatches=0
bit_compare operand=1 int8_count=37152 int8_mismatches=0 scale_count=18 scale_bit_mismatches=0
bit_identity=1
correct=1
case zeros-d48-p1 arguments=65 129 3 6 2 1 1 3 3 1 48
quant_check variant=0 operand=0 max_int8_diff=0 scale_rel_diff=0
quant_check variant=0 operand=1 max_int8_diff=0 scale_rel_diff=0
quant_check variant=1 operand=0 max_int8_diff=0 scale_rel_diff=0
quant_check variant=1 operand=1 max_int8_diff=0 scale_rel_diff=0
bit_compare operand=0 int8_count=56160 int8_mismatches=0 scale_count=90 scale_bit_mismatches=0
bit_compare operand=1 int8_count=37152 int8_mismatches=0 scale_count=18 scale_bit_mismatches=0
bit_identity=1
correct=1
case aligned-d48-p2 arguments=64 128 2 4 2 2 0 0 0 0 48
quant_check variant=0 operand=0 max_int8_diff=0 scale_rel_diff=8.00391007e-08
quant_check variant=0 operand=1 max_int8_diff=0 scale_rel_diff=0
quant_check variant=1 operand=0 max_int8_diff=0 scale_rel_diff=8.00391007e-08
quant_check variant=1 operand=1 max_int8_diff=0 scale_rel_diff=0
bit_compare operand=0 int8_count=24576 int8_mismatches=0 scale_count=32 scale_bit_mismatches=0
bit_compare operand=1 int8_count=24576 int8_mismatches=0 scale_count=8 scale_bit_mismatches=0
bit_identity=1
correct=1
case tail-d48-p2 arguments=65 129 3 6 2 2 1 0 1 0 48
quant_check variant=0 operand=0 max_int8_diff=0 scale_rel_diff=9.87105651e-08
quant_check variant=0 operand=1 max_int8_diff=0 scale_rel_diff=0
quant_check variant=1 operand=0 max_int8_diff=0 scale_rel_diff=9.87105651e-08
quant_check variant=1 operand=1 max_int8_diff=0 scale_rel_diff=0
bit_compare operand=0 int8_count=56160 int8_mismatches=0 scale_count=90 scale_bit_mismatches=0
bit_compare operand=1 int8_count=37152 int8_mismatches=0 scale_count=18 scale_bit_mismatches=0
bit_identity=1
correct=1
case packed-d48-p2 arguments=65 129 3 6 2 2 1 3 2 1 48
quant_check variant=0 operand=0 max_int8_diff=0 scale_rel_diff=6.83290011e-08
quant_check variant=0 operand=1 max_int8_diff=0 scale_rel_diff=6.20978327e-08
quant_check variant=1 operand=0 max_int8_diff=0 scale_rel_diff=6.83290011e-08
quant_check variant=1 operand=1 max_int8_diff=0 scale_rel_diff=6.20978327e-08
bit_compare operand=0 int8_count=56160 int8_mismatches=0 scale_count=90 scale_bit_mismatches=0
bit_compare operand=1 int8_count=37152 int8_mismatches=0 scale_count=18 scale_bit_mismatches=0
bit_identity=1
correct=1
case zeros-d48-p2 arguments=65 129 3 6 2 2 1 3 3 1 48
quant_check variant=0 operand=0 max_int8_diff=0 scale_rel_diff=0
quant_check variant=0 operand=1 max_int8_diff=0 scale_rel_diff=0
quant_check variant=1 operand=0 max_int8_diff=0 scale_rel_diff=0
quant_check variant=1 operand=1 max_int8_diff=0 scale_rel_diff=0
bit_compare operand=0 int8_count=56160 int8_mismatches=0 scale_count=90 scale_bit_mismatches=0
bit_compare operand=1 int8_count=37152 int8_mismatches=0 scale_count=18 scale_bit_mismatches=0
bit_identity=1
correct=1
case aligned-d56-p0 arguments=64 128 2 4 2 0 0 0 0 0 56
quant_check variant=0 operand=0 max_int8_diff=0 scale_rel_diff=7.63769208e-08
quant_check variant=0 operand=1 max_int8_diff=0 scale_rel_diff=1.09710044e-07
quant_check variant=1 operand=0 max_int8_diff=0 scale_rel_diff=7.63769208e-08
quant_check variant=1 operand=1 max_int8_diff=0 scale_rel_diff=1.09710044e-07
bit_compare operand=0 int8_count=28672 int8_mismatches=0 scale_count=32 scale_bit_mismatches=0
bit_compare operand=1 int8_count=28672 int8_mismatches=0 scale_count=8 scale_bit_mismatches=0
bit_identity=1
correct=1
case tail-d56-p0 arguments=65 129 3 6 2 0 1 0 1 0 56
quant_check variant=0 operand=0 max_int8_diff=0 scale_rel_diff=1.17767684e-07
quant_check variant=0 operand=1 max_int8_diff=0 scale_rel_diff=9.52471026e-08
quant_check variant=1 operand=0 max_int8_diff=0 scale_rel_diff=1.17767684e-07
quant_check variant=1 operand=1 max_int8_diff=0 scale_rel_diff=9.52471026e-08
bit_compare operand=0 int8_count=65520 int8_mismatches=0 scale_count=90 scale_bit_mismatches=0
bit_compare operand=1 int8_count=43344 int8_mismatches=0 scale_count=18 scale_bit_mismatches=0
bit_identity=1
correct=1
case packed-d56-p0 arguments=65 129 3 6 2 0 1 3 2 1 56
quant_check variant=0 operand=0 max_int8_diff=0 scale_rel_diff=1.18005381e-07
quant_check variant=0 operand=1 max_int8_diff=0 scale_rel_diff=1.1759019e-07
quant_check variant=1 operand=0 max_int8_diff=0 scale_rel_diff=1.18005381e-07
quant_check variant=1 operand=1 max_int8_diff=0 scale_rel_diff=1.1759019e-07
bit_compare operand=0 int8_count=65520 int8_mismatches=0 scale_count=90 scale_bit_mismatches=0
bit_compare operand=1 int8_count=43344 int8_mismatches=0 scale_count=18 scale_bit_mismatches=0
bit_identity=1
correct=1
case zeros-d56-p0 arguments=65 129 3 6 2 0 1 3 3 1 56
quant_check variant=0 operand=0 max_int8_diff=0 scale_rel_diff=0
quant_check variant=0 operand=1 max_int8_diff=0 scale_rel_diff=0
quant_check variant=1 operand=0 max_int8_diff=0 scale_rel_diff=0
quant_check variant=1 operand=1 max_int8_diff=0 scale_rel_diff=0
bit_compare operand=0 int8_count=65520 int8_mismatches=0 scale_count=90 scale_bit_mismatches=0
bit_compare operand=1 int8_count=43344 int8_mismatches=0 scale_count=18 scale_bit_mismatches=0
bit_identity=1
correct=1
case aligned-d56-p1 arguments=64 128 2 4 2 1 0 0 0 0 56
quant_check variant=0 operand=0 max_int8_diff=0 scale_rel_diff=1.17308311e-07
quant_check variant=0 operand=1 max_int8_diff=0 scale_rel_diff=5.97930949e-08
quant_check variant=1 operand=0 max_int8_diff=0 scale_rel_diff=1.17308311e-07
quant_check variant=1 operand=1 max_int8_diff=0 scale_rel_diff=5.97930949e-08
bit_compare operand=0 int8_count=28672 int8_mismatches=0 scale_count=32 scale_bit_mismatches=0
bit_compare operand=1 int8_count=28672 int8_mismatches=0 scale_count=8 scale_bit_mismatches=0
bit_identity=1
correct=1
case tail-d56-p1 arguments=65 129 3 6 2 1 1 0 1 0 56
quant_check variant=0 operand=0 max_int8_diff=0 scale_rel_diff=1.18109632e-07
quant_check variant=0 operand=1 max_int8_diff=0 scale_rel_diff=9.66414007e-08
quant_check variant=1 operand=0 max_int8_diff=0 scale_rel_diff=1.18109632e-07
quant_check variant=1 operand=1 max_int8_diff=0 scale_rel_diff=9.66414007e-08
bit_compare operand=0 int8_count=65520 int8_mismatches=0 scale_count=90 scale_bit_mismatches=0
bit_compare operand=1 int8_count=43344 int8_mismatches=0 scale_count=18 scale_bit_mismatches=0
bit_identity=1
correct=1
case packed-d56-p1 arguments=65 129 3 6 2 1 1 3 2 1 56
quant_check variant=0 operand=0 max_int8_diff=1 scale_rel_diff=1.14304171e-07
quant_check variant=0 operand=1 max_int8_diff=0 scale_rel_diff=1.14266051e-07
quant_check variant=1 operand=0 max_int8_diff=1 scale_rel_diff=1.14304171e-07
quant_check variant=1 operand=1 max_int8_diff=0 scale_rel_diff=1.14266051e-07
bit_compare operand=0 int8_count=65520 int8_mismatches=0 scale_count=90 scale_bit_mismatches=0
bit_compare operand=1 int8_count=43344 int8_mismatches=0 scale_count=18 scale_bit_mismatches=0
bit_identity=1
correct=1
case zeros-d56-p1 arguments=65 129 3 6 2 1 1 3 3 1 56
quant_check variant=0 operand=0 max_int8_diff=0 scale_rel_diff=0
quant_check variant=0 operand=1 max_int8_diff=0 scale_rel_diff=0
quant_check variant=1 operand=0 max_int8_diff=0 scale_rel_diff=0
quant_check variant=1 operand=1 max_int8_diff=0 scale_rel_diff=0
bit_compare operand=0 int8_count=65520 int8_mismatches=0 scale_count=90 scale_bit_mismatches=0
bit_compare operand=1 int8_count=43344 int8_mismatches=0 scale_count=18 scale_bit_mismatches=0
bit_identity=1
correct=1
case aligned-d56-p2 arguments=64 128 2 4 2 2 0 0 0 0 56
quant_check variant=0 operand=0 max_int8_diff=0 scale_rel_diff=7.90046641e-08
quant_check variant=0 operand=1 max_int8_diff=0 scale_rel_diff=6.60972859e-08
quant_check variant=1 operand=0 max_int8_diff=0 scale_rel_diff=7.90046641e-08
quant_check variant=1 operand=1 max_int8_diff=0 scale_rel_diff=6.60972859e-08
bit_compare operand=0 int8_count=28672 int8_mismatches=0 scale_count=32 scale_bit_mismatches=0
bit_compare operand=1 int8_count=28672 int8_mismatches=0 scale_count=8 scale_bit_mismatches=0
bit_identity=1
correct=1
case tail-d56-p2 arguments=65 129 3 6 2 2 1 0 1 0 56
quant_check variant=0 operand=0 max_int8_diff=0 scale_rel_diff=1.17719978e-07
quant_check variant=0 operand=1 max_int8_diff=0 scale_rel_diff=1.02766421e-07
quant_check variant=1 operand=0 max_int8_diff=0 scale_rel_diff=1.17719978e-07
quant_check variant=1 operand=1 max_int8_diff=0 scale_rel_diff=1.02766421e-07
bit_compare operand=0 int8_count=65520 int8_mismatches=0 scale_count=90 scale_bit_mismatches=0
bit_compare operand=1 int8_count=43344 int8_mismatches=0 scale_count=18 scale_bit_mismatches=0
bit_identity=1
correct=1
case packed-d56-p2 arguments=65 129 3 6 2 2 1 3 2 1 56
quant_check variant=0 operand=0 max_int8_diff=0 scale_rel_diff=1.08574064e-07
quant_check variant=0 operand=1 max_int8_diff=0 scale_rel_diff=1.17551402e-07
quant_check variant=1 operand=0 max_int8_diff=0 scale_rel_diff=1.08574064e-07
quant_check variant=1 operand=1 max_int8_diff=0 scale_rel_diff=1.17551402e-07
bit_compare operand=0 int8_count=65520 int8_mismatches=0 scale_count=90 scale_bit_mismatches=0
bit_compare operand=1 int8_count=43344 int8_mismatches=0 scale_count=18 scale_bit_mismatches=0
bit_identity=1
correct=1
case zeros-d56-p2 arguments=65 129 3 6 2 2 1 3 3 1 56
quant_check variant=0 operand=0 max_int8_diff=0 scale_rel_diff=0
quant_check variant=0 operand=1 max_int8_diff=0 scale_rel_diff=0
quant_check variant=1 operand=0 max_int8_diff=0 scale_rel_diff=0
quant_check variant=1 operand=1 max_int8_diff=0 scale_rel_diff=0
bit_compare operand=0 int8_count=65520 int8_mismatches=0 scale_count=90 scale_bit_mismatches=0
bit_compare operand=1 int8_count=43344 int8_mismatches=0 scale_count=18 scale_bit_mismatches=0
bit_identity=1
correct=1
case aligned-d64-p0 arguments=64 128 2 4 2 0 0 0 0 0 64
quant_check variant=0 operand=0 max_int8_diff=0 scale_rel_diff=6.90146962e-08
quant_check variant=0 operand=1 max_int8_diff=0 scale_rel_diff=0
quant_check variant=1 operand=0 max_int8_diff=0 scale_rel_diff=6.90146962e-08
quant_check variant=1 operand=1 max_int8_diff=0 scale_rel_diff=0
bit_compare operand=0 int8_count=32768 int8_mismatches=0 scale_count=32 scale_bit_mismatches=0
bit_compare operand=1 int8_count=32768 int8_mismatches=0 scale_count=8 scale_bit_mismatches=0
bit_identity=1
correct=1
case tail-d64-p0 arguments=65 129 3 6 2 0 1 0 1 0 64
quant_check variant=0 operand=0 max_int8_diff=0 scale_rel_diff=1.00433837e-07
quant_check variant=0 operand=1 max_int8_diff=0 scale_rel_diff=0
quant_check variant=1 operand=0 max_int8_diff=0 scale_rel_diff=1.00433837e-07
quant_check variant=1 operand=1 max_int8_diff=0 scale_rel_diff=0
bit_compare operand=0 int8_count=74880 int8_mismatches=0 scale_count=90 scale_bit_mismatches=0
bit_compare operand=1 int8_count=49536 int8_mismatches=0 scale_count=18 scale_bit_mismatches=0
bit_identity=1
correct=1
case packed-d64-p0 arguments=65 129 3 6 2 0 1 3 2 1 64
quant_check variant=0 operand=0 max_int8_diff=0 scale_rel_diff=8.27573245e-08
quant_check variant=0 operand=1 max_int8_diff=0 scale_rel_diff=0
quant_check variant=1 operand=0 max_int8_diff=0 scale_rel_diff=8.27573245e-08
quant_check variant=1 operand=1 max_int8_diff=0 scale_rel_diff=0
bit_compare operand=0 int8_count=74880 int8_mismatches=0 scale_count=90 scale_bit_mismatches=0
bit_compare operand=1 int8_count=49536 int8_mismatches=0 scale_count=18 scale_bit_mismatches=0
bit_identity=1
correct=1
case zeros-d64-p0 arguments=65 129 3 6 2 0 1 3 3 1 64
quant_check variant=0 operand=0 max_int8_diff=0 scale_rel_diff=0
quant_check variant=0 operand=1 max_int8_diff=0 scale_rel_diff=0
quant_check variant=1 operand=0 max_int8_diff=0 scale_rel_diff=0
quant_check variant=1 operand=1 max_int8_diff=0 scale_rel_diff=0
bit_compare operand=0 int8_count=74880 int8_mismatches=0 scale_count=90 scale_bit_mismatches=0
bit_compare operand=1 int8_count=49536 int8_mismatches=0 scale_count=18 scale_bit_mismatches=0
bit_identity=1
correct=1
case aligned-d64-p1 arguments=64 128 2 4 2 1 0 0 0 0 64
quant_check variant=0 operand=0 max_int8_diff=0 scale_rel_diff=7.31175405e-08
quant_check variant=0 operand=1 max_int8_diff=0 scale_rel_diff=0
quant_check variant=1 operand=0 max_int8_diff=0 scale_rel_diff=7.31175405e-08
quant_check variant=1 operand=1 max_int8_diff=0 scale_rel_diff=0
bit_compare operand=0 int8_count=32768 int8_mismatches=0 scale_count=32 scale_bit_mismatches=0
bit_compare operand=1 int8_count=32768 int8_mismatches=0 scale_count=8 scale_bit_mismatches=0
bit_identity=1
correct=1
case tail-d64-p1 arguments=65 129 3 6 2 1 1 0 1 0 64
quant_check variant=0 operand=0 max_int8_diff=0 scale_rel_diff=9.00965773e-08
quant_check variant=0 operand=1 max_int8_diff=0 scale_rel_diff=0
quant_check variant=1 operand=0 max_int8_diff=0 scale_rel_diff=9.00965773e-08
quant_check variant=1 operand=1 max_int8_diff=0 scale_rel_diff=0
bit_compare operand=0 int8_count=74880 int8_mismatches=0 scale_count=90 scale_bit_mismatches=0
bit_compare operand=1 int8_count=49536 int8_mismatches=0 scale_count=18 scale_bit_mismatches=0
bit_identity=1
correct=1
case packed-d64-p1 arguments=65 129 3 6 2 1 1 3 2 1 64
quant_check variant=0 operand=0 max_int8_diff=0 scale_rel_diff=7.01537601e-08
quant_check variant=0 operand=1 max_int8_diff=0 scale_rel_diff=0
quant_check variant=1 operand=0 max_int8_diff=0 scale_rel_diff=7.01537601e-08
quant_check variant=1 operand=1 max_int8_diff=0 scale_rel_diff=0
bit_compare operand=0 int8_count=74880 int8_mismatches=0 scale_count=90 scale_bit_mismatches=0
bit_compare operand=1 int8_count=49536 int8_mismatches=0 scale_count=18 scale_bit_mismatches=0
bit_identity=1
correct=1
case zeros-d64-p1 arguments=65 129 3 6 2 1 1 3 3 1 64
quant_check variant=0 operand=0 max_int8_diff=0 scale_rel_diff=0
quant_check variant=0 operand=1 max_int8_diff=0 scale_rel_diff=0
quant_check variant=1 operand=0 max_int8_diff=0 scale_rel_diff=0
quant_check variant=1 operand=1 max_int8_diff=0 scale_rel_diff=0
bit_compare operand=0 int8_count=74880 int8_mismatches=0 scale_count=90 scale_bit_mismatches=0
bit_compare operand=1 int8_count=49536 int8_mismatches=0 scale_count=18 scale_bit_mismatches=0
bit_identity=1
correct=1
case aligned-d64-p2 arguments=64 128 2 4 2 2 0 0 0 0 64
quant_check variant=0 operand=0 max_int8_diff=0 scale_rel_diff=0
quant_check variant=0 operand=1 max_int8_diff=0 scale_rel_diff=6.89452477e-08
quant_check variant=1 operand=0 max_int8_diff=0 scale_rel_diff=0
quant_check variant=1 operand=1 max_int8_diff=0 scale_rel_diff=6.89452477e-08
bit_compare operand=0 int8_count=32768 int8_mismatches=0 scale_count=32 scale_bit_mismatches=0
bit_compare operand=1 int8_count=32768 int8_mismatches=0 scale_count=8 scale_bit_mismatches=0
bit_identity=1
correct=1
case tail-d64-p2 arguments=65 129 3 6 2 2 1 0 1 0 64
quant_check variant=0 operand=0 max_int8_diff=0 scale_rel_diff=9.45897227e-08
quant_check variant=0 operand=1 max_int8_diff=0 scale_rel_diff=0
quant_check variant=1 operand=0 max_int8_diff=0 scale_rel_diff=9.45897227e-08
quant_check variant=1 operand=1 max_int8_diff=0 scale_rel_diff=0
bit_compare operand=0 int8_count=74880 int8_mismatches=0 scale_count=90 scale_bit_mismatches=0
bit_compare operand=1 int8_count=49536 int8_mismatches=0 scale_count=18 scale_bit_mismatches=0
bit_identity=1
correct=1
case packed-d64-p2 arguments=65 129 3 6 2 2 1 3 2 1 64
quant_check variant=0 operand=0 max_int8_diff=0 scale_rel_diff=8.27310274e-08
quant_check variant=0 operand=1 max_int8_diff=1 scale_rel_diff=0
quant_check variant=1 operand=0 max_int8_diff=0 scale_rel_diff=8.27310274e-08
quant_check variant=1 operand=1 max_int8_diff=1 scale_rel_diff=0
bit_compare operand=0 int8_count=74880 int8_mismatches=0 scale_count=90 scale_bit_mismatches=0
bit_compare operand=1 int8_count=49536 int8_mismatches=0 scale_count=18 scale_bit_mismatches=0
bit_identity=1
correct=1
case zeros-d64-p2 arguments=65 129 3 6 2 2 1 3 3 1 64
quant_check variant=0 operand=0 max_int8_diff=0 scale_rel_diff=0
quant_check variant=0 operand=1 max_int8_diff=0 scale_rel_diff=0
quant_check variant=1 operand=0 max_int8_diff=0 scale_rel_diff=0
quant_check variant=1 operand=1 max_int8_diff=0 scale_rel_diff=0
bit_compare operand=0 int8_count=74880 int8_mismatches=0 scale_count=90 scale_bit_mismatches=0
bit_compare operand=1 int8_count=49536 int8_mismatches=0 scale_count=18 scale_bit_mismatches=0
bit_identity=1
correct=1
case aligned-d72-p0 arguments=64 128 2 4 2 0 0 0 0 0 72
quant_check variant=0 operand=0 max_int8_diff=0 scale_rel_diff=1.09710044e-07
quant_check variant=0 operand=1 max_int8_diff=0 scale_rel_diff=6.5179961e-08
quant_check variant=1 operand=0 max_int8_diff=0 scale_rel_diff=1.09710044e-07
quant_check variant=1 operand=1 max_int8_diff=0 scale_rel_diff=6.5179961e-08
bit_compare operand=0 int8_count=36864 int8_mismatches=0 scale_count=32 scale_bit_mismatches=0
bit_compare operand=1 int8_count=36864 int8_mismatches=0 scale_count=8 scale_bit_mismatches=0
bit_identity=1
correct=1
case tail-d72-p0 arguments=65 129 3 6 2 0 1 0 1 0 72
quant_check variant=0 operand=0 max_int8_diff=0 scale_rel_diff=1.13882621e-07
quant_check variant=0 operand=1 max_int8_diff=0 scale_rel_diff=1.12914293e-07
quant_check variant=1 operand=0 max_int8_diff=0 scale_rel_diff=1.13882621e-07
quant_check variant=1 operand=1 max_int8_diff=0 scale_rel_diff=1.12914293e-07
bit_compare operand=0 int8_count=84240 int8_mismatches=0 scale_count=90 scale_bit_mismatches=0
bit_compare operand=1 int8_count=55728 int8_mismatches=0 scale_count=18 scale_bit_mismatches=0
bit_identity=1
correct=1
case packed-d72-p0 arguments=65 129 3 6 2 0 1 3 2 1 72
quant_check variant=0 operand=0 max_int8_diff=0 scale_rel_diff=1.18005381e-07
quant_check variant=0 operand=1 max_int8_diff=0 scale_rel_diff=1.18916809e-07
quant_check variant=1 operand=0 max_int8_diff=0 scale_rel_diff=1.18005381e-07
quant_check variant=1 operand=1 max_int8_diff=0 scale_rel_diff=1.18916809e-07
bit_compare operand=0 int8_count=84240 int8_mismatches=0 scale_count=90 scale_bit_mismatches=0
bit_compare operand=1 int8_count=55728 int8_mismatches=0 scale_count=18 scale_bit_mismatches=0
bit_identity=1
correct=1
case zeros-d72-p0 arguments=65 129 3 6 2 0 1 3 3 1 72
quant_check variant=0 operand=0 max_int8_diff=0 scale_rel_diff=0
quant_check variant=0 operand=1 max_int8_diff=0 scale_rel_diff=0
quant_check variant=1 operand=0 max_int8_diff=0 scale_rel_diff=0
quant_check variant=1 operand=1 max_int8_diff=0 scale_rel_diff=0
bit_compare operand=0 int8_count=84240 int8_mismatches=0 scale_count=90 scale_bit_mismatches=0
bit_compare operand=1 int8_count=55728 int8_mismatches=0 scale_count=18 scale_bit_mismatches=0
bit_identity=1
correct=1
case aligned-d72-p1 arguments=64 128 2 4 2 1 0 0 0 0 72
quant_check variant=0 operand=0 max_int8_diff=0 scale_rel_diff=1.17308311e-07
quant_check variant=0 operand=1 max_int8_diff=1 scale_rel_diff=1.16075491e-07
quant_check variant=1 operand=0 max_int8_diff=0 scale_rel_diff=1.17308311e-07
quant_check variant=1 operand=1 max_int8_diff=1 scale_rel_diff=1.16075491e-07
bit_compare operand=0 int8_count=36864 int8_mismatches=0 scale_count=32 scale_bit_mismatches=0
bit_compare operand=1 int8_count=36864 int8_mismatches=0 scale_count=8 scale_bit_mismatches=0
bit_identity=1
correct=1
case tail-d72-p1 arguments=65 129 3 6 2 1 1 0 1 0 72
quant_check variant=0 operand=0 max_int8_diff=0 scale_rel_diff=1.15255986e-07
quant_check variant=0 operand=1 max_int8_diff=0 scale_rel_diff=1.05625411e-07
quant_check variant=1 operand=0 max_int8_diff=0 scale_rel_diff=1.15255986e-07
quant_check variant=1 operand=1 max_int8_diff=0 scale_rel_diff=1.05625411e-07
bit_compare operand=0 int8_count=84240 int8_mismatches=0 scale_count=90 scale_bit_mismatches=0
bit_compare operand=1 int8_count=55728 int8_mismatches=0 scale_count=18 scale_bit_mismatches=0
bit_identity=1
correct=1
case packed-d72-p1 arguments=65 129 3 6 2 1 1 3 2 1 72
quant_check variant=0 operand=0 max_int8_diff=0 scale_rel_diff=1.18086732e-07
quant_check variant=0 operand=1 max_int8_diff=0 scale_rel_diff=1.14266051e-07
quant_check variant=1 operand=0 max_int8_diff=0 scale_rel_diff=1.18086732e-07
quant_check variant=1 operand=1 max_int8_diff=0 scale_rel_diff=1.14266051e-07
bit_compare operand=0 int8_count=84240 int8_mismatches=0 scale_count=90 scale_bit_mismatches=0
bit_compare operand=1 int8_count=55728 int8_mismatches=0 scale_count=18 scale_bit_mismatches=0
bit_identity=1
correct=1
case zeros-d72-p1 arguments=65 129 3 6 2 1 1 3 3 1 72
quant_check variant=0 operand=0 max_int8_diff=0 scale_rel_diff=0
quant_check variant=0 operand=1 max_int8_diff=0 scale_rel_diff=0
quant_check variant=1 operand=0 max_int8_diff=0 scale_rel_diff=0
quant_check variant=1 operand=1 max_int8_diff=0 scale_rel_diff=0
bit_compare operand=0 int8_count=84240 int8_mismatches=0 scale_count=90 scale_bit_mismatches=0
bit_compare operand=1 int8_count=55728 int8_mismatches=0 scale_count=18 scale_bit_mismatches=0
bit_identity=1
correct=1
case aligned-d72-p2 arguments=64 128 2 4 2 2 0 0 0 0 72
quant_check variant=0 operand=0 max_int8_diff=0 scale_rel_diff=1.18251883e-07
quant_check variant=0 operand=1 max_int8_diff=0 scale_rel_diff=6.40781721e-08
quant_check variant=1 operand=0 max_int8_diff=0 scale_rel_diff=1.18251883e-07
quant_check variant=1 operand=1 max_int8_diff=0 scale_rel_diff=6.40781721e-08
bit_compare operand=0 int8_count=36864 int8_mismatches=0 scale_count=32 scale_bit_mismatches=0
bit_compare operand=1 int8_count=36864 int8_mismatches=0 scale_count=8 scale_bit_mismatches=0
bit_identity=1
correct=1
case tail-d72-p2 arguments=65 129 3 6 2 2 1 0 1 0 72
quant_check variant=0 operand=0 max_int8_diff=0 scale_rel_diff=1.16515011e-07
quant_check variant=0 operand=1 max_int8_diff=0 scale_rel_diff=1.12837817e-07
quant_check variant=1 operand=0 max_int8_diff=0 scale_rel_diff=1.16515011e-07
quant_check variant=1 operand=1 max_int8_diff=0 scale_rel_diff=1.12837817e-07
bit_compare operand=0 int8_count=84240 int8_mismatches=0 scale_count=90 scale_bit_mismatches=0
bit_compare operand=1 int8_count=55728 int8_mismatches=0 scale_count=18 scale_bit_mismatches=0
bit_identity=1
correct=1
case packed-d72-p2 arguments=65 129 3 6 2 2 1 3 2 1 72
quant_check variant=0 operand=0 max_int8_diff=0 scale_rel_diff=1.11854305e-07
quant_check variant=0 operand=1 max_int8_diff=0 scale_rel_diff=1.17551402e-07
quant_check variant=1 operand=0 max_int8_diff=0 scale_rel_diff=1.11854305e-07
quant_check variant=1 operand=1 max_int8_diff=0 scale_rel_diff=1.17551402e-07
bit_compare operand=0 int8_count=84240 int8_mismatches=0 scale_count=90 scale_bit_mismatches=0
bit_compare operand=1 int8_count=55728 int8_mismatches=0 scale_count=18 scale_bit_mismatches=0
bit_identity=1
correct=1
case zeros-d72-p2 arguments=65 129 3 6 2 2 1 3 3 1 72
quant_check variant=0 operand=0 max_int8_diff=0 scale_rel_diff=0
quant_check variant=0 operand=1 max_int8_diff=0 scale_rel_diff=0
quant_check variant=1 operand=0 max_int8_diff=0 scale_rel_diff=0
quant_check variant=1 operand=1 max_int8_diff=0 scale_rel_diff=0
bit_compare operand=0 int8_count=84240 int8_mismatches=0 scale_count=90 scale_bit_mismatches=0
bit_compare operand=1 int8_count=55728 int8_mismatches=0 scale_count=18 scale_bit_mismatches=0
bit_identity=1
correct=1
case aligned-d80-p0 arguments=64 128 2 4 2 0 0 0 0 0 80
quant_check variant=0 operand=0 max_int8_diff=0 scale_rel_diff=6.69597782e-08
quant_check variant=0 operand=1 max_int8_diff=0 scale_rel_diff=0
quant_check variant=1 operand=0 max_int8_diff=0 scale_rel_diff=6.69597782e-08
quant_check variant=1 operand=1 max_int8_diff=0 scale_rel_diff=0
bit_compare operand=0 int8_count=40960 int8_mismatches=0 scale_count=32 scale_bit_mismatches=0
bit_compare operand=1 int8_count=40960 int8_mismatches=0 scale_count=8 scale_bit_mismatches=0
bit_identity=1
correct=1
case tail-d80-p0 arguments=65 129 3 6 2 0 1 0 1 0 80
quant_check variant=0 operand=0 max_int8_diff=0 scale_rel_diff=0
quant_check variant=0 operand=1 max_int8_diff=0 scale_rel_diff=0
quant_check variant=1 operand=0 max_int8_diff=0 scale_rel_diff=0
quant_check variant=1 operand=1 max_int8_diff=0 scale_rel_diff=0
bit_compare operand=0 int8_count=93600 int8_mismatches=0 scale_count=90 scale_bit_mismatches=0
bit_compare operand=1 int8_count=61920 int8_mismatches=0 scale_count=18 scale_bit_mismatches=0
bit_identity=1
correct=1
case packed-d80-p0 arguments=65 129 3 6 2 0 1 3 2 1 80
quant_check variant=0 operand=0 max_int8_diff=0 scale_rel_diff=1.09048365e-07
quant_check variant=0 operand=1 max_int8_diff=0 scale_rel_diff=6.24707539e-08
quant_check variant=1 operand=0 max_int8_diff=0 scale_rel_diff=1.09048365e-07
quant_check variant=1 operand=1 max_int8_diff=0 scale_rel_diff=6.24707539e-08
bit_compare operand=0 int8_count=93600 int8_mismatches=0 scale_count=90 scale_bit_mismatches=0
bit_compare operand=1 int8_count=61920 int8_mismatches=0 scale_count=18 scale_bit_mismatches=0
bit_identity=1
correct=1
case zeros-d80-p0 arguments=65 129 3 6 2 0 1 3 3 1 80
quant_check variant=0 operand=0 max_int8_diff=0 scale_rel_diff=0
quant_check variant=0 operand=1 max_int8_diff=0 scale_rel_diff=0
quant_check variant=1 operand=0 max_int8_diff=0 scale_rel_diff=0
quant_check variant=1 operand=1 max_int8_diff=0 scale_rel_diff=0
bit_compare operand=0 int8_count=93600 int8_mismatches=0 scale_count=90 scale_bit_mismatches=0
bit_compare operand=1 int8_count=61920 int8_mismatches=0 scale_count=18 scale_bit_mismatches=0
bit_identity=1
correct=1
case aligned-d80-p1 arguments=64 128 2 4 2 1 0 0 0 0 80
quant_check variant=0 operand=0 max_int8_diff=0 scale_rel_diff=6.62314577e-08
quant_check variant=0 operand=1 max_int8_diff=1 scale_rel_diff=0
quant_check variant=1 operand=0 max_int8_diff=0 scale_rel_diff=6.62314577e-08
quant_check variant=1 operand=1 max_int8_diff=1 scale_rel_diff=0
bit_compare operand=0 int8_count=40960 int8_mismatches=0 scale_count=32 scale_bit_mismatches=0
bit_compare operand=1 int8_count=40960 int8_mismatches=0 scale_count=8 scale_bit_mismatches=0
bit_identity=1
correct=1
case tail-d80-p1 arguments=65 129 3 6 2 1 1 0 1 0 80
quant_check variant=0 operand=0 max_int8_diff=0 scale_rel_diff=0
quant_check variant=0 operand=1 max_int8_diff=0 scale_rel_diff=0
quant_check variant=1 operand=0 max_int8_diff=0 scale_rel_diff=0
quant_check variant=1 operand=1 max_int8_diff=0 scale_rel_diff=0
bit_compare operand=0 int8_count=93600 int8_mismatches=0 scale_count=90 scale_bit_mismatches=0
bit_compare operand=1 int8_count=61920 int8_mismatches=0 scale_count=18 scale_bit_mismatches=0
bit_identity=1
correct=1
case packed-d80-p1 arguments=65 129 3 6 2 1 1 3 2 1 80
quant_check variant=0 operand=0 max_int8_diff=0 scale_rel_diff=6.57349446e-08
quant_check variant=0 operand=1 max_int8_diff=0 scale_rel_diff=0
quant_check variant=1 operand=0 max_int8_diff=0 scale_rel_diff=6.57349446e-08
quant_check variant=1 operand=1 max_int8_diff=0 scale_rel_diff=0
bit_compare operand=0 int8_count=93600 int8_mismatches=0 scale_count=90 scale_bit_mismatches=0
bit_compare operand=1 int8_count=61920 int8_mismatches=0 scale_count=18 scale_bit_mismatches=0
bit_identity=1
correct=1
case zeros-d80-p1 arguments=65 129 3 6 2 1 1 3 3 1 80
quant_check variant=0 operand=0 max_int8_diff=0 scale_rel_diff=0
quant_check variant=0 operand=1 max_int8_diff=0 scale_rel_diff=0
quant_check variant=1 operand=0 max_int8_diff=0 scale_rel_diff=0
quant_check variant=1 operand=1 max_int8_diff=0 scale_rel_diff=0
bit_compare operand=0 int8_count=93600 int8_mismatches=0 scale_count=90 scale_bit_mismatches=0
bit_compare operand=1 int8_count=61920 int8_mismatches=0 scale_count=18 scale_bit_mismatches=0
bit_identity=1
correct=1
case aligned-d80-p2 arguments=64 128 2 4 2 2 0 0 0 0 80
quant_check variant=0 operand=0 max_int8_diff=0 scale_rel_diff=0
quant_check variant=0 operand=1 max_int8_diff=1 scale_rel_diff=6.93454822e-08
quant_check variant=1 operand=0 max_int8_diff=0 scale_rel_diff=0
quant_check variant=1 operand=1 max_int8_diff=1 scale_rel_diff=6.93454822e-08
bit_compare operand=0 int8_count=40960 int8_mismatches=0 scale_count=32 scale_bit_mismatches=0
bit_compare operand=1 int8_count=40960 int8_mismatches=0 scale_count=8 scale_bit_mismatches=0
bit_identity=1
correct=1
case tail-d80-p2 arguments=65 129 3 6 2 2 1 0 1 0 80
quant_check variant=0 operand=0 max_int8_diff=0 scale_rel_diff=7.77359048e-08
quant_check variant=0 operand=1 max_int8_diff=0 scale_rel_diff=0
quant_check variant=1 operand=0 max_int8_diff=0 scale_rel_diff=7.77359048e-08
quant_check variant=1 operand=1 max_int8_diff=0 scale_rel_diff=0
bit_compare operand=0 int8_count=93600 int8_mismatches=0 scale_count=90 scale_bit_mismatches=0
bit_compare operand=1 int8_count=61920 int8_mismatches=0 scale_count=18 scale_bit_mismatches=0
bit_identity=1
correct=1
case packed-d80-p2 arguments=65 129 3 6 2 2 1 3 2 1 80
quant_check variant=0 operand=0 max_int8_diff=0 scale_rel_diff=1.18978711e-07
quant_check variant=0 operand=1 max_int8_diff=0 scale_rel_diff=0
quant_check variant=1 operand=0 max_int8_diff=0 scale_rel_diff=1.18978711e-07
quant_check variant=1 operand=1 max_int8_diff=0 scale_rel_diff=0
bit_compare operand=0 int8_count=93600 int8_mismatches=0 scale_count=90 scale_bit_mismatches=0
bit_compare operand=1 int8_count=61920 int8_mismatches=0 scale_count=18 scale_bit_mismatches=0
bit_identity=1
correct=1
case zeros-d80-p2 arguments=65 129 3 6 2 2 1 3 3 1 80
quant_check variant=0 operand=0 max_int8_diff=0 scale_rel_diff=0
quant_check variant=0 operand=1 max_int8_diff=0 scale_rel_diff=0
quant_check variant=1 operand=0 max_int8_diff=0 scale_rel_diff=0
quant_check variant=1 operand=1 max_int8_diff=0 scale_rel_diff=0
bit_compare operand=0 int8_count=93600 int8_mismatches=0 scale_count=90 scale_bit_mismatches=0
bit_compare operand=1 int8_count=61920 int8_mismatches=0 scale_count=18 scale_bit_mismatches=0
bit_identity=1
correct=1
case aligned-d88-p0 arguments=64 128 2 4 2 0 0 0 0 0 88
quant_check variant=0 operand=0 max_int8_diff=0 scale_rel_diff=7.06966787e-08
quant_check variant=0 operand=1 max_int8_diff=0 scale_rel_diff=6.59485195e-08
quant_check variant=1 operand=0 max_int8_diff=0 scale_rel_diff=7.06966787e-08
quant_check variant=1 operand=1 max_int8_diff=0 scale_rel_diff=6.59485195e-08
bit_compare operand=0 int8_count=45056 int8_mismatches=0 scale_count=32 scale_bit_mismatches=0
bit_compare operand=1 int8_count=45056 int8_mismatches=0 scale_count=8 scale_bit_mismatches=0
bit_identity=1
correct=1
case tail-d88-p0 arguments=65 129 3 6 2 0 1 0 1 0 88
quant_check variant=0 operand=0 max_int8_diff=0 scale_rel_diff=1.06700284e-07
quant_check variant=0 operand=1 max_int8_diff=0 scale_rel_diff=9.41252551e-08
quant_check variant=1 operand=0 max_int8_diff=0 scale_rel_diff=1.06700284e-07
quant_check variant=1 operand=1 max_int8_diff=0 scale_rel_diff=9.41252551e-08
bit_compare operand=0 int8_count=102960 int8_mismatches=0 scale_count=90 scale_bit_mismatches=0
bit_compare operand=1 int8_count=68112 int8_mismatches=0 scale_count=18 scale_bit_mismatches=0
bit_identity=1
correct=1
case packed-d88-p0 arguments=65 129 3 6 2 0 1 3 2 1 88
quant_check variant=0 operand=0 max_int8_diff=0 scale_rel_diff=1.18005381e-07
quant_check variant=0 operand=1 max_int8_diff=0 scale_rel_diff=1.14648465e-07
quant_check variant=1 operand=0 max_int8_diff=0 scale_rel_diff=1.18005381e-07
quant_check variant=1 operand=1 max_int8_diff=0 scale_rel_diff=1.14648465e-07
bit_compare operand=0 int8_count=102960 int8_mismatches=0 scale_count=90 scale_bit_mismatches=0
bit_compare operand=1 int8_count=68112 int8_mismatches=0 scale_count=18 scale_bit_mismatches=0
bit_identity=1
correct=1
case zeros-d88-p0 arguments=65 129 3 6 2 0 1 3 3 1 88
quant_check variant=0 operand=0 max_int8_diff=0 scale_rel_diff=0
quant_check variant=0 operand=1 max_int8_diff=0 scale_rel_diff=0
quant_check variant=1 operand=0 max_int8_diff=0 scale_rel_diff=0
quant_check variant=1 operand=1 max_int8_diff=0 scale_rel_diff=0
bit_compare operand=0 int8_count=102960 int8_mismatches=0 scale_count=90 scale_bit_mismatches=0
bit_compare operand=1 int8_count=68112 int8_mismatches=0 scale_count=18 scale_bit_mismatches=0
bit_identity=1
correct=1
case aligned-d88-p1 arguments=64 128 2 4 2 1 0 0 0 0 88
quant_check variant=0 operand=0 max_int8_diff=1 scale_rel_diff=1.17308311e-07
quant_check variant=0 operand=1 max_int8_diff=1 scale_rel_diff=1.16075491e-07
quant_check variant=1 operand=0 max_int8_diff=1 scale_rel_diff=1.17308311e-07
quant_check variant=1 operand=1 max_int8_diff=1 scale_rel_diff=1.16075491e-07
bit_compare operand=0 int8_count=45056 int8_mismatches=0 scale_count=32 scale_bit_mismatches=0
bit_compare operand=1 int8_count=45056 int8_mismatches=0 scale_count=8 scale_bit_mismatches=0
bit_identity=1
correct=1
case tail-d88-p1 arguments=65 129 3 6 2 1 1 0 1 0 88
quant_check variant=0 operand=0 max_int8_diff=0 scale_rel_diff=1.15667952e-07
quant_check variant=0 operand=1 max_int8_diff=0 scale_rel_diff=9.0297668e-08
quant_check variant=1 operand=0 max_int8_diff=0 scale_rel_diff=1.15667952e-07
quant_check variant=1 operand=1 max_int8_diff=0 scale_rel_diff=9.0297668e-08
bit_compare operand=0 int8_count=102960 int8_mismatches=0 scale_count=90 scale_bit_mismatches=0
bit_compare operand=1 int8_count=68112 int8_mismatches=0 scale_count=18 scale_bit_mismatches=0
bit_identity=1
correct=1
case packed-d88-p1 arguments=65 129 3 6 2 1 1 3 2 1 88
quant_check variant=0 operand=0 max_int8_diff=0 scale_rel_diff=1.18824005e-07
quant_check variant=0 operand=1 max_int8_diff=0 scale_rel_diff=1.11079636e-07
quant_check variant=1 operand=0 max_int8_diff=0 scale_rel_diff=1.18824005e-07
quant_check variant=1 operand=1 max_int8_diff=0 scale_rel_diff=1.11079636e-07
bit_compare operand=0 int8_count=102960 int8_mismatches=0 scale_count=90 scale_bit_mismatches=0
bit_compare operand=1 int8_count=68112 int8_mismatches=0 scale_count=18 scale_bit_mismatches=0
bit_identity=1
correct=1
case zeros-d88-p1 arguments=65 129 3 6 2 1 1 3 3 1 88
quant_check variant=0 operand=0 max_int8_diff=0 scale_rel_diff=0
quant_check variant=0 operand=1 max_int8_diff=0 scale_rel_diff=0
quant_check variant=1 operand=0 max_int8_diff=0 scale_rel_diff=0
quant_check variant=1 operand=1 max_int8_diff=0 scale_rel_diff=0
bit_compare operand=0 int8_count=102960 int8_mismatches=0 scale_count=90 scale_bit_mismatches=0
bit_compare operand=1 int8_count=68112 int8_mismatches=0 scale_count=18 scale_bit_mismatches=0
bit_identity=1
correct=1
case aligned-d88-p2 arguments=64 128 2 4 2 2 0 0 0 0 88
quant_check variant=0 operand=0 max_int8_diff=0 scale_rel_diff=1.18251883e-07
quant_check variant=0 operand=1 max_int8_diff=0 scale_rel_diff=6.59314026e-08
quant_check variant=1 operand=0 max_int8_diff=0 scale_rel_diff=1.18251883e-07
quant_check variant=1 operand=1 max_int8_diff=0 scale_rel_diff=6.59314026e-08
bit_compare operand=0 int8_count=45056 int8_mismatches=0 scale_count=32 scale_bit_mismatches=0
bit_compare operand=1 int8_count=45056 int8_mismatches=0 scale_count=8 scale_bit_mismatches=0
bit_identity=1
correct=1
case tail-d88-p2 arguments=65 129 3 6 2 2 1 0 1 0 88
quant_check variant=0 operand=0 max_int8_diff=1 scale_rel_diff=1.17719978e-07
quant_check variant=0 operand=1 max_int8_diff=0 scale_rel_diff=1.12117377e-07
quant_check variant=1 operand=0 max_int8_diff=1 scale_rel_diff=1.17719978e-07
quant_check variant=1 operand=1 max_int8_diff=0 scale_rel_diff=1.12117377e-07
bit_compare operand=0 int8_count=102960 int8_mismatches=0 scale_count=90 scale_bit_mismatches=0
bit_compare operand=1 int8_count=68112 int8_mismatches=0 scale_count=18 scale_bit_mismatches=0
bit_identity=1
correct=1
case packed-d88-p2 arguments=65 129 3 6 2 2 1 3 2 1 88
quant_check variant=0 operand=0 max_int8_diff=0 scale_rel_diff=1.11854305e-07
quant_check variant=0 operand=1 max_int8_diff=0 scale_rel_diff=1.15279505e-07
quant_check variant=1 operand=0 max_int8_diff=0 scale_rel_diff=1.11854305e-07
quant_check variant=1 operand=1 max_int8_diff=0 scale_rel_diff=1.15279505e-07
bit_compare operand=0 int8_count=102960 int8_mismatches=0 scale_count=90 scale_bit_mismatches=0
bit_compare operand=1 int8_count=68112 int8_mismatches=0 scale_count=18 scale_bit_mismatches=0
bit_identity=1
correct=1
case zeros-d88-p2 arguments=65 129 3 6 2 2 1 3 3 1 88
quant_check variant=0 operand=0 max_int8_diff=0 scale_rel_diff=0
quant_check variant=0 operand=1 max_int8_diff=0 scale_rel_diff=0
quant_check variant=1 operand=0 max_int8_diff=0 scale_rel_diff=0
quant_check variant=1 operand=1 max_int8_diff=0 scale_rel_diff=0
bit_compare operand=0 int8_count=102960 int8_mismatches=0 scale_count=90 scale_bit_mismatches=0
bit_compare operand=1 int8_count=68112 int8_mismatches=0 scale_count=18 scale_bit_mismatches=0
bit_identity=1
correct=1
case aligned-d96-p0 arguments=64 128 2 4 2 0 0 0 0 0 96
quant_check variant=0 operand=0 max_int8_diff=0 scale_rel_diff=7.57484315e-08
quant_check variant=0 operand=1 max_int8_diff=0 scale_rel_diff=6.29942463e-08
quant_check variant=1 operand=0 max_int8_diff=0 scale_rel_diff=7.57484315e-08
quant_check variant=1 operand=1 max_int8_diff=0 scale_rel_diff=6.29942463e-08
bit_compare operand=0 int8_count=49152 int8_mismatches=0 scale_count=32 scale_bit_mismatches=0
bit_compare operand=1 int8_count=49152 int8_mismatches=0 scale_count=8 scale_bit_mismatches=0
bit_identity=1
correct=1
case tail-d96-p0 arguments=65 129 3 6 2 0 1 0 1 0 96
quant_check variant=0 operand=0 max_int8_diff=0 scale_rel_diff=1.12106555e-07
quant_check variant=0 operand=1 max_int8_diff=0 scale_rel_diff=1.04744331e-07
quant_check variant=1 operand=0 max_int8_diff=0 scale_rel_diff=1.12106555e-07
quant_check variant=1 operand=1 max_int8_diff=0 scale_rel_diff=1.04744331e-07
bit_compare operand=0 int8_count=112320 int8_mismatches=0 scale_count=90 scale_bit_mismatches=0
bit_compare operand=1 int8_count=74304 int8_mismatches=0 scale_count=18 scale_bit_mismatches=0
bit_identity=1
correct=1
case packed-d96-p0 arguments=65 129 3 6 2 0 1 3 2 1 96
quant_check variant=0 operand=0 max_int8_diff=0 scale_rel_diff=1.17567957e-07
quant_check variant=0 operand=1 max_int8_diff=0 scale_rel_diff=1.14313409e-07
quant_check variant=1 operand=0 max_int8_diff=0 scale_rel_diff=1.17567957e-07
quant_check variant=1 operand=1 max_int8_diff=0 scale_rel_diff=1.14313409e-07
bit_compare operand=0 int8_count=112320 int8_mismatches=0 scale_count=90 scale_bit_mismatches=0
bit_compare operand=1 int8_count=74304 int8_mismatches=0 scale_count=18 scale_bit_mismatches=0
bit_identity=1
correct=1
case zeros-d96-p0 arguments=65 129 3 6 2 0 1 3 3 1 96
quant_check variant=0 operand=0 max_int8_diff=0 scale_rel_diff=0
quant_check variant=0 operand=1 max_int8_diff=0 scale_rel_diff=0
quant_check variant=1 operand=0 max_int8_diff=0 scale_rel_diff=0
quant_check variant=1 operand=1 max_int8_diff=0 scale_rel_diff=0
bit_compare operand=0 int8_count=112320 int8_mismatches=0 scale_count=90 scale_bit_mismatches=0
bit_compare operand=1 int8_count=74304 int8_mismatches=0 scale_count=18 scale_bit_mismatches=0
bit_identity=1
correct=1
case aligned-d96-p1 arguments=64 128 2 4 2 1 0 0 0 0 96
quant_check variant=0 operand=0 max_int8_diff=0 scale_rel_diff=7.59314744e-08
quant_check variant=0 operand=1 max_int8_diff=0 scale_rel_diff=6.56821939e-08
quant_check variant=1 operand=0 max_int8_diff=0 scale_rel_diff=7.59314744e-08
quant_check variant=1 operand=1 max_int8_diff=0 scale_rel_diff=6.56821939e-08
bit_compare operand=0 int8_count=49152 int8_mismatches=0 scale_count=32 scale_bit_mismatches=0
bit_compare operand=1 int8_count=49152 int8_mismatches=0 scale_count=8 scale_bit_mismatches=0
bit_identity=1
correct=1
case tail-d96-p1 arguments=65 129 3 6 2 1 1 0 1 0 96
quant_check variant=0 operand=0 max_int8_diff=0 scale_rel_diff=1.12230509e-07
quant_check variant=0 operand=1 max_int8_diff=0 scale_rel_diff=8.03214206e-08
quant_check variant=1 operand=0 max_int8_diff=0 scale_rel_diff=1.12230509e-07
quant_check variant=1 operand=1 max_int8_diff=0 scale_rel_diff=8.03214206e-08
bit_compare operand=0 int8_count=112320 int8_mismatches=0 scale_count=90 scale_bit_mismatches=0
bit_compare operand=1 int8_count=74304 int8_mismatches=0 scale_count=18 scale_bit_mismatches=0
bit_identity=1
correct=1
case packed-d96-p1 arguments=65 129 3 6 2 1 1 3 2 1 96
quant_check variant=0 operand=0 max_int8_diff=1 scale_rel_diff=1.18322511e-07
quant_check variant=0 operand=1 max_int8_diff=0 scale_rel_diff=1.05665876e-07
quant_check variant=1 operand=0 max_int8_diff=1 scale_rel_diff=1.18322511e-07
quant_check variant=1 operand=1 max_int8_diff=0 scale_rel_diff=1.05665876e-07
bit_compare operand=0 int8_count=112320 int8_mismatches=0 scale_count=90 scale_bit_mismatches=0
bit_compare operand=1 int8_count=74304 int8_mismatches=0 scale_count=18 scale_bit_mismatches=0
bit_identity=1
correct=1
case zeros-d96-p1 arguments=65 129 3 6 2 1 1 3 3 1 96
quant_check variant=0 operand=0 max_int8_diff=0 scale_rel_diff=0
quant_check variant=0 operand=1 max_int8_diff=0 scale_rel_diff=0
quant_check variant=1 operand=0 max_int8_diff=0 scale_rel_diff=0
quant_check variant=1 operand=1 max_int8_diff=0 scale_rel_diff=0
bit_compare operand=0 int8_count=112320 int8_mismatches=0 scale_count=90 scale_bit_mismatches=0
bit_compare operand=1 int8_count=74304 int8_mismatches=0 scale_count=18 scale_bit_mismatches=0
bit_identity=1
correct=1
case aligned-d96-p2 arguments=64 128 2 4 2 2 0 0 0 0 96
quant_check variant=0 operand=0 max_int8_diff=0 scale_rel_diff=7.40160502e-08
quant_check variant=0 operand=1 max_int8_diff=0 scale_rel_diff=6.36266506e-08
quant_check variant=1 operand=0 max_int8_diff=0 scale_rel_diff=7.40160502e-08
quant_check variant=1 operand=1 max_int8_diff=0 scale_rel_diff=6.36266506e-08
bit_compare operand=0 int8_count=49152 int8_mismatches=0 scale_count=32 scale_bit_mismatches=0
bit_compare operand=1 int8_count=49152 int8_mismatches=0 scale_count=8 scale_bit_mismatches=0
bit_identity=1
correct=1
case tail-d96-p2 arguments=65 129 3 6 2 2 1 0 1 0 96
quant_check variant=0 operand=0 max_int8_diff=0 scale_rel_diff=1.19172583e-07
quant_check variant=0 operand=1 max_int8_diff=0 scale_rel_diff=1.04711283e-07
quant_check variant=1 operand=0 max_int8_diff=0 scale_rel_diff=1.19172583e-07
quant_check variant=1 operand=1 max_int8_diff=0 scale_rel_diff=1.04711283e-07
bit_compare operand=0 int8_count=112320 int8_mismatches=0 scale_count=90 scale_bit_mismatches=0
bit_compare operand=1 int8_count=74304 int8_mismatches=0 scale_count=18 scale_bit_mismatches=0
bit_identity=1
correct=1
case packed-d96-p2 arguments=65 129 3 6 2 2 1 3 2 1 96
quant_check variant=0 operand=0 max_int8_diff=0 scale_rel_diff=1.36679375e-07
quant_check variant=0 operand=1 max_int8_diff=0 scale_rel_diff=1.15081342e-07
quant_check variant=1 operand=0 max_int8_diff=0 scale_rel_diff=1.36679375e-07
quant_check variant=1 operand=1 max_int8_diff=0 scale_rel_diff=1.15081342e-07
bit_compare operand=0 int8_count=112320 int8_mismatches=0 scale_count=90 scale_bit_mismatches=0
bit_compare operand=1 int8_count=74304 int8_mismatches=0 scale_count=18 scale_bit_mismatches=0
bit_identity=1
correct=1
case zeros-d96-p2 arguments=65 129 3 6 2 2 1 3 3 1 96
quant_check variant=0 operand=0 max_int8_diff=0 scale_rel_diff=0
quant_check variant=0 operand=1 max_int8_diff=0 scale_rel_diff=0
quant_check variant=1 operand=0 max_int8_diff=0 scale_rel_diff=0
quant_check variant=1 operand=1 max_int8_diff=0 scale_rel_diff=0
bit_compare operand=0 int8_count=112320 int8_mismatches=0 scale_count=90 scale_bit_mismatches=0
bit_compare operand=1 int8_count=74304 int8_mismatches=0 scale_count=18 scale_bit_mismatches=0
bit_identity=1
correct=1
case aligned-d104-p0 arguments=64 128 2 4 2 0 0 0 0 0 104
quant_check variant=0 operand=0 max_int8_diff=0 scale_rel_diff=1.09710044e-07
quant_check variant=0 operand=1 max_int8_diff=0 scale_rel_diff=6.71293776e-08
quant_check variant=1 operand=0 max_int8_diff=0 scale_rel_diff=1.09710044e-07
quant_check variant=1 operand=1 max_int8_diff=0 scale_rel_diff=6.71293776e-08
bit_compare operand=0 int8_count=53248 int8_mismatches=0 scale_count=32 scale_bit_mismatches=0
bit_compare operand=1 int8_count=53248 int8_mismatches=0 scale_count=8 scale_bit_mismatches=0
bit_identity=1
correct=1
case tail-d104-p0 arguments=65 129 3 6 2 0 1 0 1 0 104
quant_check variant=0 operand=0 max_int8_diff=0 scale_rel_diff=1.1640892e-07
quant_check variant=0 operand=1 max_int8_diff=0 scale_rel_diff=1.05468914e-07
quant_check variant=1 operand=0 max_int8_diff=0 scale_rel_diff=1.1640892e-07
quant_check variant=1 operand=1 max_int8_diff=0 scale_rel_diff=1.05468914e-07
bit_compare operand=0 int8_count=121680 int8_mismatches=0 scale_count=90 scale_bit_mismatches=0
bit_compare operand=1 int8_count=80496 int8_mismatches=0 scale_count=18 scale_bit_mismatches=0
bit_identity=1
correct=1
case packed-d104-p0 arguments=65 129 3 6 2 0 1 3 2 1 104
quant_check variant=0 operand=0 max_int8_diff=0 scale_rel_diff=1.11079636e-07
quant_check variant=0 operand=1 max_int8_diff=0 scale_rel_diff=1.14648465e-07
quant_check variant=1 operand=0 max_int8_diff=0 scale_rel_diff=1.11079636e-07
quant_check variant=1 operand=1 max_int8_diff=0 scale_rel_diff=1.14648465e-07
bit_compare operand=0 int8_count=121680 int8_mismatches=0 scale_count=90 scale_bit_mismatches=0
bit_compare operand=1 int8_count=80496 int8_mismatches=0 scale_count=18 scale_bit_mismatches=0
bit_identity=1
correct=1
case zeros-d104-p0 arguments=65 129 3 6 2 0 1 3 3 1 104
quant_check variant=0 operand=0 max_int8_diff=0 scale_rel_diff=0
quant_check variant=0 operand=1 max_int8_diff=0 scale_rel_diff=0
quant_check variant=1 operand=0 max_int8_diff=0 scale_rel_diff=0
quant_check variant=1 operand=1 max_int8_diff=0 scale_rel_diff=0
bit_compare operand=0 int8_count=121680 int8_mismatches=0 scale_count=90 scale_bit_mismatches=0
bit_compare operand=1 int8_count=80496 int8_mismatches=0 scale_count=18 scale_bit_mismatches=0
bit_identity=1
correct=1
case aligned-d104-p1 arguments=64 128 2 4 2 1 0 0 0 0 104
quant_check variant=0 operand=0 max_int8_diff=0 scale_rel_diff=1.17308311e-07
quant_check variant=0 operand=1 max_int8_diff=0 scale_rel_diff=1.16075491e-07
quant_check variant=1 operand=0 max_int8_diff=0 scale_rel_diff=1.17308311e-07
quant_check variant=1 operand=1 max_int8_diff=0 scale_rel_diff=1.16075491e-07
bit_compare operand=0 int8_count=53248 int8_mismatches=0 scale_count=32 scale_bit_mismatches=0
bit_compare operand=1 int8_count=53248 int8_mismatches=0 scale_count=8 scale_bit_mismatches=0
bit_identity=1
correct=1
case tail-d104-p1 arguments=65 129 3 6 2 1 1 0 1 0 104
quant_check variant=0 operand=0 max_int8_diff=0 scale_rel_diff=1.18224271e-07
quant_check variant=0 operand=1 max_int8_diff=0 scale_rel_diff=9.26740427e-08
quant_check variant=1 operand=0 max_int8_diff=0 scale_rel_diff=1.18224271e-07
quant_check variant=1 operand=1 max_int8_diff=0 scale_rel_diff=9.26740427e-08
bit_compare operand=0 int8_count=121680 int8_mismatches=0 scale_count=90 scale_bit_mismatches=0
bit_compare operand=1 int8_count=80496 int8_mismatches=0 scale_count=18 scale_bit_mismatches=0
bit_identity=1
correct=1
case packed-d104-p1 arguments=65 129 3 6 2 1 1 3 2 1 104
quant_check variant=0 operand=0 max_int8_diff=0 scale_rel_diff=1.18875548e-07
quant_check variant=0 operand=1 max_int8_diff=0 scale_rel_diff=1.18086732e-07
quant_check variant=1 operand=0 max_int8_diff=0 scale_rel_diff=1.18875548e-07
quant_check variant=1 operand=1 max_int8_diff=0 scale_rel_diff=1.18086732e-07
bit_compare operand=0 int8_count=121680 int8_mismatches=0 scale_count=90 scale_bit_mismatches=0
bit_compare operand=1 int8_count=80496 int8_mismatches=0 scale_count=18 scale_bit_mismatches=0
bit_identity=1
correct=1
case zeros-d104-p1 arguments=65 129 3 6 2 1 1 3 3 1 104
quant_check variant=0 operand=0 max_int8_diff=0 scale_rel_diff=0
quant_check variant=0 operand=1 max_int8_diff=0 scale_rel_diff=0
quant_check variant=1 operand=0 max_int8_diff=0 scale_rel_diff=0
quant_check variant=1 operand=1 max_int8_diff=0 scale_rel_diff=0
bit_compare operand=0 int8_count=121680 int8_mismatches=0 scale_count=90 scale_bit_mismatches=0
bit_compare operand=1 int8_count=80496 int8_mismatches=0 scale_count=18 scale_bit_mismatches=0
bit_identity=1
correct=1
case aligned-d104-p2 arguments=64 128 2 4 2 2 0 0 0 0 104
quant_check variant=0 operand=0 max_int8_diff=0 scale_rel_diff=7.80236746e-08
quant_check variant=0 operand=1 max_int8_diff=0 scale_rel_diff=6.71126799e-08
quant_check variant=1 operand=0 max_int8_diff=0 scale_rel_diff=7.80236746e-08
quant_check variant=1 operand=1 max_int8_diff=0 scale_rel_diff=6.71126799e-08
bit_compare operand=0 int8_count=53248 int8_mismatches=0 scale_count=32 scale_bit_mismatches=0
bit_compare operand=1 int8_count=53248 int8_mismatches=0 scale_count=8 scale_bit_mismatches=0
bit_identity=1
correct=1
case tail-d104-p2 arguments=65 129 3 6 2 2 1 0 1 0 104
quant_check variant=0 operand=0 max_int8_diff=0 scale_rel_diff=1.17639445e-07
quant_check variant=0 operand=1 max_int8_diff=0 scale_rel_diff=8.65548913e-08
quant_check variant=1 operand=0 max_int8_diff=0 scale_rel_diff=1.17639445e-07
quant_check variant=1 operand=1 max_int8_diff=0 scale_rel_diff=8.65548913e-08
bit_compare operand=0 int8_count=121680 int8_mismatches=0 scale_count=90 scale_bit_mismatches=0
bit_compare operand=1 int8_count=80496 int8_mismatches=0 scale_count=18 scale_bit_mismatches=0
bit_identity=1
correct=1
case packed-d104-p2 arguments=65 129 3 6 2 2 1 3 2 1 104
quant_check variant=0 operand=0 max_int8_diff=0 scale_rel_diff=1.13710882e-07
quant_check variant=0 operand=1 max_int8_diff=0 scale_rel_diff=1.14530366e-07
quant_check variant=1 operand=0 max_int8_diff=0 scale_rel_diff=1.13710882e-07
quant_check variant=1 operand=1 max_int8_diff=0 scale_rel_diff=1.14530366e-07
bit_compare operand=0 int8_count=121680 int8_mismatches=0 scale_count=90 scale_bit_mismatches=0
bit_compare operand=1 int8_count=80496 int8_mismatches=0 scale_count=18 scale_bit_mismatches=0
bit_identity=1
correct=1
case zeros-d104-p2 arguments=65 129 3 6 2 2 1 3 3 1 104
quant_check variant=0 operand=0 max_int8_diff=0 scale_rel_diff=0
quant_check variant=0 operand=1 max_int8_diff=0 scale_rel_diff=0
quant_check variant=1 operand=0 max_int8_diff=0 scale_rel_diff=0
quant_check variant=1 operand=1 max_int8_diff=0 scale_rel_diff=0
bit_compare operand=0 int8_count=121680 int8_mismatches=0 scale_count=90 scale_bit_mismatches=0
bit_compare operand=1 int8_count=80496 int8_mismatches=0 scale_count=18 scale_bit_mismatches=0
bit_identity=1
correct=1
case aligned-d112-p0 arguments=64 128 2 4 2 0 0 0 0 0 112
quant_check variant=0 operand=0 max_int8_diff=0 scale_rel_diff=6.69597782e-08
quant_check variant=0 operand=1 max_int8_diff=0 scale_rel_diff=0
quant_check variant=1 operand=0 max_int8_diff=0 scale_rel_diff=6.69597782e-08
quant_check variant=1 operand=1 max_int8_diff=0 scale_rel_diff=0
bit_compare operand=0 int8_count=57344 int8_mismatches=0 scale_count=32 scale_bit_mismatches=0
bit_compare operand=1 int8_count=57344 int8_mismatches=0 scale_count=8 scale_bit_mismatches=0
bit_identity=1
correct=1
case tail-d112-p0 arguments=65 129 3 6 2 0 1 0 1 0 112
quant_check variant=0 operand=0 max_int8_diff=0 scale_rel_diff=6.07227548e-08
quant_check variant=0 operand=1 max_int8_diff=0 scale_rel_diff=6.83265995e-08
quant_check variant=1 operand=0 max_int8_diff=0 scale_rel_diff=6.07227548e-08
quant_check variant=1 operand=1 max_int8_diff=0 scale_rel_diff=6.83265995e-08
bit_compare operand=0 int8_count=131040 int8_mismatches=0 scale_count=90 scale_bit_mismatches=0
bit_compare operand=1 int8_count=86688 int8_mismatches=0 scale_count=18 scale_bit_mismatches=0
bit_identity=1
correct=1
case packed-d112-p0 arguments=65 129 3 6 2 0 1 3 2 1 112
quant_check variant=0 operand=0 max_int8_diff=0 scale_rel_diff=6.21141396e-08
quant_check variant=0 operand=1 max_int8_diff=0 scale_rel_diff=0
quant_check variant=1 operand=0 max_int8_diff=0 scale_rel_diff=6.21141396e-08
quant_check variant=1 operand=1 max_int8_diff=0 scale_rel_diff=0
bit_compare operand=0 int8_count=131040 int8_mismatches=0 scale_count=90 scale_bit_mismatches=0
bit_compare operand=1 int8_count=86688 int8_mismatches=0 scale_count=18 scale_bit_mismatches=0
bit_identity=1
correct=1
case zeros-d112-p0 arguments=65 129 3 6 2 0 1 3 3 1 112
quant_check variant=0 operand=0 max_int8_diff=0 scale_rel_diff=0
quant_check variant=0 operand=1 max_int8_diff=0 scale_rel_diff=0
quant_check variant=1 operand=0 max_int8_diff=0 scale_rel_diff=0
quant_check variant=1 operand=1 max_int8_diff=0 scale_rel_diff=0
bit_compare operand=0 int8_count=131040 int8_mismatches=0 scale_count=90 scale_bit_mismatches=0
bit_compare operand=1 int8_count=86688 int8_mismatches=0 scale_count=18 scale_bit_mismatches=0
bit_identity=1
correct=1
case aligned-d112-p1 arguments=64 128 2 4 2 1 0 0 0 0 112
quant_check variant=0 operand=0 max_int8_diff=1 scale_rel_diff=0
quant_check variant=0 operand=1 max_int8_diff=0 scale_rel_diff=0
quant_check variant=1 operand=0 max_int8_diff=1 scale_rel_diff=0
quant_check variant=1 operand=1 max_int8_diff=0 scale_rel_diff=0
bit_compare operand=0 int8_count=57344 int8_mismatches=0 scale_count=32 scale_bit_mismatches=0
bit_compare operand=1 int8_count=57344 int8_mismatches=0 scale_count=8 scale_bit_mismatches=0
bit_identity=1
correct=1
case tail-d112-p1 arguments=65 129 3 6 2 1 1 0 1 0 112
quant_check variant=0 operand=0 max_int8_diff=0 scale_rel_diff=9.15707545e-08
quant_check variant=0 operand=1 max_int8_diff=0 scale_rel_diff=0
quant_check variant=1 operand=0 max_int8_diff=0 scale_rel_diff=9.15707545e-08
quant_check variant=1 operand=1 max_int8_diff=0 scale_rel_diff=0
bit_compare operand=0 int8_count=131040 int8_mismatches=0 scale_count=90 scale_bit_mismatches=0
bit_compare operand=1 int8_count=86688 int8_mismatches=0 scale_count=18 scale_bit_mismatches=0
bit_identity=1
correct=1
case packed-d112-p1 arguments=65 129 3 6 2 1 1 3 2 1 112
quant_check variant=0 operand=0 max_int8_diff=0 scale_rel_diff=6.02047336e-08
quant_check variant=0 operand=1 max_int8_diff=0 scale_rel_diff=0
quant_check variant=1 operand=0 max_int8_diff=0 scale_rel_diff=6.02047336e-08
quant_check variant=1 operand=1 max_int8_diff=0 scale_rel_diff=0
bit_compare operand=0 int8_count=131040 int8_mismatches=0 scale_count=90 scale_bit_mismatches=0
bit_compare operand=1 int8_count=86688 int8_mismatches=0 scale_count=18 scale_bit_mismatches=0
bit_identity=1
correct=1
case zeros-d112-p1 arguments=65 129 3 6 2 1 1 3 3 1 112
quant_check variant=0 operand=0 max_int8_diff=0 scale_rel_diff=0
quant_check variant=0 operand=1 max_int8_diff=0 scale_rel_diff=0
quant_check variant=1 operand=0 max_int8_diff=0 scale_rel_diff=0
quant_check variant=1 operand=1 max_int8_diff=0 scale_rel_diff=0
bit_compare operand=0 int8_count=131040 int8_mismatches=0 scale_count=90 scale_bit_mismatches=0
bit_compare operand=1 int8_count=86688 int8_mismatches=0 scale_count=18 scale_bit_mismatches=0
bit_identity=1
correct=1
case aligned-d112-p2 arguments=64 128 2 4 2 2 0 0 0 0 112
quant_check variant=0 operand=0 max_int8_diff=0 scale_rel_diff=6.93454822e-08
quant_check variant=0 operand=1 max_int8_diff=0 scale_rel_diff=0
quant_check variant=1 operand=0 max_int8_diff=0 scale_rel_diff=6.93454822e-08
quant_check variant=1 operand=1 max_int8_diff=0 scale_rel_diff=0
bit_compare operand=0 int8_count=57344 int8_mismatches=0 scale_count=32 scale_bit_mismatches=0
bit_compare operand=1 int8_count=57344 int8_mismatches=0 scale_count=8 scale_bit_mismatches=0
bit_identity=1
correct=1
case tail-d112-p2 arguments=65 129 3 6 2 2 1 0 1 0 112
quant_check variant=0 operand=0 max_int8_diff=0 scale_rel_diff=1.0606378e-07
quant_check variant=0 operand=1 max_int8_diff=0 scale_rel_diff=0
quant_check variant=1 operand=0 max_int8_diff=0 scale_rel_diff=1.0606378e-07
quant_check variant=1 operand=1 max_int8_diff=0 scale_rel_diff=0
bit_compare operand=0 int8_count=131040 int8_mismatches=0 scale_count=90 scale_bit_mismatches=0
bit_compare operand=1 int8_count=86688 int8_mismatches=0 scale_count=18 scale_bit_mismatches=0
bit_identity=1
correct=1
case packed-d112-p2 arguments=65 129 3 6 2 2 1 3 2 1 112
quant_check variant=0 operand=0 max_int8_diff=0 scale_rel_diff=1.18978711e-07
quant_check variant=0 operand=1 max_int8_diff=0 scale_rel_diff=0
quant_check variant=1 operand=0 max_int8_diff=0 scale_rel_diff=1.18978711e-07
quant_check variant=1 operand=1 max_int8_diff=0 scale_rel_diff=0
bit_compare operand=0 int8_count=131040 int8_mismatches=0 scale_count=90 scale_bit_mismatches=0
bit_compare operand=1 int8_count=86688 int8_mismatches=0 scale_count=18 scale_bit_mismatches=0
bit_identity=1
correct=1
case zeros-d112-p2 arguments=65 129 3 6 2 2 1 3 3 1 112
quant_check variant=0 operand=0 max_int8_diff=0 scale_rel_diff=0
quant_check variant=0 operand=1 max_int8_diff=0 scale_rel_diff=0
quant_check variant=1 operand=0 max_int8_diff=0 scale_rel_diff=0
quant_check variant=1 operand=1 max_int8_diff=0 scale_rel_diff=0
bit_compare operand=0 int8_count=131040 int8_mismatches=0 scale_count=90 scale_bit_mismatches=0
bit_compare operand=1 int8_count=86688 int8_mismatches=0 scale_count=18 scale_bit_mismatches=0
bit_identity=1
correct=1
case aligned-d120-p0 arguments=64 128 2 4 2 0 0 0 0 0 120
quant_check variant=0 operand=0 max_int8_diff=0 scale_rel_diff=1.09710044e-07
quant_check variant=0 operand=1 max_int8_diff=1 scale_rel_diff=6.69882638e-08
quant_check variant=1 operand=0 max_int8_diff=0 scale_rel_diff=1.09710044e-07
quant_check variant=1 operand=1 max_int8_diff=1 scale_rel_diff=6.69882638e-08
bit_compare operand=0 int8_count=61440 int8_mismatches=0 scale_count=32 scale_bit_mismatches=0
bit_compare operand=1 int8_count=61440 int8_mismatches=0 scale_count=8 scale_bit_mismatches=0
bit_identity=1
correct=1
case tail-d120-p0 arguments=65 129 3 6 2 0 1 0 1 0 120
quant_check variant=0 operand=0 max_int8_diff=0 scale_rel_diff=1.18736487e-07
quant_check variant=0 operand=1 max_int8_diff=0 scale_rel_diff=1.00445327e-07
quant_check variant=1 operand=0 max_int8_diff=0 scale_rel_diff=1.18736487e-07
quant_check variant=1 operand=1 max_int8_diff=0 scale_rel_diff=1.00445327e-07
bit_compare operand=0 int8_count=140400 int8_mismatches=0 scale_count=90 scale_bit_mismatches=0
bit_compare operand=1 int8_count=92880 int8_mismatches=0 scale_count=18 scale_bit_mismatches=0
bit_identity=1
correct=1
case packed-d120-p0 arguments=65 129 3 6 2 0 1 3 2 1 120
quant_check variant=0 operand=0 max_int8_diff=0 scale_rel_diff=1.18005381e-07
quant_check variant=0 operand=1 max_int8_diff=0 scale_rel_diff=1.16416331e-07
quant_check variant=1 operand=0 max_int8_diff=0 scale_rel_diff=1.18005381e-07
quant_check variant=1 operand=1 max_int8_diff=0 scale_rel_diff=1.16416331e-07
bit_compare operand=0 int8_count=140400 int8_mismatches=0 scale_count=90 scale_bit_mismatches=0
bit_compare operand=1 int8_count=92880 int8_mismatches=0 scale_count=18 scale_bit_mismatches=0
bit_identity=1
correct=1
case zeros-d120-p0 arguments=65 129 3 6 2 0 1 3 3 1 120
quant_check variant=0 operand=0 max_int8_diff=0 scale_rel_diff=0
quant_check variant=0 operand=1 max_int8_diff=0 scale_rel_diff=0
quant_check variant=1 operand=0 max_int8_diff=0 scale_rel_diff=0
quant_check variant=1 operand=1 max_int8_diff=0 scale_rel_diff=0
bit_compare operand=0 int8_count=140400 int8_mismatches=0 scale_count=90 scale_bit_mismatches=0
bit_compare operand=1 int8_count=92880 int8_mismatches=0 scale_count=18 scale_bit_mismatches=0
bit_identity=1
correct=1
case aligned-d120-p1 arguments=64 128 2 4 2 1 0 0 0 0 120
quant_check variant=0 operand=0 max_int8_diff=0 scale_rel_diff=1.17308311e-07
quant_check variant=0 operand=1 max_int8_diff=0 scale_rel_diff=1.16075491e-07
quant_check variant=1 operand=0 max_int8_diff=0 scale_rel_diff=1.17308311e-07
quant_check variant=1 operand=1 max_int8_diff=0 scale_rel_diff=1.16075491e-07
bit_compare operand=0 int8_count=61440 int8_mismatches=0 scale_count=32 scale_bit_mismatches=0
bit_compare operand=1 int8_count=61440 int8_mismatches=0 scale_count=8 scale_bit_mismatches=0
bit_identity=1
correct=1
case tail-d120-p1 arguments=65 129 3 6 2 1 1 0 1 0 120
quant_check variant=0 operand=0 max_int8_diff=0 scale_rel_diff=1.12122606e-07
quant_check variant=0 operand=1 max_int8_diff=1 scale_rel_diff=1.03746096e-07
quant_check variant=1 operand=0 max_int8_diff=0 scale_rel_diff=1.12122606e-07
quant_check variant=1 operand=1 max_int8_diff=1 scale_rel_diff=1.03746096e-07
bit_compare operand=0 int8_count=140400 int8_mismatches=0 scale_count=90 scale_bit_mismatches=0
bit_compare operand=1 int8_count=92880 int8_mismatches=0 scale_count=18 scale_bit_mismatches=0
bit_identity=1
correct=1
case packed-d120-p1 arguments=65 129 3 6 2 1 1 3 2 1 120
quant_check variant=0 operand=0 max_int8_diff=0 scale_rel_diff=1.18875548e-07
quant_check variant=0 operand=1 max_int8_diff=1 scale_rel_diff=1.16639292e-07
quant_check variant=1 operand=0 max_int8_diff=0 scale_rel_diff=1.18875548e-07
quant_check variant=1 operand=1 max_int8_diff=1 scale_rel_diff=1.16639292e-07
bit_compare operand=0 int8_count=140400 int8_mismatches=0 scale_count=90 scale_bit_mismatches=0
bit_compare operand=1 int8_count=92880 int8_mismatches=0 scale_count=18 scale_bit_mismatches=0
bit_identity=1
correct=1
case zeros-d120-p1 arguments=65 129 3 6 2 1 1 3 3 1 120
quant_check variant=0 operand=0 max_int8_diff=0 scale_rel_diff=0
quant_check variant=0 operand=1 max_int8_diff=0 scale_rel_diff=0
quant_check variant=1 operand=0 max_int8_diff=0 scale_rel_diff=0
quant_check variant=1 operand=1 max_int8_diff=0 scale_rel_diff=0
bit_compare operand=0 int8_count=140400 int8_mismatches=0 scale_count=90 scale_bit_mismatches=0
bit_compare operand=1 int8_count=92880 int8_mismatches=0 scale_count=18 scale_bit_mismatches=0
bit_identity=1
correct=1
case aligned-d120-p2 arguments=64 128 2 4 2 2 0 0 0 0 120
quant_check variant=0 operand=0 max_int8_diff=0 scale_rel_diff=7.86592054e-08
quant_check variant=0 operand=1 max_int8_diff=0 scale_rel_diff=6.69598421e-08
quant_check variant=1 operand=0 max_int8_diff=0 scale_rel_diff=7.86592054e-08
quant_check variant=1 operand=1 max_int8_diff=0 scale_rel_diff=6.69598421e-08
bit_compare operand=0 int8_count=61440 int8_mismatches=0 scale_count=32 scale_bit_mismatches=0
bit_compare operand=1 int8_count=61440 int8_mismatches=0 scale_count=8 scale_bit_mismatches=0
bit_identity=1
correct=1
case tail-d120-p2 arguments=65 129 3 6 2 2 1 0 1 0 120
quant_check variant=0 operand=0 max_int8_diff=0 scale_rel_diff=1.11450539e-07
quant_check variant=0 operand=1 max_int8_diff=0 scale_rel_diff=1.03366141e-07
quant_check variant=1 operand=0 max_int8_diff=0 scale_rel_diff=1.11450539e-07
quant_check variant=1 operand=1 max_int8_diff=0 scale_rel_diff=1.03366141e-07
bit_compare operand=0 int8_count=140400 int8_mismatches=0 scale_count=90 scale_bit_mismatches=0
bit_compare operand=1 int8_count=92880 int8_mismatches=0 scale_count=18 scale_bit_mismatches=0
bit_identity=1
correct=1
case packed-d120-p2 arguments=65 129 3 6 2 2 1 3 2 1 120
quant_check variant=0 operand=0 max_int8_diff=0 scale_rel_diff=1.15279505e-07
quant_check variant=0 operand=1 max_int8_diff=0 scale_rel_diff=1.16377343e-07
quant_check variant=1 operand=0 max_int8_diff=0 scale_rel_diff=1.15279505e-07
quant_check variant=1 operand=1 max_int8_diff=0 scale_rel_diff=1.16377343e-07
bit_compare operand=0 int8_count=140400 int8_mismatches=0 scale_count=90 scale_bit_mismatches=0
bit_compare operand=1 int8_count=92880 int8_mismatches=0 scale_count=18 scale_bit_mismatches=0
bit_identity=1
correct=1
case zeros-d120-p2 arguments=65 129 3 6 2 2 1 3 3 1 120
quant_check variant=0 operand=0 max_int8_diff=0 scale_rel_diff=0
quant_check variant=0 operand=1 max_int8_diff=0 scale_rel_diff=0
quant_check variant=1 operand=0 max_int8_diff=0 scale_rel_diff=0
quant_check variant=1 operand=1 max_int8_diff=0 scale_rel_diff=0
bit_compare operand=0 int8_count=140400 int8_mismatches=0 scale_count=90 scale_bit_mismatches=0
bit_compare operand=1 int8_count=92880 int8_mismatches=0 scale_count=18 scale_bit_mismatches=0
bit_identity=1
correct=1
case aligned-d128-p0 arguments=64 128 2 4 2 0 0 0 0 0 128
quant_check variant=0 operand=0 max_int8_diff=0 scale_rel_diff=1.24070581e-07
quant_check variant=0 operand=1 max_int8_diff=0 scale_rel_diff=1.14959484e-07
quant_check variant=1 operand=0 max_int8_diff=0 scale_rel_diff=1.24070581e-07
quant_check variant=1 operand=1 max_int8_diff=0 scale_rel_diff=1.14959484e-07
bit_compare operand=0 int8_count=65536 int8_mismatches=0 scale_count=32 scale_bit_mismatches=0
bit_compare operand=1 int8_count=65536 int8_mismatches=0 scale_count=8 scale_bit_mismatches=0
bit_identity=1
correct=1
case tail-d128-p0 arguments=65 129 3 6 2 0 1 0 1 0 128
quant_check variant=0 operand=0 max_int8_diff=0 scale_rel_diff=1.1820137e-07
quant_check variant=0 operand=1 max_int8_diff=0 scale_rel_diff=1.0193228e-07
quant_check variant=1 operand=0 max_int8_diff=0 scale_rel_diff=1.1820137e-07
quant_check variant=1 operand=1 max_int8_diff=0 scale_rel_diff=1.0193228e-07
bit_compare operand=0 int8_count=149760 int8_mismatches=0 scale_count=90 scale_bit_mismatches=0
bit_compare operand=1 int8_count=99072 int8_mismatches=0 scale_count=18 scale_bit_mismatches=0
bit_identity=1
correct=1
case packed-d128-p0 arguments=65 129 3 6 2 0 1 3 2 1 128
quant_check variant=0 operand=0 max_int8_diff=0 scale_rel_diff=1.16251577e-07
quant_check variant=0 operand=1 max_int8_diff=0 scale_rel_diff=1.13043249e-07
quant_check variant=1 operand=0 max_int8_diff=0 scale_rel_diff=1.16251577e-07
quant_check variant=1 operand=1 max_int8_diff=0 scale_rel_diff=1.13043249e-07
bit_compare operand=0 int8_count=149760 int8_mismatches=0 scale_count=90 scale_bit_mismatches=0
bit_compare operand=1 int8_count=99072 int8_mismatches=0 scale_count=18 scale_bit_mismatches=0
bit_identity=1
correct=1
case zeros-d128-p0 arguments=65 129 3 6 2 0 1 3 3 1 128
quant_check variant=0 operand=0 max_int8_diff=0 scale_rel_diff=0
quant_check variant=0 operand=1 max_int8_diff=0 scale_rel_diff=0
quant_check variant=1 operand=0 max_int8_diff=0 scale_rel_diff=0
quant_check variant=1 operand=1 max_int8_diff=0 scale_rel_diff=0
bit_compare operand=0 int8_count=149760 int8_mismatches=0 scale_count=90 scale_bit_mismatches=0
bit_compare operand=1 int8_count=99072 int8_mismatches=0 scale_count=18 scale_bit_mismatches=0
bit_identity=1
correct=1
case aligned-d128-p1 arguments=64 128 2 4 2 1 0 0 0 0 128
quant_check variant=0 operand=0 max_int8_diff=0 scale_rel_diff=7.39101083e-08
quant_check variant=0 operand=1 max_int8_diff=0 scale_rel_diff=1.15142491e-07
quant_check variant=1 operand=0 max_int8_diff=0 scale_rel_diff=7.39101083e-08
quant_check variant=1 operand=1 max_int8_diff=0 scale_rel_diff=1.15142491e-07
bit_compare operand=0 int8_count=65536 int8_mismatches=0 scale_count=32 scale_bit_mismatches=0
bit_compare operand=1 int8_count=65536 int8_mismatches=0 scale_count=8 scale_bit_mismatches=0
bit_identity=1
correct=1
case tail-d128-p1 arguments=65 129 3 6 2 1 1 0 1 0 128
quant_check variant=0 operand=0 max_int8_diff=0 scale_rel_diff=1.23666453e-07
quant_check variant=0 operand=1 max_int8_diff=0 scale_rel_diff=9.73178871e-08
quant_check variant=1 operand=0 max_int8_diff=0 scale_rel_diff=1.23666453e-07
quant_check variant=1 operand=1 max_int8_diff=0 scale_rel_diff=9.73178871e-08
bit_compare operand=0 int8_count=149760 int8_mismatches=0 scale_count=90 scale_bit_mismatches=0
bit_compare operand=1 int8_count=99072 int8_mismatches=0 scale_count=18 scale_bit_mismatches=0
bit_identity=1
correct=1
case packed-d128-p1 arguments=65 129 3 6 2 1 1 3 2 1 128
quant_check variant=0 operand=0 max_int8_diff=0 scale_rel_diff=1.16470446e-07
quant_check variant=0 operand=1 max_int8_diff=0 scale_rel_diff=1.15424449e-07
quant_check variant=1 operand=0 max_int8_diff=0 scale_rel_diff=1.16470446e-07
quant_check variant=1 operand=1 max_int8_diff=0 scale_rel_diff=1.15424449e-07
bit_compare operand=0 int8_count=149760 int8_mismatches=0 scale_count=90 scale_bit_mismatches=0
bit_compare operand=1 int8_count=99072 int8_mismatches=0 scale_count=18 scale_bit_mismatches=0
bit_identity=1
correct=1
case zeros-d128-p1 arguments=65 129 3 6 2 1 1 3 3 1 128
quant_check variant=0 operand=0 max_int8_diff=0 scale_rel_diff=0
quant_check variant=0 operand=1 max_int8_diff=0 scale_rel_diff=0
quant_check variant=1 operand=0 max_int8_diff=0 scale_rel_diff=0
quant_check variant=1 operand=1 max_int8_diff=0 scale_rel_diff=0
bit_compare operand=0 int8_count=149760 int8_mismatches=0 scale_count=90 scale_bit_mismatches=0
bit_compare operand=1 int8_count=99072 int8_mismatches=0 scale_count=18 scale_bit_mismatches=0
bit_identity=1
correct=1
case aligned-d128-p2 arguments=64 128 2 4 2 2 0 0 0 0 128
quant_check variant=0 operand=0 max_int8_diff=0 scale_rel_diff=1.07952552e-07
quant_check variant=0 operand=1 max_int8_diff=0 scale_rel_diff=6.31850554e-08
quant_check variant=1 operand=0 max_int8_diff=0 scale_rel_diff=1.07952552e-07
quant_check variant=1 operand=1 max_int8_diff=0 scale_rel_diff=6.31850554e-08
bit_compare operand=0 int8_count=65536 int8_mismatches=0 scale_count=32 scale_bit_mismatches=0
bit_compare operand=1 int8_count=65536 int8_mismatches=0 scale_count=8 scale_bit_mismatches=0
bit_identity=1
correct=1
case tail-d128-p2 arguments=65 129 3 6 2 2 1 0 1 0 128
quant_check variant=0 operand=0 max_int8_diff=0 scale_rel_diff=1.08345645e-07
quant_check variant=0 operand=1 max_int8_diff=0 scale_rel_diff=9.7040143e-08
quant_check variant=1 operand=0 max_int8_diff=0 scale_rel_diff=1.08345645e-07
quant_check variant=1 operand=1 max_int8_diff=0 scale_rel_diff=9.7040143e-08
bit_compare operand=0 int8_count=149760 int8_mismatches=0 scale_count=90 scale_bit_mismatches=0
bit_compare operand=1 int8_count=99072 int8_mismatches=0 scale_count=18 scale_bit_mismatches=0
bit_identity=1
correct=1
case packed-d128-p2 arguments=65 129 3 6 2 2 1 3 2 1 128
quant_check variant=0 operand=0 max_int8_diff=0 scale_rel_diff=1.14976281e-07
quant_check variant=0 operand=1 max_int8_diff=0 scale_rel_diff=1.13003772e-07
quant_check variant=1 operand=0 max_int8_diff=0 scale_rel_diff=1.14976281e-07
quant_check variant=1 operand=1 max_int8_diff=0 scale_rel_diff=1.13003772e-07
bit_compare operand=0 int8_count=149760 int8_mismatches=0 scale_count=90 scale_bit_mismatches=0
bit_compare operand=1 int8_count=99072 int8_mismatches=0 scale_count=18 scale_bit_mismatches=0
bit_identity=1
correct=1
case zeros-d128-p2 arguments=65 129 3 6 2 2 1 3 3 1 128
quant_check variant=0 operand=0 max_int8_diff=0 scale_rel_diff=0
quant_check variant=0 operand=1 max_int8_diff=0 scale_rel_diff=0
quant_check variant=1 operand=0 max_int8_diff=0 scale_rel_diff=0
quant_check variant=1 operand=1 max_int8_diff=0 scale_rel_diff=0
bit_compare operand=0 int8_count=149760 int8_mismatches=0 scale_count=90 scale_bit_mismatches=0
bit_compare operand=1 int8_count=99072 int8_mismatches=0 scale_count=18 scale_bit_mismatches=0
bit_identity=1
correct=1
case aligned-d136-p0 arguments=64 128 2 4 2 0 0 0 0 0 136
quant_check variant=0 operand=0 max_int8_diff=0 scale_rel_diff=1.09710044e-07
quant_check variant=0 operand=1 max_int8_diff=0 scale_rel_diff=6.7758414e-08
quant_check variant=1 operand=0 max_int8_diff=0 scale_rel_diff=1.09710044e-07
quant_check variant=1 operand=1 max_int8_diff=0 scale_rel_diff=6.7758414e-08
bit_compare operand=0 int8_count=69632 int8_mismatches=0 scale_count=32 scale_bit_mismatches=0
bit_compare operand=1 int8_count=69632 int8_mismatches=0 scale_count=8 scale_bit_mismatches=0
bit_identity=1
correct=1
case tail-d136-p0 arguments=65 129 3 6 2 0 1 0 1 0 136
quant_check variant=0 operand=0 max_int8_diff=0 scale_rel_diff=1.09888482e-07
quant_check variant=0 operand=1 max_int8_diff=0 scale_rel_diff=1.09690284e-07
quant_check variant=1 operand=0 max_int8_diff=0 scale_rel_diff=1.09888482e-07
quant_check variant=1 operand=1 max_int8_diff=0 scale_rel_diff=1.09690284e-07
bit_compare operand=0 int8_count=159120 int8_mismatches=0 scale_count=90 scale_bit_mismatches=0
bit_compare operand=1 int8_count=105264 int8_mismatches=0 scale_count=18 scale_bit_mismatches=0
bit_identity=1
correct=1
case packed-d136-p0 arguments=65 129 3 6 2 0 1 3 2 1 136
quant_check variant=0 operand=0 max_int8_diff=0 scale_rel_diff=1.18916809e-07
quant_check variant=0 operand=1 max_int8_diff=0 scale_rel_diff=1.1538701e-07
quant_check variant=1 operand=0 max_int8_diff=0 scale_rel_diff=1.18916809e-07
quant_check variant=1 operand=1 max_int8_diff=0 scale_rel_diff=1.1538701e-07
bit_compare operand=0 int8_count=159120 int8_mismatches=0 scale_count=90 scale_bit_mismatches=0
bit_compare operand=1 int8_count=105264 int8_mismatches=0 scale_count=18 scale_bit_mismatches=0
bit_identity=1
correct=1
case zeros-d136-p0 arguments=65 129 3 6 2 0 1 3 3 1 136
quant_check variant=0 operand=0 max_int8_diff=0 scale_rel_diff=0
quant_check variant=0 operand=1 max_int8_diff=0 scale_rel_diff=0
quant_check variant=1 operand=0 max_int8_diff=0 scale_rel_diff=0
quant_check variant=1 operand=1 max_int8_diff=0 scale_rel_diff=0
bit_compare operand=0 int8_count=159120 int8_mismatches=0 scale_count=90 scale_bit_mismatches=0
bit_compare operand=1 int8_count=105264 int8_mismatches=0 scale_count=18 scale_bit_mismatches=0
bit_identity=1
correct=1
case aligned-d136-p1 arguments=64 128 2 4 2 1 0 0 0 0 136
quant_check variant=0 operand=0 max_int8_diff=0 scale_rel_diff=1.17308311e-07
quant_check variant=0 operand=1 max_int8_diff=0 scale_rel_diff=6.80511718e-08
quant_check variant=1 operand=0 max_int8_diff=0 scale_rel_diff=1.17308311e-07
quant_check variant=1 operand=1 max_int8_diff=0 scale_rel_diff=6.80511718e-08
bit_compare operand=0 int8_count=69632 int8_mismatches=0 scale_count=32 scale_bit_mismatches=0
bit_compare operand=1 int8_count=69632 int8_mismatches=0 scale_count=8 scale_bit_mismatches=0
bit_identity=1
correct=1
case tail-d136-p1 arguments=65 129 3 6 2 1 1 0 1 0 136
quant_check variant=0 operand=0 max_int8_diff=0 scale_rel_diff=1.18109632e-07
quant_check variant=0 operand=1 max_int8_diff=0 scale_rel_diff=9.76007897e-08
quant_check variant=1 operand=0 max_int8_diff=0 scale_rel_diff=1.18109632e-07
quant_check variant=1 operand=1 max_int8_diff=0 scale_rel_diff=9.76007897e-08
bit_compare operand=0 int8_count=159120 int8_mismatches=0 scale_count=90 scale_bit_mismatches=0
bit_compare operand=1 int8_count=105264 int8_mismatches=0 scale_count=18 scale_bit_mismatches=0
bit_identity=1
correct=1
case packed-d136-p1 arguments=65 129 3 6 2 1 1 3 2 1 136
quant_check variant=0 operand=0 max_int8_diff=0 scale_rel_diff=1.14266051e-07
quant_check variant=0 operand=1 max_int8_diff=1 scale_rel_diff=1.10792236e-07
quant_check variant=1 operand=0 max_int8_diff=0 scale_rel_diff=1.14266051e-07
quant_check variant=1 operand=1 max_int8_diff=1 scale_rel_diff=1.10792236e-07
bit_compare operand=0 int8_count=159120 int8_mismatches=0 scale_count=90 scale_bit_mismatches=0
bit_compare operand=1 int8_count=105264 int8_mismatches=0 scale_count=18 scale_bit_mismatches=0
bit_identity=1
correct=1
case zeros-d136-p1 arguments=65 129 3 6 2 1 1 3 3 1 136
quant_check variant=0 operand=0 max_int8_diff=0 scale_rel_diff=0
quant_check variant=0 operand=1 max_int8_diff=0 scale_rel_diff=0
quant_check variant=1 operand=0 max_int8_diff=0 scale_rel_diff=0
quant_check variant=1 operand=1 max_int8_diff=0 scale_rel_diff=0
bit_compare operand=0 int8_count=159120 int8_mismatches=0 scale_count=90 scale_bit_mismatches=0
bit_compare operand=1 int8_count=105264 int8_mismatches=0 scale_count=18 scale_bit_mismatches=0
bit_identity=1
correct=1
case aligned-d136-p2 arguments=64 128 2 4 2 2 0 0 0 0 136
quant_check variant=0 operand=0 max_int8_diff=0 scale_rel_diff=1.18251883e-07
quant_check variant=0 operand=1 max_int8_diff=0 scale_rel_diff=1.16212163e-07
quant_check variant=1 operand=0 max_int8_diff=0 scale_rel_diff=1.18251883e-07
quant_check variant=1 operand=1 max_int8_diff=0 scale_rel_diff=1.16212163e-07
bit_compare operand=0 int8_count=69632 int8_mismatches=0 scale_count=32 scale_bit_mismatches=0
bit_compare operand=1 int8_count=69632 int8_mismatches=0 scale_count=8 scale_bit_mismatches=0
bit_identity=1
correct=1
case tail-d136-p2 arguments=65 129 3 6 2 2 1 0 1 0 136
quant_check variant=0 operand=0 max_int8_diff=0 scale_rel_diff=1.16771041e-07
quant_check variant=0 operand=1 max_int8_diff=0 scale_rel_diff=1.09684677e-07
quant_check variant=1 operand=0 max_int8_diff=0 scale_rel_diff=1.16771041e-07
quant_check variant=1 operand=1 max_int8_diff=0 scale_rel_diff=1.09684677e-07
bit_compare operand=0 int8_count=159120 int8_mismatches=0 scale_count=90 scale_bit_mismatches=0
bit_compare operand=1 int8_count=105264 int8_mismatches=0 scale_count=18 scale_bit_mismatches=0
bit_identity=1
correct=1
case packed-d136-p2 arguments=65 129 3 6 2 2 1 3 2 1 136
quant_check variant=0 operand=0 max_int8_diff=0 scale_rel_diff=1.18953587e-07
quant_check variant=0 operand=1 max_int8_diff=0 scale_rel_diff=1.15353373e-07
quant_check variant=1 operand=0 max_int8_diff=0 scale_rel_diff=1.18953587e-07
quant_check variant=1 operand=1 max_int8_diff=0 scale_rel_diff=1.15353373e-07
bit_compare operand=0 int8_count=159120 int8_mismatches=0 scale_count=90 scale_bit_mismatches=0
bit_compare operand=1 int8_count=105264 int8_mismatches=0 scale_count=18 scale_bit_mismatches=0
bit_identity=1
correct=1
case zeros-d136-p2 arguments=65 129 3 6 2 2 1 3 3 1 136
quant_check variant=0 operand=0 max_int8_diff=0 scale_rel_diff=0
quant_check variant=0 operand=1 max_int8_diff=0 scale_rel_diff=0
quant_check variant=1 operand=0 max_int8_diff=0 scale_rel_diff=0
quant_check variant=1 operand=1 max_int8_diff=0 scale_rel_diff=0
bit_compare operand=0 int8_count=159120 int8_mismatches=0 scale_count=90 scale_bit_mismatches=0
bit_compare operand=1 int8_count=105264 int8_mismatches=0 scale_count=18 scale_bit_mismatches=0
bit_identity=1
correct=1
case aligned-d144-p0 arguments=64 128 2 4 2 0 0 0 0 0 144
quant_check variant=0 operand=0 max_int8_diff=0 scale_rel_diff=6.83750372e-08
quant_check variant=0 operand=1 max_int8_diff=0 scale_rel_diff=0
quant_check variant=1 operand=0 max_int8_diff=0 scale_rel_diff=6.83750372e-08
quant_check variant=1 operand=1 max_int8_diff=0 scale_rel_diff=0
bit_compare operand=0 int8_count=73728 int8_mismatches=0 scale_count=32 scale_bit_mismatches=0
bit_compare operand=1 int8_count=73728 int8_mismatches=0 scale_count=8 scale_bit_mismatches=0
bit_identity=1
correct=1
case tail-d144-p0 arguments=65 129 3 6 2 0 1 0 1 0 144
quant_check variant=0 operand=0 max_int8_diff=0 scale_rel_diff=6.28218686e-08
quant_check variant=0 operand=1 max_int8_diff=0 scale_rel_diff=0
quant_check variant=1 operand=0 max_int8_diff=0 scale_rel_diff=6.28218686e-08
quant_check variant=1 operand=1 max_int8_diff=0 scale_rel_diff=0
bit_compare operand=0 int8_count=168480 int8_mismatches=0 scale_count=90 scale_bit_mismatches=0
bit_compare operand=1 int8_count=111456 int8_mismatches=0 scale_count=18 scale_bit_mismatches=0
bit_identity=1
correct=1
case packed-d144-p0 arguments=65 129 3 6 2 0 1 3 2 1 144
quant_check variant=0 operand=0 max_int8_diff=0 scale_rel_diff=8.52692423e-08
quant_check variant=0 operand=1 max_int8_diff=0 scale_rel_diff=0
quant_check variant=1 operand=0 max_int8_diff=0 scale_rel_diff=8.52692423e-08
quant_check variant=1 operand=1 max_int8_diff=0 scale_rel_diff=0
bit_compare operand=0 int8_count=168480 int8_mismatches=0 scale_count=90 scale_bit_mismatches=0
bit_compare operand=1 int8_count=111456 int8_mismatches=0 scale_count=18 scale_bit_mismatches=0
bit_identity=1
correct=1
case zeros-d144-p0 arguments=65 129 3 6 2 0 1 3 3 1 144
quant_check variant=0 operand=0 max_int8_diff=0 scale_rel_diff=0
quant_check variant=0 operand=1 max_int8_diff=0 scale_rel_diff=0
quant_check variant=1 operand=0 max_int8_diff=0 scale_rel_diff=0
quant_check variant=1 operand=1 max_int8_diff=0 scale_rel_diff=0
bit_compare operand=0 int8_count=168480 int8_mismatches=0 scale_count=90 scale_bit_mismatches=0
bit_compare operand=1 int8_count=111456 int8_mismatches=0 scale_count=18 scale_bit_mismatches=0
bit_identity=1
correct=1
case aligned-d144-p1 arguments=64 128 2 4 2 1 0 0 0 0 144
quant_check variant=0 operand=0 max_int8_diff=0 scale_rel_diff=6.62314577e-08
quant_check variant=0 operand=1 max_int8_diff=0 scale_rel_diff=0
quant_check variant=1 operand=0 max_int8_diff=0 scale_rel_diff=6.62314577e-08
quant_check variant=1 operand=1 max_int8_diff=0 scale_rel_diff=0
bit_compare operand=0 int8_count=73728 int8_mismatches=0 scale_count=32 scale_bit_mismatches=0
bit_compare operand=1 int8_count=73728 int8_mismatches=0 scale_count=8 scale_bit_mismatches=0
bit_identity=1
correct=1
case tail-d144-p1 arguments=65 129 3 6 2 1 1 0 1 0 144
quant_check variant=0 operand=0 max_int8_diff=0 scale_rel_diff=9.1848527e-08
quant_check variant=0 operand=1 max_int8_diff=0 scale_rel_diff=6.30820907e-08
quant_check variant=1 operand=0 max_int8_diff=0 scale_rel_diff=9.1848527e-08
quant_check variant=1 operand=1 max_int8_diff=0 scale_rel_diff=6.30820907e-08
bit_compare operand=0 int8_count=168480 int8_mismatches=0 scale_count=90 scale_bit_mismatches=0
bit_compare operand=1 int8_count=111456 int8_mismatches=0 scale_count=18 scale_bit_mismatches=0
bit_identity=1
correct=1
case packed-d144-p1 arguments=65 129 3 6 2 1 1 3 2 1 144
quant_check variant=0 operand=0 max_int8_diff=0 scale_rel_diff=6.53095924e-08
quant_check variant=0 operand=1 max_int8_diff=0 scale_rel_diff=0
quant_check variant=1 operand=0 max_int8_diff=0 scale_rel_diff=6.53095924e-08
quant_check variant=1 operand=1 max_int8_diff=0 scale_rel_diff=0
bit_compare operand=0 int8_count=168480 int8_mismatches=0 scale_count=90 scale_bit_mismatches=0
bit_compare operand=1 int8_count=111456 int8_mismatches=0 scale_count=18 scale_bit_mismatches=0
bit_identity=1
correct=1
case zeros-d144-p1 arguments=65 129 3 6 2 1 1 3 3 1 144
quant_check variant=0 operand=0 max_int8_diff=0 scale_rel_diff=0
quant_check variant=0 operand=1 max_int8_diff=0 scale_rel_diff=0
quant_check variant=1 operand=0 max_int8_diff=0 scale_rel_diff=0
quant_check variant=1 operand=1 max_int8_diff=0 scale_rel_diff=0
bit_compare operand=0 int8_count=168480 int8_mismatches=0 scale_count=90 scale_bit_mismatches=0
bit_compare operand=1 int8_count=111456 int8_mismatches=0 scale_count=18 scale_bit_mismatches=0
bit_identity=1
correct=1
case aligned-d144-p2 arguments=64 128 2 4 2 2 0 0 0 0 144
quant_check variant=0 operand=0 max_int8_diff=0 scale_rel_diff=6.8728113e-08
quant_check variant=0 operand=1 max_int8_diff=0 scale_rel_diff=6.41733706e-08
quant_check variant=1 operand=0 max_int8_diff=0 scale_rel_diff=6.8728113e-08
quant_check variant=1 operand=1 max_int8_diff=0 scale_rel_diff=6.41733706e-08
bit_compare operand=0 int8_count=73728 int8_mismatches=0 scale_count=32 scale_bit_mismatches=0
bit_compare operand=1 int8_count=73728 int8_mismatches=0 scale_count=8 scale_bit_mismatches=0
bit_identity=1
correct=1
case tail-d144-p2 arguments=65 129 3 6 2 2 1 0 1 0 144
quant_check variant=0 operand=0 max_int8_diff=0 scale_rel_diff=7.77359048e-08
quant_check variant=0 operand=1 max_int8_diff=0 scale_rel_diff=6.30144399e-08
quant_check variant=1 operand=0 max_int8_diff=0 scale_rel_diff=7.77359048e-08
quant_check variant=1 operand=1 max_int8_diff=0 scale_rel_diff=6.30144399e-08
bit_compare operand=0 int8_count=168480 int8_mismatches=0 scale_count=90 scale_bit_mismatches=0
bit_compare operand=1 int8_count=111456 int8_mismatches=0 scale_count=18 scale_bit_mismatches=0
bit_identity=1
correct=1
case packed-d144-p2 arguments=65 129 3 6 2 2 1 3 2 1 144
quant_check variant=0 operand=0 max_int8_diff=0 scale_rel_diff=6.78789789e-08
quant_check variant=0 operand=1 max_int8_diff=0 scale_rel_diff=7.17061894e-08
quant_check variant=1 operand=0 max_int8_diff=0 scale_rel_diff=6.78789789e-08
quant_check variant=1 operand=1 max_int8_diff=0 scale_rel_diff=7.17061894e-08
bit_compare operand=0 int8_count=168480 int8_mismatches=0 scale_count=90 scale_bit_mismatches=0
bit_compare operand=1 int8_count=111456 int8_mismatches=0 scale_count=18 scale_bit_mismatches=0
bit_identity=1
correct=1
case zeros-d144-p2 arguments=65 129 3 6 2 2 1 3 3 1 144
quant_check variant=0 operand=0 max_int8_diff=0 scale_rel_diff=0
quant_check variant=0 operand=1 max_int8_diff=0 scale_rel_diff=0
quant_check variant=1 operand=0 max_int8_diff=0 scale_rel_diff=0
quant_check variant=1 operand=1 max_int8_diff=0 scale_rel_diff=0
bit_compare operand=0 int8_count=168480 int8_mismatches=0 scale_count=90 scale_bit_mismatches=0
bit_compare operand=1 int8_count=111456 int8_mismatches=0 scale_count=18 scale_bit_mismatches=0
bit_identity=1
correct=1
case aligned-d152-p0 arguments=64 128 2 4 2 0 0 0 0 0 152
quant_check variant=0 operand=0 max_int8_diff=0 scale_rel_diff=1.09710044e-07
quant_check variant=0 operand=1 max_int8_diff=0 scale_rel_diff=6.32689279e-08
quant_check variant=1 operand=0 max_int8_diff=0 scale_rel_diff=1.09710044e-07
quant_check variant=1 operand=1 max_int8_diff=0 scale_rel_diff=6.32689279e-08
bit_compare operand=0 int8_count=77824 int8_mismatches=0 scale_count=32 scale_bit_mismatches=0
bit_compare operand=1 int8_count=77824 int8_mismatches=0 scale_count=8 scale_bit_mismatches=0
bit_identity=1
correct=1
case tail-d152-p0 arguments=65 129 3 6 2 0 1 0 1 0 152
quant_check variant=0 operand=0 max_int8_diff=0 scale_rel_diff=1.18500317e-07
quant_check variant=0 operand=1 max_int8_diff=0 scale_rel_diff=9.83150557e-08
quant_check variant=1 operand=0 max_int8_diff=0 scale_rel_diff=1.18500317e-07
quant_check variant=1 operand=1 max_int8_diff=0 scale_rel_diff=9.83150557e-08
bit_compare operand=0 int8_count=177840 int8_mismatches=0 scale_count=90 scale_bit_mismatches=0
bit_compare operand=1 int8_count=117648 int8_mismatches=0 scale_count=18 scale_bit_mismatches=0
bit_identity=1
correct=1
case packed-d152-p0 arguments=65 129 3 6 2 0 1 3 2 1 152
quant_check variant=0 operand=0 max_int8_diff=0 scale_rel_diff=1.18005381e-07
quant_check variant=0 operand=1 max_int8_diff=0 scale_rel_diff=1.16416331e-07
quant_check variant=1 operand=0 max_int8_diff=0 scale_rel_diff=1.18005381e-07
quant_check variant=1 operand=1 max_int8_diff=0 scale_rel_diff=1.16416331e-07
bit_compare operand=0 int8_count=177840 int8_mismatches=0 scale_count=90 scale_bit_mismatches=0
bit_compare operand=1 int8_count=117648 int8_mismatches=0 scale_count=18 scale_bit_mismatches=0
bit_identity=1
correct=1
case zeros-d152-p0 arguments=65 129 3 6 2 0 1 3 3 1 152
quant_check variant=0 operand=0 max_int8_diff=0 scale_rel_diff=0
quant_check variant=0 operand=1 max_int8_diff=0 scale_rel_diff=0
quant_check variant=1 operand=0 max_int8_diff=0 scale_rel_diff=0
quant_check variant=1 operand=1 max_int8_diff=0 scale_rel_diff=0
bit_compare operand=0 int8_count=177840 int8_mismatches=0 scale_count=90 scale_bit_mismatches=0
bit_compare operand=1 int8_count=117648 int8_mismatches=0 scale_count=18 scale_bit_mismatches=0
bit_identity=1
correct=1
case aligned-d152-p1 arguments=64 128 2 4 2 1 0 0 0 0 152
quant_check variant=0 operand=0 max_int8_diff=0 scale_rel_diff=1.17308311e-07
quant_check variant=0 operand=1 max_int8_diff=0 scale_rel_diff=6.2704359e-08
quant_check variant=1 operand=0 max_int8_diff=0 scale_rel_diff=1.17308311e-07
quant_check variant=1 operand=1 max_int8_diff=0 scale_rel_diff=6.2704359e-08
bit_compare operand=0 int8_count=77824 int8_mismatches=0 scale_count=32 scale_bit_mismatches=0
bit_compare operand=1 int8_count=77824 int8_mismatches=0 scale_count=8 scale_bit_mismatches=0
bit_identity=1
correct=1
case tail-d152-p1 arguments=65 129 3 6 2 1 1 0 1 0 152
quant_check variant=0 operand=0 max_int8_diff=0 scale_rel_diff=1.1610561e-07
quant_check variant=0 operand=1 max_int8_diff=0 scale_rel_diff=9.00847041e-08
quant_check variant=1 operand=0 max_int8_diff=0 scale_rel_diff=1.1610561e-07
quant_check variant=1 operand=1 max_int8_diff=0 scale_rel_diff=9.00847041e-08
bit_compare operand=0 int8_count=177840 int8_mismatches=0 scale_count=90 scale_bit_mismatches=0
bit_compare operand=1 int8_count=117648 int8_mismatches=0 scale_count=18 scale_bit_mismatches=0
bit_identity=1
correct=1
case packed-d152-p1 arguments=65 129 3 6 2 1 1 3 2 1 152
quant_check variant=0 operand=0 max_int8_diff=0 scale_rel_diff=1.18824005e-07
quant_check variant=0 operand=1 max_int8_diff=1 scale_rel_diff=1.16639292e-07
quant_check variant=1 operand=0 max_int8_diff=0 scale_rel_diff=1.18824005e-07
quant_check variant=1 operand=1 max_int8_diff=1 scale_rel_diff=1.16639292e-07
bit_compare operand=0 int8_count=177840 int8_mismatches=0 scale_count=90 scale_bit_mismatches=0
bit_compare operand=1 int8_count=117648 int8_mismatches=0 scale_count=18 scale_bit_mismatches=0
bit_identity=1
correct=1
case zeros-d152-p1 arguments=65 129 3 6 2 1 1 3 3 1 152
quant_check variant=0 operand=0 max_int8_diff=0 scale_rel_diff=0
quant_check variant=0 operand=1 max_int8_diff=0 scale_rel_diff=0
quant_check variant=1 operand=0 max_int8_diff=0 scale_rel_diff=0
quant_check variant=1 operand=1 max_int8_diff=0 scale_rel_diff=0
bit_compare operand=0 int8_count=177840 int8_mismatches=0 scale_count=90 scale_bit_mismatches=0
bit_compare operand=1 int8_count=117648 int8_mismatches=0 scale_count=18 scale_bit_mismatches=0
bit_identity=1
correct=1
case aligned-d152-p2 arguments=64 128 2 4 2 2 0 0 0 0 152
quant_check variant=0 operand=0 max_int8_diff=0 scale_rel_diff=1.18251883e-07
quant_check variant=0 operand=1 max_int8_diff=0 scale_rel_diff=6.04073307e-08
quant_check variant=1 operand=0 max_int8_diff=0 scale_rel_diff=1.18251883e-07
quant_check variant=1 operand=1 max_int8_diff=0 scale_rel_diff=6.04073307e-08
bit_compare operand=0 int8_count=77824 int8_mismatches=0 scale_count=32 scale_bit_mismatches=0
bit_compare operand=1 int8_count=77824 int8_mismatches=0 scale_count=8 scale_bit_mismatches=0
bit_identity=1
correct=1
case tail-d152-p2 arguments=65 129 3 6 2 2 1 0 1 0 152
quant_check variant=0 operand=0 max_int8_diff=0 scale_rel_diff=1.12944527e-07
quant_check variant=0 operand=1 max_int8_diff=0 scale_rel_diff=1.05569868e-07
quant_check variant=1 operand=0 max_int8_diff=0 scale_rel_diff=1.12944527e-07
quant_check variant=1 operand=1 max_int8_diff=0 scale_rel_diff=1.05569868e-07
bit_compare operand=0 int8_count=177840 int8_mismatches=0 scale_count=90 scale_bit_mismatches=0
bit_compare operand=1 int8_count=117648 int8_mismatches=0 scale_count=18 scale_bit_mismatches=0
bit_identity=1
correct=1
case packed-d152-p2 arguments=65 129 3 6 2 2 1 3 2 1 152
quant_check variant=0 operand=0 max_int8_diff=0 scale_rel_diff=1.15279505e-07
quant_check variant=0 operand=1 max_int8_diff=0 scale_rel_diff=1.16377343e-07
quant_check variant=1 operand=0 max_int8_diff=0 scale_rel_diff=1.15279505e-07
quant_check variant=1 operand=1 max_int8_diff=0 scale_rel_diff=1.16377343e-07
bit_compare operand=0 int8_count=177840 int8_mismatches=0 scale_count=90 scale_bit_mismatches=0
bit_compare operand=1 int8_count=117648 int8_mismatches=0 scale_count=18 scale_bit_mismatches=0
bit_identity=1
correct=1
case zeros-d152-p2 arguments=65 129 3 6 2 2 1 3 3 1 152
quant_check variant=0 operand=0 max_int8_diff=0 scale_rel_diff=0
quant_check variant=0 operand=1 max_int8_diff=0 scale_rel_diff=0
quant_check variant=1 operand=0 max_int8_diff=0 scale_rel_diff=0
quant_check variant=1 operand=1 max_int8_diff=0 scale_rel_diff=0
bit_compare operand=0 int8_count=177840 int8_mismatches=0 scale_count=90 scale_bit_mismatches=0
bit_compare operand=1 int8_count=117648 int8_mismatches=0 scale_count=18 scale_bit_mismatches=0
bit_identity=1
correct=1
case aligned-d160-p0 arguments=64 128 2 4 2 0 0 0 0 0 160
quant_check variant=0 operand=0 max_int8_diff=0 scale_rel_diff=7.35979313e-08
quant_check variant=0 operand=1 max_int8_diff=0 scale_rel_diff=6.29199661e-08
quant_check variant=1 operand=0 max_int8_diff=0 scale_rel_diff=7.35979313e-08
quant_check variant=1 operand=1 max_int8_diff=0 scale_rel_diff=6.29199661e-08
bit_compare operand=0 int8_count=81920 int8_mismatches=0 scale_count=32 scale_bit_mismatches=0
bit_compare operand=1 int8_count=81920 int8_mismatches=0 scale_count=8 scale_bit_mismatches=0
bit_identity=1
correct=1
case tail-d160-p0 arguments=65 129 3 6 2 0 1 0 1 0 160
quant_check variant=0 operand=0 max_int8_diff=0 scale_rel_diff=1.17288941e-07
quant_check variant=0 operand=1 max_int8_diff=0 scale_rel_diff=1.16226481e-07
quant_check variant=1 operand=0 max_int8_diff=0 scale_rel_diff=1.17288941e-07
quant_check variant=1 operand=1 max_int8_diff=0 scale_rel_diff=1.16226481e-07
bit_compare operand=0 int8_count=187200 int8_mismatches=0 scale_count=90 scale_bit_mismatches=0
bit_compare operand=1 int8_count=123840 int8_mismatches=0 scale_count=18 scale_bit_mismatches=0
bit_identity=1
correct=1
case packed-d160-p0 arguments=65 129 3 6 2 0 1 3 2 1 160
quant_check variant=0 operand=0 max_int8_diff=0 scale_rel_diff=1.16789849e-07
quant_check variant=0 operand=1 max_int8_diff=0 scale_rel_diff=1.14819436e-07
quant_check variant=1 operand=0 max_int8_diff=0 scale_rel_diff=1.16789849e-07
quant_check variant=1 operand=1 max_int8_diff=0 scale_rel_diff=1.14819436e-07
bit_compare operand=0 int8_count=187200 int8_mismatches=0 scale_count=90 scale_bit_mismatches=0
bit_compare operand=1 int8_count=123840 int8_mismatches=0 scale_count=18 scale_bit_mismatches=0
bit_identity=1
correct=1
case zeros-d160-p0 arguments=65 129 3 6 2 0 1 3 3 1 160
quant_check variant=0 operand=0 max_int8_diff=0 scale_rel_diff=0
quant_check variant=0 operand=1 max_int8_diff=0 scale_rel_diff=0
quant_check variant=1 operand=0 max_int8_diff=0 scale_rel_diff=0
quant_check variant=1 operand=1 max_int8_diff=0 scale_rel_diff=0
bit_compare operand=0 int8_count=187200 int8_mismatches=0 scale_count=90 scale_bit_mismatches=0
bit_compare operand=1 int8_count=123840 int8_mismatches=0 scale_count=18 scale_bit_mismatches=0
bit_identity=1
correct=1
case aligned-d160-p1 arguments=64 128 2 4 2 1 0 0 0 0 160
quant_check variant=0 operand=0 max_int8_diff=0 scale_rel_diff=1.16612e-07
quant_check variant=0 operand=1 max_int8_diff=0 scale_rel_diff=6.36103579e-08
quant_check variant=1 operand=0 max_int8_diff=0 scale_rel_diff=1.16612e-07
quant_check variant=1 operand=1 max_int8_diff=0 scale_rel_diff=6.36103579e-08
bit_compare operand=0 int8_count=81920 int8_mismatches=0 scale_count=32 scale_bit_mismatches=0
bit_compare operand=1 int8_count=81920 int8_mismatches=0 scale_count=8 scale_bit_mismatches=0
bit_identity=1
correct=1
case tail-d160-p1 arguments=65 129 3 6 2 1 1 0 1 0 160
quant_check variant=0 operand=0 max_int8_diff=0 scale_rel_diff=1.1759839e-07
quant_check variant=0 operand=1 max_int8_diff=0 scale_rel_diff=7.89945176e-08
quant_check variant=1 operand=0 max_int8_diff=0 scale_rel_diff=1.1759839e-07
quant_check variant=1 operand=1 max_int8_diff=0 scale_rel_diff=7.89945176e-08
bit_compare operand=0 int8_count=187200 int8_mismatches=0 scale_count=90 scale_bit_mismatches=0
bit_compare operand=1 int8_count=123840 int8_mismatches=0 scale_count=18 scale_bit_mismatches=0
bit_identity=1
correct=1
case packed-d160-p1 arguments=65 129 3 6 2 1 1 3 2 1 160
quant_check variant=0 operand=0 max_int8_diff=0 scale_rel_diff=1.18322511e-07
quant_check variant=0 operand=1 max_int8_diff=0 scale_rel_diff=1.150419e-07
quant_check variant=1 operand=0 max_int8_diff=0 scale_rel_diff=1.18322511e-07
quant_check variant=1 operand=1 max_int8_diff=0 scale_rel_diff=1.150419e-07
bit_compare operand=0 int8_count=187200 int8_mismatches=0 scale_count=90 scale_bit_mismatches=0
bit_compare operand=1 int8_count=123840 int8_mismatches=0 scale_count=18 scale_bit_mismatches=0
bit_identity=1
correct=1
case zeros-d160-p1 arguments=65 129 3 6 2 1 1 3 3 1 160
quant_check variant=0 operand=0 max_int8_diff=0 scale_rel_diff=0
quant_check variant=0 operand=1 max_int8_diff=0 scale_rel_diff=0
quant_check variant=1 operand=0 max_int8_diff=0 scale_rel_diff=0
quant_check variant=1 operand=1 max_int8_diff=0 scale_rel_diff=0
bit_compare operand=0 int8_count=187200 int8_mismatches=0 scale_count=90 scale_bit_mismatches=0
bit_compare operand=1 int8_count=123840 int8_mismatches=0 scale_count=18 scale_bit_mismatches=0
bit_identity=1
correct=1
case aligned-d160-p2 arguments=64 128 2 4 2 2 0 0 0 0 160
quant_check variant=0 operand=0 max_int8_diff=0 scale_rel_diff=7.08065429e-08
quant_check variant=0 operand=1 max_int8_diff=0 scale_rel_diff=6.29014281e-08
quant_check variant=1 operand=0 max_int8_diff=0 scale_rel_diff=7.08065429e-08
quant_check variant=1 operand=1 max_int8_diff=0 scale_rel_diff=6.29014281e-08
bit_compare operand=0 int8_count=81920 int8_mismatches=0 scale_count=32 scale_bit_mismatches=0
bit_compare operand=1 int8_count=81920 int8_mismatches=0 scale_count=8 scale_bit_mismatches=0
bit_identity=1
correct=1
case tail-d160-p2 arguments=65 129 3 6 2 2 1 0 1 0 160
quant_check variant=0 operand=0 max_int8_diff=0 scale_rel_diff=1.17470123e-07
quant_check variant=0 operand=1 max_int8_diff=0 scale_rel_diff=7.83290446e-08
quant_check variant=1 operand=0 max_int8_diff=0 scale_rel_diff=1.17470123e-07
quant_check variant=1 operand=1 max_int8_diff=0 scale_rel_diff=7.83290446e-08
bit_compare operand=0 int8_count=187200 int8_mismatches=0 scale_count=90 scale_bit_mismatches=0
bit_compare operand=1 int8_count=123840 int8_mismatches=0 scale_count=18 scale_bit_mismatches=0
bit_identity=1
correct=1
case packed-d160-p2 arguments=65 129 3 6 2 2 1 3 2 1 160
quant_check variant=0 operand=0 max_int8_diff=1 scale_rel_diff=1.17932345e-07
quant_check variant=0 operand=1 max_int8_diff=0 scale_rel_diff=8.515633e-08
quant_check variant=1 operand=0 max_int8_diff=1 scale_rel_diff=1.17932345e-07
quant_check variant=1 operand=1 max_int8_diff=0 scale_rel_diff=8.515633e-08
bit_compare operand=0 int8_count=187200 int8_mismatches=0 scale_count=90 scale_bit_mismatches=0
bit_compare operand=1 int8_count=123840 int8_mismatches=0 scale_count=18 scale_bit_mismatches=0
bit_identity=1
correct=1
case zeros-d160-p2 arguments=65 129 3 6 2 2 1 3 3 1 160
quant_check variant=0 operand=0 max_int8_diff=0 scale_rel_diff=0
quant_check variant=0 operand=1 max_int8_diff=0 scale_rel_diff=0
quant_check variant=1 operand=0 max_int8_diff=0 scale_rel_diff=0
quant_check variant=1 operand=1 max_int8_diff=0 scale_rel_diff=0
bit_compare operand=0 int8_count=187200 int8_mismatches=0 scale_count=90 scale_bit_mismatches=0
bit_compare operand=1 int8_count=123840 int8_mismatches=0 scale_count=18 scale_bit_mismatches=0
bit_identity=1
correct=1
case aligned-d168-p0 arguments=64 128 2 4 2 0 0 0 0 0 168
quant_check variant=0 operand=0 max_int8_diff=0 scale_rel_diff=1.09710044e-07
quant_check variant=0 operand=1 max_int8_diff=0 scale_rel_diff=6.25241086e-08
quant_check variant=1 operand=0 max_int8_diff=0 scale_rel_diff=1.09710044e-07
quant_check variant=1 operand=1 max_int8_diff=0 scale_rel_diff=6.25241086e-08
bit_compare operand=0 int8_count=86016 int8_mismatches=0 scale_count=32 scale_bit_mismatches=0
bit_compare operand=1 int8_count=86016 int8_mismatches=0 scale_count=8 scale_bit_mismatches=0
bit_identity=1
correct=1
case tail-d168-p0 arguments=65 129 3 6 2 0 1 0 1 0 168
quant_check variant=0 operand=0 max_int8_diff=0 scale_rel_diff=1.13918574e-07
quant_check variant=0 operand=1 max_int8_diff=0 scale_rel_diff=1.02841184e-07
quant_check variant=1 operand=0 max_int8_diff=0 scale_rel_diff=1.13918574e-07
quant_check variant=1 operand=1 max_int8_diff=0 scale_rel_diff=1.02841184e-07
bit_compare operand=0 int8_count=196560 int8_mismatches=0 scale_count=90 scale_bit_mismatches=0
bit_compare operand=1 int8_count=130032 int8_mismatches=0 scale_count=18 scale_bit_mismatches=0
bit_identity=1
correct=1
case packed-d168-p0 arguments=65 129 3 6 2 0 1 3 2 1 168
quant_check variant=0 operand=0 max_int8_diff=0 scale_rel_diff=1.18916809e-07
quant_check variant=0 operand=1 max_int8_diff=0 scale_rel_diff=1.16416331e-07
quant_check variant=1 operand=0 max_int8_diff=0 scale_rel_diff=1.18916809e-07
quant_check variant=1 operand=1 max_int8_diff=0 scale_rel_diff=1.16416331e-07
bit_compare operand=0 int8_count=196560 int8_mismatches=0 scale_count=90 scale_bit_mismatches=0
bit_compare operand=1 int8_count=130032 int8_mismatches=0 scale_count=18 scale_bit_mismatches=0
bit_identity=1
correct=1
case zeros-d168-p0 arguments=65 129 3 6 2 0 1 3 3 1 168
quant_check variant=0 operand=0 max_int8_diff=0 scale_rel_diff=0
quant_check variant=0 operand=1 max_int8_diff=0 scale_rel_diff=0
quant_check variant=1 operand=0 max_int8_diff=0 scale_rel_diff=0
quant_check variant=1 operand=1 max_int8_diff=0 scale_rel_diff=0
bit_compare operand=0 int8_count=196560 int8_mismatches=0 scale_count=90 scale_bit_mismatches=0
bit_compare operand=1 int8_count=130032 int8_mismatches=0 scale_count=18 scale_bit_mismatches=0
bit_identity=1
correct=1
case aligned-d168-p1 arguments=64 128 2 4 2 1 0 0 0 0 168
quant_check variant=0 operand=0 max_int8_diff=1 scale_rel_diff=1.17308311e-07
quant_check variant=0 operand=1 max_int8_diff=0 scale_rel_diff=6.53634018e-08
quant_check variant=1 operand=0 max_int8_diff=1 scale_rel_diff=1.17308311e-07
quant_check variant=1 operand=1 max_int8_diff=0 scale_rel_diff=6.53634018e-08
bit_compare operand=0 int8_count=86016 int8_mismatches=0 scale_count=32 scale_bit_mismatches=0
bit_compare operand=1 int8_count=86016 int8_mismatches=0 scale_count=8 scale_bit_mismatches=0
bit_identity=1
correct=1
case tail-d168-p1 arguments=65 129 3 6 2 1 1 0 1 0 168
quant_check variant=0 operand=0 max_int8_diff=0 scale_rel_diff=1.18247229e-07
quant_check variant=0 operand=1 max_int8_diff=0 scale_rel_diff=1.03560858e-07
quant_check variant=1 operand=0 max_int8_diff=0 scale_rel_diff=1.18247229e-07
quant_check variant=1 operand=1 max_int8_diff=0 scale_rel_diff=1.03560858e-07
bit_compare operand=0 int8_count=196560 int8_mismatches=0 scale_count=90 scale_bit_mismatches=0
bit_compare operand=1 int8_count=130032 int8_mismatches=0 scale_count=18 scale_bit_mismatches=0
bit_identity=1
correct=1
case packed-d168-p1 arguments=65 129 3 6 2 1 1 3 2 1 168
quant_check variant=0 operand=0 max_int8_diff=1 scale_rel_diff=1.14266051e-07
quant_check variant=0 operand=1 max_int8_diff=1 scale_rel_diff=1.16639292e-07
quant_check variant=1 operand=0 max_int8_diff=1 scale_rel_diff=1.14266051e-07
quant_check variant=1 operand=1 max_int8_diff=1 scale_rel_diff=1.16639292e-07
bit_compare operand=0 int8_count=196560 int8_mismatches=0 scale_count=90 scale_bit_mismatches=0
bit_compare operand=1 int8_count=130032 int8_mismatches=0 scale_count=18 scale_bit_mismatches=0
bit_identity=1
correct=1
case zeros-d168-p1 arguments=65 129 3 6 2 1 1 3 3 1 168
quant_check variant=0 operand=0 max_int8_diff=0 scale_rel_diff=0
quant_check variant=0 operand=1 max_int8_diff=0 scale_rel_diff=0
quant_check variant=1 operand=0 max_int8_diff=0 scale_rel_diff=0
quant_check variant=1 operand=1 max_int8_diff=0 scale_rel_diff=0
bit_compare operand=0 int8_count=196560 int8_mismatches=0 scale_count=90 scale_bit_mismatches=0
bit_compare operand=1 int8_count=130032 int8_mismatches=0 scale_count=18 scale_bit_mismatches=0
bit_identity=1
correct=1
case aligned-d168-p2 arguments=64 128 2 4 2 2 0 0 0 0 168
quant_check variant=0 operand=0 max_int8_diff=0 scale_rel_diff=1.18251883e-07
quant_check variant=0 operand=1 max_int8_diff=0 scale_rel_diff=6.51874359e-08
quant_check variant=1 operand=0 max_int8_diff=0 scale_rel_diff=1.18251883e-07
quant_check variant=1 operand=1 max_int8_diff=0 scale_rel_diff=6.51874359e-08
bit_compare operand=0 int8_count=86016 int8_mismatches=0 scale_count=32 scale_bit_mismatches=0
bit_compare operand=1 int8_count=86016 int8_mismatches=0 scale_count=8 scale_bit_mismatches=0
bit_identity=1
correct=1
case tail-d168-p2 arguments=65 129 3 6 2 2 1 0 1 0 168
quant_check variant=0 operand=0 max_int8_diff=0 scale_rel_diff=1.16771041e-07
quant_check variant=0 operand=1 max_int8_diff=0 scale_rel_diff=1.02806652e-07
quant_check variant=1 operand=0 max_int8_diff=0 scale_rel_diff=1.16771041e-07
quant_check variant=1 operand=1 max_int8_diff=0 scale_rel_diff=1.02806652e-07
bit_compare operand=0 int8_count=196560 int8_mismatches=0 scale_count=90 scale_bit_mismatches=0
bit_compare operand=1 int8_count=130032 int8_mismatches=0 scale_count=18 scale_bit_mismatches=0
bit_identity=1
correct=1
case packed-d168-p2 arguments=65 129 3 6 2 2 1 3 2 1 168
quant_check variant=0 operand=0 max_int8_diff=0 scale_rel_diff=1.18953587e-07
quant_check variant=0 operand=1 max_int8_diff=0 scale_rel_diff=1.16377343e-07
quant_check variant=1 operand=0 max_int8_diff=0 scale_rel_diff=1.18953587e-07
quant_check variant=1 operand=1 max_int8_diff=0 scale_rel_diff=1.16377343e-07
bit_compare operand=0 int8_count=196560 int8_mismatches=0 scale_count=90 scale_bit_mismatches=0
bit_compare operand=1 int8_count=130032 int8_mismatches=0 scale_count=18 scale_bit_mismatches=0
bit_identity=1
correct=1
case zeros-d168-p2 arguments=65 129 3 6 2 2 1 3 3 1 168
quant_check variant=0 operand=0 max_int8_diff=0 scale_rel_diff=0
quant_check variant=0 operand=1 max_int8_diff=0 scale_rel_diff=0
quant_check variant=1 operand=0 max_int8_diff=0 scale_rel_diff=0
quant_check variant=1 operand=1 max_int8_diff=0 scale_rel_diff=0
bit_compare operand=0 int8_count=196560 int8_mismatches=0 scale_count=90 scale_bit_mismatches=0
bit_compare operand=1 int8_count=130032 int8_mismatches=0 scale_count=18 scale_bit_mismatches=0
bit_identity=1
correct=1
case aligned-d176-p0 arguments=64 128 2 4 2 0 0 0 0 0 176
quant_check variant=0 operand=0 max_int8_diff=0 scale_rel_diff=6.69597782e-08
quant_check variant=0 operand=1 max_int8_diff=0 scale_rel_diff=0
quant_check variant=1 operand=0 max_int8_diff=0 scale_rel_diff=6.69597782e-08
quant_check variant=1 operand=1 max_int8_diff=0 scale_rel_diff=0
bit_compare operand=0 int8_count=90112 int8_mismatches=0 scale_count=32 scale_bit_mismatches=0
bit_compare operand=1 int8_count=90112 int8_mismatches=0 scale_count=8 scale_bit_mismatches=0
bit_identity=1
correct=1
case tail-d176-p0 arguments=65 129 3 6 2 0 1 0 1 0 176
quant_check variant=0 operand=0 max_int8_diff=0 scale_rel_diff=1.0236166e-07
quant_check variant=0 operand=1 max_int8_diff=0 scale_rel_diff=0
quant_check variant=1 operand=0 max_int8_diff=0 scale_rel_diff=1.0236166e-07
quant_check variant=1 operand=1 max_int8_diff=0 scale_rel_diff=0
bit_compare operand=0 int8_count=205920 int8_mismatches=0 scale_count=90 scale_bit_mismatches=0
bit_compare operand=1 int8_count=136224 int8_mismatches=0 scale_count=18 scale_bit_mismatches=0
bit_identity=1
correct=1
case packed-d176-p0 arguments=65 129 3 6 2 0 1 3 2 1 176
quant_check variant=0 operand=0 max_int8_diff=0 scale_rel_diff=1.09048365e-07
quant_check variant=0 operand=1 max_int8_diff=0 scale_rel_diff=0
quant_check variant=1 operand=0 max_int8_diff=0 scale_rel_diff=1.09048365e-07
quant_check variant=1 operand=1 max_int8_diff=0 scale_rel_diff=0
bit_compare operand=0 int8_count=205920 int8_mismatches=0 scale_count=90 scale_bit_mismatches=0
bit_compare operand=1 int8_count=136224 int8_mismatches=0 scale_count=18 scale_bit_mismatches=0
bit_identity=1
correct=1
case zeros-d176-p0 arguments=65 129 3 6 2 0 1 3 3 1 176
quant_check variant=0 operand=0 max_int8_diff=0 scale_rel_diff=0
quant_check variant=0 operand=1 max_int8_diff=0 scale_rel_diff=0
quant_check variant=1 operand=0 max_int8_diff=0 scale_rel_diff=0
quant_check variant=1 operand=1 max_int8_diff=0 scale_rel_diff=0
bit_compare operand=0 int8_count=205920 int8_mismatches=0 scale_count=90 scale_bit_mismatches=0
bit_compare operand=1 int8_count=136224 int8_mismatches=0 scale_count=18 scale_bit_mismatches=0
bit_identity=1
correct=1
case aligned-d176-p1 arguments=64 128 2 4 2 1 0 0 0 0 176
quant_check variant=0 operand=0 max_int8_diff=0 scale_rel_diff=6.62314577e-08
quant_check variant=0 operand=1 max_int8_diff=0 scale_rel_diff=0
quant_check variant=1 operand=0 max_int8_diff=0 scale_rel_diff=6.62314577e-08
quant_check variant=1 operand=1 max_int8_diff=0 scale_rel_diff=0
bit_compare operand=0 int8_count=90112 int8_mismatches=0 scale_count=32 scale_bit_mismatches=0
bit_compare operand=1 int8_count=90112 int8_mismatches=0 scale_count=8 scale_bit_mismatches=0
bit_identity=1
correct=1
case tail-d176-p1 arguments=65 129 3 6 2 1 1 0 1 0 176
quant_check variant=0 operand=0 max_int8_diff=0 scale_rel_diff=6.97124278e-08
quant_check variant=0 operand=1 max_int8_diff=0 scale_rel_diff=6.04605432e-08
quant_check variant=1 operand=0 max_int8_diff=0 scale_rel_diff=6.97124278e-08
quant_check variant=1 operand=1 max_int8_diff=0 scale_rel_diff=6.04605432e-08
bit_compare operand=0 int8_count=205920 int8_mismatches=0 scale_count=90 scale_bit_mismatches=0
bit_compare operand=1 int8_count=136224 int8_mismatches=0 scale_count=18 scale_bit_mismatches=0
bit_identity=1
correct=1
case packed-d176-p1 arguments=65 129 3 6 2 1 1 3 2 1 176
quant_check variant=0 operand=0 max_int8_diff=0 scale_rel_diff=0
quant_check variant=0 operand=1 max_int8_diff=0 scale_rel_diff=1.15266836e-07
quant_check variant=1 operand=0 max_int8_diff=0 scale_rel_diff=0
quant_check variant=1 operand=1 max_int8_diff=0 scale_rel_diff=1.15266836e-07
bit_compare operand=0 int8_count=205920 int8_mismatches=0 scale_count=90 scale_bit_mismatches=0
bit_compare operand=1 int8_count=136224 int8_mismatches=0 scale_count=18 scale_bit_mismatches=0
bit_identity=1
correct=1
case zeros-d176-p1 arguments=65 129 3 6 2 1 1 3 3 1 176
quant_check variant=0 operand=0 max_int8_diff=0 scale_rel_diff=0
quant_check variant=0 operand=1 max_int8_diff=0 scale_rel_diff=0
quant_check variant=1 operand=0 max_int8_diff=0 scale_rel_diff=0
quant_check variant=1 operand=1 max_int8_diff=0 scale_rel_diff=0
bit_compare operand=0 int8_count=205920 int8_mismatches=0 scale_count=90 scale_bit_mismatches=0
bit_compare operand=1 int8_count=136224 int8_mismatches=0 scale_count=18 scale_bit_mismatches=0
bit_identity=1
correct=1
case aligned-d176-p2 arguments=64 128 2 4 2 2 0 0 0 0 176
quant_check variant=0 operand=0 max_int8_diff=0 scale_rel_diff=0
quant_check variant=0 operand=1 max_int8_diff=0 scale_rel_diff=0
quant_check variant=1 operand=0 max_int8_diff=0 scale_rel_diff=0
quant_check variant=1 operand=1 max_int8_diff=0 scale_rel_diff=0
bit_compare operand=0 int8_count=90112 int8_mismatches=0 scale_count=32 scale_bit_mismatches=0
bit_compare operand=1 int8_count=90112 int8_mismatches=0 scale_count=8 scale_bit_mismatches=0
bit_identity=1
correct=1
case tail-d176-p2 arguments=65 129 3 6 2 2 1 0 1 0 176
quant_check variant=0 operand=0 max_int8_diff=0 scale_rel_diff=7.15971069e-08
quant_check variant=0 operand=1 max_int8_diff=0 scale_rel_diff=9.70780079e-08
quant_check variant=1 operand=0 max_int8_diff=0 scale_rel_diff=7.15971069e-08
quant_check variant=1 operand=1 max_int8_diff=0 scale_rel_diff=9.70780079e-08
bit_compare operand=0 int8_count=205920 int8_mismatches=0 scale_count=90 scale_bit_mismatches=0
bit_compare operand=1 int8_count=136224 int8_mismatches=0 scale_count=18 scale_bit_mismatches=0
bit_identity=1
correct=1
case packed-d176-p2 arguments=65 129 3 6 2 2 1 3 2 1 176
quant_check variant=0 operand=0 max_int8_diff=0 scale_rel_diff=0
quant_check variant=0 operand=1 max_int8_diff=0 scale_rel_diff=1.06750733e-07
quant_check variant=1 operand=0 max_int8_diff=0 scale_rel_diff=0
quant_check variant=1 operand=1 max_int8_diff=0 scale_rel_diff=1.06750733e-07
bit_compare operand=0 int8_count=205920 int8_mismatches=0 scale_count=90 scale_bit_mismatches=0
bit_compare operand=1 int8_count=136224 int8_mismatches=0 scale_count=18 scale_bit_mismatches=0
bit_identity=1
correct=1
case zeros-d176-p2 arguments=65 129 3 6 2 2 1 3 3 1 176
quant_check variant=0 operand=0 max_int8_diff=0 scale_rel_diff=0
quant_check variant=0 operand=1 max_int8_diff=0 scale_rel_diff=0
quant_check variant=1 operand=0 max_int8_diff=0 scale_rel_diff=0
quant_check variant=1 operand=1 max_int8_diff=0 scale_rel_diff=0
bit_compare operand=0 int8_count=205920 int8_mismatches=0 scale_count=90 scale_bit_mismatches=0
bit_compare operand=1 int8_count=136224 int8_mismatches=0 scale_count=18 scale_bit_mismatches=0
bit_identity=1
correct=1
case aligned-d184-p0 arguments=64 128 2 4 2 0 0 0 0 0 184
quant_check variant=0 operand=0 max_int8_diff=0 scale_rel_diff=1.09710044e-07
quant_check variant=0 operand=1 max_int8_diff=0 scale_rel_diff=6.19555394e-08
quant_check variant=1 operand=0 max_int8_diff=0 scale_rel_diff=1.09710044e-07
quant_check variant=1 operand=1 max_int8_diff=0 scale_rel_diff=6.19555394e-08
bit_compare operand=0 int8_count=94208 int8_mismatches=0 scale_count=32 scale_bit_mismatches=0
bit_compare operand=1 int8_count=94208 int8_mismatches=0 scale_count=8 scale_bit_mismatches=0
bit_identity=1
correct=1
case tail-d184-p0 arguments=65 129 3 6 2 0 1 0 1 0 184
quant_check variant=0 operand=0 max_int8_diff=0 scale_rel_diff=1.10084315e-07
quant_check variant=0 operand=1 max_int8_diff=0 scale_rel_diff=1.03971431e-07
quant_check variant=1 operand=0 max_int8_diff=0 scale_rel_diff=1.10084315e-07
quant_check variant=1 operand=1 max_int8_diff=0 scale_rel_diff=1.03971431e-07
bit_compare operand=0 int8_count=215280 int8_mismatches=0 scale_count=90 scale_bit_mismatches=0
bit_compare operand=1 int8_count=142416 int8_mismatches=0 scale_count=18 scale_bit_mismatches=0
bit_identity=1
correct=1
case packed-d184-p0 arguments=65 129 3 6 2 0 1 3 2 1 184
quant_check variant=0 operand=0 max_int8_diff=1 scale_rel_diff=1.14648465e-07
quant_check variant=0 operand=1 max_int8_diff=0 scale_rel_diff=1.07760179e-07
quant_check variant=1 operand=0 max_int8_diff=1 scale_rel_diff=1.14648465e-07
quant_check variant=1 operand=1 max_int8_diff=0 scale_rel_diff=1.07760179e-07
bit_compare operand=0 int8_count=215280 int8_mismatches=0 scale_count=90 scale_bit_mismatches=0
bit_compare operand=1 int8_count=142416 int8_mismatches=0 scale_count=18 scale_bit_mismatches=0
bit_identity=1
correct=1
case zeros-d184-p0 arguments=65 129 3 6 2 0 1 3 3 1 184
quant_check variant=0 operand=0 max_int8_diff=0 scale_rel_diff=0
quant_check variant=0 operand=1 max_int8_diff=0 scale_rel_diff=0
quant_check variant=1 operand=0 max_int8_diff=0 scale_rel_diff=0
quant_check variant=1 operand=1 max_int8_diff=0 scale_rel_diff=0
bit_compare operand=0 int8_count=215280 int8_mismatches=0 scale_count=90 scale_bit_mismatches=0
bit_compare operand=1 int8_count=142416 int8_mismatches=0 scale_count=18 scale_bit_mismatches=0
bit_identity=1
correct=1
case aligned-d184-p1 arguments=64 128 2 4 2 1 0 0 0 0 184
quant_check variant=0 operand=0 max_int8_diff=1 scale_rel_diff=1.17308311e-07
quant_check variant=0 operand=1 max_int8_diff=0 scale_rel_diff=6.10097217e-08
quant_check variant=1 operand=0 max_int8_diff=1 scale_rel_diff=1.17308311e-07
quant_check variant=1 operand=1 max_int8_diff=0 scale_rel_diff=6.10097217e-08
bit_compare operand=0 int8_count=94208 int8_mismatches=0 scale_count=32 scale_bit_mismatches=0
bit_compare operand=1 int8_count=94208 int8_mismatches=0 scale_count=8 scale_bit_mismatches=0
bit_identity=1
correct=1
case tail-d184-p1 arguments=65 129 3 6 2 1 1 0 1 0 184
quant_check variant=0 operand=0 max_int8_diff=0 scale_rel_diff=1.12294316e-07
quant_check variant=0 operand=1 max_int8_diff=0 scale_rel_diff=1.03354836e-07
quant_check variant=1 operand=0 max_int8_diff=0 scale_rel_diff=1.12294316e-07
quant_check variant=1 operand=1 max_int8_diff=0 scale_rel_diff=1.03354836e-07
bit_compare operand=0 int8_count=215280 int8_mismatches=0 scale_count=90 scale_bit_mismatches=0
bit_compare operand=1 int8_count=142416 int8_mismatches=0 scale_count=18 scale_bit_mismatches=0
bit_identity=1
correct=1
case packed-d184-p1 arguments=65 129 3 6 2 1 1 3 2 1 184
quant_check variant=0 operand=0 max_int8_diff=1 scale_rel_diff=1.18824005e-07
quant_check variant=0 operand=1 max_int8_diff=1 scale_rel_diff=1.15081754e-07
quant_check variant=1 operand=0 max_int8_diff=1 scale_rel_diff=1.18824005e-07
quant_check variant=1 operand=1 max_int8_diff=1 scale_rel_diff=1.15081754e-07
bit_compare operand=0 int8_count=215280 int8_mismatches=0 scale_count=90 scale_bit_mismatches=0
bit_compare operand=1 int8_count=142416 int8_mismatches=0 scale_count=18 scale_bit_mismatches=0
bit_identity=1
correct=1
case zeros-d184-p1 arguments=65 129 3 6 2 1 1 3 3 1 184
quant_check variant=0 operand=0 max_int8_diff=0 scale_rel_diff=0
quant_check variant=0 operand=1 max_int8_diff=0 scale_rel_diff=0
quant_check variant=1 operand=0 max_int8_diff=0 scale_rel_diff=0
quant_check variant=1 operand=1 max_int8_diff=0 scale_rel_diff=0
bit_compare operand=0 int8_count=215280 int8_mismatches=0 scale_count=90 scale_bit_mismatches=0
bit_compare operand=1 int8_count=142416 int8_mismatches=0 scale_count=18 scale_bit_mismatches=0
bit_identity=1
correct=1
case aligned-d184-p2 arguments=64 128 2 4 2 2 0 0 0 0 184
quant_check variant=0 operand=0 max_int8_diff=0 scale_rel_diff=1.18251883e-07
quant_check variant=0 operand=1 max_int8_diff=0 scale_rel_diff=6.19282687e-08
quant_check variant=1 operand=0 max_int8_diff=0 scale_rel_diff=1.18251883e-07
quant_check variant=1 operand=1 max_int8_diff=0 scale_rel_diff=6.19282687e-08
bit_compare operand=0 int8_count=94208 int8_mismatches=0 scale_count=32 scale_bit_mismatches=0
bit_compare operand=1 int8_count=94208 int8_mismatches=0 scale_count=8 scale_bit_mismatches=0
bit_identity=1
correct=1
case tail-d184-p2 arguments=65 129 3 6 2 2 1 0 1 0 184
quant_check variant=0 operand=0 max_int8_diff=0 scale_rel_diff=1.1001319e-07
quant_check variant=0 operand=1 max_int8_diff=0 scale_rel_diff=1.03907375e-07
quant_check variant=1 operand=0 max_int8_diff=0 scale_rel_diff=1.1001319e-07
quant_check variant=1 operand=1 max_int8_diff=0 scale_rel_diff=1.03907375e-07
bit_compare operand=0 int8_count=215280 int8_mismatches=0 scale_count=90 scale_bit_mismatches=0
bit_compare operand=1 int8_count=142416 int8_mismatches=0 scale_count=18 scale_bit_mismatches=0
bit_identity=1
correct=1
case packed-d184-p2 arguments=65 129 3 6 2 2 1 3 2 1 184
quant_check variant=0 operand=0 max_int8_diff=0 scale_rel_diff=1.18831871e-07
quant_check variant=0 operand=1 max_int8_diff=0 scale_rel_diff=1.1915084e-07
quant_check variant=1 operand=0 max_int8_diff=0 scale_rel_diff=1.18831871e-07
quant_check variant=1 operand=1 max_int8_diff=0 scale_rel_diff=1.1915084e-07
bit_compare operand=0 int8_count=215280 int8_mismatches=0 scale_count=90 scale_bit_mismatches=0
bit_compare operand=1 int8_count=142416 int8_mismatches=0 scale_count=18 scale_bit_mismatches=0
bit_identity=1
correct=1
case zeros-d184-p2 arguments=65 129 3 6 2 2 1 3 3 1 184
quant_check variant=0 operand=0 max_int8_diff=0 scale_rel_diff=0
quant_check variant=0 operand=1 max_int8_diff=0 scale_rel_diff=0
quant_check variant=1 operand=0 max_int8_diff=0 scale_rel_diff=0
quant_check variant=1 operand=1 max_int8_diff=0 scale_rel_diff=0
bit_compare operand=0 int8_count=215280 int8_mismatches=0 scale_count=90 scale_bit_mismatches=0
bit_compare operand=1 int8_count=142416 int8_mismatches=0 scale_count=18 scale_bit_mismatches=0
bit_identity=1
correct=1
case aligned-d192-p0 arguments=64 128 2 4 2 0 0 0 0 0 192
quant_check variant=0 operand=0 max_int8_diff=0 scale_rel_diff=6.90146962e-08
quant_check variant=0 operand=1 max_int8_diff=0 scale_rel_diff=6.22383283e-08
quant_check variant=1 operand=0 max_int8_diff=0 scale_rel_diff=6.90146962e-08
quant_check variant=1 operand=1 max_int8_diff=0 scale_rel_diff=6.22383283e-08
bit_compare operand=0 int8_count=98304 int8_mismatches=0 scale_count=32 scale_bit_mismatches=0
bit_compare operand=1 int8_count=98304 int8_mismatches=0 scale_count=8 scale_bit_mismatches=0
bit_identity=1
correct=1
case tail-d192-p0 arguments=65 129 3 6 2 0 1 0 1 0 192
quant_check variant=0 operand=0 max_int8_diff=0 scale_rel_diff=0
quant_check variant=0 operand=1 max_int8_diff=0 scale_rel_diff=8.81766624e-08
quant_check variant=1 operand=0 max_int8_diff=0 scale_rel_diff=0
quant_check variant=1 operand=1 max_int8_diff=0 scale_rel_diff=8.81766624e-08
bit_compare operand=0 int8_count=224640 int8_mismatches=0 scale_count=90 scale_bit_mismatches=0
bit_compare operand=1 int8_count=148608 int8_mismatches=0 scale_count=18 scale_bit_mismatches=0
bit_identity=1
correct=1
case packed-d192-p0 arguments=65 129 3 6 2 0 1 3 2 1 192
quant_check variant=0 operand=0 max_int8_diff=0 scale_rel_diff=7.38006278e-08
quant_check variant=0 operand=1 max_int8_diff=0 scale_rel_diff=0
quant_check variant=1 operand=0 max_int8_diff=0 scale_rel_diff=7.38006278e-08
quant_check variant=1 operand=1 max_int8_diff=0 scale_rel_diff=0
bit_compare operand=0 int8_count=224640 int8_mismatches=0 scale_count=90 scale_bit_mismatches=0
bit_compare operand=1 int8_count=148608 int8_mismatches=0 scale_count=18 scale_bit_mismatches=0
bit_identity=1
correct=1
case zeros-d192-p0 arguments=65 129 3 6 2 0 1 3 3 1 192
quant_check variant=0 operand=0 max_int8_diff=0 scale_rel_diff=0
quant_check variant=0 operand=1 max_int8_diff=0 scale_rel_diff=0
quant_check variant=1 operand=0 max_int8_diff=0 scale_rel_diff=0
quant_check variant=1 operand=1 max_int8_diff=0 scale_rel_diff=0
bit_compare operand=0 int8_count=224640 int8_mismatches=0 scale_count=90 scale_bit_mismatches=0
bit_compare operand=1 int8_count=148608 int8_mismatches=0 scale_count=18 scale_bit_mismatches=0
bit_identity=1
correct=1
case aligned-d192-p1 arguments=64 128 2 4 2 1 0 0 0 0 192
quant_check variant=0 operand=0 max_int8_diff=0 scale_rel_diff=1.1731445e-07
quant_check variant=0 operand=1 max_int8_diff=0 scale_rel_diff=0
quant_check variant=1 operand=0 max_int8_diff=0 scale_rel_diff=1.1731445e-07
quant_check variant=1 operand=1 max_int8_diff=0 scale_rel_diff=0
bit_compare operand=0 int8_count=98304 int8_mismatches=0 scale_count=32 scale_bit_mismatches=0
bit_compare operand=1 int8_count=98304 int8_mismatches=0 scale_count=8 scale_bit_mismatches=0
bit_identity=1
correct=1
case tail-d192-p1 arguments=65 129 3 6 2 1 1 0 1 0 192
quant_check variant=0 operand=0 max_int8_diff=1 scale_rel_diff=0
quant_check variant=0 operand=1 max_int8_diff=0 scale_rel_diff=0
quant_check variant=1 operand=0 max_int8_diff=1 scale_rel_diff=0
quant_check variant=1 operand=1 max_int8_diff=0 scale_rel_diff=0
bit_compare operand=0 int8_count=224640 int8_mismatches=0 scale_count=90 scale_bit_mismatches=0
bit_compare operand=1 int8_count=148608 int8_mismatches=0 scale_count=18 scale_bit_mismatches=0
bit_identity=1
correct=1
case packed-d192-p1 arguments=65 129 3 6 2 1 1 3 2 1 192
quant_check variant=0 operand=0 max_int8_diff=0 scale_rel_diff=1.1127409e-07
quant_check variant=0 operand=1 max_int8_diff=0 scale_rel_diff=1.0477784e-07
quant_check variant=1 operand=0 max_int8_diff=0 scale_rel_diff=1.1127409e-07
quant_check variant=1 operand=1 max_int8_diff=0 scale_rel_diff=1.0477784e-07
bit_compare operand=0 int8_count=224640 int8_mismatches=0 scale_count=90 scale_bit_mismatches=0
bit_compare operand=1 int8_count=148608 int8_mismatches=0 scale_count=18 scale_bit_mismatches=0
bit_identity=1
correct=1
case zeros-d192-p1 arguments=65 129 3 6 2 1 1 3 3 1 192
quant_check variant=0 operand=0 max_int8_diff=0 scale_rel_diff=0
quant_check variant=0 operand=1 max_int8_diff=0 scale_rel_diff=0
quant_check variant=1 operand=0 max_int8_diff=0 scale_rel_diff=0
quant_check variant=1 operand=1 max_int8_diff=0 scale_rel_diff=0
bit_compare operand=0 int8_count=224640 int8_mismatches=0 scale_count=90 scale_bit_mismatches=0
bit_compare operand=1 int8_count=148608 int8_mismatches=0 scale_count=18 scale_bit_mismatches=0
bit_identity=1
correct=1
case aligned-d192-p2 arguments=64 128 2 4 2 2 0 0 0 0 192
quant_check variant=0 operand=0 max_int8_diff=0 scale_rel_diff=0
quant_check variant=0 operand=1 max_int8_diff=0 scale_rel_diff=0
quant_check variant=1 operand=0 max_int8_diff=0 scale_rel_diff=0
quant_check variant=1 operand=1 max_int8_diff=0 scale_rel_diff=0
bit_compare operand=0 int8_count=98304 int8_mismatches=0 scale_count=32 scale_bit_mismatches=0
bit_compare operand=1 int8_count=98304 int8_mismatches=0 scale_count=8 scale_bit_mismatches=0
bit_identity=1
correct=1
case tail-d192-p2 arguments=65 129 3 6 2 2 1 0 1 0 192
quant_check variant=0 operand=0 max_int8_diff=0 scale_rel_diff=1.01050901e-07
quant_check variant=0 operand=1 max_int8_diff=0 scale_rel_diff=8.50631636e-08
quant_check variant=1 operand=0 max_int8_diff=0 scale_rel_diff=1.01050901e-07
quant_check variant=1 operand=1 max_int8_diff=0 scale_rel_diff=8.50631636e-08
bit_compare operand=0 int8_count=224640 int8_mismatches=0 scale_count=90 scale_bit_mismatches=0
bit_compare operand=1 int8_count=148608 int8_mismatches=0 scale_count=18 scale_bit_mismatches=0
bit_identity=1
correct=1
case packed-d192-p2 arguments=65 129 3 6 2 2 1 3 2 1 192
quant_check variant=0 operand=0 max_int8_diff=0 scale_rel_diff=0
quant_check variant=0 operand=1 max_int8_diff=0 scale_rel_diff=0
quant_check variant=1 operand=0 max_int8_diff=0 scale_rel_diff=0
quant_check variant=1 operand=1 max_int8_diff=0 scale_rel_diff=0
bit_compare operand=0 int8_count=224640 int8_mismatches=0 scale_count=90 scale_bit_mismatches=0
bit_compare operand=1 int8_count=148608 int8_mismatches=0 scale_count=18 scale_bit_mismatches=0
bit_identity=1
correct=1
case zeros-d192-p2 arguments=65 129 3 6 2 2 1 3 3 1 192
quant_check variant=0 operand=0 max_int8_diff=0 scale_rel_diff=0
quant_check variant=0 operand=1 max_int8_diff=0 scale_rel_diff=0
quant_check variant=1 operand=0 max_int8_diff=0 scale_rel_diff=0
quant_check variant=1 operand=1 max_int8_diff=0 scale_rel_diff=0
bit_compare operand=0 int8_count=224640 int8_mismatches=0 scale_count=90 scale_bit_mismatches=0
bit_compare operand=1 int8_count=148608 int8_mismatches=0 scale_count=18 scale_bit_mismatches=0
bit_identity=1
correct=1
case aligned-d200-p0 arguments=64 128 2 4 2 0 0 0 0 0 200
quant_check variant=0 operand=0 max_int8_diff=0 scale_rel_diff=1.09710044e-07
quant_check variant=0 operand=1 max_int8_diff=0 scale_rel_diff=6.1747194e-08
quant_check variant=1 operand=0 max_int8_diff=0 scale_rel_diff=1.09710044e-07
quant_check variant=1 operand=1 max_int8_diff=0 scale_rel_diff=6.1747194e-08
bit_compare operand=0 int8_count=102400 int8_mismatches=0 scale_count=32 scale_bit_mismatches=0
bit_compare operand=1 int8_count=102400 int8_mismatches=0 scale_count=8 scale_bit_mismatches=0
bit_identity=1
correct=1
case tail-d200-p0 arguments=65 129 3 6 2 0 1 0 1 0 200
quant_check variant=0 operand=0 max_int8_diff=0 scale_rel_diff=1.18515693e-07
quant_check variant=0 operand=1 max_int8_diff=0 scale_rel_diff=1.07064501e-07
quant_check variant=1 operand=0 max_int8_diff=0 scale_rel_diff=1.18515693e-07
quant_check variant=1 operand=1 max_int8_diff=0 scale_rel_diff=1.07064501e-07
bit_compare operand=0 int8_count=234000 int8_mismatches=0 scale_count=90 scale_bit_mismatches=0
bit_compare operand=1 int8_count=154800 int8_mismatches=0 scale_count=18 scale_bit_mismatches=0
bit_identity=1
correct=1
case packed-d200-p0 arguments=65 129 3 6 2 0 1 3 2 1 200
quant_check variant=0 operand=0 max_int8_diff=0 scale_rel_diff=1.18005381e-07
quant_check variant=0 operand=1 max_int8_diff=0 scale_rel_diff=1.12914876e-07
quant_check variant=1 operand=0 max_int8_diff=0 scale_rel_diff=1.18005381e-07
quant_check variant=1 operand=1 max_int8_diff=0 scale_rel_diff=1.12914876e-07
bit_compare operand=0 int8_count=234000 int8_mismatches=0 scale_count=90 scale_bit_mismatches=0
bit_compare operand=1 int8_count=154800 int8_mismatches=0 scale_count=18 scale_bit_mismatches=0
bit_identity=1
correct=1
case zeros-d200-p0 arguments=65 129 3 6 2 0 1 3 3 1 200
quant_check variant=0 operand=0 max_int8_diff=0 scale_rel_diff=0
quant_check variant=0 operand=1 max_int8_diff=0 scale_rel_diff=0
quant_check variant=1 operand=0 max_int8_diff=0 scale_rel_diff=0
quant_check variant=1 operand=1 max_int8_diff=0 scale_rel_diff=0
bit_compare operand=0 int8_count=234000 int8_mismatches=0 scale_count=90 scale_bit_mismatches=0
bit_compare operand=1 int8_count=154800 int8_mismatches=0 scale_count=18 scale_bit_mismatches=0
bit_identity=1
correct=1
case aligned-d200-p1 arguments=64 128 2 4 2 1 0 0 0 0 200
quant_check variant=0 operand=0 max_int8_diff=0 scale_rel_diff=1.17308311e-07
quant_check variant=0 operand=1 max_int8_diff=0 scale_rel_diff=6.19083025e-08
quant_check variant=1 operand=0 max_int8_diff=0 scale_rel_diff=1.17308311e-07
quant_check variant=1 operand=1 max_int8_diff=0 scale_rel_diff=6.19083025e-08
bit_compare operand=0 int8_count=102400 int8_mismatches=0 scale_count=32 scale_bit_mismatches=0
bit_compare operand=1 int8_count=102400 int8_mismatches=0 scale_count=8 scale_bit_mismatches=0
bit_identity=1
correct=1
case tail-d200-p1 arguments=65 129 3 6 2 1 1 0 1 0 200
quant_check variant=0 operand=0 max_int8_diff=0 scale_rel_diff=1.15168802e-07
quant_check variant=0 operand=1 max_int8_diff=0 scale_rel_diff=1.01988441e-07
quant_check variant=1 operand=0 max_int8_diff=0 scale_rel_diff=1.15168802e-07
quant_check variant=1 operand=1 max_int8_diff=0 scale_rel_diff=1.01988441e-07
bit_compare operand=0 int8_count=234000 int8_mismatches=0 scale_count=90 scale_bit_mismatches=0
bit_compare operand=1 int8_count=154800 int8_mismatches=0 scale_count=18 scale_bit_mismatches=0
bit_identity=1
correct=1
case packed-d200-p1 arguments=65 129 3 6 2 1 1 3 2 1 200
quant_check variant=0 operand=0 max_int8_diff=0 scale_rel_diff=1.18875548e-07
quant_check variant=0 operand=1 max_int8_diff=1 scale_rel_diff=1.15081754e-07
quant_check variant=1 operand=0 max_int8_diff=0 scale_rel_diff=1.18875548e-07
quant_check variant=1 operand=1 max_int8_diff=1 scale_rel_diff=1.15081754e-07
bit_compare operand=0 int8_count=234000 int8_mismatches=0 scale_count=90 scale_bit_mismatches=0
bit_compare operand=1 int8_count=154800 int8_mismatches=0 scale_count=18 scale_bit_mismatches=0
bit_identity=1
correct=1
case zeros-d200-p1 arguments=65 129 3 6 2 1 1 3 3 1 200
quant_check variant=0 operand=0 max_int8_diff=0 scale_rel_diff=0
quant_check variant=0 operand=1 max_int8_diff=0 scale_rel_diff=0
quant_check variant=1 operand=0 max_int8_diff=0 scale_rel_diff=0
quant_check variant=1 operand=1 max_int8_diff=0 scale_rel_diff=0
bit_compare operand=0 int8_count=234000 int8_mismatches=0 scale_count=90 scale_bit_mismatches=0
bit_compare operand=1 int8_count=154800 int8_mismatches=0 scale_count=18 scale_bit_mismatches=0
bit_identity=1
correct=1
case aligned-d200-p2 arguments=64 128 2 4 2 2 0 0 0 0 200
quant_check variant=0 operand=0 max_int8_diff=0 scale_rel_diff=1.18251883e-07
quant_check variant=0 operand=1 max_int8_diff=0 scale_rel_diff=1.16212163e-07
quant_check variant=1 operand=0 max_int8_diff=0 scale_rel_diff=1.18251883e-07
quant_check variant=1 operand=1 max_int8_diff=0 scale_rel_diff=1.16212163e-07
bit_compare operand=0 int8_count=102400 int8_mismatches=0 scale_count=32 scale_bit_mismatches=0
bit_compare operand=1 int8_count=102400 int8_mismatches=0 scale_count=8 scale_bit_mismatches=0
bit_identity=1
correct=1
case tail-d200-p2 arguments=65 129 3 6 2 2 1 0 1 0 200
quant_check variant=0 operand=0 max_int8_diff=0 scale_rel_diff=1.13357899e-07
quant_check variant=0 operand=1 max_int8_diff=0 scale_rel_diff=1.09612678e-07
quant_check variant=1 operand=0 max_int8_diff=0 scale_rel_diff=1.13357899e-07
quant_check variant=1 operand=1 max_int8_diff=0 scale_rel_diff=1.09612678e-07
bit_compare operand=0 int8_count=234000 int8_mismatches=0 scale_count=90 scale_bit_mismatches=0
bit_compare operand=1 int8_count=154800 int8_mismatches=0 scale_count=18 scale_bit_mismatches=0
bit_identity=1
correct=1
case packed-d200-p2 arguments=65 129 3 6 2 2 1 3 2 1 200
quant_check variant=0 operand=0 max_int8_diff=0 scale_rel_diff=1.14530366e-07
quant_check variant=0 operand=1 max_int8_diff=0 scale_rel_diff=1.17569613e-07
quant_check variant=1 operand=0 max_int8_diff=0 scale_rel_diff=1.14530366e-07
quant_check variant=1 operand=1 max_int8_diff=0 scale_rel_diff=1.17569613e-07
bit_compare operand=0 int8_count=234000 int8_mismatches=0 scale_count=90 scale_bit_mismatches=0
bit_compare operand=1 int8_count=154800 int8_mismatches=0 scale_count=18 scale_bit_mismatches=0
bit_identity=1
correct=1
case zeros-d200-p2 arguments=65 129 3 6 2 2 1 3 3 1 200
quant_check variant=0 operand=0 max_int8_diff=0 scale_rel_diff=0
quant_check variant=0 operand=1 max_int8_diff=0 scale_rel_diff=0
quant_check variant=1 operand=0 max_int8_diff=0 scale_rel_diff=0
quant_check variant=1 operand=1 max_int8_diff=0 scale_rel_diff=0
bit_compare operand=0 int8_count=234000 int8_mismatches=0 scale_count=90 scale_bit_mismatches=0
bit_compare operand=1 int8_count=154800 int8_mismatches=0 scale_count=18 scale_bit_mismatches=0
bit_identity=1
correct=1
case aligned-d208-p0 arguments=64 128 2 4 2 0 0 0 0 0 208
quant_check variant=0 operand=0 max_int8_diff=0 scale_rel_diff=0
quant_check variant=0 operand=1 max_int8_diff=0 scale_rel_diff=1.14995373e-07
quant_check variant=1 operand=0 max_int8_diff=0 scale_rel_diff=0
quant_check variant=1 operand=1 max_int8_diff=0 scale_rel_diff=1.14995373e-07
bit_compare operand=0 int8_count=106496 int8_mismatches=0 scale_count=32 scale_bit_mismatches=0
bit_compare operand=1 int8_count=106496 int8_mismatches=0 scale_count=8 scale_bit_mismatches=0
bit_identity=1
correct=1
case tail-d208-p0 arguments=65 129 3 6 2 0 1 0 1 0 208
quant_check variant=0 operand=0 max_int8_diff=0 scale_rel_diff=7.27403773e-08
quant_check variant=0 operand=1 max_int8_diff=0 scale_rel_diff=1.06983151e-07
quant_check variant=1 operand=0 max_int8_diff=0 scale_rel_diff=7.27403773e-08
quant_check variant=1 operand=1 max_int8_diff=0 scale_rel_diff=1.06983151e-07
bit_compare operand=0 int8_count=243360 int8_mismatches=0 scale_count=90 scale_bit_mismatches=0
bit_compare operand=1 int8_count=160992 int8_mismatches=0 scale_count=18 scale_bit_mismatches=0
bit_identity=1
correct=1
case packed-d208-p0 arguments=65 129 3 6 2 0 1 3 2 1 208
quant_check variant=0 operand=0 max_int8_diff=0 scale_rel_diff=1.09048365e-07
quant_check variant=0 operand=1 max_int8_diff=0 scale_rel_diff=6.25999022e-08
quant_check variant=1 operand=0 max_int8_diff=0 scale_rel_diff=1.09048365e-07
quant_check variant=1 operand=1 max_int8_diff=0 scale_rel_diff=6.25999022e-08
bit_compare operand=0 int8_count=243360 int8_mismatches=0 scale_count=90 scale_bit_mismatches=0
bit_compare operand=1 int8_count=160992 int8_mismatches=0 scale_count=18 scale_bit_mismatches=0
bit_identity=1
correct=1
case zeros-d208-p0 arguments=65 129 3 6 2 0 1 3 3 1 208
quant_check variant=0 operand=0 max_int8_diff=0 scale_rel_diff=0
quant_check variant=0 operand=1 max_int8_diff=0 scale_rel_diff=0
quant_check variant=1 operand=0 max_int8_diff=0 scale_rel_diff=0
quant_check variant=1 operand=1 max_int8_diff=0 scale_rel_diff=0
bit_compare operand=0 int8_count=243360 int8_mismatches=0 scale_count=90 scale_bit_mismatches=0
bit_compare operand=1 int8_count=160992 int8_mismatches=0 scale_count=18 scale_bit_mismatches=0
bit_identity=1
correct=1
case aligned-d208-p1 arguments=64 128 2 4 2 1 0 0 0 0 208
quant_check variant=0 operand=0 max_int8_diff=1 scale_rel_diff=6.62314577e-08
quant_check variant=0 operand=1 max_int8_diff=0 scale_rel_diff=0
quant_check variant=1 operand=0 max_int8_diff=1 scale_rel_diff=6.62314577e-08
quant_check variant=1 operand=1 max_int8_diff=0 scale_rel_diff=0
bit_compare operand=0 int8_count=106496 int8_mismatches=0 scale_count=32 scale_bit_mismatches=0
bit_compare operand=1 int8_count=106496 int8_mismatches=0 scale_count=8 scale_bit_mismatches=0
bit_identity=1
correct=1
case tail-d208-p1 arguments=65 129 3 6 2 1 1 0 1 0 208
quant_check variant=0 operand=0 max_int8_diff=0 scale_rel_diff=7.72104372e-08
quant_check variant=0 operand=1 max_int8_diff=0 scale_rel_diff=6.84595065e-08
quant_check variant=1 operand=0 max_int8_diff=0 scale_rel_diff=7.72104372e-08
quant_check variant=1 operand=1 max_int8_diff=0 scale_rel_diff=6.84595065e-08
bit_compare operand=0 int8_count=243360 int8_mismatches=0 scale_count=90 scale_bit_mismatches=0
bit_compare operand=1 int8_count=160992 int8_mismatches=0 scale_count=18 scale_bit_mismatches=0
bit_identity=1
correct=1
case packed-d208-p1 arguments=65 129 3 6 2 1 1 3 2 1 208
quant_check variant=0 operand=0 max_int8_diff=0 scale_rel_diff=7.91078776e-08
quant_check variant=0 operand=1 max_int8_diff=0 scale_rel_diff=0
quant_check variant=1 operand=0 max_int8_diff=0 scale_rel_diff=7.91078776e-08
quant_check variant=1 operand=1 max_int8_diff=0 scale_rel_diff=0
bit_compare operand=0 int8_count=243360 int8_mismatches=0 scale_count=90 scale_bit_mismatches=0
bit_compare operand=1 int8_count=160992 int8_mismatches=0 scale_count=18 scale_bit_mismatches=0
bit_identity=1
correct=1
case zeros-d208-p1 arguments=65 129 3 6 2 1 1 3 3 1 208
quant_check variant=0 operand=0 max_int8_diff=0 scale_rel_diff=0
quant_check variant=0 operand=1 max_int8_diff=0 scale_rel_diff=0
quant_check variant=1 operand=0 max_int8_diff=0 scale_rel_diff=0
quant_check variant=1 operand=1 max_int8_diff=0 scale_rel_diff=0
bit_compare operand=0 int8_count=243360 int8_mismatches=0 scale_count=90 scale_bit_mismatches=0
bit_compare operand=1 int8_count=160992 int8_mismatches=0 scale_count=18 scale_bit_mismatches=0
bit_identity=1
correct=1
case aligned-d208-p2 arguments=64 128 2 4 2 2 0 0 0 0 208
quant_check variant=0 operand=0 max_int8_diff=0 scale_rel_diff=6.93454822e-08
quant_check variant=0 operand=1 max_int8_diff=0 scale_rel_diff=0
quant_check variant=1 operand=0 max_int8_diff=0 scale_rel_diff=6.93454822e-08
quant_check variant=1 operand=1 max_int8_diff=0 scale_rel_diff=0
bit_compare operand=0 int8_count=106496 int8_mismatches=0 scale_count=32 scale_bit_mismatches=0
bit_compare operand=1 int8_count=106496 int8_mismatches=0 scale_count=8 scale_bit_mismatches=0
bit_identity=1
correct=1
case tail-d208-p2 arguments=65 129 3 6 2 2 1 0 1 0 208
quant_check variant=0 operand=0 max_int8_diff=0 scale_rel_diff=9.3922246e-08
quant_check variant=0 operand=1 max_int8_diff=0 scale_rel_diff=6.15348554e-08
quant_check variant=1 operand=0 max_int8_diff=0 scale_rel_diff=9.3922246e-08
quant_check variant=1 operand=1 max_int8_diff=0 scale_rel_diff=6.15348554e-08
bit_compare operand=0 int8_count=243360 int8_mismatches=0 scale_count=90 scale_bit_mismatches=0
bit_compare operand=1 int8_count=160992 int8_mismatches=0 scale_count=18 scale_bit_mismatches=0
bit_identity=1
correct=1
case packed-d208-p2 arguments=65 129 3 6 2 2 1 3 2 1 208
quant_check variant=0 operand=0 max_int8_diff=0 scale_rel_diff=7.94530166e-08
quant_check variant=0 operand=1 max_int8_diff=0 scale_rel_diff=1.06750733e-07
quant_check variant=1 operand=0 max_int8_diff=0 scale_rel_diff=7.94530166e-08
quant_check variant=1 operand=1 max_int8_diff=0 scale_rel_diff=1.06750733e-07
bit_compare operand=0 int8_count=243360 int8_mismatches=0 scale_count=90 scale_bit_mismatches=0
bit_compare operand=1 int8_count=160992 int8_mismatches=0 scale_count=18 scale_bit_mismatches=0
bit_identity=1
correct=1
case zeros-d208-p2 arguments=65 129 3 6 2 2 1 3 3 1 208
quant_check variant=0 operand=0 max_int8_diff=0 scale_rel_diff=0
quant_check variant=0 operand=1 max_int8_diff=0 scale_rel_diff=0
quant_check variant=1 operand=0 max_int8_diff=0 scale_rel_diff=0
quant_check variant=1 operand=1 max_int8_diff=0 scale_rel_diff=0
bit_compare operand=0 int8_count=243360 int8_mismatches=0 scale_count=90 scale_bit_mismatches=0
bit_compare operand=1 int8_count=160992 int8_mismatches=0 scale_count=18 scale_bit_mismatches=0
bit_identity=1
correct=1
case aligned-d216-p0 arguments=64 128 2 4 2 0 0 0 0 0 216
quant_check variant=0 operand=0 max_int8_diff=0 scale_rel_diff=1.09710044e-07
quant_check variant=0 operand=1 max_int8_diff=0 scale_rel_diff=6.37079509e-08
quant_check variant=1 operand=0 max_int8_diff=0 scale_rel_diff=1.09710044e-07
quant_check variant=1 operand=1 max_int8_diff=0 scale_rel_diff=6.37079509e-08
bit_compare operand=0 int8_count=110592 int8_mismatches=0 scale_count=32 scale_bit_mismatches=0
bit_compare operand=1 int8_count=110592 int8_mismatches=0 scale_count=8 scale_bit_mismatches=0
bit_identity=1
correct=1
case tail-d216-p0 arguments=65 129 3 6 2 0 1 0 1 0 216
quant_check variant=0 operand=0 max_int8_diff=0 scale_rel_diff=1.18224271e-07
quant_check variant=0 operand=1 max_int8_diff=0 scale_rel_diff=9.47834522e-08
quant_check variant=1 operand=0 max_int8_diff=0 scale_rel_diff=1.18224271e-07
quant_check variant=1 operand=1 max_int8_diff=0 scale_rel_diff=9.47834522e-08
bit_compare operand=0 int8_count=252720 int8_mismatches=0 scale_count=90 scale_bit_mismatches=0
bit_compare operand=1 int8_count=167184 int8_mismatches=0 scale_count=18 scale_bit_mismatches=0
bit_identity=1
correct=1
case packed-d216-p0 arguments=65 129 3 6 2 0 1 3 2 1 216
quant_check variant=0 operand=0 max_int8_diff=0 scale_rel_diff=1.1759019e-07
quant_check variant=0 operand=1 max_int8_diff=0 scale_rel_diff=1.152778e-07
quant_check variant=1 operand=0 max_int8_diff=0 scale_rel_diff=1.1759019e-07
quant_check variant=1 operand=1 max_int8_diff=0 scale_rel_diff=1.152778e-07
bit_compare operand=0 int8_count=252720 int8_mismatches=0 scale_count=90 scale_bit_mismatches=0
bit_compare operand=1 int8_count=167184 int8_mismatches=0 scale_count=18 scale_bit_mismatches=0
bit_identity=1
correct=1
case zeros-d216-p0 arguments=65 129 3 6 2 0 1 3 3 1 216
quant_check variant=0 operand=0 max_int8_diff=0 scale_rel_diff=0
quant_check variant=0 operand=1 max_int8_diff=0 scale_rel_diff=0
quant_check variant=1 operand=0 max_int8_diff=0 scale_rel_diff=0
quant_check variant=1 operand=1 max_int8_diff=0 scale_rel_diff=0
bit_compare operand=0 int8_count=252720 int8_mismatches=0 scale_count=90 scale_bit_mismatches=0
bit_compare operand=1 int8_count=167184 int8_mismatches=0 scale_count=18 scale_bit_mismatches=0
bit_identity=1
correct=1
case aligned-d216-p1 arguments=64 128 2 4 2 1 0 0 0 0 216
quant_check variant=0 operand=0 max_int8_diff=0 scale_rel_diff=1.17308311e-07
quant_check variant=0 operand=1 max_int8_diff=0 scale_rel_diff=6.39003161e-08
quant_check variant=1 operand=0 max_int8_diff=0 scale_rel_diff=1.17308311e-07
quant_check variant=1 operand=1 max_int8_diff=0 scale_rel_diff=6.39003161e-08
bit_compare operand=0 int8_count=110592 int8_mismatches=0 scale_count=32 scale_bit_mismatches=0
bit_compare operand=1 int8_count=110592 int8_mismatches=0 scale_count=8 scale_bit_mismatches=0
bit_identity=1
correct=1
case tail-d216-p1 arguments=65 129 3 6 2 1 1 0 1 0 216
quant_check variant=0 operand=0 max_int8_diff=0 scale_rel_diff=1.17408831e-07
quant_check variant=0 operand=1 max_int8_diff=0 scale_rel_diff=9.4802715e-08
quant_check variant=1 operand=0 max_int8_diff=0 scale_rel_diff=1.17408831e-07
quant_check variant=1 operand=1 max_int8_diff=0 scale_rel_diff=9.4802715e-08
bit_compare operand=0 int8_count=252720 int8_mismatches=0 scale_count=90 scale_bit_mismatches=0
bit_compare operand=1 int8_count=167184 int8_mismatches=0 scale_count=18 scale_bit_mismatches=0
bit_identity=1
correct=1
case packed-d216-p1 arguments=65 129 3 6 2 1 1 3 2 1 216
quant_check variant=0 operand=0 max_int8_diff=1 scale_rel_diff=1.2573669e-07
quant_check variant=0 operand=1 max_int8_diff=1 scale_rel_diff=1.1487915e-07
quant_check variant=1 operand=0 max_int8_diff=1 scale_rel_diff=1.2573669e-07
quant_check variant=1 operand=1 max_int8_diff=1 scale_rel_diff=1.1487915e-07
bit_compare operand=0 int8_count=252720 int8_mismatches=0 scale_count=90 scale_bit_mismatches=0
bit_compare operand=1 int8_count=167184 int8_mismatches=0 scale_count=18 scale_bit_mismatches=0
bit_identity=1
correct=1
case zeros-d216-p1 arguments=65 129 3 6 2 1 1 3 3 1 216
quant_check variant=0 operand=0 max_int8_diff=0 scale_rel_diff=0
quant_check variant=0 operand=1 max_int8_diff=0 scale_rel_diff=0
quant_check variant=1 operand=0 max_int8_diff=0 scale_rel_diff=0
quant_check variant=1 operand=1 max_int8_diff=0 scale_rel_diff=0
bit_compare operand=0 int8_count=252720 int8_mismatches=0 scale_count=90 scale_bit_mismatches=0
bit_compare operand=1 int8_count=167184 int8_mismatches=0 scale_count=18 scale_bit_mismatches=0
bit_identity=1
correct=1
case aligned-d216-p2 arguments=64 128 2 4 2 2 0 0 0 0 216
quant_check variant=0 operand=0 max_int8_diff=0 scale_rel_diff=6.9115984e-08
quant_check variant=0 operand=1 max_int8_diff=0 scale_rel_diff=6.36824211e-08
quant_check variant=1 operand=0 max_int8_diff=0 scale_rel_diff=6.9115984e-08
quant_check variant=1 operand=1 max_int8_diff=0 scale_rel_diff=6.36824211e-08
bit_compare operand=0 int8_count=110592 int8_mismatches=0 scale_count=32 scale_bit_mismatches=0
bit_compare operand=1 int8_count=110592 int8_mismatches=0 scale_count=8 scale_bit_mismatches=0
bit_identity=1
correct=1
case tail-d216-p2 arguments=65 129 3 6 2 2 1 0 1 0 216
quant_check variant=0 operand=0 max_int8_diff=0 scale_rel_diff=1.18177397e-07
quant_check variant=0 operand=1 max_int8_diff=0 scale_rel_diff=1.15039562e-07
quant_check variant=1 operand=0 max_int8_diff=0 scale_rel_diff=1.18177397e-07
quant_check variant=1 operand=1 max_int8_diff=0 scale_rel_diff=1.15039562e-07
bit_compare operand=0 int8_count=252720 int8_mismatches=0 scale_count=90 scale_bit_mismatches=0
bit_compare operand=1 int8_count=167184 int8_mismatches=0 scale_count=18 scale_bit_mismatches=0
bit_identity=1
correct=1
case packed-d216-p2 arguments=65 129 3 6 2 2 1 3 2 1 216
quant_check variant=0 operand=0 max_int8_diff=0 scale_rel_diff=1.18953587e-07
quant_check variant=0 operand=1 max_int8_diff=0 scale_rel_diff=1.09115916e-07
quant_check variant=1 operand=0 max_int8_diff=0 scale_rel_diff=1.18953587e-07
quant_check variant=1 operand=1 max_int8_diff=0 scale_rel_diff=1.09115916e-07
bit_compare operand=0 int8_count=252720 int8_mismatches=0 scale_count=90 scale_bit_mismatches=0
bit_compare operand=1 int8_count=167184 int8_mismatches=0 scale_count=18 scale_bit_mismatches=0
bit_identity=1
correct=1
case zeros-d216-p2 arguments=65 129 3 6 2 2 1 3 3 1 216
quant_check variant=0 operand=0 max_int8_diff=0 scale_rel_diff=0
quant_check variant=0 operand=1 max_int8_diff=0 scale_rel_diff=0
quant_check variant=1 operand=0 max_int8_diff=0 scale_rel_diff=0
quant_check variant=1 operand=1 max_int8_diff=0 scale_rel_diff=0
bit_compare operand=0 int8_count=252720 int8_mismatches=0 scale_count=90 scale_bit_mismatches=0
bit_compare operand=1 int8_count=167184 int8_mismatches=0 scale_count=18 scale_bit_mismatches=0
bit_identity=1
correct=1
case aligned-d224-p0 arguments=64 128 2 4 2 0 0 0 0 0 224
quant_check variant=0 operand=0 max_int8_diff=0 scale_rel_diff=6.49331398e-08
quant_check variant=0 operand=1 max_int8_diff=1 scale_rel_diff=1.17288941e-07
quant_check variant=1 operand=0 max_int8_diff=0 scale_rel_diff=6.49331398e-08
quant_check variant=1 operand=1 max_int8_diff=1 scale_rel_diff=1.17288941e-07
bit_compare operand=0 int8_count=114688 int8_mismatches=0 scale_count=32 scale_bit_mismatches=0
bit_compare operand=1 int8_count=114688 int8_mismatches=0 scale_count=8 scale_bit_mismatches=0
bit_identity=1
correct=1
case tail-d224-p0 arguments=65 129 3 6 2 0 1 0 1 0 224
quant_check variant=0 operand=0 max_int8_diff=0 scale_rel_diff=9.99628611e-08
quant_check variant=0 operand=1 max_int8_diff=0 scale_rel_diff=9.87859892e-08
quant_check variant=1 operand=0 max_int8_diff=0 scale_rel_diff=9.99628611e-08
quant_check variant=1 operand=1 max_int8_diff=0 scale_rel_diff=9.87859892e-08
bit_compare operand=0 int8_count=262080 int8_mismatches=0 scale_count=90 scale_bit_mismatches=0
bit_compare operand=1 int8_count=173376 int8_mismatches=0 scale_count=18 scale_bit_mismatches=0
bit_identity=1
correct=1
case packed-d224-p0 arguments=65 129 3 6 2 0 1 3 2 1 224
quant_check variant=0 operand=0 max_int8_diff=0 scale_rel_diff=1.17567957e-07
quant_check variant=0 operand=1 max_int8_diff=0 scale_rel_diff=1.16160976e-07
quant_check variant=1 operand=0 max_int8_diff=0 scale_rel_diff=1.17567957e-07
quant_check variant=1 operand=1 max_int8_diff=0 scale_rel_diff=1.16160976e-07
bit_compare operand=0 int8_count=262080 int8_mismatches=0 scale_count=90 scale_bit_mismatches=0
bit_compare operand=1 int8_count=173376 int8_mismatches=0 scale_count=18 scale_bit_mismatches=0
bit_identity=1
correct=1
case zeros-d224-p0 arguments=65 129 3 6 2 0 1 3 3 1 224
quant_check variant=0 operand=0 max_int8_diff=0 scale_rel_diff=0
quant_check variant=0 operand=1 max_int8_diff=0 scale_rel_diff=0
quant_check variant=1 operand=0 max_int8_diff=0 scale_rel_diff=0
quant_check variant=1 operand=1 max_int8_diff=0 scale_rel_diff=0
bit_compare operand=0 int8_count=262080 int8_mismatches=0 scale_count=90 scale_bit_mismatches=0
bit_compare operand=1 int8_count=173376 int8_mismatches=0 scale_count=18 scale_bit_mismatches=0
bit_identity=1
correct=1
case aligned-d224-p1 arguments=64 128 2 4 2 1 0 0 0 0 224
quant_check variant=0 operand=0 max_int8_diff=0 scale_rel_diff=1.16612e-07
quant_check variant=0 operand=1 max_int8_diff=0 scale_rel_diff=1.1759839e-07
quant_check variant=1 operand=0 max_int8_diff=0 scale_rel_diff=1.16612e-07
quant_check variant=1 operand=1 max_int8_diff=0 scale_rel_diff=1.1759839e-07
bit_compare operand=0 int8_count=114688 int8_mismatches=0 scale_count=32 scale_bit_mismatches=0
bit_compare operand=1 int8_count=114688 int8_mismatches=0 scale_count=8 scale_bit_mismatches=0
bit_identity=1
correct=1
case tail-d224-p1 arguments=65 129 3 6 2 1 1 0 1 0 224
quant_check variant=0 operand=0 max_int8_diff=0 scale_rel_diff=1.12834243e-07
quant_check variant=0 operand=1 max_int8_diff=0 scale_rel_diff=7.57776846e-08
quant_check variant=1 operand=0 max_int8_diff=0 scale_rel_diff=1.12834243e-07
quant_check variant=1 operand=1 max_int8_diff=0 scale_rel_diff=7.57776846e-08
bit_compare operand=0 int8_count=262080 int8_mismatches=0 scale_count=90 scale_bit_mismatches=0
bit_compare operand=1 int8_count=173376 int8_mismatches=0 scale_count=18 scale_bit_mismatches=0
bit_identity=1
correct=1
case packed-d224-p1 arguments=65 129 3 6 2 1 1 3 2 1 224
quant_check variant=0 operand=0 max_int8_diff=0 scale_rel_diff=1.16536995e-07
quant_check variant=0 operand=1 max_int8_diff=0 scale_rel_diff=1.16572316e-07
quant_check variant=1 operand=0 max_int8_diff=0 scale_rel_diff=1.16536995e-07
quant_check variant=1 operand=1 max_int8_diff=0 scale_rel_diff=1.16572316e-07
bit_compare operand=0 int8_count=262080 int8_mismatches=0 scale_count=90 scale_bit_mismatches=0
bit_compare operand=1 int8_count=173376 int8_mismatches=0 scale_count=18 scale_bit_mismatches=0
bit_identity=1
correct=1
case zeros-d224-p1 arguments=65 129 3 6 2 1 1 3 3 1 224
quant_check variant=0 operand=0 max_int8_diff=0 scale_rel_diff=0
quant_check variant=0 operand=1 max_int8_diff=0 scale_rel_diff=0
quant_check variant=1 operand=0 max_int8_diff=0 scale_rel_diff=0
quant_check variant=1 operand=1 max_int8_diff=0 scale_rel_diff=0
bit_compare operand=0 int8_count=262080 int8_mismatches=0 scale_count=90 scale_bit_mismatches=0
bit_compare operand=1 int8_count=173376 int8_mismatches=0 scale_count=18 scale_bit_mismatches=0
bit_identity=1
correct=1
case aligned-d224-p2 arguments=64 128 2 4 2 2 0 0 0 0 224
quant_check variant=0 operand=0 max_int8_diff=0 scale_rel_diff=6.53575611e-08
quant_check variant=0 operand=1 max_int8_diff=0 scale_rel_diff=6.38066098e-08
quant_check variant=1 operand=0 max_int8_diff=0 scale_rel_diff=6.53575611e-08
quant_check variant=1 operand=1 max_int8_diff=0 scale_rel_diff=6.38066098e-08
bit_compare operand=0 int8_count=114688 int8_mismatches=0 scale_count=32 scale_bit_mismatches=0
bit_compare operand=1 int8_count=114688 int8_mismatches=0 scale_count=8 scale_bit_mismatches=0
bit_identity=1
correct=1
case tail-d224-p2 arguments=65 129 3 6 2 2 1 0 1 0 224
quant_check variant=0 operand=0 max_int8_diff=0 scale_rel_diff=9.98521159e-08
quant_check variant=0 operand=1 max_int8_diff=0 scale_rel_diff=8.2947075e-08
quant_check variant=1 operand=0 max_int8_diff=0 scale_rel_diff=9.98521159e-08
quant_check variant=1 operand=1 max_int8_diff=0 scale_rel_diff=8.2947075e-08
bit_compare operand=0 int8_count=262080 int8_mismatches=0 scale_count=90 scale_bit_mismatches=0
bit_compare operand=1 int8_count=173376 int8_mismatches=0 scale_count=18 scale_bit_mismatches=0
bit_identity=1
correct=1
case packed-d224-p2 arguments=65 129 3 6 2 2 1 3 2 1 224
quant_check variant=0 operand=0 max_int8_diff=0 scale_rel_diff=1.13005754e-07
quant_check variant=0 operand=1 max_int8_diff=0 scale_rel_diff=1.16131503e-07
quant_check variant=1 operand=0 max_int8_diff=0 scale_rel_diff=1.13005754e-07
quant_check variant=1 operand=1 max_int8_diff=0 scale_rel_diff=1.16131503e-07
bit_compare operand=0 int8_count=262080 int8_mismatches=0 scale_count=90 scale_bit_mismatches=0
bit_compare operand=1 int8_count=173376 int8_mismatches=0 scale_count=18 scale_bit_mismatches=0
bit_identity=1
correct=1
case zeros-d224-p2 arguments=65 129 3 6 2 2 1 3 3 1 224
quant_check variant=0 operand=0 max_int8_diff=0 scale_rel_diff=0
quant_check variant=0 operand=1 max_int8_diff=0 scale_rel_diff=0
quant_check variant=1 operand=0 max_int8_diff=0 scale_rel_diff=0
quant_check variant=1 operand=1 max_int8_diff=0 scale_rel_diff=0
bit_compare operand=0 int8_count=262080 int8_mismatches=0 scale_count=90 scale_bit_mismatches=0
bit_compare operand=1 int8_count=173376 int8_mismatches=0 scale_count=18 scale_bit_mismatches=0
bit_identity=1
correct=1
case aligned-d232-p0 arguments=64 128 2 4 2 0 0 0 0 0 232
quant_check variant=0 operand=0 max_int8_diff=0 scale_rel_diff=1.09710044e-07
quant_check variant=0 operand=1 max_int8_diff=0 scale_rel_diff=6.24160634e-08
quant_check variant=1 operand=0 max_int8_diff=0 scale_rel_diff=1.09710044e-07
quant_check variant=1 operand=1 max_int8_diff=0 scale_rel_diff=6.24160634e-08
bit_compare operand=0 int8_count=118784 int8_mismatches=0 scale_count=32 scale_bit_mismatches=0
bit_compare operand=1 int8_count=118784 int8_mismatches=0 scale_count=8 scale_bit_mismatches=0
bit_identity=1
correct=1
case tail-d232-p0 arguments=65 129 3 6 2 0 1 0 1 0 232
quant_check variant=0 operand=0 max_int8_diff=0 scale_rel_diff=1.1787975e-07
quant_check variant=0 operand=1 max_int8_diff=0 scale_rel_diff=1.04192289e-07
quant_check variant=1 operand=0 max_int8_diff=0 scale_rel_diff=1.1787975e-07
quant_check variant=1 operand=1 max_int8_diff=0 scale_rel_diff=1.04192289e-07
bit_compare operand=0 int8_count=271440 int8_mismatches=0 scale_count=90 scale_bit_mismatches=0
bit_compare operand=1 int8_count=179568 int8_mismatches=0 scale_count=18 scale_bit_mismatches=0
bit_identity=1
correct=1
case packed-d232-p0 arguments=65 129 3 6 2 0 1 3 2 1 232
quant_check variant=0 operand=0 max_int8_diff=0 scale_rel_diff=1.18354471e-07
quant_check variant=0 operand=1 max_int8_diff=0 scale_rel_diff=1.1136401e-07
quant_check variant=1 operand=0 max_int8_diff=0 scale_rel_diff=1.18354471e-07
quant_check variant=1 operand=1 max_int8_diff=0 scale_rel_diff=1.1136401e-07
bit_compare operand=0 int8_count=271440 int8_mismatches=0 scale_count=90 scale_bit_mismatches=0
bit_compare operand=1 int8_count=179568 int8_mismatches=0 scale_count=18 scale_bit_mismatches=0
bit_identity=1
correct=1
case zeros-d232-p0 arguments=65 129 3 6 2 0 1 3 3 1 232
quant_check variant=0 operand=0 max_int8_diff=0 scale_rel_diff=0
quant_check variant=0 operand=1 max_int8_diff=0 scale_rel_diff=0
quant_check variant=1 operand=0 max_int8_diff=0 scale_rel_diff=0
quant_check variant=1 operand=1 max_int8_diff=0 scale_rel_diff=0
bit_compare operand=0 int8_count=271440 int8_mismatches=0 scale_count=90 scale_bit_mismatches=0
bit_compare operand=1 int8_count=179568 int8_mismatches=0 scale_count=18 scale_bit_mismatches=0
bit_identity=1
correct=1
case aligned-d232-p1 arguments=64 128 2 4 2 1 0 0 0 0 232
quant_check variant=0 operand=0 max_int8_diff=0 scale_rel_diff=1.17308311e-07
quant_check variant=0 operand=1 max_int8_diff=0 scale_rel_diff=6.25533687e-08
quant_check variant=1 operand=0 max_int8_diff=0 scale_rel_diff=1.17308311e-07
quant_check variant=1 operand=1 max_int8_diff=0 scale_rel_diff=6.25533687e-08
bit_compare operand=0 int8_count=118784 int8_mismatches=0 scale_count=32 scale_bit_mismatches=0
bit_compare operand=1 int8_count=118784 int8_mismatches=0 scale_count=8 scale_bit_mismatches=0
bit_identity=1
correct=1
case tail-d232-p1 arguments=65 129 3 6 2 1 1 0 1 0 232
quant_check variant=0 operand=0 max_int8_diff=0 scale_rel_diff=1.18331471e-07
quant_check variant=0 operand=1 max_int8_diff=0 scale_rel_diff=1.06270498e-07
quant_check variant=1 operand=0 max_int8_diff=0 scale_rel_diff=1.18331471e-07
quant_check variant=1 operand=1 max_int8_diff=0 scale_rel_diff=1.06270498e-07
bit_compare operand=0 int8_count=271440 int8_mismatches=0 scale_count=90 scale_bit_mismatches=0
bit_compare operand=1 int8_count=179568 int8_mismatches=0 scale_count=18 scale_bit_mismatches=0
bit_identity=1
correct=1
case packed-d232-p1 arguments=65 129 3 6 2 1 1 3 2 1 232
quant_check variant=0 operand=0 max_int8_diff=1 scale_rel_diff=1.18875548e-07
quant_check variant=0 operand=1 max_int8_diff=0 scale_rel_diff=1.07997984e-07
quant_check variant=1 operand=0 max_int8_diff=1 scale_rel_diff=1.18875548e-07
quant_check variant=1 operand=1 max_int8_diff=0 scale_rel_diff=1.07997984e-07
bit_compare operand=0 int8_count=271440 int8_mismatches=0 scale_count=90 scale_bit_mismatches=0
bit_compare operand=1 int8_count=179568 int8_mismatches=0 scale_count=18 scale_bit_mismatches=0
bit_identity=1
correct=1
case zeros-d232-p1 arguments=65 129 3 6 2 1 1 3 3 1 232
quant_check variant=0 operand=0 max_int8_diff=0 scale_rel_diff=0
quant_check variant=0 operand=1 max_int8_diff=0 scale_rel_diff=0
quant_check variant=1 operand=0 max_int8_diff=0 scale_rel_diff=0
quant_check variant=1 operand=1 max_int8_diff=0 scale_rel_diff=0
bit_compare operand=0 int8_count=271440 int8_mismatches=0 scale_count=90 scale_bit_mismatches=0
bit_compare operand=1 int8_count=179568 int8_mismatches=0 scale_count=18 scale_bit_mismatches=0
bit_identity=1
correct=1
case aligned-d232-p2 arguments=64 128 2 4 2 2 0 0 0 0 232
quant_check variant=0 operand=0 max_int8_diff=0 scale_rel_diff=1.18251883e-07
quant_check variant=0 operand=1 max_int8_diff=0 scale_rel_diff=6.23982501e-08
quant_check variant=1 operand=0 max_int8_diff=0 scale_rel_diff=1.18251883e-07
quant_check variant=1 operand=1 max_int8_diff=0 scale_rel_diff=6.23982501e-08
bit_compare operand=0 int8_count=118784 int8_mismatches=0 scale_count=32 scale_bit_mismatches=0
bit_compare operand=1 int8_count=118784 int8_mismatches=0 scale_count=8 scale_bit_mismatches=0
bit_identity=1
correct=1
case tail-d232-p2 arguments=65 129 3 6 2 2 1 0 1 0 232
quant_check variant=0 operand=0 max_int8_diff=0 scale_rel_diff=1.18978058e-07
quant_check variant=0 operand=1 max_int8_diff=0 scale_rel_diff=9.93634188e-08
quant_check variant=1 operand=0 max_int8_diff=0 scale_rel_diff=1.18978058e-07
quant_check variant=1 operand=1 max_int8_diff=0 scale_rel_diff=9.93634188e-08
bit_compare operand=0 int8_count=271440 int8_mismatches=0 scale_count=90 scale_bit_mismatches=0
bit_compare operand=1 int8_count=179568 int8_mismatches=0 scale_count=18 scale_bit_mismatches=0
bit_identity=1
correct=1
case packed-d232-p2 arguments=65 129 3 6 2 2 1 3 2 1 232
quant_check variant=0 operand=0 max_int8_diff=0 scale_rel_diff=1.17551402e-07
quant_check variant=0 operand=1 max_int8_diff=0 scale_rel_diff=1.17569613e-07
quant_check variant=1 operand=0 max_int8_diff=0 scale_rel_diff=1.17551402e-07
quant_check variant=1 operand=1 max_int8_diff=0 scale_rel_diff=1.17569613e-07
bit_compare operand=0 int8_count=271440 int8_mismatches=0 scale_count=90 scale_bit_mismatches=0
bit_compare operand=1 int8_count=179568 int8_mismatches=0 scale_count=18 scale_bit_mismatches=0
bit_identity=1
correct=1
case zeros-d232-p2 arguments=65 129 3 6 2 2 1 3 3 1 232
quant_check variant=0 operand=0 max_int8_diff=0 scale_rel_diff=0
quant_check variant=0 operand=1 max_int8_diff=0 scale_rel_diff=0
quant_check variant=1 operand=0 max_int8_diff=0 scale_rel_diff=0
quant_check variant=1 operand=1 max_int8_diff=0 scale_rel_diff=0
bit_compare operand=0 int8_count=271440 int8_mismatches=0 scale_count=90 scale_bit_mismatches=0
bit_compare operand=1 int8_count=179568 int8_mismatches=0 scale_count=18 scale_bit_mismatches=0
bit_identity=1
correct=1
case aligned-d240-p0 arguments=64 128 2 4 2 0 0 0 0 0 240
quant_check variant=0 operand=0 max_int8_diff=0 scale_rel_diff=0
quant_check variant=0 operand=1 max_int8_diff=0 scale_rel_diff=1.14995373e-07
quant_check variant=1 operand=0 max_int8_diff=0 scale_rel_diff=0
quant_check variant=1 operand=1 max_int8_diff=0 scale_rel_diff=1.14995373e-07
bit_compare operand=0 int8_count=122880 int8_mismatches=0 scale_count=32 scale_bit_mismatches=0
bit_compare operand=1 int8_count=122880 int8_mismatches=0 scale_count=8 scale_bit_mismatches=0
bit_identity=1
correct=1
case tail-d240-p0 arguments=65 129 3 6 2 0 1 0 1 0 240
quant_check variant=0 operand=0 max_int8_diff=1 scale_rel_diff=8.11094125e-08
quant_check variant=0 operand=1 max_int8_diff=0 scale_rel_diff=0
quant_check variant=1 operand=0 max_int8_diff=1 scale_rel_diff=8.11094125e-08
quant_check variant=1 operand=1 max_int8_diff=0 scale_rel_diff=0
bit_compare operand=0 int8_count=280800 int8_mismatches=0 scale_count=90 scale_bit_mismatches=0
bit_compare operand=1 int8_count=185760 int8_mismatches=0 scale_count=18 scale_bit_mismatches=0
bit_identity=1
correct=1
case packed-d240-p0 arguments=65 129 3 6 2 0 1 3 2 1 240
quant_check variant=0 operand=0 max_int8_diff=0 scale_rel_diff=1.09048365e-07
quant_check variant=0 operand=1 max_int8_diff=0 scale_rel_diff=0
quant_check variant=1 operand=0 max_int8_diff=0 scale_rel_diff=1.09048365e-07
quant_check variant=1 operand=1 max_int8_diff=0 scale_rel_diff=0
bit_compare operand=0 int8_count=280800 int8_mismatches=0 scale_count=90 scale_bit_mismatches=0
bit_compare operand=1 int8_count=185760 int8_mismatches=0 scale_count=18 scale_bit_mismatches=0
bit_identity=1
correct=1
case zeros-d240-p0 arguments=65 129 3 6 2 0 1 3 3 1 240
quant_check variant=0 operand=0 max_int8_diff=0 scale_rel_diff=0
quant_check variant=0 operand=1 max_int8_diff=0 scale_rel_diff=0
quant_check variant=1 operand=0 max_int8_diff=0 scale_rel_diff=0
quant_check variant=1 operand=1 max_int8_diff=0 scale_rel_diff=0
bit_compare operand=0 int8_count=280800 int8_mismatches=0 scale_count=90 scale_bit_mismatches=0
bit_compare operand=1 int8_count=185760 int8_mismatches=0 scale_count=18 scale_bit_mismatches=0
bit_identity=1
correct=1
case aligned-d240-p1 arguments=64 128 2 4 2 1 0 0 0 0 240
quant_check variant=0 operand=0 max_int8_diff=0 scale_rel_diff=0
quant_check variant=0 operand=1 max_int8_diff=0 scale_rel_diff=0
quant_check variant=1 operand=0 max_int8_diff=0 scale_rel_diff=0
quant_check variant=1 operand=1 max_int8_diff=0 scale_rel_diff=0
bit_compare operand=0 int8_count=122880 int8_mismatches=0 scale_count=32 scale_bit_mismatches=0
bit_compare operand=1 int8_count=122880 int8_mismatches=0 scale_count=8 scale_bit_mismatches=0
bit_identity=1
correct=1
case tail-d240-p1 arguments=65 129 3 6 2 1 1 0 1 0 240
quant_check variant=0 operand=0 max_int8_diff=0 scale_rel_diff=8.54212345e-08
quant_check variant=0 operand=1 max_int8_diff=0 scale_rel_diff=0
quant_check variant=1 operand=0 max_int8_diff=0 scale_rel_diff=8.54212345e-08
quant_check variant=1 operand=1 max_int8_diff=0 scale_rel_diff=0
bit_compare operand=0 int8_count=280800 int8_mismatches=0 scale_count=90 scale_bit_mismatches=0
bit_compare operand=1 int8_count=185760 int8_mismatches=0 scale_count=18 scale_bit_mismatches=0
bit_identity=1
correct=1
case packed-d240-p1 arguments=65 129 3 6 2 1 1 3 2 1 240
quant_check variant=0 operand=0 max_int8_diff=0 scale_rel_diff=0
quant_check variant=0 operand=1 max_int8_diff=0 scale_rel_diff=0
quant_check variant=1 operand=0 max_int8_diff=0 scale_rel_diff=0
quant_check variant=1 operand=1 max_int8_diff=0 scale_rel_diff=0
bit_compare operand=0 int8_count=280800 int8_mismatches=0 scale_count=90 scale_bit_mismatches=0
bit_compare operand=1 int8_count=185760 int8_mismatches=0 scale_count=18 scale_bit_mismatches=0
bit_identity=1
correct=1
case zeros-d240-p1 arguments=65 129 3 6 2 1 1 3 3 1 240
quant_check variant=0 operand=0 max_int8_diff=0 scale_rel_diff=0
quant_check variant=0 operand=1 max_int8_diff=0 scale_rel_diff=0
quant_check variant=1 operand=0 max_int8_diff=0 scale_rel_diff=0
quant_check variant=1 operand=1 max_int8_diff=0 scale_rel_diff=0
bit_compare operand=0 int8_count=280800 int8_mismatches=0 scale_count=90 scale_bit_mismatches=0
bit_compare operand=1 int8_count=185760 int8_mismatches=0 scale_count=18 scale_bit_mismatches=0
bit_identity=1
correct=1
case aligned-d240-p2 arguments=64 128 2 4 2 2 0 0 0 0 240
quant_check variant=0 operand=0 max_int8_diff=0 scale_rel_diff=6.41733706e-08
quant_check variant=0 operand=1 max_int8_diff=0 scale_rel_diff=0
quant_check variant=1 operand=0 max_int8_diff=0 scale_rel_diff=6.41733706e-08
quant_check variant=1 operand=1 max_int8_diff=0 scale_rel_diff=0
bit_compare operand=0 int8_count=122880 int8_mismatches=0 scale_count=32 scale_bit_mismatches=0
bit_compare operand=1 int8_count=122880 int8_mismatches=0 scale_count=8 scale_bit_mismatches=0
bit_identity=1
correct=1
case tail-d240-p2 arguments=65 129 3 6 2 2 1 0 1 0 240
quant_check variant=0 operand=0 max_int8_diff=0 scale_rel_diff=8.59531539e-08
quant_check variant=0 operand=1 max_int8_diff=0 scale_rel_diff=9.50396455e-08
quant_check variant=1 operand=0 max_int8_diff=0 scale_rel_diff=8.59531539e-08
quant_check variant=1 operand=1 max_int8_diff=0 scale_rel_diff=9.50396455e-08
bit_compare operand=0 int8_count=280800 int8_mismatches=0 scale_count=90 scale_bit_mismatches=0
bit_compare operand=1 int8_count=185760 int8_mismatches=0 scale_count=18 scale_bit_mismatches=0
bit_identity=1
correct=1
case packed-d240-p2 arguments=65 129 3 6 2 2 1 3 2 1 240
quant_check variant=0 operand=0 max_int8_diff=0 scale_rel_diff=1.18978711e-07
quant_check variant=0 operand=1 max_int8_diff=1 scale_rel_diff=1.09408795e-07
quant_check variant=1 operand=0 max_int8_diff=0 scale_rel_diff=1.18978711e-07
quant_check variant=1 operand=1 max_int8_diff=1 scale_rel_diff=1.09408795e-07
bit_compare operand=0 int8_count=280800 int8_mismatches=0 scale_count=90 scale_bit_mismatches=0
bit_compare operand=1 int8_count=185760 int8_mismatches=0 scale_count=18 scale_bit_mismatches=0
bit_identity=1
correct=1
case zeros-d240-p2 arguments=65 129 3 6 2 2 1 3 3 1 240
quant_check variant=0 operand=0 max_int8_diff=0 scale_rel_diff=0
quant_check variant=0 operand=1 max_int8_diff=0 scale_rel_diff=0
quant_check variant=1 operand=0 max_int8_diff=0 scale_rel_diff=0
quant_check variant=1 operand=1 max_int8_diff=0 scale_rel_diff=0
bit_compare operand=0 int8_count=280800 int8_mismatches=0 scale_count=90 scale_bit_mismatches=0
bit_compare operand=1 int8_count=185760 int8_mismatches=0 scale_count=18 scale_bit_mismatches=0
bit_identity=1
correct=1
case aligned-d248-p0 arguments=64 128 2 4 2 0 0 0 0 0 248
quant_check variant=0 operand=0 max_int8_diff=0 scale_rel_diff=1.09710044e-07
quant_check variant=0 operand=1 max_int8_diff=0 scale_rel_diff=1.11054881e-07
quant_check variant=1 operand=0 max_int8_diff=0 scale_rel_diff=1.09710044e-07
quant_check variant=1 operand=1 max_int8_diff=0 scale_rel_diff=1.11054881e-07
bit_compare operand=0 int8_count=126976 int8_mismatches=0 scale_count=32 scale_bit_mismatches=0
bit_compare operand=1 int8_count=126976 int8_mismatches=0 scale_count=8 scale_bit_mismatches=0
bit_identity=1
correct=1
case tail-d248-p0 arguments=65 129 3 6 2 0 1 0 1 0 248
quant_check variant=0 operand=0 max_int8_diff=0 scale_rel_diff=1.17308311e-07
quant_check variant=0 operand=1 max_int8_diff=0 scale_rel_diff=1.08396314e-07
quant_check variant=1 operand=0 max_int8_diff=0 scale_rel_diff=1.17308311e-07
quant_check variant=1 operand=1 max_int8_diff=0 scale_rel_diff=1.08396314e-07
bit_compare operand=0 int8_count=290160 int8_mismatches=0 scale_count=90 scale_bit_mismatches=0
bit_compare operand=1 int8_count=191952 int8_mismatches=0 scale_count=18 scale_bit_mismatches=0
bit_identity=1
correct=1
case packed-d248-p0 arguments=65 129 3 6 2 0 1 3 2 1 248
quant_check variant=0 operand=0 max_int8_diff=0 scale_rel_diff=1.18354471e-07
quant_check variant=0 operand=1 max_int8_diff=1 scale_rel_diff=1.15659709e-07
quant_check variant=1 operand=0 max_int8_diff=0 scale_rel_diff=1.18354471e-07
quant_check variant=1 operand=1 max_int8_diff=1 scale_rel_diff=1.15659709e-07
bit_compare operand=0 int8_count=290160 int8_mismatches=0 scale_count=90 scale_bit_mismatches=0
bit_compare operand=1 int8_count=191952 int8_mismatches=0 scale_count=18 scale_bit_mismatches=0
bit_identity=1
correct=1
case zeros-d248-p0 arguments=65 129 3 6 2 0 1 3 3 1 248
quant_check variant=0 operand=0 max_int8_diff=0 scale_rel_diff=0
quant_check variant=0 operand=1 max_int8_diff=0 scale_rel_diff=0
quant_check variant=1 operand=0 max_int8_diff=0 scale_rel_diff=0
quant_check variant=1 operand=1 max_int8_diff=0 scale_rel_diff=0
bit_compare operand=0 int8_count=290160 int8_mismatches=0 scale_count=90 scale_bit_mismatches=0
bit_compare operand=1 int8_count=191952 int8_mismatches=0 scale_count=18 scale_bit_mismatches=0
bit_identity=1
correct=1
case aligned-d248-p1 arguments=64 128 2 4 2 1 0 0 0 0 248
quant_check variant=0 operand=0 max_int8_diff=0 scale_rel_diff=1.17308311e-07
quant_check variant=0 operand=1 max_int8_diff=0 scale_rel_diff=1.11404752e-07
quant_check variant=1 operand=0 max_int8_diff=0 scale_rel_diff=1.17308311e-07
quant_check variant=1 operand=1 max_int8_diff=0 scale_rel_diff=1.11404752e-07
bit_compare operand=0 int8_count=126976 int8_mismatches=0 scale_count=32 scale_bit_mismatches=0
bit_compare operand=1 int8_count=126976 int8_mismatches=0 scale_count=8 scale_bit_mismatches=0
bit_identity=1
correct=1
case tail-d248-p1 arguments=65 129 3 6 2 1 1 0 1 0 248
quant_check variant=0 operand=0 max_int8_diff=1 scale_rel_diff=1.15528067e-07
quant_check variant=0 operand=1 max_int8_diff=0 scale_rel_diff=1.08933811e-07
quant_check variant=1 operand=0 max_int8_diff=1 scale_rel_diff=1.15528067e-07
quant_check variant=1 operand=1 max_int8_diff=0 scale_rel_diff=1.08933811e-07
bit_compare operand=0 int8_count=290160 int8_mismatches=0 scale_count=90 scale_bit_mismatches=0
bit_compare operand=1 int8_count=191952 int8_mismatches=0 scale_count=18 scale_bit_mismatches=0
bit_identity=1
correct=1
case packed-d248-p1 arguments=65 129 3 6 2 1 1 3 2 1 248
quant_check variant=0 operand=0 max_int8_diff=1 scale_rel_diff=1.18649098e-07
quant_check variant=0 operand=1 max_int8_diff=1 scale_rel_diff=1.16007314e-07
quant_check variant=1 operand=0 max_int8_diff=1 scale_rel_diff=1.18649098e-07
quant_check variant=1 operand=1 max_int8_diff=1 scale_rel_diff=1.16007314e-07
bit_compare operand=0 int8_count=290160 int8_mismatches=0 scale_count=90 scale_bit_mismatches=0
bit_compare operand=1 int8_count=191952 int8_mismatches=0 scale_count=18 scale_bit_mismatches=0
bit_identity=1
correct=1
case zeros-d248-p1 arguments=65 129 3 6 2 1 1 3 3 1 248
quant_check variant=0 operand=0 max_int8_diff=0 scale_rel_diff=0
quant_check variant=0 operand=1 max_int8_diff=0 scale_rel_diff=0
quant_check variant=1 operand=0 max_int8_diff=0 scale_rel_diff=0
quant_check variant=1 operand=1 max_int8_diff=0 scale_rel_diff=0
bit_compare operand=0 int8_count=290160 int8_mismatches=0 scale_count=90 scale_bit_mismatches=0
bit_compare operand=1 int8_count=191952 int8_mismatches=0 scale_count=18 scale_bit_mismatches=0
bit_identity=1
correct=1
case aligned-d248-p2 arguments=64 128 2 4 2 2 0 0 0 0 248
quant_check variant=0 operand=0 max_int8_diff=0 scale_rel_diff=1.18251883e-07
quant_check variant=0 operand=1 max_int8_diff=0 scale_rel_diff=6.29292103e-08
quant_check variant=1 operand=0 max_int8_diff=0 scale_rel_diff=1.18251883e-07
quant_check variant=1 operand=1 max_int8_diff=0 scale_rel_diff=6.29292103e-08
bit_compare operand=0 int8_count=126976 int8_mismatches=0 scale_count=32 scale_bit_mismatches=0
bit_compare operand=1 int8_count=126976 int8_mismatches=0 scale_count=8 scale_bit_mismatches=0
bit_identity=1
correct=1
case tail-d248-p2 arguments=65 129 3 6 2 2 1 0 1 0 248
quant_check variant=0 operand=0 max_int8_diff=0 scale_rel_diff=1.16669803e-07
quant_check variant=0 operand=1 max_int8_diff=0 scale_rel_diff=8.89632332e-08
quant_check variant=1 operand=0 max_int8_diff=0 scale_rel_diff=1.16669803e-07
quant_check variant=1 operand=1 max_int8_diff=0 scale_rel_diff=8.89632332e-08
bit_compare operand=0 int8_count=290160 int8_mismatches=0 scale_count=90 scale_bit_mismatches=0
bit_compare operand=1 int8_count=191952 int8_mismatches=0 scale_count=18 scale_bit_mismatches=0
bit_identity=1
correct=1
case packed-d248-p2 arguments=65 129 3 6 2 2 1 3 2 1 248
quant_check variant=0 operand=0 max_int8_diff=1 scale_rel_diff=1.17551402e-07
quant_check variant=0 operand=1 max_int8_diff=0 scale_rel_diff=1.16906762e-07
quant_check variant=1 operand=0 max_int8_diff=1 scale_rel_diff=1.17551402e-07
quant_check variant=1 operand=1 max_int8_diff=0 scale_rel_diff=1.16906762e-07
bit_compare operand=0 int8_count=290160 int8_mismatches=0 scale_count=90 scale_bit_mismatches=0
bit_compare operand=1 int8_count=191952 int8_mismatches=0 scale_count=18 scale_bit_mismatches=0
bit_identity=1
correct=1
case zeros-d248-p2 arguments=65 129 3 6 2 2 1 3 3 1 248
quant_check variant=0 operand=0 max_int8_diff=0 scale_rel_diff=0
quant_check variant=0 operand=1 max_int8_diff=0 scale_rel_diff=0
quant_check variant=1 operand=0 max_int8_diff=0 scale_rel_diff=0
quant_check variant=1 operand=1 max_int8_diff=0 scale_rel_diff=0
bit_compare operand=0 int8_count=290160 int8_mismatches=0 scale_count=90 scale_bit_mismatches=0
bit_compare operand=1 int8_count=191952 int8_mismatches=0 scale_count=18 scale_bit_mismatches=0
bit_identity=1
correct=1
case aligned-d256-p0 arguments=64 128 2 4 2 0 0 0 0 0 256
quant_check variant=0 operand=0 max_int8_diff=0 scale_rel_diff=6.2186821e-08
quant_check variant=0 operand=1 max_int8_diff=0 scale_rel_diff=0
quant_check variant=1 operand=0 max_int8_diff=0 scale_rel_diff=6.2186821e-08
quant_check variant=1 operand=1 max_int8_diff=0 scale_rel_diff=0
bit_compare operand=0 int8_count=131072 int8_mismatches=0 scale_count=32 scale_bit_mismatches=0
bit_compare operand=1 int8_count=131072 int8_mismatches=0 scale_count=8 scale_bit_mismatches=0
bit_identity=1
correct=1
case tail-d256-p0 arguments=65 129 3 6 2 0 1 0 1 0 256
quant_check variant=0 operand=0 max_int8_diff=0 scale_rel_diff=1.08772042e-07
quant_check variant=0 operand=1 max_int8_diff=0 scale_rel_diff=0
quant_check variant=1 operand=0 max_int8_diff=0 scale_rel_diff=1.08772042e-07
quant_check variant=1 operand=1 max_int8_diff=0 scale_rel_diff=0
bit_compare operand=0 int8_count=299520 int8_mismatches=0 scale_count=90 scale_bit_mismatches=0
bit_compare operand=1 int8_count=198144 int8_mismatches=0 scale_count=18 scale_bit_mismatches=0
bit_identity=1
correct=1
case packed-d256-p0 arguments=65 129 3 6 2 0 1 3 2 1 256
quant_check variant=0 operand=0 max_int8_diff=0 scale_rel_diff=0
quant_check variant=0 operand=1 max_int8_diff=0 scale_rel_diff=0
quant_check variant=1 operand=0 max_int8_diff=0 scale_rel_diff=0
quant_check variant=1 operand=1 max_int8_diff=0 scale_rel_diff=0
bit_compare operand=0 int8_count=299520 int8_mismatches=0 scale_count=90 scale_bit_mismatches=0
bit_compare operand=1 int8_count=198144 int8_mismatches=0 scale_count=18 scale_bit_mismatches=0
bit_identity=1
correct=1
case zeros-d256-p0 arguments=65 129 3 6 2 0 1 3 3 1 256
quant_check variant=0 operand=0 max_int8_diff=0 scale_rel_diff=0
quant_check variant=0 operand=1 max_int8_diff=0 scale_rel_diff=0
quant_check variant=1 operand=0 max_int8_diff=0 scale_rel_diff=0
quant_check variant=1 operand=1 max_int8_diff=0 scale_rel_diff=0
bit_compare operand=0 int8_count=299520 int8_mismatches=0 scale_count=90 scale_bit_mismatches=0
bit_compare operand=1 int8_count=198144 int8_mismatches=0 scale_count=18 scale_bit_mismatches=0
bit_identity=1
correct=1
case aligned-d256-p1 arguments=64 128 2 4 2 1 0 0 0 0 256
quant_check variant=0 operand=0 max_int8_diff=0 scale_rel_diff=6.75205527e-08
quant_check variant=0 operand=1 max_int8_diff=0 scale_rel_diff=0
quant_check variant=1 operand=0 max_int8_diff=0 scale_rel_diff=6.75205527e-08
quant_check variant=1 operand=1 max_int8_diff=0 scale_rel_diff=0
bit_compare operand=0 int8_count=131072 int8_mismatches=0 scale_count=32 scale_bit_mismatches=0
bit_compare operand=1 int8_count=131072 int8_mismatches=0 scale_count=8 scale_bit_mismatches=0
bit_identity=1
correct=1
case tail-d256-p1 arguments=65 129 3 6 2 1 1 0 1 0 256
quant_check variant=0 operand=0 max_int8_diff=0 scale_rel_diff=1.13007594e-07
quant_check variant=0 operand=1 max_int8_diff=0 scale_rel_diff=1.02826441e-07
quant_check variant=1 operand=0 max_int8_diff=0 scale_rel_diff=1.13007594e-07
quant_check variant=1 operand=1 max_int8_diff=0 scale_rel_diff=1.02826441e-07
bit_compare operand=0 int8_count=299520 int8_mismatches=0 scale_count=90 scale_bit_mismatches=0
bit_compare operand=1 int8_count=198144 int8_mismatches=0 scale_count=18 scale_bit_mismatches=0
bit_identity=1
correct=1
case packed-d256-p1 arguments=65 129 3 6 2 1 1 3 2 1 256
quant_check variant=0 operand=0 max_int8_diff=0 scale_rel_diff=1.14308889e-07
quant_check variant=0 operand=1 max_int8_diff=0 scale_rel_diff=0
quant_check variant=1 operand=0 max_int8_diff=0 scale_rel_diff=1.14308889e-07
quant_check variant=1 operand=1 max_int8_diff=0 scale_rel_diff=0
bit_compare operand=0 int8_count=299520 int8_mismatches=0 scale_count=90 scale_bit_mismatches=0
bit_compare operand=1 int8_count=198144 int8_mismatches=0 scale_count=18 scale_bit_mismatches=0
bit_identity=1
correct=1
case zeros-d256-p1 arguments=65 129 3 6 2 1 1 3 3 1 256
quant_check variant=0 operand=0 max_int8_diff=0 scale_rel_diff=0
quant_check variant=0 operand=1 max_int8_diff=0 scale_rel_diff=0
quant_check variant=1 operand=0 max_int8_diff=0 scale_rel_diff=0
quant_check variant=1 operand=1 max_int8_diff=0 scale_rel_diff=0
bit_compare operand=0 int8_count=299520 int8_mismatches=0 scale_count=90 scale_bit_mismatches=0
bit_compare operand=1 int8_count=198144 int8_mismatches=0 scale_count=18 scale_bit_mismatches=0
bit_identity=1
correct=1
case aligned-d256-p2 arguments=64 128 2 4 2 2 0 0 0 0 256
quant_check variant=0 operand=0 max_int8_diff=0 scale_rel_diff=1.14866886e-07
quant_check variant=0 operand=1 max_int8_diff=0 scale_rel_diff=6.28785202e-08
quant_check variant=1 operand=0 max_int8_diff=0 scale_rel_diff=1.14866886e-07
quant_check variant=1 operand=1 max_int8_diff=0 scale_rel_diff=6.28785202e-08
bit_compare operand=0 int8_count=131072 int8_mismatches=0 scale_count=32 scale_bit_mismatches=0
bit_compare operand=1 int8_count=131072 int8_mismatches=0 scale_count=8 scale_bit_mismatches=0
bit_identity=1
correct=1
case tail-d256-p2 arguments=65 129 3 6 2 2 1 0 1 0 256
quant_check variant=0 operand=0 max_int8_diff=0 scale_rel_diff=1.10324983e-07
quant_check variant=0 operand=1 max_int8_diff=0 scale_rel_diff=9.93570737e-08
quant_check variant=1 operand=0 max_int8_diff=0 scale_rel_diff=1.10324983e-07
quant_check variant=1 operand=1 max_int8_diff=0 scale_rel_diff=9.93570737e-08
bit_compare operand=0 int8_count=299520 int8_mismatches=0 scale_count=90 scale_bit_mismatches=0
bit_compare operand=1 int8_count=198144 int8_mismatches=0 scale_count=18 scale_bit_mismatches=0
bit_identity=1
correct=1
case packed-d256-p2 arguments=65 129 3 6 2 2 1 3 2 1 256
quant_check variant=0 operand=0 max_int8_diff=1 scale_rel_diff=1.16626225e-07
quant_check variant=0 operand=1 max_int8_diff=0 scale_rel_diff=0
quant_check variant=1 operand=0 max_int8_diff=1 scale_rel_diff=1.16626225e-07
quant_check variant=1 operand=1 max_int8_diff=0 scale_rel_diff=0
bit_compare operand=0 int8_count=299520 int8_mismatches=0 scale_count=90 scale_bit_mismatches=0
bit_compare operand=1 int8_count=198144 int8_mismatches=0 scale_count=18 scale_bit_mismatches=0
bit_identity=1
correct=1
case zeros-d256-p2 arguments=65 129 3 6 2 2 1 3 3 1 256
quant_check variant=0 operand=0 max_int8_diff=0 scale_rel_diff=0
quant_check variant=0 operand=1 max_int8_diff=0 scale_rel_diff=0
quant_check variant=1 operand=0 max_int8_diff=0 scale_rel_diff=0
quant_check variant=1 operand=1 max_int8_diff=0 scale_rel_diff=0
bit_compare operand=0 int8_count=299520 int8_mismatches=0 scale_count=90 scale_bit_mismatches=0
bit_compare operand=1 int8_count=198144 int8_mismatches=0 scale_count=18 scale_bit_mismatches=0
bit_identity=1
correct=1
case perf-d64 arguments=4096 4096 1 24 24 0 0 0 1 0 64
quant_check variant=0 operand=0 max_int8_diff=1 scale_rel_diff=1.13384814e-07
quant_check variant=0 operand=1 max_int8_diff=1 scale_rel_diff=8.88475498e-08
quant_check variant=1 operand=0 max_int8_diff=1 scale_rel_diff=1.13384814e-07
quant_check variant=1 operand=1 max_int8_diff=1 scale_rel_diff=8.88475498e-08
bit_compare operand=0 int8_count=6291456 int8_mismatches=0 scale_count=6144 scale_bit_mismatches=0
bit_compare operand=1 int8_count=6291456 int8_mismatches=0 scale_count=1536 scale_bit_mismatches=0
bit_identity=1
correct=1
case perf-d128 arguments=4096 4096 1 24 24 0 0 0 1 0 128
quant_check variant=0 operand=0 max_int8_diff=0 scale_rel_diff=1.17623742e-07
quant_check variant=0 operand=1 max_int8_diff=0 scale_rel_diff=1.03983858e-07
quant_check variant=1 operand=0 max_int8_diff=0 scale_rel_diff=1.17623742e-07
quant_check variant=1 operand=1 max_int8_diff=0 scale_rel_diff=1.03983858e-07
bit_compare operand=0 int8_count=12582912 int8_mismatches=0 scale_count=6144 scale_bit_mismatches=0
bit_compare operand=1 int8_count=12582912 int8_mismatches=0 scale_count=1536 scale_bit_mismatches=0
bit_identity=1
correct=1
case perf-d192 arguments=4096 4096 1 24 24 0 0 0 1 0 192
quant_check variant=0 operand=0 max_int8_diff=0 scale_rel_diff=8.24655402e-08
quant_check variant=0 operand=1 max_int8_diff=1 scale_rel_diff=9.06800892e-08
quant_check variant=1 operand=0 max_int8_diff=0 scale_rel_diff=8.24655402e-08
quant_check variant=1 operand=1 max_int8_diff=1 scale_rel_diff=9.06800892e-08
bit_compare operand=0 int8_count=18874368 int8_mismatches=0 scale_count=6144 scale_bit_mismatches=0
bit_compare operand=1 int8_count=18874368 int8_mismatches=0 scale_count=1536 scale_bit_mismatches=0
bit_identity=1
correct=1
case perf-d256 arguments=4096 4096 1 24 24 0 0 0 1 0 256
quant_check variant=0 operand=0 max_int8_diff=0 scale_rel_diff=1.17875544e-07
quant_check variant=0 operand=1 max_int8_diff=0 scale_rel_diff=0
quant_check variant=1 operand=0 max_int8_diff=0 scale_rel_diff=1.17875544e-07
quant_check variant=1 operand=1 max_int8_diff=0 scale_rel_diff=0
bit_compare operand=0 int8_count=25165824 int8_mismatches=0 scale_count=6144 scale_bit_mismatches=0
bit_compare operand=1 int8_count=25165824 int8_mismatches=0 scale_count=1536 scale_bit_mismatches=0
bit_identity=1
correct=1
