repeat,id,variant,median_ms,ok,exit_code,cpu_l2,cpu_max_abs,output_sha256,cast_fused,attention_fp16_fallback,seconds,error
0,flux2-512-attention,fp16,0.616333331,True,0,0.000354577635,2.54842939e-05,ea48ea50442871550e9fde956c45dfe7906a695e95566af40b319ece2a00b7b2,0,0,0.7195210456848145,
0,flux2-512-attention,previous_fp16,0.607875001,True,0,0.000354577635,2.54842939e-05,ea48ea50442871550e9fde956c45dfe7906a695e95566af40b319ece2a00b7b2,0,0,0.7511451244354248,
0,flux2-512-attention,int8,0.473291657,True,0,0.00447360451,0.000282483287,eaa1b0582cce1edf7d5643c994635fa45a2f4be5c1352c57698c8623bdfbff66,0,0,0.818303108215332,
0,flux2-512-attention,previous_int8,0.485500001,True,0,0.00447360451,0.000282483287,eaa1b0582cce1edf7d5643c994635fa45a2f4be5c1352c57698c8623bdfbff66,0,0,0.8185231685638428,
0,flux2-512-attention,mlx,0.623042,True,0,,1.93546e-05,,,,0.7369930744171143,
0,flux2-512-projection,fp16,0.648416666,True,0,0.000364312195,0.936035156,8757d1c41f460feb0766e72df15b0624700e56a31d0d42a2d61d579019b1b517,0,0,0.9394009113311768,
0,flux2-512-projection,previous_fp16,0.649791677,True,0,0.000364312195,0.936035156,8757d1c41f460feb0766e72df15b0624700e56a31d0d42a2d61d579019b1b517,0,0,0.9426031112670898,
0,flux2-512-projection,fp32,0.6765,True,0,0.000174565929,0.428710938,edc50da215b59ed8b32a795f7d6e5e559e86a4dfd13f60746439e228ef3be038,0,0,0.7445080280303955,
0,flux2-512-projection,previous_fp32,0.696708332,True,0,0.000174565929,0.428710938,edc50da215b59ed8b32a795f7d6e5e559e86a4dfd13f60746439e228ef3be038,0,0,0.7459971904754639,
0,flux2-512-projection,int8,0.375625008,True,0,0.00401009124,7.93041992,dc907edd95cddd442d9c8dd9f88ad1c83cb59a113dbddf8b07e0a12975a062e1,0,0,1.2804360389709473,
0,flux2-512-projection,previous_int8,0.376833341,True,0,0.00401009124,7.93041992,dc907edd95cddd442d9c8dd9f88ad1c83cb59a113dbddf8b07e0a12975a062e1,0,0,0.842867374420166,
0,flux2-512-projection,mlx,0.662417,True,0,0.000127584,0.22583,,,,0.7692439556121826,
0,flux2-512-ffn-up,fp16,2.15220834,True,0,0.0003133023,1.01513672,7fb38ec95319cdac8956beb5e78a8e7b2c0ca2bf653ed28c9450a03363376ee0,0,0,0.6964869499206543,
0,flux2-512-ffn-up,previous_fp16,2.13329167,True,0,0.0003133023,1.01513672,7fb38ec95319cdac8956beb5e78a8e7b2c0ca2bf653ed28c9450a03363376ee0,0,0,0.7079401016235352,
0,flux2-512-ffn-up,fp32,1.88975,True,0,0.000144557645,0.418945312,c5b383e39aed62162e878b0ec716fd022fd3e5eadf23317905b8b5c0d4e44d32,0,0,0.7074878215789795,
0,flux2-512-ffn-up,previous_fp32,1.87483332,True,0,0.000144557645,0.418945312,c5b383e39aed62162e878b0ec716fd022fd3e5eadf23317905b8b5c0d4e44d32,0,0,0.7139272689819336,
0,flux2-512-ffn-up,int8,1.16479167,True,0,0.00399633827,7.16015625,6c7f7662fe416a1975b2001585c6aacbb29caa6ae39804fa7169e59c0f15cffa,0,0,0.8098969459533691,
0,flux2-512-ffn-up,previous_int8,1.162,True,0,0.00399633827,7.16015625,6c7f7662fe416a1975b2001585c6aacbb29caa6ae39804fa7169e59c0f15cffa,0,0,0.8022751808166504,
0,flux2-512-ffn-up,mlx,1.88121,True,0,0.000234935,0.468994,,,,0.7565748691558838,
0,flux2-512-ffn-down,fp16,2.05825,True,0,0.000324772702,2.56030273,0baca66e887fd3701b0298ae7b0ec31923baf7f7e64f6e39054b85774b04b82e,0,0,0.9049489498138428,
0,flux2-512-ffn-down,previous_fp16,2.05704167,True,0,0.000324772702,2.56030273,0baca66e887fd3701b0298ae7b0ec31923baf7f7e64f6e39054b85774b04b82e,0,0,0.9105510711669922,
0,flux2-512-ffn-down,fp32,2.06312501,True,0,0.000207077086,1.85571289,0157b1a75b78d6015673170c1dd99f4ed1e647655eb2a813d3248142296b98d8,0,0,0.7014980316162109,
0,flux2-512-ffn-down,previous_fp32,2.066,True,0,0.000207077086,1.85571289,0157b1a75b78d6015673170c1dd99f4ed1e647655eb2a813d3248142296b98d8,0,0,0.9379830360412598,
0,flux2-512-ffn-down,int8,1.708,True,0,0.00365982264,21.4660645,df216a9941d33e51abffece943c01797b4986552d0bd98f461b35e90564b89de,0,0,0.7754979133605957,
0,flux2-512-ffn-down,previous_int8,1.70295834,True,0,0.00365982264,21.4660645,df216a9941d33e51abffece943c01797b4986552d0bd98f461b35e90564b89de,0,0,0.8954544067382812,
0,flux2-512-ffn-down,mlx,2.073,True,0,0.000187393,0.884521,,,,0.7253789901733398,
0,flux2-768-attention,fp16,1.901125,True,0,0.000495248576,3.34362527e-05,f9b4806f2aa7be495ba1cd3154e401742462a8d2d708efd4e447c0d89c0a1b92,0,0,0.6557340621948242,
0,flux2-768-attention,previous_fp16,1.90462499,True,0,0.000495248576,3.34362527e-05,f9b4806f2aa7be495ba1cd3154e401742462a8d2d708efd4e447c0d89c0a1b92,0,0,0.6634500026702881,
0,flux2-768-attention,int8,1.3565,True,0,0.0046297043,0.000323807141,f9146028439e2d018656f30a93a1077da11d147be1f814dca37d17f4e7373bef,0,0,0.8964438438415527,
0,flux2-768-attention,previous_int8,1.35512499,True,0,0.0046297043,0.000323807141,f9146028439e2d018656f30a93a1077da11d147be1f814dca37d17f4e7373bef,0,0,0.6815791130065918,
0,flux2-768-attention,mlx,1.92521,True,0,,3.34362e-05,,,,0.638916015625,
0,flux2-768-projection,fp16,1.54375,True,0,0.000177311582,0.489501953,0e1da4efd5a136908151485d3a00956a9402d58c97c200b2d7b27046b20936e0,0,0,0.6667730808258057,
0,flux2-768-projection,previous_fp16,1.546,True,0,0.000177311582,0.489501953,0e1da4efd5a136908151485d3a00956a9402d58c97c200b2d7b27046b20936e0,0,0,0.6703779697418213,
0,flux2-768-projection,fp32,1.54166666,True,0,0.000177311582,0.489501953,0e1da4efd5a136908151485d3a00956a9402d58c97c200b2d7b27046b20936e0,0,0,0.6680622100830078,
0,flux2-768-projection,previous_fp32,1.54712501,True,0,0.000177311582,0.489501953,0e1da4efd5a136908151485d3a00956a9402d58c97c200b2d7b27046b20936e0,0,0,0.6682858467102051,
0,flux2-768-projection,int8,0.785625001,True,0,0.00378372491,7.10400391,9b015731c81ab647bd0d81b9ecbbbb951ee24818a89e5f1bf601e3076a105e5a,0,0,0.7584571838378906,
0,flux2-768-projection,previous_int8,0.785416662,True,0,0.00378372491,7.10400391,9b015731c81ab647bd0d81b9ecbbbb951ee24818a89e5f1bf601e3076a105e5a,0,0,0.7634999752044678,
0,flux2-768-projection,mlx,1.54012,True,0,0.000196743,0.420898,,,,0.7085528373718262,
0,flux2-768-ffn-up,fp16,4.349,True,0,0.000191334122,0.495361328,bd20bb4a5851fa7c636742b2de59f298c91b8068b25b23700cbcc46d2e6facff,0,0,0.7109780311584473,
0,flux2-768-ffn-up,previous_fp16,4.35554166,True,0,0.000191334122,0.495361328,bd20bb4a5851fa7c636742b2de59f298c91b8068b25b23700cbcc46d2e6facff,0,0,0.7155001163482666,
0,flux2-768-ffn-up,fp32,4.34150001,True,0,0.000191334122,0.495361328,bd20bb4a5851fa7c636742b2de59f298c91b8068b25b23700cbcc46d2e6facff,0,0,0.7157320976257324,
0,flux2-768-ffn-up,previous_fp32,4.3535,True,0,0.000191334122,0.495361328,bd20bb4a5851fa7c636742b2de59f298c91b8068b25b23700cbcc46d2e6facff,0,0,0.7180972099304199,
0,flux2-768-ffn-up,int8,2.32391666,True,0,0.00413996711,7.97119141,d954d548a1ddb05cc4ba0a419e2c345b88a4900b1eebc5eea3f8ebce83d8260b,0,0,0.7990970611572266,
0,flux2-768-ffn-up,previous_int8,2.32299999,True,0,0.00413996711,7.97119141,d954d548a1ddb05cc4ba0a419e2c345b88a4900b1eebc5eea3f8ebce83d8260b,0,0,0.7964799404144287,
0,flux2-768-ffn-up,mlx,4.35163,True,0,0.000192243,0.468994,,,,0.8355720043182373,
0,flux2-768-ffn-down,fp16,4.47783334,True,0,0.000211697345,1.74780273,b8c8cfb67b41a6762c1ee89a8829f45b73c1bf387fcf3a64b13e9425ca95c1b3,0,0,0.7143471240997314,
0,flux2-768-ffn-down,previous_fp16,4.47525,True,0,0.000211697345,1.74780273,b8c8cfb67b41a6762c1ee89a8829f45b73c1bf387fcf3a64b13e9425ca95c1b3,0,0,0.718066930770874,
0,flux2-768-ffn-down,fp32,4.47495835,True,0,0.000211697345,1.74780273,b8c8cfb67b41a6762c1ee89a8829f45b73c1bf387fcf3a64b13e9425ca95c1b3,0,0,0.718468189239502,
0,flux2-768-ffn-down,previous_fp32,4.47854167,True,0,0.000211697345,1.74780273,b8c8cfb67b41a6762c1ee89a8829f45b73c1bf387fcf3a64b13e9425ca95c1b3,0,0,0.7196481227874756,
0,flux2-768-ffn-down,int8,2.91208332,True,0,0.0040378573,23.8161621,e65f2223d724c1367ca59de98df91c9c9d42f965004053d791185eba6d51f6df,0,0,0.7759430408477783,
0,flux2-768-ffn-down,previous_int8,2.90983333,True,0,0.0040378573,23.8161621,e65f2223d724c1367ca59de98df91c9c9d42f965004053d791185eba6d51f6df,0,0,0.7771472930908203,
0,flux2-768-ffn-down,mlx,4.48262,True,0,0.000103603,0.419922,,,,0.7640807628631592,
0,flux2-1024-attention,fp16,4.93458332,True,0,0.000498575182,3.16277986e-05,a601942f19f86e37a3a094957978d6029e79b57ff4ef538dc4a1bb59863d56e1,0,0,0.6779170036315918,
0,flux2-1024-attention,previous_fp16,4.91691666,True,0,0.000498575182,3.16277986e-05,a601942f19f86e37a3a094957978d6029e79b57ff4ef538dc4a1bb59863d56e1,0,0,0.6840360164642334,
0,flux2-1024-attention,int8,3.29337499,True,0,0.00394407207,0.000246568973,60b148aa1e84988893a690852bbd1ee14f75f48aac888730cf6fe49aa085ea80,0,0,0.6895089149475098,
0,flux2-1024-attention,previous_int8,3.28650001,True,0,0.00394407207,0.000246568973,60b148aa1e84988893a690852bbd1ee14f75f48aac888730cf6fe49aa085ea80,0,0,0.683068037033081,
0,flux2-1024-attention,mlx,4.96775,True,0,,3.1629e-05,,,,0.648561954498291,
0,flux2-1024-projection,fp16,2.48870834,True,0,0.000195386382,0.481201172,9d7bf175a8f531a3120b467b885137f2914ac57efea1fa94cd11c054b359cc3b,0,0,0.6650230884552002,
0,flux2-1024-projection,previous_fp16,2.48816666,True,0,0.000195386382,0.481201172,9d7bf175a8f531a3120b467b885137f2914ac57efea1fa94cd11c054b359cc3b,0,0,0.6685161590576172,
0,flux2-1024-projection,fp32,2.48891667,True,0,0.000195386382,0.481201172,9d7bf175a8f531a3120b467b885137f2914ac57efea1fa94cd11c054b359cc3b,0,0,0.6663041114807129,
0,flux2-1024-projection,previous_fp32,2.48908334,True,0,0.000195386382,0.481201172,9d7bf175a8f531a3120b467b885137f2914ac57efea1fa94cd11c054b359cc3b,0,0,0.6730632781982422,
0,flux2-1024-projection,int8,1.401375,True,0,0.00409229449,7.93041992,2aa5c155c8edf00b9255eeb698377b0534c9d519e738869ca12e5149b7316e32,0,0,0.7113358974456787,
0,flux2-1024-projection,previous_int8,1.402625,True,0,0.00409229449,7.93041992,2aa5c155c8edf00b9255eeb698377b0534c9d519e738869ca12e5149b7316e32,0,0,0.7256209850311279,
0,flux2-1024-projection,mlx,2.48596,True,0,0.000141905,0.238525,,,,0.7400200366973877,
0,flux2-1024-ffn-up,fp16,7.36662501,True,0,0.000188121176,0.481201172,89f395046a74f9da18bb6f7a0fb8a5cb142d4c259d1a4d933c72cbed459f216c,0,0,0.7570087909698486,
0,flux2-1024-ffn-up,previous_fp16,7.36604167,True,0,0.000188121176,0.481201172,89f395046a74f9da18bb6f7a0fb8a5cb142d4c259d1a4d933c72cbed459f216c,0,0,0.7594919204711914,
0,flux2-1024-ffn-up,fp32,7.36545832,True,0,0.000188121176,0.481201172,89f395046a74f9da18bb6f7a0fb8a5cb142d4c259d1a4d933c72cbed459f216c,0,0,0.7589008808135986,
0,flux2-1024-ffn-up,previous_fp32,7.36275,True,0,0.000188121176,0.481201172,89f395046a74f9da18bb6f7a0fb8a5cb142d4c259d1a4d933c72cbed459f216c,0,0,0.7598929405212402,
0,flux2-1024-ffn-up,int8,4.01025001,True,0,0.00364077879,7.28466797,05156ddf993d3da93b3c247fbd01283b1b15a923243d3407ac5995e0cdc4c157,0,0,0.8155498504638672,
0,flux2-1024-ffn-up,previous_int8,4.009125,True,0,0.00364077879,7.28466797,05156ddf993d3da93b3c247fbd01283b1b15a923243d3407ac5995e0cdc4c157,0,0,0.8184199333190918,
0,flux2-1024-ffn-up,mlx,7.36325,True,0,0.000198688,0.468994,,,,0.9491770267486572,
0,flux2-1024-ffn-down,fp16,7.88554167,True,0,0.000216175738,1.99511719,63269f6bf74f8992feeb1924c5c36c6c079bac8437bc9947c410eaa90dea88e3,0,0,0.7556662559509277,
0,flux2-1024-ffn-down,previous_fp16,7.88695834,True,0,0.000216175738,1.99511719,63269f6bf74f8992feeb1924c5c36c6c079bac8437bc9947c410eaa90dea88e3,0,0,0.7591021060943604,
0,flux2-1024-ffn-down,fp32,7.885125,True,0,0.000216175738,1.99511719,63269f6bf74f8992feeb1924c5c36c6c079bac8437bc9947c410eaa90dea88e3,0,0,0.7568328380584717,
0,flux2-1024-ffn-down,previous_fp32,7.88224999,True,0,0.000216175738,1.99511719,63269f6bf74f8992feeb1924c5c36c6c079bac8437bc9947c410eaa90dea88e3,0,0,0.7611691951751709,
0,flux2-1024-ffn-down,int8,4.90737501,True,0,0.00381013293,21.4304199,975b36872b5456a7bfe57973b2e476c3c9d54179ab1fde576c0cdb0cdb6b4ed7,0,0,0.8033409118652344,
0,flux2-1024-ffn-down,previous_int8,4.89187501,True,0,0.00381013293,21.4304199,975b36872b5456a7bfe57973b2e476c3c9d54179ab1fde576c0cdb0cdb6b4ed7,0,0,0.9395959377288818,
0,flux2-1024-ffn-down,mlx,7.88013,True,0,0.000239604,0.969238,,,,0.841865062713623,
0,flux2-1536-attention,fp16,22.2407917,True,0,0.000438064658,3.31026591e-05,2425589f1787cc8c35319b031b0170ccbe3b3f52cc172d6b2718e2db9b520659,0,0,0.8604209423065186,
0,flux2-1536-attention,previous_fp16,22.089,True,0,0.000438064658,3.31026591e-05,2425589f1787cc8c35319b031b0170ccbe3b3f52cc172d6b2718e2db9b520659,0,0,0.8594167232513428,
0,flux2-1536-attention,int8,13.438,True,0,0.00459098792,0.000307959939,9ebe86b69198eea680e1ae868d5469545469f2dee17f9df34f34d0619516afe5,0,0,0.8187239170074463,
0,flux2-1536-attention,previous_int8,13.4276667,True,0,0.00459098792,0.000307959939,9ebe86b69198eea680e1ae868d5469545469f2dee17f9df34f34d0619516afe5,0,0,0.8206100463867188,
0,flux2-1536-attention,mlx,22.3178,True,0,,3.31032e-05,,,,0.8180751800537109,
0,flux2-1536-projection,fp16,5.555,True,0,0.000150307327,0.245361328,6b65ad8fc0ca8a9a098340050b60b46d6824294880c058d135a141643b0dbf32,0,0,0.7062232494354248,
0,flux2-1536-projection,previous_fp16,5.55754166,True,0,0.000150307327,0.245361328,6b65ad8fc0ca8a9a098340050b60b46d6824294880c058d135a141643b0dbf32,0,0,0.712928056716919,
0,flux2-1536-projection,fp32,5.548375,True,0,0.000150307327,0.245361328,6b65ad8fc0ca8a9a098340050b60b46d6824294880c058d135a141643b0dbf32,0,0,0.7106969356536865,
0,flux2-1536-projection,previous_fp32,5.55870833,True,0,0.000150307327,0.245361328,6b65ad8fc0ca8a9a098340050b60b46d6824294880c058d135a141643b0dbf32,0,0,0.7054510116577148,
0,flux2-1536-projection,int8,3.09125001,True,0,0.00404262635,7.28466797,754a1dbb700327edd97d945f31675dfa7744f776d6fe88beda387314488edc83,0,0,1.2063679695129395,
0,flux2-1536-projection,previous_int8,3.09275,True,0,0.00404262635,7.28466797,754a1dbb700327edd97d945f31675dfa7744f776d6fe88beda387314488edc83,0,0,0.7450199127197266,
0,flux2-1536-projection,mlx,5.56054,True,0,0.000249636,0.479248,,,,0.8477597236633301,
0,flux2-1536-ffn-up,fp16,17.0285417,True,0,0.00017442459,0.472412109,4553b1d7b4f8918ff0f1a59a919982c5656d6ecd2ace1cd176464e6673b90494,0,0,0.9196128845214844,
0,flux2-1536-ffn-up,previous_fp16,16.97275,True,0,0.00017442459,0.472412109,4553b1d7b4f8918ff0f1a59a919982c5656d6ecd2ace1cd176464e6673b90494,0,0,0.9172830581665039,
0,flux2-1536-ffn-up,fp32,16.927125,True,0,0.00017442459,0.472412109,4553b1d7b4f8918ff0f1a59a919982c5656d6ecd2ace1cd176464e6673b90494,0,0,0.9177770614624023,
0,flux2-1536-ffn-up,previous_fp32,17.0231667,True,0,0.00017442459,0.472412109,4553b1d7b4f8918ff0f1a59a919982c5656d6ecd2ace1cd176464e6673b90494,0,0,0.9202239513397217,
0,flux2-1536-ffn-up,int8,8.87016665,True,0,0.00380130586,7.28466797,1214abd2d0ad4c4208a69c171b8457630bff9380b9f2f9ee9f5604fb445876b0,0,0,1.387624979019165,
0,flux2-1536-ffn-up,previous_int8,8.869375,True,0,0.00380130586,7.28466797,1214abd2d0ad4c4208a69c171b8457630bff9380b9f2f9ee9f5604fb445876b0,0,0,0.9337458610534668,
0,flux2-1536-ffn-up,mlx,16.953,True,0,0.000278207,0.479248,,,,1.3317408561706543,
0,flux2-1536-ffn-down,fp16,22.9062083,True,0,0.000293712171,2.28466797,b9633f5776457ae0876d4b8040d5ecc0d40f4603a9df0e6e0e0adaceb99b865c,0,0,0.9337489604949951,
0,flux2-1536-ffn-down,previous_fp16,23.2462917,True,0,0.000293712171,2.28466797,b9633f5776457ae0876d4b8040d5ecc0d40f4603a9df0e6e0e0adaceb99b865c,0,0,1.155022144317627,
0,flux2-1536-ffn-down,fp32,20.8393333,True,0,0.000292212432,2.28466797,1813d28674649f3ca1155744e974d45575d107f54bc3e211cbd09e382eff4ae2,0,0,2.4151108264923096,
0,flux2-1536-ffn-down,previous_fp32,20.8871667,True,0,0.000292212432,2.28466797,1813d28674649f3ca1155744e974d45575d107f54bc3e211cbd09e382eff4ae2,0,0,1.1328778266906738,
0,flux2-1536-ffn-down,int8,10.365,True,0,0.0037711855,23.8161621,2a2b90a81ed22ccf646bb7b0bdb6ba2c9eb153fe87fcee224edc48fb2a7399be,0,0,2.607224941253662,
0,flux2-1536-ffn-down,previous_int8,10.3050833,True,0,0.0037711855,23.8161621,2a2b90a81ed22ccf646bb7b0bdb6ba2c9eb153fe87fcee224edc48fb2a7399be,0,0,0.909276008605957,
0,flux2-1536-ffn-down,mlx,30.0736,True,0,0.000217558,0.796875,,,,1.123528003692627,
0,flux2-2048-attention,fp16,68.44625,True,0,0.00045474475,2.96318353e-05,57c1c7ec3062d2764801132fc53a5587e63a904b734fd530f9be41e95a10869b,0,0,1.2956678867340088,
0,flux2-2048-attention,previous_fp16,68.144375,True,0,0.00045474475,2.96318353e-05,57c1c7ec3062d2764801132fc53a5587e63a904b734fd530f9be41e95a10869b,0,0,1.2921321392059326,
0,flux2-2048-attention,int8,39.182375,True,0,0.00507402972,0.000311983928,69a55d7194755619e03f05ec2654b44ad7fd30d76b36db78f5d48f8f7261ded1,0,0,1.0966711044311523,
0,flux2-2048-attention,previous_int8,39.171375,True,0,0.00507402972,0.000311983928,69a55d7194755619e03f05ec2654b44ad7fd30d76b36db78f5d48f8f7261ded1,0,0,1.0967910289764404,
0,flux2-2048-attention,mlx,68.3734,True,0,,2.96335e-05,,,,1.2260239124298096,
0,flux2-2048-projection,fp16,9.74962499,True,0,0.000176039358,0.437988281,651e71381f84f031e2a181c96e42fddab53af2cbde45b9dd2dcc93028ca512ad,0,0,0.7984490394592285,
0,flux2-2048-projection,previous_fp16,9.72425001,True,0,0.000176039358,0.437988281,651e71381f84f031e2a181c96e42fddab53af2cbde45b9dd2dcc93028ca512ad,0,0,0.7999989986419678,
0,flux2-2048-projection,fp32,9.725375,True,0,0.000176039358,0.437988281,651e71381f84f031e2a181c96e42fddab53af2cbde45b9dd2dcc93028ca512ad,0,0,0.8027970790863037,
0,flux2-2048-projection,previous_fp32,9.71970832,True,0,0.000176039358,0.437988281,651e71381f84f031e2a181c96e42fddab53af2cbde45b9dd2dcc93028ca512ad,0,0,0.7987010478973389,
0,flux2-2048-projection,int8,5.43816667,True,0,0.00416767096,7.97827148,8139317bb3febbc1ff83dcec0f77599bb3c361572145296f88f3286f7555829c,0,0,1.2780258655548096,
0,flux2-2048-projection,previous_int8,5.43591667,True,0,0.00416767096,7.97827148,8139317bb3febbc1ff83dcec0f77599bb3c361572145296f88f3286f7555829c,0,0,0.8081350326538086,
0,flux2-2048-projection,mlx,9.71775,True,0,0.000192491,0.420898,,,,1.0473570823669434,
0,flux2-2048-ffn-up,fp16,31.254875,True,0,0.00018893574,0.401367188,e8d226168bf8a50c0171ed4d8264747427c0632cf0035ec7f4c05ecbd3d12326,0,0,1.1706149578094482,
0,flux2-2048-ffn-up,previous_fp16,31.130375,True,0,0.00018893574,0.401367188,e8d226168bf8a50c0171ed4d8264747427c0632cf0035ec7f4c05ecbd3d12326,0,0,1.1383190155029297,
0,flux2-2048-ffn-up,fp32,31.1847083,True,0,0.00018893574,0.401367188,e8d226168bf8a50c0171ed4d8264747427c0632cf0035ec7f4c05ecbd3d12326,0,0,1.1428070068359375,
0,flux2-2048-ffn-up,previous_fp32,31.0464167,True,0,0.00018893574,0.401367188,e8d226168bf8a50c0171ed4d8264747427c0632cf0035ec7f4c05ecbd3d12326,0,0,1.1388957500457764,
0,flux2-2048-ffn-up,int8,15.68125,True,0,0.00442689569,7.9699707,d21046d9c8f7add063a67b26ca0073db65c3226f5f4cea4d0a9cb772361735f0,0,0,1.5922298431396484,
0,flux2-2048-ffn-up,previous_int8,15.6826667,True,0,0.00442689569,7.9699707,d21046d9c8f7add063a67b26ca0073db65c3226f5f4cea4d0a9cb772361735f0,0,0,1.1145431995391846,
0,flux2-2048-ffn-up,mlx,31.1713,True,0,0.000253942,0.468994,,,,1.9052507877349854,
0,flux2-2048-ffn-down,fp16,38.964125,True,0,0.000319818664,3.62011719,7411bf4244f88c89f59ae2ce922e622776a27df1e1c6b3ecb3cae650dac52933,0,0,1.1493523120880127,
0,flux2-2048-ffn-down,previous_fp16,38.7195,True,0,0.000319818664,3.62011719,7411bf4244f88c89f59ae2ce922e622776a27df1e1c6b3ecb3cae650dac52933,0,0,1.1487617492675781,
0,flux2-2048-ffn-down,fp32,35.96925,True,0,0.000314222607,3.62011719,4c4f60f70d3ac26bb5afb08548e085502ea88db52a4d358c37853c76006a7a4f,0,0,1.1659729480743408,
0,flux2-2048-ffn-down,previous_fp32,35.86775,True,0,0.000314222607,3.62011719,4c4f60f70d3ac26bb5afb08548e085502ea88db52a4d358c37853c76006a7a4f,0,0,1.1378068923950195,
0,flux2-2048-ffn-down,int8,17.054,True,0,0.00390630544,23.817627,c7c83833ac1d2c1ea9cde51d53acb7758e8e190025a716a07837f7ef49f6b4a3,0,0,1.0782349109649658,
0,flux2-2048-ffn-down,previous_int8,17.0775,True,0,0.00390630544,23.817627,c7c83833ac1d2c1ea9cde51d53acb7758e8e190025a716a07837f7ef49f6b4a3,0,0,1.077301025390625,
0,flux2-2048-ffn-down,mlx,49.0802,True,0,0.000198697,0.768799,,,,1.518608808517456,
0,flux2-last-image-only,fp16,4.41587501,True,0,0.000398457157,3.16277986e-05,1c6e0bf862b6f1e49ad32dd50fdabd4d0396e691f4a1b7a2b78f8a040c6e4613,0,0,0.6751859188079834,
0,flux2-last-image-only,previous_fp16,4.431875,True,0,0.000398457157,3.16277986e-05,1c6e0bf862b6f1e49ad32dd50fdabd4d0396e691f4a1b7a2b78f8a040c6e4613,0,0,0.6773741245269775,
0,flux2-last-image-only,int8,2.82533334,True,0,0.00427210793,0.000321447609,71a75fd9fcc829dfc2778875616c6207cc1ac7bfebd5a032fac86f60f16edde7,0,0,0.8868422508239746,
0,flux2-last-image-only,previous_int8,2.8265,True,0,0.00427210793,0.000321447609,71a75fd9fcc829dfc2778875616c6207cc1ac7bfebd5a032fac86f60f16edde7,0,0,0.889976978302002,
0,flux2-last-image-only,mlx,4.44675,True,0,,3.1629e-05,,,,0.6680231094360352,
0,flux2-reference,fp16,8.51583334,True,0,0.000292392811,2.28097084e-05,68c80f330095b9b03a634664a6d76db83fa130525060364b69ab6ea955dbefae,0,0,0.7221581935882568,
0,flux2-reference,previous_fp16,8.46512501,True,0,0.000292392811,2.28097084e-05,68c80f330095b9b03a634664a6d76db83fa130525060364b69ab6ea955dbefae,0,0,0.7240698337554932,
0,flux2-reference,int8,5.38824999,True,0,0.00457597651,0.000304057213,02cddbf6a8020e0f0aa077347cbff1cf8c3732b3855f6c4b1fc82e64d80c7a0e,0,0,0.8981812000274658,
0,flux2-reference,previous_int8,5.400625,True,0,0.00457597651,0.000304057213,02cddbf6a8020e0f0aa077347cbff1cf8c3732b3855f6c4b1fc82e64d80c7a0e,0,0,0.7238390445709229,
0,flux2-reference,mlx,8.51512,True,0,,1.25049e-05,,,,0.7100341320037842,
0,krea2-512-attention,fp16,0.416249997,True,0,0.000450595153,2.45083709e-05,4701419a9e8f4f8ac3df75e5fc122670793bed75ebf09c2fe967a768eb693963,0,0,0.8010618686676025,
0,krea2-512-attention,previous_fp16,0.417791671,True,0,0.000450595153,2.45083709e-05,4701419a9e8f4f8ac3df75e5fc122670793bed75ebf09c2fe967a768eb693963,0,0,0.7994587421417236,
0,krea2-512-attention,int8,0.319375002,True,0,0.00444507473,0.000299166574,638188a93d693a809e05845a5fe1ce23d06e142c1c89973fdbbccbbb14b56da0,0,0,0.8226370811462402,
0,krea2-512-attention,previous_int8,0.319833329,True,0,0.00444507473,0.000299166574,638188a93d693a809e05845a5fe1ce23d06e142c1c89973fdbbccbbb14b56da0,0,0,0.8261237144470215,
0,krea2-512-attention,mlx,0.422125,True,0,,2.41528e-05,,,,0.7906732559204102,
0,krea2-512-projection,fp16,0.919666665,True,0,0.000412428934,1.39331055,4b9df411e1d78f4da9d6b590fd68000bbc1c1715b6cbfe18837b4e842a3551cd,0,0,0.7053210735321045,
0,krea2-512-projection,previous_fp16,0.914624994,True,0,0.000412428934,1.39331055,4b9df411e1d78f4da9d6b590fd68000bbc1c1715b6cbfe18837b4e842a3551cd,0,0,0.7060458660125732,
0,krea2-512-projection,fp32,0.920874998,True,0,0.000183720987,0.437011719,cacaf12cfd8f083400f026e0cc68a73ba279710b43c8c33ace9cfe4a48db795e,0,0,0.681718111038208,
0,krea2-512-projection,previous_fp32,0.920416656,True,0,0.000183720987,0.437011719,cacaf12cfd8f083400f026e0cc68a73ba279710b43c8c33ace9cfe4a48db795e,0,0,0.7052531242370605,
0,krea2-512-projection,int8,0.52770834,True,0,0.0043921381,8.00830078,54a1cc99a18a99a47be043295174a047b2537a7f92f26a3a164a5f005c47cfc7,0,0,1.297942876815796,
0,krea2-512-projection,previous_int8,0.523499999,True,0,0.0043921381,8.00830078,54a1cc99a18a99a47be043295174a047b2537a7f92f26a3a164a5f005c47cfc7,0,0,0.8186712265014648,
0,krea2-512-projection,mlx,0.96925,True,0,0.00015397,0.22583,,,,0.726207971572876,
0,krea2-512-ffn-up,fp16,2.38029167,True,0,0.000323033608,0.699951172,65fb750b6d9da476a244b32fc0ded1a8a06af1c3861261f7f20de0b6851af174,0,0,0.6885709762573242,
0,krea2-512-ffn-up,previous_fp16,2.377875,True,0,0.000323033608,0.699951172,65fb750b6d9da476a244b32fc0ded1a8a06af1c3861261f7f20de0b6851af174,0,0,0.7008950710296631,
0,krea2-512-ffn-up,fp32,2.26358334,True,0,0.000185936209,0.476074219,be951a8a3035443ea8fe3921c6997eecba2483a2183e93d3f5d77d40e4d1ac54,0,0,0.6963260173797607,
0,krea2-512-ffn-up,previous_fp32,2.27816666,True,0,0.000185936209,0.476074219,be951a8a3035443ea8fe3921c6997eecba2483a2183e93d3f5d77d40e4d1ac54,0,0,0.6980869770050049,
0,krea2-512-ffn-up,int8,1.27520833,True,0,0.00386809619,7.2043457,595fc7f6b80cdc4fbbf06b8f31da6dbc96ca6d67793012445409b0d785a0e21a,0,0,1.2520701885223389,
0,krea2-512-ffn-up,previous_int8,1.30587499,True,0,0.00386809619,7.2043457,595fc7f6b80cdc4fbbf06b8f31da6dbc96ca6d67793012445409b0d785a0e21a,0,0,0.7849297523498535,
0,krea2-512-ffn-up,mlx,2.266,True,0,0.000177258,0.192871,,,,0.7567298412322998,
0,krea2-512-ffn-down,fp16,2.462,True,0,0.000262024502,3.69750977,167c8f719e0cb424f1a630561fe3af5b67900d3306a97de0a3d8bce5ddfda1d1,0,0,0.6910390853881836,
0,krea2-512-ffn-down,previous_fp16,2.53950001,True,0,0.000262024502,3.69750977,167c8f719e0cb424f1a630561fe3af5b67900d3306a97de0a3d8bce5ddfda1d1,0,0,0.9127318859100342,
0,krea2-512-ffn-down,fp32,2.21979167,True,0,9.81044319e-05,0.551513672,ea5e660a7dcc0a2440e30d4c1d04460a9ea152927ceae1697593ee8b72a5087d,0,0,0.6997768878936768,
0,krea2-512-ffn-down,previous_fp32,2.223875,True,0,9.81044319e-05,0.551513672,ea5e660a7dcc0a2440e30d4c1d04460a9ea152927ceae1697593ee8b72a5087d,0,0,0.695014238357544,
0,krea2-512-ffn-down,int8,1.72195832,True,0,0.00422776502,21.078125,463c46d43677daf165305a7c8915d4964b334c4519d3e53f3c8316b9a2f3d8b9,0,0,2.2548208236694336,
0,krea2-512-ffn-down,previous_int8,1.76512501,True,0,0.00422776502,21.078125,463c46d43677daf165305a7c8915d4964b334c4519d3e53f3c8316b9a2f3d8b9,0,0,0.7651221752166748,
0,krea2-512-ffn-down,mlx,2.75187,True,0,6.63755e-05,0.320801,,,,0.7229650020599365,
0,krea2-768-attention,fp16,1.52308332,True,0,0.000476432442,2.4237973e-05,2e65cff2d7b3746eb8560a5c179230474b3c0df7c9705bd312bc9db6d8e3efe9,0,0,0.6502370834350586,
0,krea2-768-attention,previous_fp16,1.57787501,True,0,0.000476432442,2.4237973e-05,2e65cff2d7b3746eb8560a5c179230474b3c0df7c9705bd312bc9db6d8e3efe9,0,0,0.6526670455932617,
0,krea2-768-attention,int8,1.02545833,True,0,0.00641239135,0.000291390279,b5defc31344c836e9abbd3d701880704c59e54ac88c98740de1123da50016610,0,0,0.9147369861602783,
0,krea2-768-attention,previous_int8,1.026,True,0,0.00641239135,0.000291390279,b5defc31344c836e9abbd3d701880704c59e54ac88c98740de1123da50016610,0,0,0.693289041519165,
0,krea2-768-attention,mlx,1.50692,True,0,,1.43368e-05,,,,0.6298267841339111,
0,krea2-768-projection,fp16,1.59820834,True,0,0.000186480898,0.489501953,4ab6e29241ed1153bf64ca9fa7fd10d455bb4b8ca4f52e8c64d8d2a1801e7b12,0,0,0.668569803237915,
0,krea2-768-projection,previous_fp16,1.57754167,True,0,0.000186480898,0.489501953,4ab6e29241ed1153bf64ca9fa7fd10d455bb4b8ca4f52e8c64d8d2a1801e7b12,0,0,0.6660089492797852,
0,krea2-768-projection,fp32,1.602,True,0,0.000186480898,0.489501953,4ab6e29241ed1153bf64ca9fa7fd10d455bb4b8ca4f52e8c64d8d2a1801e7b12,0,0,0.6696841716766357,
0,krea2-768-projection,previous_fp32,1.59700001,True,0,0.000186480898,0.489501953,4ab6e29241ed1153bf64ca9fa7fd10d455bb4b8ca4f52e8c64d8d2a1801e7b12,0,0,0.6712331771850586,
0,krea2-768-projection,int8,0.893000004,True,0,0.00403009992,7.93212891,d1db8f158149176aa71732b34cb8b73885a2200f097ab88a4ee8e7278b05e217,0,0,0.749934196472168,
0,krea2-768-projection,previous_int8,0.889000003,True,0,0.00403009992,7.93212891,d1db8f158149176aa71732b34cb8b73885a2200f097ab88a4ee8e7278b05e217,0,0,0.754831075668335,
0,krea2-768-projection,mlx,1.59937,True,0,0.000222869,0.426025,,,,0.717674970626831,
0,krea2-768-ffn-up,fp16,4.13312501,True,0,0.000207848384,0.476074219,7fc77eea672b4b0b0512946172fb5030faaf9069a5973cc05f983e1efbae2da9,0,0,0.7095150947570801,
0,krea2-768-ffn-up,previous_fp16,4.14158334,True,0,0.000207848384,0.476074219,7fc77eea672b4b0b0512946172fb5030faaf9069a5973cc05f983e1efbae2da9,0,0,0.7111039161682129,
0,krea2-768-ffn-up,fp32,4.139,True,0,0.000207848384,0.476074219,7fc77eea672b4b0b0512946172fb5030faaf9069a5973cc05f983e1efbae2da9,0,0,0.716623067855835,
0,krea2-768-ffn-up,previous_fp32,4.137375,True,0,0.000207848384,0.476074219,7fc77eea672b4b0b0512946172fb5030faaf9069a5973cc05f983e1efbae2da9,0,0,0.7145040035247803,
0,krea2-768-ffn-up,int8,2.26429167,True,0,0.00401861293,7.77587891,cea5b6d4376eaf1ef4b8c8e86df0a9d86c8a61aa6ebec71cb3a293cecbfafcff,0,0,0.7853391170501709,
0,krea2-768-ffn-up,previous_int8,2.270125,True,0,0.00401861293,7.77587891,cea5b6d4376eaf1ef4b8c8e86df0a9d86c8a61aa6ebec71cb3a293cecbfafcff,0,0,0.7850799560546875,
0,krea2-768-ffn-up,mlx,4.13175,True,0,0.000227603,0.426025,,,,0.8229548931121826,
0,krea2-768-ffn-down,fp16,4.36024999,True,0,8.04542798e-05,0.597167969,7925b46e2a7c93911aab356f41c7e720362514fba28aacb42287fcc8cc7ec00f,0,0,0.7069311141967773,
0,krea2-768-ffn-down,previous_fp16,4.36016667,True,0,8.04542798e-05,0.597167969,7925b46e2a7c93911aab356f41c7e720362514fba28aacb42287fcc8cc7ec00f,0,0,0.7100398540496826,
0,krea2-768-ffn-down,fp32,4.36479168,True,0,8.04542798e-05,0.597167969,7925b46e2a7c93911aab356f41c7e720362514fba28aacb42287fcc8cc7ec00f,0,0,0.7049970626831055,
0,krea2-768-ffn-down,previous_fp32,4.35241667,True,0,8.04542798e-05,0.597167969,7925b46e2a7c93911aab356f41c7e720362514fba28aacb42287fcc8cc7ec00f,0,0,0.7100570201873779,
0,krea2-768-ffn-down,int8,2.69483333,True,0,0.00387810385,21.078125,effa2dcad82662dc7eeb515a91b70767ff0b4d8e2326f128aeac0490c95740f1,0,0,0.7676959037780762,
0,krea2-768-ffn-down,previous_int8,2.7,True,0,0.00387810385,21.078125,effa2dcad82662dc7eeb515a91b70767ff0b4d8e2326f128aeac0490c95740f1,0,0,0.7868790626525879,
0,krea2-768-ffn-down,mlx,4.87792,True,0,3.07232e-05,0.145996,,,,0.7742738723754883,
0,krea2-1024-attention,fp16,4.23591667,True,0,0.000467000082,3.46074354e-05,b9a951e4b0a9d704c221471a7126872f3fff730e89203289c3086419574c94e5,0,0,0.6503298282623291,
0,krea2-1024-attention,previous_fp16,4.2135,True,0,0.000467000082,3.46074354e-05,b9a951e4b0a9d704c221471a7126872f3fff730e89203289c3086419574c94e5,0,0,0.6551320552825928,
0,krea2-1024-attention,int8,2.76237501,True,0,0.00388297129,0.000208613746,3138d1a1962c4b81cc4275286664016a5309172f8630f36eb3772c132744dcce,0,0,0.661794900894165,
0,krea2-1024-attention,previous_int8,2.76054167,True,0,0.00388297129,0.000208613746,3138d1a1962c4b81cc4275286664016a5309172f8630f36eb3772c132744dcce,0,0,0.663337230682373,
0,krea2-1024-attention,mlx,4.26988,True,0,,3.46086e-05,,,,0.6260199546813965,
0,krea2-1024-projection,fp16,2.74070834,True,0,0.000206092658,0.482666016,1606e6fbdb026b57d606a384d6d4cb6907304f7cd3faa58f822a8cf16344decd,0,0,0.6722719669342041,
0,krea2-1024-projection,previous_fp16,2.734875,True,0,0.000206092658,0.482666016,1606e6fbdb026b57d606a384d6d4cb6907304f7cd3faa58f822a8cf16344decd,0,0,0.6711719036102295,
0,krea2-1024-projection,fp32,2.738625,True,0,0.000206092658,0.482666016,1606e6fbdb026b57d606a384d6d4cb6907304f7cd3faa58f822a8cf16344decd,0,0,0.6702091693878174,
0,krea2-1024-projection,previous_fp32,2.742625,True,0,0.000206092658,0.482666016,1606e6fbdb026b57d606a384d6d4cb6907304f7cd3faa58f822a8cf16344decd,0,0,0.6727390289306641,
0,krea2-1024-projection,int8,1.50425,True,0,0.00388903602,7.90405273,383eb374f6d4944e20a07ee486b3ad607eb3bf1b1544967218a2f298d15c5dc7,0,0,0.7252302169799805,
0,krea2-1024-projection,previous_int8,1.50679167,True,0,0.00388903602,7.90405273,383eb374f6d4944e20a07ee486b3ad607eb3bf1b1544967218a2f298d15c5dc7,0,0,0.7259688377380371,
0,krea2-1024-projection,mlx,2.73437,True,0,0.000204972,0.420898,,,,0.7529580593109131,
0,krea2-1024-ffn-up,fp16,7.12875,True,0,0.000170667103,0.454833984,51a481cbc96e08d518f7e05f183c15f1f8fd49bbedf74556a51de203febaaa66,0,0,0.7544567584991455,
0,krea2-1024-ffn-up,previous_fp16,7.12891667,True,0,0.000170667103,0.454833984,51a481cbc96e08d518f7e05f183c15f1f8fd49bbedf74556a51de203febaaa66,0,0,0.7534439563751221,
0,krea2-1024-ffn-up,fp32,7.153125,True,0,0.000170667103,0.454833984,51a481cbc96e08d518f7e05f183c15f1f8fd49bbedf74556a51de203febaaa66,0,0,0.7540521621704102,
0,krea2-1024-ffn-up,previous_fp32,7.13875001,True,0,0.000170667103,0.454833984,51a481cbc96e08d518f7e05f183c15f1f8fd49bbedf74556a51de203febaaa66,0,0,0.7510988712310791,
0,krea2-1024-ffn-up,int8,3.76199999,True,0,0.00400694969,7.90405273,a00ae7f63fed76830fe8c2211e9b9a8996ce6f6f13348bbc436f654b351dab11,0,0,0.8085842132568359,
0,krea2-1024-ffn-up,previous_int8,3.76125,True,0,0.00400694969,7.90405273,a00ae7f63fed76830fe8c2211e9b9a8996ce6f6f13348bbc436f654b351dab11,0,0,0.8099279403686523,
0,krea2-1024-ffn-up,mlx,7.11125,True,0,0.0001614,0.338135,,,,0.9334840774536133,
0,krea2-1024-ffn-down,fp16,7.36191667,True,0,9.50500297e-05,0.926757812,208de0a8382bcb368b73aab347d5a2acc969e8fd4f55f9e6fc1772d7ba68944a,0,0,0.7480390071868896,
0,krea2-1024-ffn-down,previous_fp16,7.3485,True,0,9.50500297e-05,0.926757812,208de0a8382bcb368b73aab347d5a2acc969e8fd4f55f9e6fc1772d7ba68944a,0,0,0.7474532127380371,
0,krea2-1024-ffn-down,fp32,7.34616666,True,0,9.50500297e-05,0.926757812,208de0a8382bcb368b73aab347d5a2acc969e8fd4f55f9e6fc1772d7ba68944a,0,0,0.7454330921173096,
0,krea2-1024-ffn-down,previous_fp32,7.34337501,True,0,9.50500297e-05,0.926757812,208de0a8382bcb368b73aab347d5a2acc969e8fd4f55f9e6fc1772d7ba68944a,0,0,0.7466380596160889,
0,krea2-1024-ffn-down,int8,4.42925001,True,0,0.00397536208,21.078125,18afbcf908420c6ac30e0d176b6da07f7f374bd9d3561b50d11532796ad76c17,0,0,0.794517993927002,
0,krea2-1024-ffn-down,previous_int8,4.44091666,True,0,0.00397536208,21.078125,18afbcf908420c6ac30e0d176b6da07f7f374bd9d3561b50d11532796ad76c17,0,0,0.7953920364379883,
0,krea2-1024-ffn-down,mlx,8.7215,True,0,4.40165e-05,0.240723,,,,0.8385558128356934,
0,krea2-1536-attention,fp16,19.78575,True,0,0.000451849855,2.8565445e-05,e75a6a93d2746af1018fdcc2cdca51f3c0b656f1411388c166676d06f1a66f01,0,0,0.7967617511749268,
0,krea2-1536-attention,previous_fp16,19.743125,True,0,0.000451849855,2.8565445e-05,e75a6a93d2746af1018fdcc2cdca51f3c0b656f1411388c166676d06f1a66f01,0,0,0.7990179061889648,
0,krea2-1536-attention,int8,12.076875,True,0,0.00495452648,0.000317064903,18d198f73623003038304cae87a06485f99f45fc34d79323405ee30ff4e194ec,0,0,0.7560698986053467,
0,krea2-1536-attention,previous_int8,12.0784583,True,0,0.00495452648,0.000317064903,18d198f73623003038304cae87a06485f99f45fc34d79323405ee30ff4e194ec,0,0,0.7552309036254883,
0,krea2-1536-attention,mlx,20.056,True,0,,2.85666e-05,,,,0.7390480041503906,
0,krea2-1536-projection,fp16,5.691625,True,0,0.000161547347,0.481201172,a9ef19886d6e75202279a3e0e4601c66a5ad3eee3ed4291cfc3ace585d8bf603,0,0,0.7201118469238281,
0,krea2-1536-projection,previous_fp16,5.71095833,True,0,0.000161547347,0.481201172,a9ef19886d6e75202279a3e0e4601c66a5ad3eee3ed4291cfc3ace585d8bf603,0,0,0.726639986038208,
0,krea2-1536-projection,fp32,5.69787501,True,0,0.000161547347,0.481201172,a9ef19886d6e75202279a3e0e4601c66a5ad3eee3ed4291cfc3ace585d8bf603,0,0,0.7197878360748291,
0,krea2-1536-projection,previous_fp32,5.702375,True,0,0.000161547347,0.481201172,a9ef19886d6e75202279a3e0e4601c66a5ad3eee3ed4291cfc3ace585d8bf603,0,0,0.7200992107391357,
0,krea2-1536-projection,int8,3.19237501,True,0,0.00328497533,5.77929688,522a5c78de83a9a7599ec8f9cae5b22f416ad1dbd024b612a25a9ca8ca6c6959,0,0,1.2360827922821045,
0,krea2-1536-projection,previous_int8,3.19183334,True,0,0.00328497533,5.77929688,522a5c78de83a9a7599ec8f9cae5b22f416ad1dbd024b612a25a9ca8ca6c6959,0,0,0.7487189769744873,
0,krea2-1536-projection,mlx,5.72767,True,0,0.000166458,0.22583,,,,0.8650021553039551,
0,krea2-1536-ffn-up,fp16,15.84425,True,0,0.000160299244,0.466308594,13711c2815d6d520680078aad1f0c813d0a3640b3948fb73c67bdd25858f3cc8,0,0,0.9008350372314453,
0,krea2-1536-ffn-up,previous_fp16,15.82325,True,0,0.000160299244,0.466308594,13711c2815d6d520680078aad1f0c813d0a3640b3948fb73c67bdd25858f3cc8,0,0,0.899381160736084,
0,krea2-1536-ffn-up,fp32,15.8565417,True,0,0.000160299244,0.466308594,13711c2815d6d520680078aad1f0c813d0a3640b3948fb73c67bdd25858f3cc8,0,0,0.900115966796875,
0,krea2-1536-ffn-up,previous_fp32,15.793375,True,0,0.000160299244,0.466308594,13711c2815d6d520680078aad1f0c813d0a3640b3948fb73c67bdd25858f3cc8,0,0,0.8988568782806396,
0,krea2-1536-ffn-up,int8,8.09975,True,0,0.00351259035,7.2043457,f01c7495fd36b9d3ed2140612b636364273dd4d9da6bd89d80d914a30ad1d3cb,0,0,1.395592212677002,
0,krea2-1536-ffn-up,previous_int8,8.10045833,True,0,0.00351259035,7.2043457,f01c7495fd36b9d3ed2140612b636364273dd4d9da6bd89d80d914a30ad1d3cb,0,0,0.939521074295044,
0,krea2-1536-ffn-up,mlx,15.7924,True,0,0.000143655,0.23584,,,,1.2872650623321533,
0,krea2-1536-ffn-down,fp16,21.667875,True,0,0.000277856766,4.19042969,79019bab63e011183023a421498db7ba94a66183df405c0c308e949140141f6c,0,0,0.912956953048706,
0,krea2-1536-ffn-down,previous_fp16,22.100375,True,0,0.000277856766,4.19042969,79019bab63e011183023a421498db7ba94a66183df405c0c308e949140141f6c,0,0,1.1324431896209717,
0,krea2-1536-ffn-down,fp32,18.4621667,True,0,0.000229579953,4.015625,d80a24fe348d522aa72dd30f15288ad339dddd499d621264301f3597c33452c7,0,0,1.1261088848114014,
0,krea2-1536-ffn-down,previous_fp32,18.462875,True,0,0.000229579953,4.015625,d80a24fe348d522aa72dd30f15288ad339dddd499d621264301f3597c33452c7,0,0,1.1250238418579102,
0,krea2-1536-ffn-down,int8,9.24054167,True,0,0.00386846065,20.8330078,00950aba816d98e3c4398e3b1e09758d2c95afee6435166deb397a9105ee663a,0,0,2.413616895675659,
0,krea2-1536-ffn-down,previous_int8,9.272375,True,0,0.00386846065,20.8330078,00950aba816d98e3c4398e3b1e09758d2c95afee6435166deb397a9105ee663a,0,0,0.8906738758087158,
0,krea2-1536-ffn-down,mlx,22.3605,True,0,6.52839e-05,0.237305,,,,1.0810213088989258,
0,krea2-2048-attention,fp16,61.3195833,True,0,0.000360769457,1.72016368e-05,ae9c07913e07e81d2e05ba7ca1b2c8b997886e7d2c6f26591cd38899b51f85ac,0,0,1.1699888706207275,
0,krea2-2048-attention,previous_fp16,61.1642917,True,0,0.000360769457,1.72016368e-05,ae9c07913e07e81d2e05ba7ca1b2c8b997886e7d2c6f26591cd38899b51f85ac,0,0,1.1690680980682373,
0,krea2-2048-attention,int8,36.6296667,True,0,0.00648212476,0.000363634452,8f66e04957e11619a111fd7245d55c128a0a8ecf7f3b74d00347ea68e5b2faa0,0,0,0.9951858520507812,
0,krea2-2048-attention,previous_int8,36.6127917,True,0,0.00648212476,0.000363634452,8f66e04957e11619a111fd7245d55c128a0a8ecf7f3b74d00347ea68e5b2faa0,0,0,0.9911961555480957,
0,krea2-2048-attention,mlx,61.9222,True,0,,1.55565e-05,,,,1.1012389659881592,
0,krea2-2048-projection,fp16,9.89220833,True,0,0.000203713246,0.495361328,b2defca2a145abb63b853f5bda98f56a1a8519143b0ceb6984168a5193eb6893,0,0,0.8046209812164307,
0,krea2-2048-projection,previous_fp16,9.89666667,True,0,0.000203713246,0.495361328,b2defca2a145abb63b853f5bda98f56a1a8519143b0ceb6984168a5193eb6893,0,0,0.8045098781585693,
0,krea2-2048-projection,fp32,9.90349999,True,0,0.000203713246,0.495361328,b2defca2a145abb63b853f5bda98f56a1a8519143b0ceb6984168a5193eb6893,0,0,0.8047981262207031,
0,krea2-2048-projection,previous_fp32,9.90379167,True,0,0.000203713246,0.495361328,b2defca2a145abb63b853f5bda98f56a1a8519143b0ceb6984168a5193eb6893,0,0,0.8028011322021484,
0,krea2-2048-projection,int8,5.534625,True,0,0.00376422321,7.2746582,acb86f882a354a2a1e4b664c7881e01316efa8eb61c990c7ba276caeeee55db1,0,0,1.2950291633605957,
0,krea2-2048-projection,previous_int8,5.53566667,True,0,0.00376422321,7.2746582,acb86f882a354a2a1e4b664c7881e01316efa8eb61c990c7ba276caeeee55db1,0,0,0.8073811531066895,
0,krea2-2048-projection,mlx,9.88429,True,0,0.000194003,0.227539,,,,1.0604948997497559,
0,krea2-2048-ffn-up,fp16,26.3853333,True,0,0.000191175408,0.487792969,a993f4d0a832e85be649caee09bf5fbeb5f144c13da843ec2160dd6e2b3a7c9b,0,0,1.0860369205474854,
0,krea2-2048-ffn-up,previous_fp16,26.482375,True,0,0.000191175408,0.487792969,a993f4d0a832e85be649caee09bf5fbeb5f144c13da843ec2160dd6e2b3a7c9b,0,0,1.087839126586914,
0,krea2-2048-ffn-up,fp32,26.5283333,True,0,0.000191175408,0.487792969,a993f4d0a832e85be649caee09bf5fbeb5f144c13da843ec2160dd6e2b3a7c9b,0,0,1.0949642658233643,
0,krea2-2048-ffn-up,previous_fp32,26.5035417,True,0,0.000191175408,0.487792969,a993f4d0a832e85be649caee09bf5fbeb5f144c13da843ec2160dd6e2b3a7c9b,0,0,1.0917649269104004,
0,krea2-2048-ffn-up,int8,14.196,True,0,0.00390194794,7.05126953,67fbfd4d16c574d625502418d567c5df96edd4d8a5ae130c33da426088db4d29,0,0,1.559432029724121,
0,krea2-2048-ffn-up,previous_int8,14.19625,True,0,0.00390194794,7.05126953,67fbfd4d16c574d625502418d567c5df96edd4d8a5ae130c33da426088db4d29,0,0,1.0856842994689941,
0,krea2-2048-ffn-up,mlx,26.509,True,0,0.000222295,0.227539,,,,1.785325050354004,
0,krea2-2048-ffn-down,fp16,34.851,True,0,9.75821218e-05,0.640136719,0083ba746da4ca254bdd08e1506d59a087da29f5b235f359bd117e9113bce38f,0,0,1.107706069946289,
0,krea2-2048-ffn-down,previous_fp16,34.879375,True,0,9.75821218e-05,0.640136719,0083ba746da4ca254bdd08e1506d59a087da29f5b235f359bd117e9113bce38f,0,0,1.1069118976593018,
0,krea2-2048-ffn-down,fp32,34.8633333,True,0,9.75821218e-05,0.640136719,0083ba746da4ca254bdd08e1506d59a087da29f5b235f359bd117e9113bce38f,0,0,1.1042718887329102,
0,krea2-2048-ffn-down,previous_fp32,34.8007917,True,0,9.75821218e-05,0.640136719,0083ba746da4ca254bdd08e1506d59a087da29f5b235f359bd117e9113bce38f,0,0,1.1060221195220947,
0,krea2-2048-ffn-down,int8,16.032625,True,0,0.0039082678,19.2504883,71e02b5ac3a046ea96582732ce6477a64c1116ad67880cee5a7221404087250c,0,0,1.056203842163086,
0,krea2-2048-ffn-down,previous_int8,15.9985417,True,0,0.0039082678,19.2504883,71e02b5ac3a046ea96582732ce6477a64c1116ad67880cee5a7221404087250c,0,0,1.0622551441192627,
0,krea2-2048-ffn-down,mlx,34.8239,True,0,5.61471e-05,0.253662,,,,1.4229559898376465,
0,krea2-last-image-only,fp16,3.98587501,True,0,0.000429911811,3.46074354e-05,6d936c38460776a9fd407ac91860c41f5a08755a41e6133a6d90803644f5197c,0,0,0.6474509239196777,
0,krea2-last-image-only,previous_fp16,3.99300001,True,0,0.000429911811,3.46074354e-05,6d936c38460776a9fd407ac91860c41f5a08755a41e6133a6d90803644f5197c,0,0,0.651400089263916,
0,krea2-last-image-only,int8,2.59554166,True,0,0.00448547764,0.000327850254,3b522ea3200a293f0ed4af7a9aaf52e99f82761d9b1622cc88bf74666975458e,0,0,0.8705599308013916,
0,krea2-last-image-only,previous_int8,2.59787501,True,0,0.00448547764,0.000327850254,3b522ea3200a293f0ed4af7a9aaf52e99f82761d9b1622cc88bf74666975458e,0,0,0.8615658283233643,
0,krea2-last-image-only,mlx,4.01675,True,0,,3.46086e-05,,,,0.6188139915466309,
0,krea2-reference,fp16,7.83404167,True,0,0.000349221395,2.83035914e-05,a91853a662cc91d5f900da86fc8ed127017fbd87220f695c51774a84887c26ef,0,0,0.6709229946136475,
0,krea2-reference,previous_fp16,7.85383335,True,0,0.000349221395,2.83035914e-05,a91853a662cc91d5f900da86fc8ed127017fbd87220f695c51774a84887c26ef,0,0,0.6686568260192871,
0,krea2-reference,int8,4.878375,True,0,0.00441131988,0.000355057961,81aed7f38d6eefbca80efba7ad1c5107ccf96fe5e0d604f627a9b0d7072ac1c6,0,0,0.8743669986724854,
0,krea2-reference,previous_int8,4.88349999,True,0,0.00441131988,0.000355057961,81aed7f38d6eefbca80efba7ad1c5107ccf96fe5e0d604f627a9b0d7072ac1c6,0,0,0.6685822010040283,
0,krea2-reference,mlx,7.92533,True,0,,2.83048e-05,,,,0.6413929462432861,
0,ideogram4-512-attention,fp16,0.490124992,True,0,0.00031627308,2.83553172e-05,b967c913c92619b6f720e19f6f521bfc9c081da285d03ff808a76f73337524c9,0,0,0.788506031036377,
0,ideogram4-512-attention,previous_fp16,0.489291662,True,0,0.00031627308,2.83553172e-05,b967c913c92619b6f720e19f6f521bfc9c081da285d03ff808a76f73337524c9,0,0,0.7863209247589111,
0,ideogram4-512-attention,int8,0.490875012,True,0,0.00031627308,2.83553172e-05,b967c913c92619b6f720e19f6f521bfc9c081da285d03ff808a76f73337524c9,0,1,0.7868530750274658,
0,ideogram4-512-attention,previous_int8,0.489749989,True,0,0.00031627308,2.83553172e-05,b967c913c92619b6f720e19f6f521bfc9c081da285d03ff808a76f73337524c9,0,1,0.7905099391937256,
0,ideogram4-512-attention,mlx,0.531792,True,0,,1.08917e-05,,,,0.7851459980010986,
0,ideogram4-512-projection,fp16,0.65329166,True,0,0.000384556934,1.0925293,36df5e1c7eb8b3bbf73f4999651af0d9cfb49d2b24108795f197187caa153d76,0,0,0.7600750923156738,
0,ideogram4-512-projection,previous_fp16,0.572166668,True,0,0.000384556934,1.0925293,36df5e1c7eb8b3bbf73f4999651af0d9cfb49d2b24108795f197187caa153d76,0,0,0.7553451061248779,
0,ideogram4-512-projection,fp32,0.546250012,True,0,0.000214593207,0.479980469,a417e02a6a816bf6e77774f3dc521772910f79e6dac7690f96dec2877484bcff,0,0,0.7686789035797119,
0,ideogram4-512-projection,previous_fp32,0.544791663,True,0,0.000214593207,0.479980469,a417e02a6a816bf6e77774f3dc521772910f79e6dac7690f96dec2877484bcff,0,0,0.7732081413269043,
0,ideogram4-512-projection,int8,0.340916667,True,0,0.00300150475,4.29418945,0206c91a04a078fa16ca0ed4ac1ac2070e86eeb73088946e90a469f230d93c52,0,0,1.2131662368774414,
0,ideogram4-512-projection,previous_int8,0.346041663,True,0,0.00300150475,4.29418945,0206c91a04a078fa16ca0ed4ac1ac2070e86eeb73088946e90a469f230d93c52,0,0,0.8350591659545898,
0,ideogram4-512-projection,mlx,0.545083,True,0,0.000187912,0.254395,,,,0.7866113185882568,
0,ideogram4-512-ffn-up,fp16,1.279,True,0,0.000370633742,1.0925293,c49b52acb2a8daedae4d09cb853c08157dbc8e21658c51a9c6240aa8626741d9,0,0,0.6898298263549805,
0,ideogram4-512-ffn-up,previous_fp16,1.27816667,True,0,0.000370633742,1.0925293,c49b52acb2a8daedae4d09cb853c08157dbc8e21658c51a9c6240aa8626741d9,0,0,0.6943521499633789,
0,ideogram4-512-ffn-up,fp32,1.30787501,True,0,0.00017961587,0.255859375,3d8ade891d7b61d6d34e8f4365911251b68a80260071d3a951c311054f48ee28,0,0,0.6899018287658691,
0,ideogram4-512-ffn-up,previous_fp32,1.31158333,True,0,0.00017961587,0.255859375,3d8ade891d7b61d6d34e8f4365911251b68a80260071d3a951c311054f48ee28,0,0,0.6936659812927246,
0,ideogram4-512-ffn-up,int8,0.706749997,True,0,0.00435622856,5.96313477,3eb73964e143985000368cc405db8211e2fadcd952954857ea51fb4cff49f222,0,0,1.1536448001861572,
0,ideogram4-512-ffn-up,previous_int8,0.730083324,True,0,0.00435622856,5.96313477,3eb73964e143985000368cc405db8211e2fadcd952954857ea51fb4cff49f222,0,0,0.8022239208221436,
0,ideogram4-512-ffn-up,mlx,1.31004,True,0,0.00015268,0.219727,,,,0.7455499172210693,
0,ideogram4-512-ffn-down,fp16,1.579875,True,0,0.00031997253,2.51318359,3934c928d3dcd08608df7e2c53fafdaf235445652391c0829a7e8fd68c132f0c,0,0,0.6822068691253662,
0,ideogram4-512-ffn-down,previous_fp16,1.576625,True,0,0.00031997253,2.51318359,3934c928d3dcd08608df7e2c53fafdaf235445652391c0829a7e8fd68c132f0c,0,0,0.6767749786376953,
0,ideogram4-512-ffn-down,fp32,1.28575,True,0,0.000135995946,0.782958984,3234c2ee5157fd8e4dfd722dd328614e757afd1dca716c6b90a0e08c71d1966a,0,0,0.6900839805603027,
0,ideogram4-512-ffn-down,previous_fp32,1.28508333,True,0,0.000135995946,0.782958984,3234c2ee5157fd8e4dfd722dd328614e757afd1dca716c6b90a0e08c71d1966a,0,0,0.7003178596496582,
0,ideogram4-512-ffn-down,int8,1.238875,True,0,0.00344497112,14.4133301,0ad17230c22fbbaca7b8baaafe9c40045644fe71b4551eeb7bc79f317e9fe516,0,0,1.81992506980896,
0,ideogram4-512-ffn-down,previous_int8,1.227125,True,0,0.00344497112,14.4133301,0ad17230c22fbbaca7b8baaafe9c40045644fe71b4551eeb7bc79f317e9fe516,0,0,0.7360827922821045,
0,ideogram4-512-ffn-down,mlx,1.507,True,0,0.000131168,0.601807,,,,0.6953301429748535,
0,ideogram4-768-attention,fp16,1.74320834,True,0,0.000264297986,2.33109104e-05,f98535bcf08f3847f88f32bc2068b20ba04afd0ee625df6111538ef05ad82309,0,0,0.6483790874481201,
0,ideogram4-768-attention,previous_fp16,1.74608333,True,0,0.000264297986,2.33109104e-05,f98535bcf08f3847f88f32bc2068b20ba04afd0ee625df6111538ef05ad82309,0,0,0.6505200862884521,
0,ideogram4-768-attention,int8,1.73079167,True,0,0.000264297986,2.33109104e-05,f98535bcf08f3847f88f32bc2068b20ba04afd0ee625df6111538ef05ad82309,0,1,0.6497859954833984,
0,ideogram4-768-attention,previous_int8,1.72925,True,0,0.000264297986,2.33109104e-05,f98535bcf08f3847f88f32bc2068b20ba04afd0ee625df6111538ef05ad82309,0,1,0.6457362174987793,
0,ideogram4-768-attention,mlx,1.98525,True,0,,1.61514e-05,,,,0.6337738037109375,
0,ideogram4-768-projection,fp16,0.873875004,True,0,0.000197194041,0.479980469,6975b81b0ae6c74df80bd27d757726efaf205d69249e8997f636b62f24db445d,0,0,0.6987080574035645,
0,ideogram4-768-projection,previous_fp16,0.913249998,True,0,0.000197194041,0.479980469,6975b81b0ae6c74df80bd27d757726efaf205d69249e8997f636b62f24db445d,0,0,0.7047469615936279,
0,ideogram4-768-projection,fp32,0.914583332,True,0,0.000197194041,0.479980469,6975b81b0ae6c74df80bd27d757726efaf205d69249e8997f636b62f24db445d,0,0,0.6968519687652588,
0,ideogram4-768-projection,previous_fp32,0.912874995,True,0,0.000197194041,0.479980469,6975b81b0ae6c74df80bd27d757726efaf205d69249e8997f636b62f24db445d,0,0,0.702082633972168,
0,ideogram4-768-projection,int8,0.51495833,True,0,0.00399587344,5.38598633,77db561f6e6e5f9a53589eb0bc0e2697493a38f3da4a9876a95e8f3c0a55bbfb,0,0,0.8106369972229004,
0,ideogram4-768-projection,previous_int8,0.511624996,True,0,0.00399587344,5.38598633,77db561f6e6e5f9a53589eb0bc0e2697493a38f3da4a9876a95e8f3c0a55bbfb,0,0,0.809377908706665,
0,ideogram4-768-projection,mlx,0.914208,True,0,0.000134656,0.254395,,,,0.7273111343383789,
0,ideogram4-768-ffn-up,fp16,2.3035,True,0,0.000175310773,0.255859375,243075efc34e780e5a63b6f227be1640183030cdcfeefa06dbcd3ede537120de,0,0,0.6746211051940918,
0,ideogram4-768-ffn-up,previous_fp16,2.326125,True,0,0.000175310773,0.255859375,243075efc34e780e5a63b6f227be1640183030cdcfeefa06dbcd3ede537120de,0,0,0.6849651336669922,
0,ideogram4-768-ffn-up,fp32,2.329875,True,0,0.000175310773,0.255859375,243075efc34e780e5a63b6f227be1640183030cdcfeefa06dbcd3ede537120de,0,0,0.681434154510498,
0,ideogram4-768-ffn-up,previous_fp32,2.300375,True,0,0.000175310773,0.255859375,243075efc34e780e5a63b6f227be1640183030cdcfeefa06dbcd3ede537120de,0,0,0.6800251007080078,
0,ideogram4-768-ffn-up,int8,1.29854165,True,0,0.00416196648,5.96313477,2f2ac077243cab2dd0925348f309fb7edd7ecb86be1782c498b87c1373bed576,0,0,0.7549829483032227,
0,ideogram4-768-ffn-up,previous_int8,1.297875,True,0,0.00416196648,5.96313477,2f2ac077243cab2dd0925348f309fb7edd7ecb86be1782c498b87c1373bed576,0,0,0.7457370758056641,
0,ideogram4-768-ffn-up,mlx,2.29962,True,0,0.000152568,0.219727,,,,0.7671229839324951,
0,ideogram4-768-ffn-down,fp16,2.49295835,True,0,0.000158773096,0.941894531,4229262faab773836d269419488412e4e8e3f735cd46c66ac3e5bd8a13691c59,0,0,0.6784358024597168,
0,ideogram4-768-ffn-down,previous_fp16,2.49470834,True,0,0.000158773096,0.941894531,4229262faab773836d269419488412e4e8e3f735cd46c66ac3e5bd8a13691c59,0,0,0.6754729747772217,
0,ideogram4-768-ffn-down,fp32,2.49833333,True,0,0.000158773096,0.941894531,4229262faab773836d269419488412e4e8e3f735cd46c66ac3e5bd8a13691c59,0,0,0.6802256107330322,
0,ideogram4-768-ffn-down,previous_fp32,2.49466667,True,0,0.000158773096,0.941894531,4229262faab773836d269419488412e4e8e3f735cd46c66ac3e5bd8a13691c59,0,0,0.6872861385345459,
0,ideogram4-768-ffn-down,int8,1.502375,True,0,0.00334097707,14.4133301,679b95dbe1aeb55107a3304c3c7108fdf4a945194a9556882b43a7a39cf3532a,0,0,0.737515926361084,
0,ideogram4-768-ffn-down,previous_int8,1.473875,True,0,0.00334097707,14.4133301,679b95dbe1aeb55107a3304c3c7108fdf4a945194a9556882b43a7a39cf3532a,0,0,0.731234073638916,
0,ideogram4-768-ffn-down,mlx,2.69646,True,0,0.00014577,0.824219,,,,0.7173812389373779,
0,ideogram4-1024-attention,fp16,4.76991666,True,0,0.000249934424,2.78845225e-05,837a82448ee99080a3a02a4d43fdc092921683298021e22ad612068105ae9eeb,0,0,0.6556200981140137,
0,ideogram4-1024-attention,previous_fp16,4.84166667,True,0,0.000249934424,2.78845225e-05,837a82448ee99080a3a02a4d43fdc092921683298021e22ad612068105ae9eeb,0,0,0.658689022064209,
0,ideogram4-1024-attention,int8,3.636375,True,0,0.00433388578,0.000368384551,12443c4a46cc53b27f202a5223b145774435dac570d07be95bbc468460c96306,0,0,0.8561460971832275,
0,ideogram4-1024-attention,previous_int8,3.631625,True,0,0.00433388578,0.000368384551,12443c4a46cc53b27f202a5223b145774435dac570d07be95bbc468460c96306,0,0,0.8625590801239014,
0,ideogram4-1024-attention,mlx,6.03679,True,0,,2.1246e-05,,,,0.6697280406951904,
0,ideogram4-1024-projection,fp16,1.57108332,True,0,0.000175734301,0.415771484,ab3bcefba76714945741fa6383bbcca35e095f61eabe957eb0fc2bc967c17920,0,0,0.6726160049438477,
0,ideogram4-1024-projection,previous_fp16,1.56662501,True,0,0.000175734301,0.415771484,ab3bcefba76714945741fa6383bbcca35e095f61eabe957eb0fc2bc967c17920,0,0,0.670922040939331,
0,ideogram4-1024-projection,fp32,1.568625,True,0,0.000175734301,0.415771484,ab3bcefba76714945741fa6383bbcca35e095f61eabe957eb0fc2bc967c17920,0,0,0.672987699508667,
0,ideogram4-1024-projection,previous_fp32,1.57562501,True,0,0.000175734301,0.415771484,ab3bcefba76714945741fa6383bbcca35e095f61eabe957eb0fc2bc967c17920,0,0,0.6689579486846924,
0,ideogram4-1024-projection,int8,0.871041673,True,0,0.00388575989,5.40649414,3805a7a4bd6c66d452b5fefdb610b62ac9c27ae03a25e9c91af0816de95791db,0,0,0.7452499866485596,
0,ideogram4-1024-projection,previous_int8,0.870374992,True,0,0.00388575989,5.40649414,3805a7a4bd6c66d452b5fefdb610b62ac9c27ae03a25e9c91af0816de95791db,0,0,0.7451770305633545,
0,ideogram4-1024-projection,mlx,1.566,True,0,0.000241127,0.409912,,,,0.7153060436248779,
0,ideogram4-1024-ffn-up,fp16,4.02550001,True,0,0.000191345789,0.299560547,dcd73a83ec5b804a692507a8698b8e02f3b1b2badb7bb82457c9bc597c6856af,0,0,0.6951580047607422,
0,ideogram4-1024-ffn-up,previous_fp16,4.0245,True,0,0.000191345789,0.299560547,dcd73a83ec5b804a692507a8698b8e02f3b1b2badb7bb82457c9bc597c6856af,0,0,0.7043628692626953,
0,ideogram4-1024-ffn-up,fp32,4.03370833,True,0,0.000191345789,0.299560547,dcd73a83ec5b804a692507a8698b8e02f3b1b2badb7bb82457c9bc597c6856af,0,0,0.7027230262756348,
0,ideogram4-1024-ffn-up,previous_fp32,4.02708333,True,0,0.000191345789,0.299560547,dcd73a83ec5b804a692507a8698b8e02f3b1b2badb7bb82457c9bc597c6856af,0,0,0.7064909934997559,
0,ideogram4-1024-ffn-up,int8,2.15616667,True,0,0.00417704315,5.90112305,abd5825a0ee06645b15b739d021c7bc1917124624bd097aba5dcae8a146d5c13,0,0,0.7426278591156006,
0,ideogram4-1024-ffn-up,previous_int8,2.158,True,0,0.00417704315,5.90112305,abd5825a0ee06645b15b739d021c7bc1917124624bd097aba5dcae8a146d5c13,0,0,0.744225025177002,
0,ideogram4-1024-ffn-up,mlx,4.02488,True,0,0.000208665,0.403564,,,,0.8226108551025391,
0,ideogram4-1024-ffn-down,fp16,4.20233332,True,0,0.000156719781,0.930664062,d3185a97c6a4a239106f65a1f30ba6f68a6cfbd7921f990b4871ffa351f51d7f,0,0,0.6890559196472168,
0,ideogram4-1024-ffn-down,previous_fp16,4.20187501,True,0,0.000156719781,0.930664062,d3185a97c6a4a239106f65a1f30ba6f68a6cfbd7921f990b4871ffa351f51d7f,0,0,0.698577880859375,
0,ideogram4-1024-ffn-down,fp32,4.20012501,True,0,0.000156719781,0.930664062,d3185a97c6a4a239106f65a1f30ba6f68a6cfbd7921f990b4871ffa351f51d7f,0,0,0.6984939575195312,
0,ideogram4-1024-ffn-down,previous_fp32,4.201,True,0,0.000156719781,0.930664062,d3185a97c6a4a239106f65a1f30ba6f68a6cfbd7921f990b4871ffa351f51d7f,0,0,0.7005808353424072,
0,ideogram4-1024-ffn-down,int8,2.35983334,True,0,0.00451329375,14.4321289,5e585cf40c0676efb7d1b5e1403721b54e829beed55e12194a3cfe1990697eed,0,0,0.7321920394897461,
0,ideogram4-1024-ffn-down,previous_int8,2.36166667,True,0,0.00451329375,14.4321289,5e585cf40c0676efb7d1b5e1403721b54e829beed55e12194a3cfe1990697eed,0,0,0.7453932762145996,
0,ideogram4-1024-ffn-down,mlx,4.72517,True,0,0.000122134,0.608398,,,,0.7547941207885742,
0,ideogram4-1536-attention,fp16,22.409125,True,0,0.000291396591,3.63941814e-05,0040f94113a4e6cff3d475588d13e79073ad0fee1d126779490077d94c2f8cc5,0,0,0.8321049213409424,
0,ideogram4-1536-attention,previous_fp16,22.38725,True,0,0.000291396591,3.63941814e-05,0040f94113a4e6cff3d475588d13e79073ad0fee1d126779490077d94c2f8cc5,0,0,0.8313531875610352,
0,ideogram4-1536-attention,int8,16.1062917,True,0,0.00412068372,0.000429107239,1b90486bae6c7b0c4017c4326b2b069812b92c57c0a88d037ebbaff6af07ea9a,0,0,0.787024974822998,
0,ideogram4-1536-attention,previous_int8,16.014625,True,0,0.00412068372,0.000429107239,1b90486bae6c7b0c4017c4326b2b069812b92c57c0a88d037ebbaff6af07ea9a,0,0,0.7837948799133301,
0,ideogram4-1536-attention,mlx,28.3772,True,0,,2.47133e-05,,,,0.9713568687438965,
0,ideogram4-1536-projection,fp16,3.15120832,True,0,0.000223764898,0.479980469,faca6eab74fbd25f287e00aec63c7eb4ce775051541c2489d22805c94f8fcb20,0,0,0.689054012298584,
0,ideogram4-1536-projection,previous_fp16,3.15824999,True,0,0.000223764898,0.479980469,faca6eab74fbd25f287e00aec63c7eb4ce775051541c2489d22805c94f8fcb20,0,0,0.6878750324249268,
0,ideogram4-1536-projection,fp32,3.15175,True,0,0.000223764898,0.479980469,faca6eab74fbd25f287e00aec63c7eb4ce775051541c2489d22805c94f8fcb20,0,0,0.6979551315307617,
0,ideogram4-1536-projection,previous_fp32,3.15187499,True,0,0.000223764898,0.479980469,faca6eab74fbd25f287e00aec63c7eb4ce775051541c2489d22805c94f8fcb20,0,0,0.6884310245513916,
0,ideogram4-1536-projection,int8,1.83795833,True,0,0.00480689796,5.96899414,917f2a5cf0bf6d96e59c015f1418b8c0675dca4672a1ff208a16c97fc756f141,0,0,1.1020348072052002,
0,ideogram4-1536-projection,previous_int8,1.83908333,True,0,0.00480689796,5.96899414,917f2a5cf0bf6d96e59c015f1418b8c0675dca4672a1ff208a16c97fc756f141,0,0,0.7145440578460693,
0,ideogram4-1536-projection,mlx,3.14883,True,0,0.000190674,0.254395,,,,0.7901761531829834,
0,ideogram4-1536-ffn-up,fp16,8.50654166,True,0,0.000216457892,0.483154297,bc3a1c805f096ee241c17e64ba2d86d5e89a2251749c520b7d18d364c967c200,0,0,0.7820150852203369,
0,ideogram4-1536-ffn-up,previous_fp16,8.51170834,True,0,0.000216457892,0.483154297,bc3a1c805f096ee241c17e64ba2d86d5e89a2251749c520b7d18d364c967c200,0,0,0.7820968627929688,
0,ideogram4-1536-ffn-up,fp32,8.51829167,True,0,0.000216457892,0.483154297,bc3a1c805f096ee241c17e64ba2d86d5e89a2251749c520b7d18d364c967c200,0,0,0.7840249538421631,
0,ideogram4-1536-ffn-up,previous_fp32,8.53979166,True,0,0.000216457892,0.483154297,bc3a1c805f096ee241c17e64ba2d86d5e89a2251749c520b7d18d364c967c200,0,0,0.7828459739685059,
0,ideogram4-1536-ffn-up,int8,4.634375,True,0,0.00377728304,5.30981445,22b2e37e33150cd30abc81845cb45615a7b5e3ef2ca042f6803d0e10e8e88341,0,0,1.1640501022338867,
0,ideogram4-1536-ffn-up,previous_int8,4.63425,True,0,0.00377728304,5.30981445,22b2e37e33150cd30abc81845cb45615a7b5e3ef2ca042f6803d0e10e8e88341,0,0,0.8078999519348145,
0,ideogram4-1536-ffn-up,mlx,8.50854,True,0,0.000165696,0.219727,,,,1.0654888153076172,
0,ideogram4-1536-ffn-down,fp16,10.516625,True,0,0.000144291928,0.908203125,f83084789b418c821af6bc9b66ef7dff71eafa49baccbcec9bf3211ca3943ef7,0,0,0.7717111110687256,
0,ideogram4-1536-ffn-down,previous_fp16,10.5469167,True,0,0.000144291928,0.908203125,f83084789b418c821af6bc9b66ef7dff71eafa49baccbcec9bf3211ca3943ef7,0,0,0.8024849891662598,
0,ideogram4-1536-ffn-down,fp32,10.456875,True,0,0.000144291928,0.908203125,f83084789b418c821af6bc9b66ef7dff71eafa49baccbcec9bf3211ca3943ef7,0,0,0.7752339839935303,
0,ideogram4-1536-ffn-down,previous_fp32,10.504,True,0,0.000144291928,0.908203125,f83084789b418c821af6bc9b66ef7dff71eafa49baccbcec9bf3211ca3943ef7,0,0,0.7724769115447998,
0,ideogram4-1536-ffn-down,int8,4.89516667,True,0,0.0037760479,16.005127,defc93387ecee12ad63532dfbebc3bcee1dfb5e99651953f55f5733926f11cc6,0,0,1.874669075012207,
0,ideogram4-1536-ffn-down,previous_int8,4.90045833,True,0,0.0037760479,16.005127,defc93387ecee12ad63532dfbebc3bcee1dfb5e99651953f55f5733926f11cc6,0,0,0.7890400886535645,
0,ideogram4-1536-ffn-down,mlx,10.508,True,0,0.00019645,0.97998,,,,0.8981759548187256,
0,ideogram4-2048-attention,fp16,68.34725,True,0,0.00034075711,4.08499863e-05,1fcd0d152590f7d3de37d9d04ae9f90a8e4707c1e8ecab1b65593276b6fe7179,0,0,1.2379429340362549,
0,ideogram4-2048-attention,previous_fp16,68.99475,True,0,0.00034075711,4.08499863e-05,1fcd0d152590f7d3de37d9d04ae9f90a8e4707c1e8ecab1b65593276b6fe7179,0,0,1.2369608879089355,
0,ideogram4-2048-attention,int8,48.62225,True,0,0.00452549337,0.000445131755,f893e9628aeed2aa59589213ff02e3765c17a8676a9ac6f58b19dce127348f8f,0,0,1.113191843032837,
0,ideogram4-2048-attention,previous_int8,48.6352083,True,0,0.00452549337,0.000445131755,f893e9628aeed2aa59589213ff02e3765c17a8676a9ac6f58b19dce127348f8f,0,0,1.1119179725646973,
0,ideogram4-2048-attention,mlx,87.8491,True,0,,2.00907e-05,,,,1.7576122283935547,
0,ideogram4-2048-projection,fp16,5.51108333,True,0,0.000201507716,0.421142578,6f11e61575180bb03884c4ea852cf8ca5593e2b956ff62a383d0b15865a74d47,0,0,0.8080887794494629,
0,ideogram4-2048-projection,previous_fp16,5.505875,True,0,0.000201507716,0.421142578,6f11e61575180bb03884c4ea852cf8ca5593e2b956ff62a383d0b15865a74d47,0,0,0.7384967803955078,
0,ideogram4-2048-projection,fp32,5.50687499,True,0,0.000201507716,0.421142578,6f11e61575180bb03884c4ea852cf8ca5593e2b956ff62a383d0b15865a74d47,0,0,0.7363519668579102,
0,ideogram4-2048-projection,previous_fp32,5.50654167,True,0,0.000201507716,0.421142578,6f11e61575180bb03884c4ea852cf8ca5593e2b956ff62a383d0b15865a74d47,0,0,0.7398982048034668,
0,ideogram4-2048-projection,int8,3.205375,True,0,0.00408988827,5.96679688,23e0ac21b4263a27a1a19d9ad9fe86bbf68d56d8a6b800d9fc6ce78ffd64a34c,0,0,1.1265010833740234,
0,ideogram4-2048-projection,previous_int8,3.20808333,True,0,0.00408988827,5.96679688,23e0ac21b4263a27a1a19d9ad9fe86bbf68d56d8a6b800d9fc6ce78ffd64a34c,0,0,0.757713794708252,
0,ideogram4-2048-projection,mlx,5.50996,True,0,0.000217092,0.33667,,,,0.9251019954681396,
0,ideogram4-2048-ffn-up,fp16,14.6161667,True,0,0.000167004197,0.247070312,97ea40d50af18c7b81574a69810ec9e62db15b4f55177814da45b1c38b653bce,0,0,0.9202320575714111,
0,ideogram4-2048-ffn-up,previous_fp16,14.616625,True,0,0.000167004197,0.247070312,97ea40d50af18c7b81574a69810ec9e62db15b4f55177814da45b1c38b653bce,0,0,0.9208869934082031,
0,ideogram4-2048-ffn-up,fp32,14.61675,True,0,0.000167004197,0.247070312,97ea40d50af18c7b81574a69810ec9e62db15b4f55177814da45b1c38b653bce,0,0,0.9244740009307861,
0,ideogram4-2048-ffn-up,previous_fp32,14.64275,True,0,0.000167004197,0.247070312,97ea40d50af18c7b81574a69810ec9e62db15b4f55177814da45b1c38b653bce,0,0,0.9201691150665283,
0,ideogram4-2048-ffn-up,int8,8.11420834,True,0,0.0040005241,5.95996094,b7fa0f69c9507fefdb081ba57070ed42fe7798cde0bf3dc02175c5b1963115e6,0,0,1.2763152122497559,
0,ideogram4-2048-ffn-up,previous_int8,8.11570833,True,0,0.0040005241,5.95996094,b7fa0f69c9507fefdb081ba57070ed42fe7798cde0bf3dc02175c5b1963115e6,0,0,0.9131488800048828,
0,ideogram4-2048-ffn-up,mlx,14.6145,True,0,0.000185001,0.33667,,,,1.3995368480682373,
0,ideogram4-2048-ffn-down,fp16,17.3347917,True,0,0.000157548899,0.842041016,b8ca03ce5a2df45784efadd1aba939ffaa42854de2da8f0b591251e16ca6d007,0,0,0.8916079998016357,
0,ideogram4-2048-ffn-down,previous_fp16,17.2963333,True,0,0.000157548899,0.842041016,b8ca03ce5a2df45784efadd1aba939ffaa42854de2da8f0b591251e16ca6d007,0,0,0.886925220489502,
0,ideogram4-2048-ffn-down,fp32,17.253625,True,0,0.000157548899,0.842041016,b8ca03ce5a2df45784efadd1aba939ffaa42854de2da8f0b591251e16ca6d007,0,0,0.8926138877868652,
0,ideogram4-2048-ffn-down,previous_fp32,17.262875,True,0,0.000157548899,0.842041016,b8ca03ce5a2df45784efadd1aba939ffaa42854de2da8f0b591251e16ca6d007,0,0,0.8875589370727539,
0,ideogram4-2048-ffn-down,int8,8.56474999,True,0,0.00370857369,15.901123,c6a39017471b728b006e326aebe6457db2434916bb72785915ab6f830d0a97c0,0,0,0.8832049369812012,
0,ideogram4-2048-ffn-down,previous_int8,8.58325,True,0,0.00370857369,15.901123,c6a39017471b728b006e326aebe6457db2434916bb72785915ab6f830d0a97c0,0,0,0.8788290023803711,
0,ideogram4-2048-ffn-down,mlx,17.2507,True,0,7.99932e-05,0.239502,,,,1.118445873260498,
0,ideogram4-last-image-only,fp16,4.64850001,True,0,0.000435276825,3.19651379e-05,3f2658f3270fcd3d20502a0fca0e73cb5140d3f9c12bcc5f89462bac67f689f9,0,0,0.6543228626251221,
0,ideogram4-last-image-only,previous_fp16,4.69595833,True,0,0.000435276825,3.19651379e-05,3f2658f3270fcd3d20502a0fca0e73cb5140d3f9c12bcc5f89462bac67f689f9,0,0,0.6575894355773926,
0,ideogram4-last-image-only,int8,3.51791666,True,0,0.00437307946,0.000383395562,2ac75a3aa9ae8a54d629e1ce81db840cbcdb8fd192cd2acedf03b5b8341f56f2,0,0,0.6625750064849854,
0,ideogram4-last-image-only,previous_int8,3.519875,True,0,0.00437307946,0.000383395562,2ac75a3aa9ae8a54d629e1ce81db840cbcdb8fd192cd2acedf03b5b8341f56f2,0,0,0.6590099334716797,
0,ideogram4-last-image-only,mlx,5.60125,True,0,,1.7185e-05,,,,0.6662473678588867,
0,ideogram4-reference,fp16,9.385875,True,0,0.000394110791,3.72117821e-05,532c5659f6ea90a815086d92eb6b6f18cc8316d6ccb4a47c8b2ba6af1648dbcf,0,0,0.7039399147033691,
0,ideogram4-reference,previous_fp16,9.36220834,True,0,0.000394110791,3.72117821e-05,532c5659f6ea90a815086d92eb6b6f18cc8316d6ccb4a47c8b2ba6af1648dbcf,0,0,0.7025628089904785,
0,ideogram4-reference,int8,6.76304166,True,0,0.00436741165,0.000349932587,c4201fa320ea100561e266676f79183f11c3707d5c0349306d26d10277b7b976,0,0,0.888070821762085,
0,ideogram4-reference,previous_int8,6.761375,True,0,0.00436741165,0.000349932587,c4201fa320ea100561e266676f79183f11c3707d5c0349306d26d10277b7b976,0,0,0.695310115814209,
0,ideogram4-reference,mlx,11.1132,True,0,,1.81725e-05,,,,0.7461168766021729,
0,qwen21-512-attention,fp16,0.269249998,True,0,0.000424297276,3.63572976e-05,4df699dc5560b602e1dde0d178db8853deca52cb7e3c02225b5282f6d0f03ccf,0,0,0.8570718765258789,
0,qwen21-512-attention,previous_fp16,0.268749995,True,0,0.000424297276,3.63572976e-05,4df699dc5560b602e1dde0d178db8853deca52cb7e3c02225b5282f6d0f03ccf,0,0,0.8586678504943848,
0,qwen21-512-attention,int8,0.206875004,True,0,0.00375241211,0.000214942626,29dda040e7cd0ff5966eba382e32d05912d14d287d0f93a1f4a6638233a7cbeb,0,0,0.9523820877075195,
0,qwen21-512-attention,previous_int8,0.206583325,True,0,0.00375241211,0.000214942626,29dda040e7cd0ff5966eba382e32d05912d14d287d0f93a1f4a6638233a7cbeb,0,0,0.9391279220581055,
0,qwen21-512-attention,mlx,0.273792,True,0,,3.63585e-05,,,,0.8423681259155273,
0,qwen21-512-projection,fp16,0.304124987,True,0,0.00034569843,0.622558594,b39388994020f237506b454376f141ffa4989ef363c591fc8dca1f87c1bfd396,0,0,0.8477199077606201,
0,qwen21-512-projection,previous_fp16,0.302874992,True,0,0.00034569843,0.622558594,b39388994020f237506b454376f141ffa4989ef363c591fc8dca1f87c1bfd396,0,0,0.8310787677764893,
0,qwen21-512-projection,fp32,0.313333338,True,0,0.000171861562,0.286865234,d6bd96fc88151b939f8a463e62c90b3ea955e296e8860828138c6062096c78fe,0,0,0.8328888416290283,
0,qwen21-512-projection,previous_fp32,0.313500001,True,0,0.000171861562,0.286865234,d6bd96fc88151b939f8a463e62c90b3ea955e296e8860828138c6062096c78fe,0,0,0.8349487781524658,
0,qwen21-512-projection,int8,0.170749991,True,0,0.00423837912,5.2746582,c42efa645f2fa962df5a3bc69bb54f99fddad988f914b40b57e26eee4592502e,0,0,1.0299220085144043,
0,qwen21-512-projection,previous_int8,0.170750005,True,0,0.00423837912,5.2746582,c42efa645f2fa962df5a3bc69bb54f99fddad988f914b40b57e26eee4592502e,0,0,0.9407567977905273,
0,qwen21-512-projection,mlx,0.309583,True,0,0.000324493,0.46875,,,,0.833514928817749,
0,qwen21-512-ffn-up,fp16,0.841750007,True,0,0.0002771763,0.539794922,7dd6172ae68b30117d49576cf2231f965c869804d18d7b745fa00a5368b9dcf9,0,0,0.7322802543640137,
0,qwen21-512-ffn-up,previous_fp16,0.843999995,True,0,0.0002771763,0.539794922,7dd6172ae68b30117d49576cf2231f965c869804d18d7b745fa00a5368b9dcf9,0,0,0.7303969860076904,
0,qwen21-512-ffn-up,fp32,0.858375002,True,0,0.000173687823,0.286865234,2ec3cb0767548ca4cf35f33b206ee88571affb592523da757e2c4c20cb8a1f24,0,0,0.7319197654724121,
0,qwen21-512-ffn-up,previous_fp32,0.857999999,True,0,0.000173687823,0.286865234,2ec3cb0767548ca4cf35f33b206ee88571affb592523da757e2c4c20cb8a1f24,0,0,0.7304108142852783,
0,qwen21-512-ffn-up,int8,0.487125013,True,0,0.00392091331,4.82397461,5997b89cc83c04451215ad4387ab7a7f2481cbecfe82196e8e542d728a09df0e,0,0,1.1938581466674805,
0,qwen21-512-ffn-up,previous_int8,0.480958333,True,0,0.00392091331,4.82397461,5997b89cc83c04451215ad4387ab7a7f2481cbecfe82196e8e542d728a09df0e,0,0,0.8645391464233398,
0,qwen21-512-ffn-up,mlx,0.8545,True,0,0.000124992,0.0957031,,,,0.770341157913208,
0,qwen21-512-ffn-down,fp16,0.885750007,True,0,0.000286187673,1.73095703,a57ca1223352dae39c4f090601208dfaf4256441058c6ab071cf300ef08fa5e7,0,0,0.7236430644989014,
0,qwen21-512-ffn-down,previous_fp16,0.884624998,True,0,0.000286187673,1.73095703,a57ca1223352dae39c4f090601208dfaf4256441058c6ab071cf300ef08fa5e7,0,0,0.720123291015625,
0,qwen21-512-ffn-down,fp32,0.908833332,True,0,0.000180987237,0.848876953,d678aae8f0b5d7759c2788550498d9cb96bb9b194c63f0533b2143c2e6f48d6b,0,0,0.7226028442382812,
0,qwen21-512-ffn-down,previous_fp32,0.908416667,True,0,0.000180987237,0.848876953,d678aae8f0b5d7759c2788550498d9cb96bb9b194c63f0533b2143c2e6f48d6b,0,0,0.724297046661377,
0,qwen21-512-ffn-down,int8,0.690541667,True,0,0.00395335867,15.9504395,43f7a8fdd88ed75d98694cf80e10f26b64f0a4eeeed0318c98cc23b1f6c17f68,0,0,0.8030061721801758,
0,qwen21-512-ffn-down,previous_int8,0.689583336,True,0,0.00395335867,15.9504395,43f7a8fdd88ed75d98694cf80e10f26b64f0a4eeeed0318c98cc23b1f6c17f68,0,0,0.8075220584869385,
0,qwen21-512-ffn-down,mlx,0.908125,True,0,0.000196191,0.47876,,,,0.7432069778442383,
0,qwen21-768-attention,fp16,1.00237499,True,0,0.000500662673,2.98539764e-05,3e5f323f888a47a84977d5d44883b77c9358cbf9764314f8945a76c605a09e8f,0,0,0.6951427459716797,
0,qwen21-768-attention,previous_fp16,0.991999987,True,0,0.000500662673,2.98539764e-05,3e5f323f888a47a84977d5d44883b77c9358cbf9764314f8945a76c605a09e8f,0,0,0.6824069023132324,
0,qwen21-768-attention,int8,0.720666663,True,0,0.00491135436,0.000319453784,4967bae2165939e8dc77a5b751908711fa5f0b13b8a87581e5ad8f019d857107,0,0,1.1408109664916992,
0,qwen21-768-attention,previous_int8,0.71745833,True,0,0.00491135436,0.000319453784,4967bae2165939e8dc77a5b751908711fa5f0b13b8a87581e5ad8f019d857107,0,0,0.9434387683868408,
0,qwen21-768-attention,mlx,1.09725,True,0,,2.78367e-05,,,,0.6636850833892822,
0,qwen21-768-projection,fp16,0.690208341,True,0,0.000217901128,0.444335938,81536350322e5f434bbb813fbf23a243b032cb7ca2a5e8c01cf59b745dfc3eaa,0,0,0.7327113151550293,
0,qwen21-768-projection,previous_fp16,0.688500004,True,0,0.000217901128,0.444335938,81536350322e5f434bbb813fbf23a243b032cb7ca2a5e8c01cf59b745dfc3eaa,0,0,0.7351908683776855,
0,qwen21-768-projection,fp32,0.690500005,True,0,0.000217901128,0.444335938,81536350322e5f434bbb813fbf23a243b032cb7ca2a5e8c01cf59b745dfc3eaa,0,0,0.733363151550293,
0,qwen21-768-projection,previous_fp32,0.689333334,True,0,0.000217901128,0.444335938,81536350322e5f434bbb813fbf23a243b032cb7ca2a5e8c01cf59b745dfc3eaa,0,0,0.7349202632904053,
0,qwen21-768-projection,int8,0.374499999,True,0,0.00379550026,4.73193359,2384054c909e23b74cff7989a437126254df0e247193d9b85726cb6ad11c0250,0,0,0.8001508712768555,
0,qwen21-768-projection,previous_int8,0.370875001,True,0,0.00379550026,4.73193359,2384054c909e23b74cff7989a437126254df0e247193d9b85726cb6ad11c0250,0,0,0.8004128932952881,
0,qwen21-768-projection,mlx,0.68725,True,0,0.000234672,0.393555,,,,0.7490928173065186,
0,qwen21-768-ffn-up,fp16,1.949125,True,0,0.000210992668,0.444335938,276944e98bacac8a6e615f0f2c0a9f956b75d5d235b6aeaa2815d5750fa1bfb0,0,0,0.6759219169616699,
0,qwen21-768-ffn-up,previous_fp16,1.95562499,True,0,0.000210992668,0.444335938,276944e98bacac8a6e615f0f2c0a9f956b75d5d235b6aeaa2815d5750fa1bfb0,0,0,0.6814007759094238,
0,qwen21-768-ffn-up,fp32,1.95683334,True,0,0.000210992668,0.444335938,276944e98bacac8a6e615f0f2c0a9f956b75d5d235b6aeaa2815d5750fa1bfb0,0,0,0.6794569492340088,
0,qwen21-768-ffn-up,previous_fp32,1.95358333,True,0,0.000210992668,0.444335938,276944e98bacac8a6e615f0f2c0a9f956b75d5d235b6aeaa2815d5750fa1bfb0,0,0,0.6903657913208008,
0,qwen21-768-ffn-up,int8,1.039,True,0,0.0042431978,5.21679688,f2ec68b65fe01258b8662396f36a16b3ef1a9719fbf111d53aa1632d99055db2,0,0,0.7604148387908936,
0,qwen21-768-ffn-up,previous_int8,1.04270833,True,0,0.0042431978,5.21679688,f2ec68b65fe01258b8662396f36a16b3ef1a9719fbf111d53aa1632d99055db2,0,0,0.7632508277893066,
0,qwen21-768-ffn-up,mlx,1.95329,True,0,0.00024761,0.349365,,,,0.7534921169281006,
0,qwen21-768-ffn-down,fp16,1.99812501,True,0,0.000160885948,0.995849609,93a64e8f5efa54e86af94b5a7a93501915f8537e2152462a330ccb55a1307c4e,0,0,0.6738979816436768,
0,qwen21-768-ffn-down,previous_fp16,1.99916666,True,0,0.000160885948,0.995849609,93a64e8f5efa54e86af94b5a7a93501915f8537e2152462a330ccb55a1307c4e,0,0,0.6788632869720459,
0,qwen21-768-ffn-down,fp32,2.001125,True,0,0.000160885948,0.995849609,93a64e8f5efa54e86af94b5a7a93501915f8537e2152462a330ccb55a1307c4e,0,0,0.6729059219360352,
0,qwen21-768-ffn-down,previous_fp32,1.99762499,True,0,0.000160885948,0.995849609,93a64e8f5efa54e86af94b5a7a93501915f8537e2152462a330ccb55a1307c4e,0,0,0.6717038154602051,
0,qwen21-768-ffn-down,int8,1.211,True,0,0.00412112544,16.0227051,2be731cf4cacc70db8c74c3478636dfa77292af1ea9dc3f48a80bb72e33fe858,0,0,0.7385988235473633,
0,qwen21-768-ffn-down,previous_int8,1.21250001,True,0,0.00412112544,16.0227051,2be731cf4cacc70db8c74c3478636dfa77292af1ea9dc3f48a80bb72e33fe858,0,0,0.7406888008117676,
0,qwen21-768-ffn-down,mlx,1.99608,True,0,0.000111842,0.388428,,,,0.7112748622894287,
0,qwen21-1024-attention,fp16,2.84495833,True,0,0.000405504725,2.68590019e-05,7bed0be95c70ea3d628b6f597ab1a7719de647b0dbfa9ffe8675658fe0b5f6ec,0,0,0.6457958221435547,
0,qwen21-1024-attention,previous_fp16,2.83300001,True,0,0.000405504725,2.68590019e-05,7bed0be95c70ea3d628b6f597ab1a7719de647b0dbfa9ffe8675658fe0b5f6ec,0,0,0.6528656482696533,
0,qwen21-1024-attention,int8,1.91883334,True,0,0.00464703621,0.000247799201,975e064dd7bbc2d711e0882710a3c18a9d4dba3019fef47f73a20b5bed5a3e6d,0,0,0.6640350818634033,
0,qwen21-1024-attention,previous_int8,1.91391667,True,0,0.00464703621,0.000247799201,975e064dd7bbc2d711e0882710a3c18a9d4dba3019fef47f73a20b5bed5a3e6d,0,0,0.6669270992279053,
0,qwen21-1024-attention,mlx,2.93158,True,0,,1.4894e-05,,,,0.6277470588684082,
0,qwen21-1024-projection,fp16,1.09995835,True,0,0.000208710424,0.429199219,438aed6e8f0a39e48a59fade7eba2ce5dddab1a794b9c131dc7b556b07cf8c64,0,0,0.6838257312774658,
0,qwen21-1024-projection,previous_fp16,1.09812499,True,0,0.000208710424,0.429199219,438aed6e8f0a39e48a59fade7eba2ce5dddab1a794b9c131dc7b556b07cf8c64,0,0,0.686676025390625,
0,qwen21-1024-projection,fp32,1.09808335,True,0,0.000208710424,0.429199219,438aed6e8f0a39e48a59fade7eba2ce5dddab1a794b9c131dc7b556b07cf8c64,0,0,0.6845917701721191,
0,qwen21-1024-projection,previous_fp32,1.09591667,True,0,0.000208710424,0.429199219,438aed6e8f0a39e48a59fade7eba2ce5dddab1a794b9c131dc7b556b07cf8c64,0,0,0.6884951591491699,
0,qwen21-1024-projection,int8,0.62737499,True,0,0.00385180616,4.32373047,e4b5306e4af4713229a557fb85b81a0026a2032e2b86c9f5bd74fe30659730a1,0,0,0.7766671180725098,
0,qwen21-1024-projection,previous_int8,0.626749999,True,0,0.00385180616,4.32373047,e4b5306e4af4713229a557fb85b81a0026a2032e2b86c9f5bd74fe30659730a1,0,0,0.778846025466919,
0,qwen21-1024-projection,mlx,1.09125,True,0,0.000279972,0.393555,,,,0.7170791625976562,
0,qwen21-1024-ffn-up,fp16,3.24654166,True,0,0.000188390145,0.299316406,f123e11447a6330e1e62e68488529924e7ccd5109a826f878b6fe5d05ab99f48,0,0,0.6830620765686035,
0,qwen21-1024-ffn-up,previous_fp16,3.24716666,True,0,0.000188390145,0.299316406,f123e11447a6330e1e62e68488529924e7ccd5109a826f878b6fe5d05ab99f48,0,0,0.6972439289093018,
0,qwen21-1024-ffn-up,fp32,3.24454166,True,0,0.000188390145,0.299316406,f123e11447a6330e1e62e68488529924e7ccd5109a826f878b6fe5d05ab99f48,0,0,0.68855881690979,
0,qwen21-1024-ffn-up,previous_fp32,3.24583334,True,0,0.000188390145,0.299316406,f123e11447a6330e1e62e68488529924e7ccd5109a826f878b6fe5d05ab99f48,0,0,0.6899430751800537,
0,qwen21-1024-ffn-up,int8,1.79037501,True,0,0.0040584335,5.23535156,521aa026f4698744f2e5ea3f121e00b7bc3a69392756483f7f630f5d45b8d682,0,0,0.7327368259429932,
0,qwen21-1024-ffn-up,previous_int8,1.79579167,True,0,0.0040584335,5.23535156,521aa026f4698744f2e5ea3f121e00b7bc3a69392756483f7f630f5d45b8d682,0,0,0.7443368434906006,
0,qwen21-1024-ffn-up,mlx,3.24483,True,0,0.000203526,0.199707,,,,0.823585033416748,
0,qwen21-1024-ffn-down,fp16,3.49275001,True,0,0.000311226981,1.44580078,8174478b12204f7945821fec78a6d9cd176716063cd1bbf32309c3b7e3f61241,0,0,0.6808531284332275,
0,qwen21-1024-ffn-down,previous_fp16,3.494875,True,0,0.000311226981,1.44580078,8174478b12204f7945821fec78a6d9cd176716063cd1bbf32309c3b7e3f61241,0,0,0.6879322528839111,
0,qwen21-1024-ffn-down,fp32,3.99479167,True,0,0.000307669286,1.44580078,056497784d0f977323ed4b8c5bf077203fc2e7265b0a8ab89799bb5e71c6606f,0,0,0.9066140651702881,
0,qwen21-1024-ffn-down,previous_fp32,3.98733333,True,0,0.000307669286,1.44580078,056497784d0f977323ed4b8c5bf077203fc2e7265b0a8ab89799bb5e71c6606f,0,0,0.9006962776184082,
0,qwen21-1024-ffn-down,int8,1.99050001,True,0,0.00356405594,15.8679199,779a148409efb7bb2af62d28d443e63f2b780b01ef15cc6eb87ae0a2e08e9e74,0,0,0.7304022312164307,
0,qwen21-1024-ffn-down,previous_int8,1.94474999,True,0,0.00356405594,15.8679199,779a148409efb7bb2af62d28d443e63f2b780b01ef15cc6eb87ae0a2e08e9e74,0,0,0.7344570159912109,
0,qwen21-1024-ffn-down,mlx,5.41925,True,0,0.000102363,0.376709,,,,0.7291550636291504,
0,qwen21-1536-attention,fp16,13.301,True,0,0.000497058571,3.51484715e-05,c3d207535310296d8dd9741e3c6599107fb9998478169d6d121a4eb031342f5a,0,0,0.7488830089569092,
0,qwen21-1536-attention,previous_fp16,13.3080833,True,0,0.000497058571,3.51484715e-05,c3d207535310296d8dd9741e3c6599107fb9998478169d6d121a4eb031342f5a,0,0,0.747816801071167,
0,qwen21-1536-attention,int8,8.681875,True,0,0.00440748365,0.000339523474,c22981f083a8388375c52ae3a2602a5a0d6a6de402ab01d8d4e26a7c8d686ae6,0,0,0.727679967880249,
0,qwen21-1536-attention,previous_int8,8.68620834,True,0,0.00440748365,0.000339523474,c22981f083a8388375c52ae3a2602a5a0d6a6de402ab01d8d4e26a7c8d686ae6,0,0,0.728065013885498,
0,qwen21-1536-attention,mlx,13.4521,True,0,,3.22529e-05,,,,0.7154099941253662,
0,qwen21-1536-projection,fp16,2.42083333,True,0,0.000178766411,0.225585938,c2769edc69e518eb250491c8b207807e6820fc4c50fee1e3e50d3d6eb558b33f,0,0,0.6808679103851318,
0,qwen21-1536-projection,previous_fp16,2.419,True,0,0.000178766411,0.225585938,c2769edc69e518eb250491c8b207807e6820fc4c50fee1e3e50d3d6eb558b33f,0,0,0.6825909614562988,
0,qwen21-1536-projection,fp32,2.41929166,True,0,0.000178766411,0.225585938,c2769edc69e518eb250491c8b207807e6820fc4c50fee1e3e50d3d6eb558b33f,0,0,0.6812961101531982,
0,qwen21-1536-projection,previous_fp32,2.42033333,True,0,0.000178766411,0.225585938,c2769edc69e518eb250491c8b207807e6820fc4c50fee1e3e50d3d6eb558b33f,0,0,0.6788899898529053,
0,qwen21-1536-projection,int8,1.42808333,True,0,0.00425944223,5.31396484,4f34dc5c8c28d402517f7526f143c53133925f0d61a15269fb4bc19900e465ea,0,0,1.0532732009887695,
0,qwen21-1536-projection,previous_int8,1.42725,True,0,0.00425944223,5.31396484,4f34dc5c8c28d402517f7526f143c53133925f0d61a15269fb4bc19900e465ea,0,0,0.7171761989593506,
0,qwen21-1536-projection,mlx,2.41912,True,0,0.00025317,0.393555,,,,0.7667598724365234,
0,qwen21-1536-ffn-up,fp16,7.2355,True,0,0.000222757063,0.493408203,3e4d29fd64c76934fd4ccf39126a6455fc542da4807f5601a88e5071eba0785d,0,0,0.7636771202087402,
0,qwen21-1536-ffn-up,previous_fp16,7.25679168,True,0,0.000222757063,0.493408203,3e4d29fd64c76934fd4ccf39126a6455fc542da4807f5601a88e5071eba0785d,0,0,0.7655839920043945,
0,qwen21-1536-ffn-up,fp32,7.2655,True,0,0.000222757063,0.493408203,3e4d29fd64c76934fd4ccf39126a6455fc542da4807f5601a88e5071eba0785d,0,0,0.7666668891906738,
0,qwen21-1536-ffn-up,previous_fp32,7.26129167,True,0,0.000222757063,0.493408203,3e4d29fd64c76934fd4ccf39126a6455fc542da4807f5601a88e5071eba0785d,0,0,0.7639591693878174,
0,qwen21-1536-ffn-up,int8,4.01095834,True,0,0.00377143832,4.75683594,5997a09ccd12fe1d25f2528dd2afee25661171e47e3ecf4750c7ebc59e370d7f,0,0,1.1147761344909668,
0,qwen21-1536-ffn-up,previous_int8,4.00674999,True,0,0.00377143832,4.75683594,5997a09ccd12fe1d25f2528dd2afee25661171e47e3ecf4750c7ebc59e370d7f,0,0,0.8025119304656982,
0,qwen21-1536-ffn-up,mlx,7.25896,True,0,0.000257412,0.404297,,,,1.0484569072723389,
0,qwen21-1536-ffn-down,fp16,9.01870833,True,0,0.000272702148,2.37182617,39f93310bbb112d1a13f70c9976ac795695a9c8493933c7c3db9a960d4afd9d7,0,0,0.7634351253509521,
0,qwen21-1536-ffn-down,previous_fp16,9.17695832,True,0,0.000272702148,2.37182617,39f93310bbb112d1a13f70c9976ac795695a9c8493933c7c3db9a960d4afd9d7,0,0,0.7665307521820068,
0,qwen21-1536-ffn-down,fp32,9.006375,True,0,0.000312082527,2.19165039,7bb94af74857c7c1e30d27ec813d49d04b4d197b02461968fd50f19d659ed873,0,0,0.765841007232666,
0,qwen21-1536-ffn-down,previous_fp32,8.94887501,True,0,0.000312082527,2.19165039,7bb94af74857c7c1e30d27ec813d49d04b4d197b02461968fd50f19d659ed873,0,0,0.7658817768096924,
0,qwen21-1536-ffn-down,int8,4.261875,True,0,0.00382155615,14.3598633,f709954e97162487c06b87f8ef0723e690f1dc623c78d74fe3e571e99b71bc07,0,0,1.851975917816162,
0,qwen21-1536-ffn-down,previous_int8,4.26708334,True,0,0.00382155615,14.3598633,f709954e97162487c06b87f8ef0723e690f1dc623c78d74fe3e571e99b71bc07,0,0,0.7664337158203125,
0,qwen21-1536-ffn-down,mlx,9.09783,True,0,0.000200018,0.859863,,,,0.8661119937896729,
0,qwen21-2048-attention,fp16,42.1217083,True,0,0.000430278857,4.84934205e-05,948e56503bdadd5150b1f9149d67357e154822ddafa48e584a28e79b0e2cca67,0,0,0.9956579208374023,
0,qwen21-2048-attention,previous_fp16,42.1445,True,0,0.000430278857,4.84934205e-05,948e56503bdadd5150b1f9149d67357e154822ddafa48e584a28e79b0e2cca67,0,0,0.9968092441558838,
0,qwen21-2048-attention,int8,25.75725,True,0,0.00476811669,0.000330980064,1f831cbe5d21fa3e52bfa8e288f9166109b65f40ad876574700aa35981c8ce63,0,0,0.9170291423797607,
0,qwen21-2048-attention,previous_int8,25.74675,True,0,0.00476811669,0.000330980064,1f831cbe5d21fa3e52bfa8e288f9166109b65f40ad876574700aa35981c8ce63,0,0,0.9133410453796387,
0,qwen21-2048-attention,mlx,42.6085,True,0,,4.84939e-05,,,,0.9671878814697266,
0,qwen21-2048-projection,fp16,4.27,True,0,0.00021168214,0.368164062,fd0f72d6cb39bfb0dc78993021c348429b2f06c050c7ed2f1ebc8ddd34000ee6,0,0,0.7119660377502441,
0,qwen21-2048-projection,previous_fp16,4.27125,True,0,0.00021168214,0.368164062,fd0f72d6cb39bfb0dc78993021c348429b2f06c050c7ed2f1ebc8ddd34000ee6,0,0,0.7187602519989014,
0,qwen21-2048-projection,fp32,4.27145833,True,0,0.00021168214,0.368164062,fd0f72d6cb39bfb0dc78993021c348429b2f06c050c7ed2f1ebc8ddd34000ee6,0,0,0.7090239524841309,
0,qwen21-2048-projection,previous_fp32,4.27,True,0,0.00021168214,0.368164062,fd0f72d6cb39bfb0dc78993021c348429b2f06c050c7ed2f1ebc8ddd34000ee6,0,0,0.7140841484069824,
0,qwen21-2048-projection,int8,2.515,True,0,0.00377236083,4.80664062,5a4b88b1b6c22160d6a2b8e9c97e64bf62b405932d4d7e62babccdbff79f48e1,0,0,1.079064130783081,
0,qwen21-2048-projection,previous_int8,2.51720834,True,0,0.00377236083,4.80664062,5a4b88b1b6c22160d6a2b8e9c97e64bf62b405932d4d7e62babccdbff79f48e1,0,0,0.7337617874145508,
0,qwen21-2048-projection,mlx,4.26925,True,0,0.000291107,0.393555,,,,0.8846919536590576,
0,qwen21-2048-ffn-up,fp16,12.7545417,True,0,0.000225816515,0.456787109,12b67cd92bbb5a1778ce83eac75b333dd07dd352ff83ef1e71d3dda3473a1d0d,0,0,0.8988838195800781,
0,qwen21-2048-ffn-up,previous_fp16,12.757125,True,0,0.000225816515,0.456787109,12b67cd92bbb5a1778ce83eac75b333dd07dd352ff83ef1e71d3dda3473a1d0d,0,0,0.8976950645446777,
0,qwen21-2048-ffn-up,fp32,12.758625,True,0,0.000225816515,0.456787109,12b67cd92bbb5a1778ce83eac75b333dd07dd352ff83ef1e71d3dda3473a1d0d,0,0,0.9036769866943359,
0,qwen21-2048-ffn-up,previous_fp32,12.760875,True,0,0.000225816515,0.456787109,12b67cd92bbb5a1778ce83eac75b333dd07dd352ff83ef1e71d3dda3473a1d0d,0,0,0.8970949649810791,
0,qwen21-2048-ffn-up,int8,7.106,True,0,0.00380875269,4.75683594,894a83c18c5e43410192a9ccbe0db65bf3573bbc5fe27e5f568d908be5540ee4,0,0,1.2163150310516357,
0,qwen21-2048-ffn-up,previous_int8,7.1055,True,0,0.00380875269,4.75683594,894a83c18c5e43410192a9ccbe0db65bf3573bbc5fe27e5f568d908be5540ee4,0,0,0.8945422172546387,
0,qwen21-2048-ffn-up,mlx,12.7571,True,0,0.000304309,0.450684,,,,1.3715529441833496,
0,qwen21-2048-ffn-down,fp16,13.500625,True,0,0.000230268862,1.21044922,2321f6c111de7098fd87bcd68ebc60aef2cb58483bbe9cc6bcc535999ff56e3b,0,0,0.8625509738922119,
0,qwen21-2048-ffn-down,previous_fp16,13.516625,True,0,0.000230268862,1.21044922,2321f6c111de7098fd87bcd68ebc60aef2cb58483bbe9cc6bcc535999ff56e3b,0,0,0.8609848022460938,
0,qwen21-2048-ffn-down,fp32,15.3141667,True,0,0.000240662584,1.09375,d2828a8ab889ed965668251e4657fb003de7bce5002ececdee68f9f55ac22df6,0,0,0.8826079368591309,
0,qwen21-2048-ffn-down,previous_fp32,15.345,True,0,0.000240662584,1.09375,d2828a8ab889ed965668251e4657fb003de7bce5002ececdee68f9f55ac22df6,0,0,0.8771982192993164,
0,qwen21-2048-ffn-down,int8,7.54504166,True,0,0.00404606932,14.435791,77ef8f7fc2115ad9af1ccd2634d29f4d4d31aee2bac1211f7480f9629c565ceb,0,0,0.8630480766296387,
0,qwen21-2048-ffn-down,previous_int8,7.54029166,True,0,0.00404606932,14.435791,77ef8f7fc2115ad9af1ccd2634d29f4d4d31aee2bac1211f7480f9629c565ceb,0,0,0.858731746673584,
0,qwen21-2048-ffn-down,mlx,14.9302,True,0,9.77227e-05,0.302246,,,,1.0670990943908691,
0,qwen21-reference,fp16,5.63025,True,0,0.000452501597,3.74520716e-05,295c0d63938e3cb6be3e60290301fe8670180aa7fd8de2977b943d20cf5766f0,0,0,0.6738569736480713,
0,qwen21-reference,previous_fp16,5.60054167,True,0,0.000452501597,3.74520716e-05,295c0d63938e3cb6be3e60290301fe8670180aa7fd8de2977b943d20cf5766f0,0,0,0.670720100402832,
0,qwen21-reference,int8,3.686,True,0,0.00435090854,0.000237206132,3e92c43f876562ec4ae48eac118b4fb5db70367d9feda5f8ed0c62faf5bce134,0,0,0.6769542694091797,
0,qwen21-reference,previous_int8,3.68720833,True,0,0.00435090854,0.000237206132,3e92c43f876562ec4ae48eac118b4fb5db70367d9feda5f8ed0c62faf5bce134,0,0,0.6730408668518066,
0,qwen21-reference,mlx,5.77913,True,0,,2.84755e-05,,,,0.6579470634460449,
0,h3-480p-ui-10s,fp16,301.038958,True,0,0.000353923808,3.25733198e-05,c29ee7ddd4649455b675f488dfbc75d71cdacf42e03fcd91a651ee9c255d3817,0,0,3.7155978679656982,
0,h3-480p-ui-10s,previous_fp16,300.70125,True,0,0.000353923808,3.25733198e-05,c29ee7ddd4649455b675f488dfbc75d71cdacf42e03fcd91a651ee9c255d3817,0,0,3.6905629634857178,
0,h3-480p-ui-10s,int8,157.85175,True,0,0.00435047662,0.000332287059,04d31a045c4ee08d1f0a93ec3bb96daf3cb95dc802234c40e5dc786d8b0e3e5e,0,0,2.4937479496002197,
0,h3-480p-ui-10s,previous_int8,157.74325,True,0,0.00435047662,0.000332287059,04d31a045c4ee08d1f0a93ec3bb96daf3cb95dc802234c40e5dc786d8b0e3e5e,0,0,2.4955010414123535,
0,h3-480p-ui-10s,mlx,305.875,True,0,,2.71963e-05,,,,3.615467071533203,
0,h3-480p-ui-10s-q,fp16,19.015,True,0,0.000186511816,0.439697266,7cf02231419568d02a5553e60f0f8c08c3ca44f5c5005aa1a8eb59e2c5b28ca3,0,0,1.0104968547821045,
0,h3-480p-ui-10s-q,previous_fp16,19.0062917,True,0,0.000186511816,0.439697266,7cf02231419568d02a5553e60f0f8c08c3ca44f5c5005aa1a8eb59e2c5b28ca3,0,0,1.0103759765625,
0,h3-480p-ui-10s-q,fp32,19.0275,True,0,0.000186511816,0.439697266,7cf02231419568d02a5553e60f0f8c08c3ca44f5c5005aa1a8eb59e2c5b28ca3,0,0,1.0101349353790283,
0,h3-480p-ui-10s-q,previous_fp32,18.9481667,True,0,0.000186511816,0.439697266,7cf02231419568d02a5553e60f0f8c08c3ca44f5c5005aa1a8eb59e2c5b28ca3,0,0,1.0051121711730957,
0,h3-480p-ui-10s-q,int8,10.6335,True,0,0.00391035781,6.35327148,e5bada8acfedaf556b974ca27cdf4d436df41d11a42dab552e057c1fb5ecfe5f,0,0,0.9834549427032471,
0,h3-480p-ui-10s-q,previous_int8,10.62975,True,0,0.00391035781,6.35327148,e5bada8acfedaf556b974ca27cdf4d436df41d11a42dab552e057c1fb5ecfe5f,0,0,0.9883897304534912,
0,h3-480p-ui-10s-q,mlx,19.0204,True,0,0.000194972,0.241943,,,,1.5324561595916748,
0,h3-480p-ui-10s-output,fp16,18.9026667,True,0,0.000180633673,0.486572266,39bd48e32775ff1a150be4566a4ee4e4fc4447562e6337ab87cf576d7f7baa70,0,0,0.9905989170074463,
0,h3-480p-ui-10s-output,previous_fp16,18.92475,True,0,0.000180633673,0.486572266,39bd48e32775ff1a150be4566a4ee4e4fc4447562e6337ab87cf576d7f7baa70,0,0,0.9863400459289551,
0,h3-480p-ui-10s-output,fp32,18.883375,True,0,0.000180633673,0.486572266,39bd48e32775ff1a150be4566a4ee4e4fc4447562e6337ab87cf576d7f7baa70,0,0,0.9925370216369629,
0,h3-480p-ui-10s-output,previous_fp32,18.938375,True,0,0.000180633673,0.486572266,39bd48e32775ff1a150be4566a4ee4e4fc4447562e6337ab87cf576d7f7baa70,0,0,0.987933874130249,
0,h3-480p-ui-10s-output,int8,10.8289583,True,0,0.00433472402,9.28393555,81c7064d82f73eeddf841b016df874b1b5eb432ff3e38e03fe7763b53d588735,0,0,0.9651319980621338,
0,h3-480p-ui-10s-output,previous_int8,10.7884583,True,0,0.00433472402,9.28393555,81c7064d82f73eeddf841b016df874b1b5eb432ff3e38e03fe7763b53d588735,0,0,0.9638609886169434,
0,h3-480p-ui-10s-output,mlx,18.9291,True,0,0.000257383,0.355225,,,,1.427933931350708,
0,h3-480p-ui-10s-output-cast,fp16,19.9046667,True,0,0.000180633673,0.486572266,e82a5e35cc20eb1a1bc195dc21d93ec737b7007cde2f79019789f508453110d4,0,0,1.1842780113220215,
0,h3-480p-ui-10s-output-cast,previous_fp16,19.8208333,True,0,0.000180633673,0.486572266,e82a5e35cc20eb1a1bc195dc21d93ec737b7007cde2f79019789f508453110d4,0,0,1.2117109298706055,
0,h3-480p-ui-10s-output-cast,fp32,19.82875,True,0,0.000180633673,0.486572266,e82a5e35cc20eb1a1bc195dc21d93ec737b7007cde2f79019789f508453110d4,0,0,1.1714370250701904,
0,h3-480p-ui-10s-output-cast,previous_fp32,19.814625,True,0,0.000180633673,0.486572266,e82a5e35cc20eb1a1bc195dc21d93ec737b7007cde2f79019789f508453110d4,0,0,1.1691603660583496,
0,h3-480p-ui-10s-output-cast,int8,10.841,True,0,0.00433472402,9.28393555,7543c318beed070f85636539021dad5841fde007da9d700a8a49e0ae6e569822,1,0,1.1594080924987793,
0,h3-480p-ui-10s-output-cast,previous_int8,10.792125,True,0,0.00433472402,9.28393555,7543c318beed070f85636539021dad5841fde007da9d700a8a49e0ae6e569822,1,0,1.5540580749511719,
0,h3-480p-ui-10s-output-cast,mlx,19.784,True,0,0.000257383,0.355225,,,,1.9703171253204346,
0,h3-480p-ui-10s-ffn-up,fp16,38.006125,True,0,0.0001897889,0.447753906,4a1dc8f10507f2d1913c3382243c1082c874e2bda6f396f6bbd885568a7b64fa,0,0,1.3661839962005615,
0,h3-480p-ui-10s-ffn-up,previous_fp16,38.005,True,0,0.0001897889,0.447753906,4a1dc8f10507f2d1913c3382243c1082c874e2bda6f396f6bbd885568a7b64fa,0,0,1.3357610702514648,
0,h3-480p-ui-10s-ffn-up,fp32,38.01625,True,0,0.0001897889,0.447753906,4a1dc8f10507f2d1913c3382243c1082c874e2bda6f396f6bbd885568a7b64fa,0,0,1.340831995010376,
0,h3-480p-ui-10s-ffn-up,previous_fp32,37.999,True,0,0.0001897889,0.447753906,4a1dc8f10507f2d1913c3382243c1082c874e2bda6f396f6bbd885568a7b64fa,0,0,1.3371193408966064,
0,h3-480p-ui-10s-ffn-up,int8,20.6352917,True,0,0.00382666666,6.8894043,cc0662f79d60c0684f2cd82a735aa3a6901c62b9fdf9da5fe930d6f6fce9d8f6,0,0,1.294687271118164,
0,h3-480p-ui-10s-ffn-up,previous_int8,20.6249583,True,0,0.00382666666,6.8894043,cc0662f79d60c0684f2cd82a735aa3a6901c62b9fdf9da5fe930d6f6fce9d8f6,0,0,1.2814841270446777,
0,h3-480p-ui-10s-ffn-up,mlx,37.9888,True,0,0.00020919,0.374512,,,,2.4880189895629883,
0,h3-480p-ui-10s-ffn-down,fp16,46.3027917,True,0,0.000204738313,1.94775391,d16f979bca722be1ed63e51d81cbe7ab93b6623e8728f7954c180726bc7e02c4,0,0,1.3014500141143799,
0,h3-480p-ui-10s-ffn-down,previous_fp16,46.38875,True,0,0.000204738313,1.94775391,d16f979bca722be1ed63e51d81cbe7ab93b6623e8728f7954c180726bc7e02c4,0,0,1.3155479431152344,
0,h3-480p-ui-10s-ffn-down,fp32,46.5209583,True,0,0.000204738313,1.94775391,d16f979bca722be1ed63e51d81cbe7ab93b6623e8728f7954c180726bc7e02c4,0,0,1.3187730312347412,
0,h3-480p-ui-10s-ffn-down,previous_fp32,46.315625,True,0,0.000204738313,1.94775391,d16f979bca722be1ed63e51d81cbe7ab93b6623e8728f7954c180726bc7e02c4,0,0,1.3148281574249268,
0,h3-480p-ui-10s-ffn-down,int8,22.118875,True,0,0.00391628554,18.2285156,c5c3d04e4c1796323dbcc239ffa3eb76658f686e93536064184f0b09c496864d,0,0,1.2189147472381592,
0,h3-480p-ui-10s-ffn-down,previous_int8,22.098125,True,0,0.00391628554,18.2285156,c5c3d04e4c1796323dbcc239ffa3eb76658f686e93536064184f0b09c496864d,0,0,1.20194411277771,
0,h3-480p-ui-10s-ffn-down,mlx,46.4434,True,0,0.000102407,0.505615,,,,1.8363709449768066,
0,h3-480p-ui-10s-ffn-down-cast,fp16,47.2905,True,0,0.000204738313,1.94775391,92481c40c811ab8aa8722955d187a875b67c07aabf038872f5ea6bd34e1b63d7,0,0,1.513293981552124,
0,h3-480p-ui-10s-ffn-down-cast,previous_fp16,47.2630417,True,0,0.000204738313,1.94775391,92481c40c811ab8aa8722955d187a875b67c07aabf038872f5ea6bd34e1b63d7,0,0,1.5177772045135498,
0,h3-480p-ui-10s-ffn-down-cast,fp32,47.347625,True,0,0.000204738313,1.94775391,92481c40c811ab8aa8722955d187a875b67c07aabf038872f5ea6bd34e1b63d7,0,0,1.530958890914917,
0,h3-480p-ui-10s-ffn-down-cast,previous_fp32,47.71525,True,0,0.000204738313,1.94775391,92481c40c811ab8aa8722955d187a875b67c07aabf038872f5ea6bd34e1b63d7,0,0,1.5140900611877441,
0,h3-480p-ui-10s-ffn-down-cast,int8,22.1614167,True,0,0.00391628554,18.2285156,cdd20abf4be287f3f900bee6476cb40e3672f1d5a9df288067ff0dc521a43358,1,0,1.4136488437652588,
0,h3-480p-ui-10s-ffn-down-cast,previous_int8,22.1234583,True,0,0.00391628554,18.2285156,cdd20abf4be287f3f900bee6476cb40e3672f1d5a9df288067ff0dc521a43358,1,0,1.4041390419006348,
0,h3-480p-ui-10s-ffn-down-cast,mlx,47.2192,True,0,0.000102407,0.505615,,,,2.369669198989868,
0,h3-720p-ui-10s,fp16,1606.52013,True,0,0.00037906241,2.49383628e-05,2d64a0668b5bf2faf2498a705f88da49bf396ef4ee66a09a48ca5ba90397881e,0,0,17.576598644256592,
0,h3-720p-ui-10s,previous_fp16,1607.20213,True,0,0.00037906241,2.49383628e-05,2d64a0668b5bf2faf2498a705f88da49bf396ef4ee66a09a48ca5ba90397881e,0,0,17.5681209564209,
0,h3-720p-ui-10s,int8,768.323208,True,0,0.00408033087,0.000308362264,94f795fbabb5aab75bb9d5c00acbc5ec759e33ff6fdad774ce7068447fab486b,0,0,9.216512203216553,
0,h3-720p-ui-10s,previous_int8,768.0935,True,0,0.00408033087,0.000308362264,94f795fbabb5aab75bb9d5c00acbc5ec759e33ff6fdad774ce7068447fab486b,0,0,9.215052127838135,
0,h3-720p-ui-10s,mlx,1602.91,True,0,,2.49392e-05,,,,17.30888295173645,
0,h3-720p-ui-10s-q,fp16,42.8411667,True,0,0.000190073249,0.479492188,5118f030d1bb003f949b949a1cccb40d28049d422eb43890c1df10abe28d7e61,0,0,1.5511741638183594,
0,h3-720p-ui-10s-q,previous_fp16,42.8205417,True,0,0.000190073249,0.479492188,5118f030d1bb003f949b949a1cccb40d28049d422eb43890c1df10abe28d7e61,0,0,1.5512001514434814,
0,h3-720p-ui-10s-q,fp32,42.7930417,True,0,0.000190073249,0.479492188,5118f030d1bb003f949b949a1cccb40d28049d422eb43890c1df10abe28d7e61,0,0,1.5504660606384277,
0,h3-720p-ui-10s-q,previous_fp32,42.858875,True,0,0.000190073249,0.479492188,5118f030d1bb003f949b949a1cccb40d28049d422eb43890c1df10abe28d7e61,0,0,1.5588221549987793,
0,h3-720p-ui-10s-q,int8,23.7714583,True,0,0.00372343514,6.9284668,43370834459b5cf995992d03dd0cd7ae7e9596ffb3406e91d0d1ed76350cd6f3,0,0,1.9332852363586426,
0,h3-720p-ui-10s-q,previous_int8,23.7943333,True,0,0.00372343514,6.9284668,43370834459b5cf995992d03dd0cd7ae7e9596ffb3406e91d0d1ed76350cd6f3,0,0,1.4556376934051514,
0,h3-720p-ui-10s-q,mlx,42.8285,True,0,0.000256459,0.409912,,,,2.7908949851989746,
0,h3-720p-ui-10s-output,fp16,42.4294167,True,0,0.000244164607,0.497314453,17e5e18e832285d647600012b2d7b23267ae75e3688feefad45b9eaa521642a4,0,0,1.4985389709472656,
0,h3-720p-ui-10s-output,previous_fp16,42.418,True,0,0.000244164607,0.497314453,17e5e18e832285d647600012b2d7b23267ae75e3688feefad45b9eaa521642a4,0,0,1.501662015914917,
0,h3-720p-ui-10s-output,fp32,42.394,True,0,0.000244164607,0.497314453,17e5e18e832285d647600012b2d7b23267ae75e3688feefad45b9eaa521642a4,0,0,1.510113000869751,
0,h3-720p-ui-10s-output,previous_fp32,42.411875,True,0,0.000244164607,0.497314453,17e5e18e832285d647600012b2d7b23267ae75e3688feefad45b9eaa521642a4,0,0,1.5046441555023193,
0,h3-720p-ui-10s-output,int8,24.102625,True,0,0.00564983144,9.30957031,c9b94548ee9e64acc61f595ecb75847770ff6d3cf5816cfe1f33c5a8760028b1,0,0,1.4355072975158691,
0,h3-720p-ui-10s-output,previous_int8,24.106875,True,0,0.00564983144,9.30957031,c9b94548ee9e64acc61f595ecb75847770ff6d3cf5816cfe1f33c5a8760028b1,0,0,1.4175879955291748,
0,h3-720p-ui-10s-output,mlx,42.4021,True,0,0.000254722,0.40332,,,,2.5189340114593506,
0,h3-720p-ui-10s-output-cast,fp16,44.5715,True,0,0.000244164607,0.497314453,c68d83902668cb2e099d0bd0f8037d352dd90553783a7418c1d6533e196973aa,0,0,1.959993839263916,
0,h3-720p-ui-10s-output-cast,previous_fp16,44.5550833,True,0,0.000244164607,0.497314453,c68d83902668cb2e099d0bd0f8037d352dd90553783a7418c1d6533e196973aa,0,0,1.9340591430664062,
0,h3-720p-ui-10s-output-cast,fp32,44.6169167,True,0,0.000244164607,0.497314453,c68d83902668cb2e099d0bd0f8037d352dd90553783a7418c1d6533e196973aa,0,0,1.9118320941925049,
0,h3-720p-ui-10s-output-cast,previous_fp32,44.58125,True,0,0.000244164607,0.497314453,c68d83902668cb2e099d0bd0f8037d352dd90553783a7418c1d6533e196973aa,0,0,1.9310569763183594,
0,h3-720p-ui-10s-output-cast,int8,24.190375,True,0,0.00564983144,9.30957031,4ec766989d511f601bb9c249eb9cdbbacbbb807bd1c79761428b9af7654abee2,1,0,1.82368803024292,
0,h3-720p-ui-10s-output-cast,previous_int8,24.20625,True,0,0.00564983144,9.30957031,4ec766989d511f601bb9c249eb9cdbbacbbb807bd1c79761428b9af7654abee2,1,0,1.850383996963501,
0,h3-720p-ui-10s-output-cast,mlx,44.5727,True,0,0.000254722,0.40332,,,,3.7567548751831055,
0,h3-720p-ui-10s-ffn-up,fp16,85.69025,True,0,0.000183206651,0.447998047,1205be1a7a74b1df328120725d8f6e551ec18399bbd54af38dbcd9151d2db847,0,0,2.2605080604553223,
0,h3-720p-ui-10s-ffn-up,previous_fp16,85.620375,True,0,0.000183206651,0.447998047,1205be1a7a74b1df328120725d8f6e551ec18399bbd54af38dbcd9151d2db847,0,0,2.269685983657837,
0,h3-720p-ui-10s-ffn-up,fp32,85.66675,True,0,0.000183206651,0.447998047,1205be1a7a74b1df328120725d8f6e551ec18399bbd54af38dbcd9151d2db847,0,0,2.2810542583465576,
0,h3-720p-ui-10s-ffn-up,previous_fp32,85.6445,True,0,0.000183206651,0.447998047,1205be1a7a74b1df328120725d8f6e551ec18399bbd54af38dbcd9151d2db847,0,0,2.2632179260253906,
0,h3-720p-ui-10s-ffn-up,int8,46.3580417,True,0,0.00363725828,6.9284668,9361d91fe2b800375b13e7243c4fd6a01b609e4aec9fbbad7c26a30d6cc9865e,0,0,2.5347630977630615,
0,h3-720p-ui-10s-ffn-up,previous_int8,46.3699167,True,0,0.00363725828,6.9284668,9361d91fe2b800375b13e7243c4fd6a01b609e4aec9fbbad7c26a30d6cc9865e,0,0,2.0852279663085938,
0,h3-720p-ui-10s-ffn-up,mlx,85.5812,True,0,0.000243671,0.374512,,,,4.7819132804870605,
0,h3-720p-ui-10s-ffn-down,fp16,100.021792,True,0,0.000204094491,0.985839844,19d1284d373e87d42c169fdb0159fbc26b15c5cff91187ada18d0e6b4d335cfc,0,0,2.159956932067871,
0,h3-720p-ui-10s-ffn-down,previous_fp16,100.23275,True,0,0.000204094491,0.985839844,19d1284d373e87d42c169fdb0159fbc26b15c5cff91187ada18d0e6b4d335cfc,0,0,2.148790121078491,
0,h3-720p-ui-10s-ffn-down,fp32,100.1015,True,0,0.000204094491,0.985839844,19d1284d373e87d42c169fdb0159fbc26b15c5cff91187ada18d0e6b4d335cfc,0,0,2.163588047027588,
0,h3-720p-ui-10s-ffn-down,previous_fp32,100.042375,True,0,0.000204094491,0.985839844,19d1284d373e87d42c169fdb0159fbc26b15c5cff91187ada18d0e6b4d335cfc,0,0,2.1614880561828613,
0,h3-720p-ui-10s-ffn-down,int8,49.3775,True,0,0.00506093826,18.2370605,eee77d2959e69915b45b8212112d472b1477915ed700b534757cad1ed03884f9,0,0,1.9061627388000488,
0,h3-720p-ui-10s-ffn-down,previous_int8,49.3471667,True,0,0.00506093826,18.2370605,eee77d2959e69915b45b8212112d472b1477915ed700b534757cad1ed03884f9,0,0,1.9025242328643799,
0,h3-720p-ui-10s-ffn-down,mlx,99.7032,True,0,0.000160558,0.496826,,,,3.2479307651519775,
0,h3-720p-ui-10s-ffn-down-cast,fp16,102.133917,True,0,0.000204094491,0.985839844,a13016cd03cd547607bcbe3d39b63cf63268d397cdbab41a3b8391f62e6a3a16,0,0,2.5704102516174316,
0,h3-720p-ui-10s-ffn-down-cast,previous_fp16,102.314042,True,0,0.000204094491,0.985839844,a13016cd03cd547607bcbe3d39b63cf63268d397cdbab41a3b8391f62e6a3a16,0,0,2.5936648845672607,
0,h3-720p-ui-10s-ffn-down-cast,fp32,102.211375,True,0,0.000204094491,0.985839844,a13016cd03cd547607bcbe3d39b63cf63268d397cdbab41a3b8391f62e6a3a16,0,0,2.5854227542877197,
0,h3-720p-ui-10s-ffn-down-cast,previous_fp32,102.38025,True,0,0.000204094491,0.985839844,a13016cd03cd547607bcbe3d39b63cf63268d397cdbab41a3b8391f62e6a3a16,0,0,2.587214946746826,
0,h3-720p-ui-10s-ffn-down-cast,int8,49.5310833,True,0,0.00506093826,18.2370605,d10321e095adb2c6a95be34e5f386b64b7d8ec7384db653a8ab278b9720b4d83,1,0,2.3288419246673584,
0,h3-720p-ui-10s-ffn-down-cast,previous_int8,49.5572083,True,0,0.00506093826,18.2370605,d10321e095adb2c6a95be34e5f386b64b7d8ec7384db653a8ab278b9720b4d83,1,0,2.337510108947754,
0,h3-720p-ui-10s-ffn-down-cast,mlx,102.591,True,0,0.000160558,0.496826,,,,4.506223201751709,
0,local-qwen35-4b-m1-projection,fp16,0.0173333392,True,0,0.000234557513,0.263427734,51a1dd889b76fbe0a500d1fea2e5aa64dde5df707c4dc31b1c4e67c2f975aaa4,0,0,5.38415002822876,
0,local-qwen35-4b-m1-projection,previous_fp16,0.0174583256,True,0,0.000234557513,0.263427734,51a1dd889b76fbe0a500d1fea2e5aa64dde5df707c4dc31b1c4e67c2f975aaa4,0,0,5.288185119628906,
0,local-qwen35-4b-m1-projection,fp32,0.0127500098,True,0,0.000215124035,0.236572266,87df66dcd2197e474f37dfaaa98c8a15e611c5d5253ed38667da04ede490dac5,0,0,6.764436960220337,
0,local-qwen35-4b-m1-projection,previous_fp32,0.0124999933,True,0,0.000215124035,0.236572266,87df66dcd2197e474f37dfaaa98c8a15e611c5d5253ed38667da04ede490dac5,0,0,6.632197141647339,
0,local-qwen35-4b-m1-projection,int8,0.00812498911,True,0,0.00200493368,1.64477539,39ec3b5e550eaab926fc4d283a3eaf1a837f52b16d4bef9dc056e78e2a825ffd,0,0,10.309765815734863,
0,local-qwen35-4b-m1-projection,previous_int8,0.00804166484,True,0,0.00200493368,1.64477539,39ec3b5e550eaab926fc4d283a3eaf1a837f52b16d4bef9dc056e78e2a825ffd,0,0,10.04404091835022,
0,local-qwen35-4b-m1-projection,mlx,0.010125,True,0,0.000122167,0.097168,,,,8.25925612449646,
0,local-qwen35-4b-m1-up,fp16,0.0379999983,True,0,0.000221042253,0.263427734,7bc9a23fbcab308aeafaaa45937bfdbeabf2afdce7e4b325c44478b2412aae4a,0,0,2.6416008472442627,
0,local-qwen35-4b-m1-up,previous_fp16,0.0373333314,True,0,0.000221042253,0.263427734,7bc9a23fbcab308aeafaaa45937bfdbeabf2afdce7e4b325c44478b2412aae4a,0,0,2.6902530193328857,
0,local-qwen35-4b-m1-up,fp32,0.0313749915,True,0,0.000208399608,0.236572266,2d84915cd903f8959aae8528bb77edc206bae7b8b65eeca2ff90c0675e62e7b9,0,0,3.172520875930786,
0,local-qwen35-4b-m1-up,previous_fp32,0.0305833237,True,0,0.000208399608,0.236572266,2d84915cd903f8959aae8528bb77edc206bae7b8b65eeca2ff90c0675e62e7b9,0,0,3.230173110961914,
0,local-qwen35-4b-m1-up,int8,0.0158749899,True,0,0.00203436908,1.64355469,284472f67cb403574b7a151ce671a601fca2d80aec1a5dc463ab894b7848db94,0,0,5.487809896469116,
0,local-qwen35-4b-m1-up,previous_int8,0.0162500073,True,0,0.00203436908,1.64355469,284472f67cb403574b7a151ce671a601fca2d80aec1a5dc463ab894b7848db94,0,0,5.445611000061035,
0,local-qwen35-4b-m1-up,mlx,0.0244167,True,0,0.000265042,0.0961914,,,,4.075905799865723,
0,local-qwen35-4b-m1-down,fp16,0.0373333314,True,0,0.000220398205,0.97265625,32f1ff249f13b7c0417f97bee687c50c1a999db5873728aec4d8dfcd0de8b7e9,0,0,2.7887461185455322,
0,local-qwen35-4b-m1-down,previous_fp16,0.0363750005,True,0,0.000220398205,0.97265625,32f1ff249f13b7c0417f97bee687c50c1a999db5873728aec4d8dfcd0de8b7e9,0,0,2.7594199180603027,
0,local-qwen35-4b-m1-down,fp32,0.0369166664,True,0,0.000220398205,0.97265625,32f1ff249f13b7c0417f97bee687c50c1a999db5873728aec4d8dfcd0de8b7e9,0,0,2.7401328086853027,
0,local-qwen35-4b-m1-down,previous_fp32,0.0369583286,True,0,0.000220398205,0.97265625,32f1ff249f13b7c0417f97bee687c50c1a999db5873728aec4d8dfcd0de8b7e9,0,0,2.6935198307037354,
0,local-qwen35-4b-m1-down,int8,0.0186249963,True,0,0.00197321869,5.91137695,b7d97d1db04a2bd66e18c82817084b7fe93b35dbbdb93daadba04a0f857d4ac2,0,0,4.982054710388184,
0,local-qwen35-4b-m1-down,previous_int8,0.018250008,True,0,0.00197321869,5.91137695,b7d97d1db04a2bd66e18c82817084b7fe93b35dbbdb93daadba04a0f857d4ac2,0,0,4.943328142166138,
0,local-qwen35-4b-m1-down,mlx,0.02925,True,0,0.000199283,0.250488,,,,3.4084150791168213,
0,local-qwen35-4b-m2-projection,fp16,0.012958335,True,0,0.000202488025,0.236572266,3bd2aed49249d8d5e5da1b3db2fa3e81ee27eea49b1734b676dce87cd53ff98b,0,0,6.379124879837036,
0,local-qwen35-4b-m2-projection,previous_fp16,0.0125833321,True,0,0.000202488025,0.236572266,3bd2aed49249d8d5e5da1b3db2fa3e81ee27eea49b1734b676dce87cd53ff98b,0,0,6.664068937301636,
0,local-qwen35-4b-m2-projection,fp32,0.0126249943,True,0,0.000202488025,0.236572266,3bd2aed49249d8d5e5da1b3db2fa3e81ee27eea49b1734b676dce87cd53ff98b,0,0,6.701961994171143,
0,local-qwen35-4b-m2-projection,previous_fp32,0.0127499952,True,0,0.000202488025,0.236572266,3bd2aed49249d8d5e5da1b3db2fa3e81ee27eea49b1734b676dce87cd53ff98b,0,0,6.683355093002319,
0,local-qwen35-4b-m2-projection,int8,0.00849999196,True,0,0.00191602286,1.64477539,10972a996e6d1e6a316c56c68f4b357aec7471aa5fa807d6424dba95da1dc8c4,0,0,9.831051111221313,
0,local-qwen35-4b-m2-projection,previous_int8,0.00837500556,True,0,0.00191602286,1.64477539,10972a996e6d1e6a316c56c68f4b357aec7471aa5fa807d6424dba95da1dc8c4,0,0,9.695903301239014,
0,local-qwen35-4b-m2-projection,mlx,0.0104167,True,0,0.000196124,0.10498,,,,8.243564128875732,
0,local-qwen35-4b-m2-up,fp16,0.0316249934,True,0,0.000211878213,0.236572266,5c1a3404d4f356bf0da89b1f47328d74517f0cd53eebd50211a414bf587e935d,0,0,3.190014123916626,
0,local-qwen35-4b-m2-up,previous_fp16,0.0308750023,True,0,0.000211878213,0.236572266,5c1a3404d4f356bf0da89b1f47328d74517f0cd53eebd50211a414bf587e935d,0,0,3.186940908432007,
0,local-qwen35-4b-m2-up,fp32,0.0304166606,True,0,0.000211878213,0.236572266,5c1a3404d4f356bf0da89b1f47328d74517f0cd53eebd50211a414bf587e935d,0,0,3.21628999710083,
0,local-qwen35-4b-m2-up,previous_fp32,0.0315416692,True,0,0.000211878213,0.236572266,5c1a3404d4f356bf0da89b1f47328d74517f0cd53eebd50211a414bf587e935d,0,0,3.172096014022827,
0,local-qwen35-4b-m2-up,int8,0.0164999947,True,0,0.00199213309,1.6640625,b72774e9f23af07de925453ca83f75b3dc9f03454cf6414fc87938c26aef262c,0,0,5.251796007156372,
0,local-qwen35-4b-m2-up,previous_int8,0.0167499966,True,0,0.00199213309,1.6640625,b72774e9f23af07de925453ca83f75b3dc9f03454cf6414fc87938c26aef262c,0,0,5.326534271240234,
0,local-qwen35-4b-m2-up,mlx,0.02625,True,0,0.000218816,0.122803,,,,3.8351871967315674,
0,local-qwen35-4b-m2-down,fp16,0.0376249955,True,0,0.000231072934,0.97265625,d9b0e1b2b387bf46a6ed4e9e0b8c2d4b7605df1236f6f87f3b04439530bd32fd,0,0,2.7164251804351807,
0,local-qwen35-4b-m2-down,previous_fp16,0.0382083235,True,0,0.000231072934,0.97265625,d9b0e1b2b387bf46a6ed4e9e0b8c2d4b7605df1236f6f87f3b04439530bd32fd,0,0,2.6635751724243164,
0,local-qwen35-4b-m2-down,fp32,0.038041675,True,0,0.000231072934,0.97265625,d9b0e1b2b387bf46a6ed4e9e0b8c2d4b7605df1236f6f87f3b04439530bd32fd,0,0,2.6615328788757324,
0,local-qwen35-4b-m2-down,previous_fp32,0.0377499964,True,0,0.000231072934,0.97265625,d9b0e1b2b387bf46a6ed4e9e0b8c2d4b7605df1236f6f87f3b04439530bd32fd,0,0,2.6687839031219482,
0,local-qwen35-4b-m2-down,int8,0.019375002,True,0,0.00196998712,5.8894043,6fbe05e5a5996bc2878dd3a12b98fceff29b17c21464172d886beb5e1f399e32,0,0,4.6773841381073,
0,local-qwen35-4b-m2-down,previous_int8,0.0197500049,True,0,0.00196998712,5.8894043,6fbe05e5a5996bc2878dd3a12b98fceff29b17c21464172d886beb5e1f399e32,0,0,4.6738059520721436,
0,local-qwen35-4b-m2-down,mlx,0.027125,True,0,0.00012484,0.256104,,,,3.699575185775757,
0,local-qwen35-4b-m8-projection,fp16,0.0212916639,True,0,0.000195443509,0.184082031,043d11eebc4429c284a01bf07e2a793d3bcf364d85f8c4055b0d834ef40c8df4,0,0,4.367398023605347,
0,local-qwen35-4b-m8-projection,previous_fp16,0.0212916639,True,0,0.000195443509,0.184082031,043d11eebc4429c284a01bf07e2a793d3bcf364d85f8c4055b0d834ef40c8df4,0,0,4.410091161727905,
0,local-qwen35-4b-m8-projection,fp32,0.0215416658,True,0,0.000195443509,0.184082031,043d11eebc4429c284a01bf07e2a793d3bcf364d85f8c4055b0d834ef40c8df4,0,0,4.350942134857178,
0,local-qwen35-4b-m8-projection,previous_fp32,0.0212500017,True,0,0.000195443509,0.184082031,043d11eebc4429c284a01bf07e2a793d3bcf364d85f8c4055b0d834ef40c8df4,0,0,4.494004249572754,
0,local-qwen35-4b-m8-projection,int8,0.019791667,True,0,0.0041973541,3.29589844,9a785fc7fae6d16d01f68aecd8ec4b29b147047c20b7e45c34eead557b4f56ee,0,0,4.961779832839966,
0,local-qwen35-4b-m8-projection,previous_int8,0.019500003,True,0,0.0041973541,3.29589844,9a785fc7fae6d16d01f68aecd8ec4b29b147047c20b7e45c34eead557b4f56ee,0,0,4.9390549659729,
0,local-qwen35-4b-m8-projection,mlx,0.0148333,True,0,0.00013431,0.097168,,,,6.073393821716309,
0,local-qwen35-4b-m8-up,fp16,0.0446250051,True,0,0.000214525839,0.348388672,cb1d150fbadfdbc41d0fa37dc452602477847bb33f757fa4a69aed00cf200960,0,0,2.354043960571289,
0,local-qwen35-4b-m8-up,previous_fp16,0.0443333265,True,0,0.000214525839,0.348388672,cb1d150fbadfdbc41d0fa37dc452602477847bb33f757fa4a69aed00cf200960,0,0,2.3623571395874023,
0,local-qwen35-4b-m8-up,fp32,0.0443750032,True,0,0.000214525839,0.348388672,cb1d150fbadfdbc41d0fa37dc452602477847bb33f757fa4a69aed00cf200960,0,0,2.3850197792053223,
0,local-qwen35-4b-m8-up,previous_fp32,0.0436249975,True,0,0.000214525839,0.348388672,cb1d150fbadfdbc41d0fa37dc452602477847bb33f757fa4a69aed00cf200960,0,0,2.299405813217163,
0,local-qwen35-4b-m8-up,int8,0.0340416736,True,0,0.00376039226,3.2890625,fbfba0b86d7dc874e8dbf41a0767f79d70076e3149d75dbdb73429a6b56a17fb,0,0,2.940760850906372,
0,local-qwen35-4b-m8-up,previous_int8,0.0343333231,True,0,0.00376039226,3.2890625,fbfba0b86d7dc874e8dbf41a0767f79d70076e3149d75dbdb73429a6b56a17fb,0,0,3.10864520072937,
0,local-qwen35-4b-m8-up,mlx,0.0414583,True,0,0.000185549,0.0961914,,,,2.504209041595459,
0,local-qwen35-4b-m8-down,fp16,0.046000001,True,0,0.000318764077,1.26782227,d2ecbc162e7030f12b7fb05c65ecd07d11a249d97ade7c82be321821cb011d86,0,0,2.4649269580841064,
0,local-qwen35-4b-m8-down,previous_fp16,0.0456666749,True,0,0.000318764077,1.26782227,d2ecbc162e7030f12b7fb05c65ecd07d11a249d97ade7c82be321821cb011d86,0,0,2.284156084060669,
0,local-qwen35-4b-m8-down,fp32,0.0457499991,True,0,0.000318764077,1.26782227,d2ecbc162e7030f12b7fb05c65ecd07d11a249d97ade7c82be321821cb011d86,0,0,2.260807991027832,
0,local-qwen35-4b-m8-down,previous_fp32,0.0456249982,True,0,0.000318764077,1.26782227,d2ecbc162e7030f12b7fb05c65ecd07d11a249d97ade7c82be321821cb011d86,0,0,2.2658851146698,
0,local-qwen35-4b-m8-down,int8,0.0333750068,True,0,0.00440551999,11.8894043,77293eff64da5df4ff35e1af9f33b3cbdcab814bf8d07f09b90fe69a406bacca,0,0,4.002774238586426,
0,local-qwen35-4b-m8-down,previous_int8,0.0336249941,True,0,0.00440551999,11.8894043,77293eff64da5df4ff35e1af9f33b3cbdcab814bf8d07f09b90fe69a406bacca,0,0,3.2308969497680664,
0,local-qwen35-4b-m8-down,mlx,0.0422083,True,0,0.000239028,0.525391,,,,2.450214147567749,
0,local-qwen35-4b-m32-projection,fp16,0.0438749994,True,0,0.000213559504,0.139160156,babadd6dcaaf7c852e338a626a7f777c332e175315ec10ece608d93c353a1466,0,0,2.353217840194702,
0,local-qwen35-4b-m32-projection,previous_fp16,0.0437499984,True,0,0.000213559504,0.139160156,babadd6dcaaf7c852e338a626a7f777c332e175315ec10ece608d93c353a1466,0,0,2.3647098541259766,
0,local-qwen35-4b-m32-projection,fp32,0.0438749994,True,0,0.000213559504,0.139160156,babadd6dcaaf7c852e338a626a7f777c332e175315ec10ece608d93c353a1466,0,0,2.359884023666382,
0,local-qwen35-4b-m32-projection,previous_fp32,0.0437083363,True,0,0.000213559504,0.139160156,babadd6dcaaf7c852e338a626a7f777c332e175315ec10ece608d93c353a1466,0,0,2.372544050216675,
0,local-qwen35-4b-m32-projection,int8,0.0433749956,True,0,0.00754469594,3.29589844,55634140f04552e35983a013d92ff304730de5c345f8a46a3f08a3cebdc109a5,0,0,2.376365900039673,
0,local-qwen35-4b-m32-projection,previous_int8,0.0432499946,True,0,0.00754469594,3.29589844,55634140f04552e35983a013d92ff304730de5c345f8a46a3f08a3cebdc109a5,0,0,2.4013359546661377,
0,local-qwen35-4b-m32-projection,mlx,0.046125,True,0,0.000113264,0.097168,,,,2.318419933319092,
0,local-qwen35-4b-m32-up,fp16,0.135000009,True,0,0.00025592618,0.322509766,6ba3cfdfac9a2f28b5d4409b25865ce65db01a139c547ef745db479b0f926793,0,0,1.1087770462036133,
0,local-qwen35-4b-m32-up,previous_fp16,0.135124996,True,0,0.00025592618,0.322509766,6ba3cfdfac9a2f28b5d4409b25865ce65db01a139c547ef745db479b0f926793,0,0,1.132317066192627,
0,local-qwen35-4b-m32-up,fp32,0.134625006,True,0,0.00025592618,0.322509766,6ba3cfdfac9a2f28b5d4409b25865ce65db01a139c547ef745db479b0f926793,0,0,1.1427459716796875,
0,local-qwen35-4b-m32-up,previous_fp32,0.134749993,True,0,0.00025592618,0.322509766,6ba3cfdfac9a2f28b5d4409b25865ce65db01a139c547ef745db479b0f926793,0,0,1.1373987197875977,
0,local-qwen35-4b-m32-up,int8,0.0442083256,True,0,0.00420074507,3.26977539,4c0d9a8e2e5ecedebc39bf7079b330b076254eec8920406e4b54c819bddc69b4,0,0,2.3234689235687256,
0,local-qwen35-4b-m32-up,previous_int8,0.0442500022,True,0,0.00420074507,3.26977539,4c0d9a8e2e5ecedebc39bf7079b330b076254eec8920406e4b54c819bddc69b4,0,0,2.3419411182403564,
0,local-qwen35-4b-m32-up,mlx,0.0473333,True,0,0.000227491,0.106445,,,,2.2465648651123047,
0,local-qwen35-4b-m32-down,fp16,0.128166677,True,0,0.000369911701,1.6171875,04776a2221f3ee94b849eee88931c83401bdbf62a69233377d1707f2107e8bcc,0,0,1.1400768756866455,
0,local-qwen35-4b-m32-down,previous_fp16,0.130291664,True,0,0.000369911701,1.6171875,04776a2221f3ee94b849eee88931c83401bdbf62a69233377d1707f2107e8bcc,0,0,0.9960229396820068,
0,local-qwen35-4b-m32-down,fp32,0.127874999,True,0,0.000369911701,1.6171875,04776a2221f3ee94b849eee88931c83401bdbf62a69233377d1707f2107e8bcc,0,0,1.1340649127960205,
0,local-qwen35-4b-m32-down,previous_fp32,0.129249995,True,0,0.000369911701,1.6171875,04776a2221f3ee94b849eee88931c83401bdbf62a69233377d1707f2107e8bcc,0,0,1.1432042121887207,
0,local-qwen35-4b-m32-down,int8,0.152375011,True,0,0.00379960145,10.8535156,ffa66a50893982b8f3774cae4d89db6a5507e673358cc0dd4ae7e4567073dc06,0,0,1.0750679969787598,
0,local-qwen35-4b-m32-down,previous_int8,0.152749999,True,0,0.00379960145,10.8535156,ffa66a50893982b8f3774cae4d89db6a5507e673358cc0dd4ae7e4567073dc06,0,0,1.0743532180786133,
0,local-qwen35-4b-m32-down,mlx,0.075375,True,0,0.000266309,0.932129,,,,1.697464942932129,
0,local-qwen35-4b-m128-projection,fp16,0.0603750086,True,0,0.00026881939,0.322998047,19962c5eb0598bca6ce45cdb2a8af51c90500254e48c10cd8111f511066061de,0,0,2.2487597465515137,
0,local-qwen35-4b-m128-projection,previous_fp16,0.0605000096,True,0,0.00026881939,0.322998047,19962c5eb0598bca6ce45cdb2a8af51c90500254e48c10cd8111f511066061de,0,0,2.111764907836914,
0,local-qwen35-4b-m128-projection,fp32,0.0951249967,True,0,0.000196097688,0.232177734,f6b5c87d24c9524fb826ff1729b7c4b71d0e86d69ed7bf1c348bd73194456b92,0,0,1.979970932006836,
0,local-qwen35-4b-m128-projection,previous_fp32,0.0946249929,True,0,0.000196097688,0.232177734,f6b5c87d24c9524fb826ff1729b7c4b71d0e86d69ed7bf1c348bd73194456b92,0,0,1.6255519390106201,
0,local-qwen35-4b-m128-projection,int8,0.0412500085,True,0,0.0045165068,3.29589844,fa6d311abd84964daa9840f9431e1703109a4d271a9293c11192759bf476700b,0,0,2.479647159576416,
0,local-qwen35-4b-m128-projection,previous_int8,0.0411250076,True,0,0.0045165068,3.29589844,fa6d311abd84964daa9840f9431e1703109a4d271a9293c11192759bf476700b,0,0,2.4813168048858643,
0,local-qwen35-4b-m128-projection,mlx,0.0613333,True,0,0.000116593,0.097168,,,,1.8910362720489502,
0,local-qwen35-4b-m128-up,fp16,0.0712499896,True,0,0.000280441211,0.368652344,82f1fe449df670ce6a324ad0bb7bc50b93bd245504266c80e1f3db79b3708dcb,0,0,1.763361930847168,
0,local-qwen35-4b-m128-up,previous_fp16,0.0710416643,True,0,0.000280441211,0.368652344,82f1fe449df670ce6a324ad0bb7bc50b93bd245504266c80e1f3db79b3708dcb,0,0,1.7506327629089355,
0,local-qwen35-4b-m128-up,fp32,0.102958336,True,0,0.000225887812,0.235839844,c99058b3a179f952fc3ff78f8b3da4cc340e537c5b7942da467d9595aae079b2,0,0,1.5465879440307617,
0,local-qwen35-4b-m128-up,previous_fp32,0.102458347,True,0,0.000225887812,0.235839844,c99058b3a179f952fc3ff78f8b3da4cc340e537c5b7942da467d9595aae079b2,0,0,1.5642669200897217,
0,local-qwen35-4b-m128-up,int8,0.0469166698,True,0,0.00364063515,3.0090332,2f9cda71e4b5e0943a1505a0f3fcd5713cc8d2ad7b1ed714bfc5437c529b7ce9,0,0,2.2988107204437256,
0,local-qwen35-4b-m128-up,previous_int8,0.0471666717,True,0,0.00364063515,3.0090332,2f9cda71e4b5e0943a1505a0f3fcd5713cc8d2ad7b1ed714bfc5437c529b7ce9,0,0,2.285327196121216,
0,local-qwen35-4b-m128-up,mlx,0.119792,True,0,0.000241197,0.17041,,,,1.3265588283538818,
0,local-qwen35-4b-m128-down,fp16,0.109875007,True,0,0.000324849653,1.57226562,2921b56c6bef9d3e19c703a5d5a2f80aab601da2e9148d2f7316ad4ac06b35ce,0,0,1.5296509265899658,
0,local-qwen35-4b-m128-down,previous_fp16,0.109375003,True,0,0.000324849653,1.57226562,2921b56c6bef9d3e19c703a5d5a2f80aab601da2e9148d2f7316ad4ac06b35ce,0,0,1.541736125946045,
0,local-qwen35-4b-m128-down,fp32,0.118666663,True,0,0.000356079109,1.57226562,63dcab034409d6f321503a09b7a52b7577d19f6b098c2090e6418596b46289be,0,0,1.4265830516815186,
0,local-qwen35-4b-m128-down,previous_fp32,0.119874996,True,0,0.000356079109,1.57226562,63dcab034409d6f321503a09b7a52b7577d19f6b098c2090e6418596b46289be,0,0,1.429187297821045,
0,local-qwen35-4b-m128-down,int8,0.202125011,True,0,0.00405097563,11.8439941,a033ac24c74b2f12f3ec765d19eade6bd4bde7f71c5b1d798c47318f9b19b3a4,0,0,0.9675979614257812,
0,local-qwen35-4b-m128-down,previous_int8,0.201999996,True,0,0.00405097563,11.8439941,a033ac24c74b2f12f3ec765d19eade6bd4bde7f71c5b1d798c47318f9b19b3a4,0,0,0.9690079689025879,
0,local-qwen35-4b-m128-down,mlx,0.110833,True,0,0.000218276,0.488037,,,,1.2774600982666016,
0,local-qwen35-4b-m512-projection,fp16,0.0839583226,True,0,0.000332862536,0.401855469,2319c13b4a97e55c19c58b526e532f7fb6236edc94dfc8f21fbb8694503ba934,0,0,1.57017183303833,
0,local-qwen35-4b-m512-projection,previous_fp16,0.0842500012,True,0,0.000332862536,0.401855469,2319c13b4a97e55c19c58b526e532f7fb6236edc94dfc8f21fbb8694503ba934,0,0,1.5733871459960938,
0,local-qwen35-4b-m512-projection,fp32,0.0598749903,True,0,0.000205992855,0.228271484,7490ba605f32802146a233c84cdba6cba7edc252573d1beb6e34b44643567b49,0,0,1.9338741302490234,
0,local-qwen35-4b-m512-projection,previous_fp32,0.0598749903,True,0,0.000205992855,0.228271484,7490ba605f32802146a233c84cdba6cba7edc252573d1beb6e34b44643567b49,0,0,1.9364409446716309,
0,local-qwen35-4b-m512-projection,int8,0.0520833419,True,0,0.00450671543,3.29589844,5a34f4c1207039fa00541507e8e5b4960d8548348fcf06606f33134df954b252,0,0,2.126461982727051,
0,local-qwen35-4b-m512-projection,previous_int8,0.0518333254,True,0,0.00450671543,3.29589844,5a34f4c1207039fa00541507e8e5b4960d8548348fcf06606f33134df954b252,0,0,2.1267387866973877,
0,local-qwen35-4b-m512-projection,mlx,0.05925,True,0,0.000198101,0.159668,,,,1.9436731338500977,
0,local-qwen35-4b-m512-up,fp16,0.220749993,True,0,0.000268958574,0.287353516,8078d54673b0c86009789a264991a7d1567bf1b6a39e178402957f21efcdf958,0,0,0.9369370937347412,
0,local-qwen35-4b-m512-up,previous_fp16,0.219208334,True,0,0.000268958574,0.287353516,8078d54673b0c86009789a264991a7d1567bf1b6a39e178402957f21efcdf958,0,0,0.94476318359375,
0,local-qwen35-4b-m512-up,fp32,0.227500001,True,0,0.000197688693,0.227294922,926d37603f5c91b4b1f60f8a5a347a92ae4c59c690e11b84aeebfa477d4b9c1a,0,0,0.9367673397064209,
0,local-qwen35-4b-m512-up,previous_fp32,0.229375,True,0,0.000197688693,0.227294922,926d37603f5c91b4b1f60f8a5a347a92ae4c59c690e11b84aeebfa477d4b9c1a,0,0,0.9315469264984131,
0,local-qwen35-4b-m512-up,int8,0.128250002,True,0,0.00393534957,3.28881836,de4647b654d80d99b668df6dc811174305332f86c1d380e0359b69db332eb19f,0,0,1.1725950241088867,
0,local-qwen35-4b-m512-up,previous_int8,0.128208339,True,0,0.00393534957,3.28881836,de4647b654d80d99b668df6dc811174305332f86c1d380e0359b69db332eb19f,0,0,1.1565582752227783,
0,local-qwen35-4b-m512-up,mlx,0.22625,True,0,0.000311375,0.210449,,,,0.9345791339874268,
0,local-qwen35-4b-m512-down,fp16,0.2905,True,0,0.000332532298,1.13330078,5921ecd613d9fcfb2ccc70a58d348aea225910496b2c8c5947874727d19392d7,0,0,0.8555138111114502,
0,local-qwen35-4b-m512-down,previous_fp16,0.291249991,True,0,0.000332532298,1.13330078,5921ecd613d9fcfb2ccc70a58d348aea225910496b2c8c5947874727d19392d7,0,0,0.8586041927337646,
0,local-qwen35-4b-m512-down,fp32,0.258666667,True,0,0.000211884681,0.485839844,1b9f993bb51950320ed83b8cff57196f1a87ef73da09e169cd5dcd165282848c,0,0,0.8846011161804199,
0,local-qwen35-4b-m512-down,previous_fp32,0.261124995,True,0,0.000211884681,0.485839844,1b9f993bb51950320ed83b8cff57196f1a87ef73da09e169cd5dcd165282848c,0,0,0.8804030418395996,
0,local-qwen35-4b-m512-down,int8,0.206625002,True,0,0.00465772925,11.8439941,355662d728d54066ae157adad5d3cf0aec3a49492bb02e8b9dd2699216c35233,0,0,0.9597523212432861,
0,local-qwen35-4b-m512-down,previous_int8,0.205749995,True,0,0.00465772925,11.8439941,355662d728d54066ae157adad5d3cf0aec3a49492bb02e8b9dd2699216c35233,0,0,0.9583358764648438,
0,local-qwen35-4b-m512-down,mlx,0.259958,True,0,0.000126238,0.250488,,,,0.8681590557098389,
0,local-qwen35-4b-m1024-projection,fp16,0.167874998,True,0,0.00032257131,0.401855469,da92406667795d653b9c587ccb7e82bf8bbdabb4aa2428e83e3919abcf19483f,0,0,1.0141420364379883,
0,local-qwen35-4b-m1024-projection,previous_fp16,0.167583334,True,0,0.00032257131,0.401855469,da92406667795d653b9c587ccb7e82bf8bbdabb4aa2428e83e3919abcf19483f,0,0,1.0034489631652832,
0,local-qwen35-4b-m1024-projection,fp32,0.141333338,True,0,0.000201618636,0.232666016,891af480784a800f7f2e8c82b31e9f4c7c518b129af49a85147aa01825f579ae,0,0,1.0752582550048828,
0,local-qwen35-4b-m1024-projection,previous_fp32,0.141958328,True,0,0.000201618636,0.232666016,891af480784a800f7f2e8c82b31e9f4c7c518b129af49a85147aa01825f579ae,0,0,1.079714059829712,
0,local-qwen35-4b-m1024-projection,int8,0.0978333264,True,0,0.00440912472,3.29589844,e53f5eb77ba193fe16a35bbc0e9085b20b2d1aef79ca2ab1141f2e0d103e16c7,0,0,1.4083588123321533,
0,local-qwen35-4b-m1024-projection,previous_int8,0.0981249905,True,0,0.00440912472,3.29589844,e53f5eb77ba193fe16a35bbc0e9085b20b2d1aef79ca2ab1141f2e0d103e16c7,0,0,1.4286298751831055,
0,local-qwen35-4b-m1024-projection,mlx,0.141125,True,0,0.00013431,0.097168,,,,1.0915889739990234,
0,local-qwen35-4b-m1024-up,fp16,0.406208332,True,0,0.000293926968,0.354736328,1108f21b410355aeca6adccf6d29eb4fc0d058a2ca5e00ff47bc12f6a063b71d,0,0,0.8147149085998535,
0,local-qwen35-4b-m1024-up,previous_fp16,0.405083338,True,0,0.000293926968,0.354736328,1108f21b410355aeca6adccf6d29eb4fc0d058a2ca5e00ff47bc12f6a063b71d,0,0,0.8158872127532959,
0,local-qwen35-4b-m1024-up,fp32,0.408500011,True,0,0.000197328083,0.202880859,783fc04f9bfcda966ae90624826bd3171ff93e02fcd59cbd4122b0b221326ee0,0,0,0.834003210067749,
0,local-qwen35-4b-m1024-up,previous_fp32,0.409500004,True,0,0.000197328083,0.202880859,783fc04f9bfcda966ae90624826bd3171ff93e02fcd59cbd4122b0b221326ee0,0,0,0.8308579921722412,
0,local-qwen35-4b-m1024-up,int8,0.230749996,True,0,0.00439828089,3.30175781,c95ad10541798ce223487ae9c7a7094b6818e278390b5bdcf5559e1c7c5e948f,0,0,0.9391829967498779,
0,local-qwen35-4b-m1024-up,previous_int8,0.235250001,True,0,0.00439828089,3.30175781,c95ad10541798ce223487ae9c7a7094b6818e278390b5bdcf5559e1c7c5e948f,0,0,0.9332411289215088,
0,local-qwen35-4b-m1024-up,mlx,0.406375,True,0,0.000185549,0.0961914,,,,0.8394601345062256,
0,local-qwen35-4b-m1024-down,fp16,0.482749994,True,0,0.000326192584,1.46289062,ce1acde1f61564fae0ed3e8085fc7ea53bbc0f30283ae21b54ab6fe3442b3fb1,0,0,0.8138408660888672,
0,local-qwen35-4b-m1024-down,previous_fp16,0.505624994,True,0,0.000326192584,1.46289062,ce1acde1f61564fae0ed3e8085fc7ea53bbc0f30283ae21b54ab6fe3442b3fb1,0,0,0.8063428401947021,
0,local-qwen35-4b-m1024-down,fp32,0.46416666,True,0,0.000228537494,0.948242188,859b3365b396c32f891a1a105a4496be75d3a3bdfd853ea1748081836e4f9063,0,0,0.825261116027832,
0,local-qwen35-4b-m1024-down,previous_fp32,0.465291669,True,0,0.000228537494,0.948242188,859b3365b396c32f891a1a105a4496be75d3a3bdfd853ea1748081836e4f9063,0,0,0.8220720291137695,
0,local-qwen35-4b-m1024-down,int8,0.438333329,True,0,0.0039731078,11.8439941,ef44b8cf647cca08cc3f978576359f949888145bdca416c861a9f4f36c69b1d1,0,0,0.8438849449157715,
0,local-qwen35-4b-m1024-down,previous_int8,0.4395,True,0,0.0039731078,11.8439941,ef44b8cf647cca08cc3f978576359f949888145bdca416c861a9f4f36c69b1d1,0,0,0.8392379283905029,
0,local-qwen35-4b-m1024-down,mlx,0.467958,True,0,0.000239028,0.525391,,,,0.8257060050964355,
0,local-qwen35-4b-m2048-projection,fp16,0.277624989,True,0,0.000345486957,0.401855469,d17e6d3f432f46b9cbffd214ce4313198a6d10e4c45440eb6abab42c6e0c64fc,0,0,0.8558120727539062,
0,local-qwen35-4b-m2048-projection,previous_fp16,0.27962499,True,0,0.000345486957,0.401855469,d17e6d3f432f46b9cbffd214ce4313198a6d10e4c45440eb6abab42c6e0c64fc,0,0,0.8551669120788574,
0,local-qwen35-4b-m2048-projection,fp32,0.251958336,True,0,0.000202332806,0.228271484,555ab9935fbfd2e7b46c8a68ff303ea56daf3df0eace2292b8d7bb9a53e3bacd,0,0,0.8635110855102539,
0,local-qwen35-4b-m2048-projection,previous_fp32,0.250791665,True,0,0.000202332806,0.228271484,555ab9935fbfd2e7b46c8a68ff303ea56daf3df0eace2292b8d7bb9a53e3bacd,0,0,0.8616931438446045,
0,local-qwen35-4b-m2048-projection,int8,0.164750003,True,0,0.00437395069,3.29589844,9d17daeddaab27d5d590be9dd12d719763fd795c4078d586d6fddd76f256c601,0,0,1.02846097946167,
0,local-qwen35-4b-m2048-projection,previous_int8,0.165125006,True,0,0.00437395069,3.29589844,9d17daeddaab27d5d590be9dd12d719763fd795c4078d586d6fddd76f256c601,0,0,1.030317783355713,
0,local-qwen35-4b-m2048-projection,mlx,0.249375,True,0,0.000137215,0.097168,,,,0.8707602024078369,
0,local-qwen35-4b-m2048-up,fp16,0.773125008,True,0,0.000202933105,0.232177734,276f7d591808f25d5f9ad314446e417ca86368b3966276b2ffe2ce6e67c65245,0,0,0.7227888107299805,
0,local-qwen35-4b-m2048-up,previous_fp16,0.772291678,True,0,0.000202933105,0.232177734,276f7d591808f25d5f9ad314446e417ca86368b3966276b2ffe2ce6e67c65245,0,0,0.7248020172119141,
0,local-qwen35-4b-m2048-up,fp32,0.774333326,True,0,0.000202933105,0.232177734,276f7d591808f25d5f9ad314446e417ca86368b3966276b2ffe2ce6e67c65245,0,0,0.7272469997406006,
0,local-qwen35-4b-m2048-up,previous_fp32,0.772416664,True,0,0.000202933105,0.232177734,276f7d591808f25d5f9ad314446e417ca86368b3966276b2ffe2ce6e67c65245,0,0,0.7213320732116699,
0,local-qwen35-4b-m2048-up,int8,0.503749994,True,0,0.00438071537,3.30175781,e5f36c0272b280e44fc73bd5ed581c2827e4b831240f71ccd102404980af29b8,0,0,0.8313841819763184,
0,local-qwen35-4b-m2048-up,previous_int8,0.493250001,True,0,0.00438071537,3.30175781,e5f36c0272b280e44fc73bd5ed581c2827e4b831240f71ccd102404980af29b8,0,0,0.8167941570281982,
0,local-qwen35-4b-m2048-up,mlx,0.769542,True,0,0.000165238,0.0961914,,,,0.7737648487091064,
0,local-qwen35-4b-m2048-down,fp16,1.055,True,0,0.000328781878,1.46289062,75175f336ee155a4e8481bd3601249e1f2a32a0f219bdd21326f51e52f409ba9,0,0,0.688107967376709,
0,local-qwen35-4b-m2048-down,previous_fp16,1.02720833,True,0,0.000328781878,1.46289062,75175f336ee155a4e8481bd3601249e1f2a32a0f219bdd21326f51e52f409ba9,0,0,0.6879189014434814,
0,local-qwen35-4b-m2048-down,fp32,0.884374997,True,0,0.0002424584,0.962646484,7e9cf2fc2a9a0fbf328c6d30b86dd53b23c56559ec41dc885b257332d4cc62c1,0,0,0.7075459957122803,
0,local-qwen35-4b-m2048-down,previous_fp32,0.882833338,True,0,0.0002424584,0.962646484,7e9cf2fc2a9a0fbf328c6d30b86dd53b23c56559ec41dc885b257332d4cc62c1,0,0,0.7090768814086914,
0,local-qwen35-4b-m2048-down,int8,0.751041676,True,0,0.00419017985,10.7080078,8a01adacfc9dc9e1ff3d7290f49fca34d71a79479165e237ee0a97cacab4a0da,0,0,0.7433228492736816,
0,local-qwen35-4b-m2048-down,previous_int8,0.74725,True,0,0.00419017985,10.7080078,8a01adacfc9dc9e1ff3d7290f49fca34d71a79479165e237ee0a97cacab4a0da,0,0,0.7459611892700195,
0,local-qwen35-4b-m2048-down,mlx,0.88025,True,0,0.000130812,0.250488,,,,0.7191801071166992,
0,local-qwen35-4b-m3072-projection,fp16,0.352499992,True,0,0.000200975141,0.228271484,ee06f19f25537f9854386a17caeef2d0a8dd8f2716f85bcbc74b4a5c1ef5e45b,0,0,0.8065059185028076,
0,local-qwen35-4b-m3072-projection,previous_fp16,0.353208336,True,0,0.000200975141,0.228271484,ee06f19f25537f9854386a17caeef2d0a8dd8f2716f85bcbc74b4a5c1ef5e45b,0,0,0.8054642677307129,
0,local-qwen35-4b-m3072-projection,fp32,0.351875002,True,0,0.000200975141,0.228271484,ee06f19f25537f9854386a17caeef2d0a8dd8f2716f85bcbc74b4a5c1ef5e45b,0,0,0.804246187210083,
0,local-qwen35-4b-m3072-projection,previous_fp32,0.352624993,True,0,0.000200975141,0.228271484,ee06f19f25537f9854386a17caeef2d0a8dd8f2716f85bcbc74b4a5c1ef5e45b,0,0,0.809251070022583,
0,local-qwen35-4b-m3072-projection,int8,0.241958332,True,0,0.00407457948,3.29052734,840ccd0c52cbeac804c10805b96d179b234454c622384a2f94ba86720dc2c504,0,0,0.8910300731658936,
0,local-qwen35-4b-m3072-projection,previous_int8,0.240333335,True,0,0.00407457948,3.29052734,840ccd0c52cbeac804c10805b96d179b234454c622384a2f94ba86720dc2c504,0,0,0.9025180339813232,
0,local-qwen35-4b-m3072-projection,mlx,0.351625,True,0,0.00013554,0.118652,,,,0.8174018859863281,
0,local-qwen35-4b-m3072-up,fp16,1.1565,True,0,0.000220506453,0.241210938,4291cea5459c11878a8cf0713232a874e9d2369cdc91f89da2a0d8f099becbde,0,0,0.6881420612335205,
0,local-qwen35-4b-m3072-up,previous_fp16,1.15670834,True,0,0.000220506453,0.241210938,4291cea5459c11878a8cf0713232a874e9d2369cdc91f89da2a0d8f099becbde,0,0,0.6908690929412842,
0,local-qwen35-4b-m3072-up,fp32,1.155875,True,0,0.000220506453,0.241210938,4291cea5459c11878a8cf0713232a874e9d2369cdc91f89da2a0d8f099becbde,0,0,0.6882030963897705,
0,local-qwen35-4b-m3072-up,previous_fp32,1.15612501,True,0,0.000220506453,0.241210938,4291cea5459c11878a8cf0713232a874e9d2369cdc91f89da2a0d8f099becbde,0,0,0.6942689418792725,
0,local-qwen35-4b-m3072-up,int8,0.710499997,True,0,0.00391485219,3.30175781,a32bdd066e60f1c186b46c277cc8fce344a7f9b6e2662afc01555c8dfdc921c9,0,0,0.7648940086364746,
0,local-qwen35-4b-m3072-up,previous_int8,0.717625007,True,0,0.00391485219,3.30175781,a32bdd066e60f1c186b46c277cc8fce344a7f9b6e2662afc01555c8dfdc921c9,0,0,0.7663359642028809,
0,local-qwen35-4b-m3072-up,mlx,1.15521,True,0,0.000151465,0.0961914,,,,0.7602090835571289,
0,local-qwen35-4b-m3072-down,fp16,1.47325,True,0,0.000288414074,0.87890625,1ee1d236c254be8481b61013fa82b7e105b76fa778358e2f8100b8916a4aae56,0,0,0.6692559719085693,
0,local-qwen35-4b-m3072-down,previous_fp16,1.48012501,True,0,0.000288414074,0.87890625,1ee1d236c254be8481b61013fa82b7e105b76fa778358e2f8100b8916a4aae56,0,0,0.66994309425354,
0,local-qwen35-4b-m3072-down,fp32,1.53187499,True,0,0.000330774408,1.63354492,57754f5ef001f8dfeef5234afd98b53f660fa79a04fdffdf358d5e1764462669,0,0,0.6681289672851562,
0,local-qwen35-4b-m3072-down,previous_fp32,1.53800001,True,0,0.000330774408,1.63354492,57754f5ef001f8dfeef5234afd98b53f660fa79a04fdffdf358d5e1764462669,0,0,0.6695537567138672,
0,local-qwen35-4b-m3072-down,int8,0.756875001,True,0,0.00503058517,11.8439941,934821d914c64cc120e86dacd34b4d2be05b6bd5e312fa4ecca80b5783a5a191,0,0,0.7617096900939941,
0,local-qwen35-4b-m3072-down,previous_int8,0.752874999,True,0,0.00503058517,11.8439941,934821d914c64cc120e86dacd34b4d2be05b6bd5e312fa4ecca80b5783a5a191,0,0,0.7609760761260986,
0,local-qwen35-4b-m3072-down,mlx,1.32875,True,0,0.0002498,0.82373,,,,0.6929347515106201,
0,local-qwen35-4b-m4096-projection,fp16,0.431791676,True,0,0.00017337601,0.219482422,ad057360ff504ab97f42948c59603ab27cfe32b88472f5e1e23e5aab69edc8c4,0,0,0.8198957443237305,
0,local-qwen35-4b-m4096-projection,previous_fp16,0.431249995,True,0,0.00017337601,0.219482422,ad057360ff504ab97f42948c59603ab27cfe32b88472f5e1e23e5aab69edc8c4,0,0,0.8184499740600586,
0,local-qwen35-4b-m4096-projection,fp32,0.432041663,True,0,0.00017337601,0.219482422,ad057360ff504ab97f42948c59603ab27cfe32b88472f5e1e23e5aab69edc8c4,0,0,0.8190398216247559,
0,local-qwen35-4b-m4096-projection,previous_fp32,0.432000001,True,0,0.00017337601,0.219482422,ad057360ff504ab97f42948c59603ab27cfe32b88472f5e1e23e5aab69edc8c4,0,0,0.8186507225036621,
0,local-qwen35-4b-m4096-projection,int8,0.304416666,True,0,0.00395918849,3.29589844,830cf2e27ca1867ba398540ec858e117dc08c01f19ba79057718266b36b067d7,0,0,1.119304895401001,
0,local-qwen35-4b-m4096-projection,previous_int8,0.319125,True,0,0.00395918849,3.29589844,830cf2e27ca1867ba398540ec858e117dc08c01f19ba79057718266b36b067d7,0,0,1.0380840301513672,
0,local-qwen35-4b-m4096-projection,mlx,0.429042,True,0,0.000113264,0.097168,,,,0.8412349224090576,
0,local-qwen35-4b-m4096-up,fp16,1.54475,True,0,0.000194650184,0.241210938,a652a35f9bf52f007becfe3819042a32494ec9511b00ec27fbcaa76be1ef4b1e,0,0,0.6822161674499512,
0,local-qwen35-4b-m4096-up,previous_fp16,1.546125,True,0,0.000194650184,0.241210938,a652a35f9bf52f007becfe3819042a32494ec9511b00ec27fbcaa76be1ef4b1e,0,0,0.683690071105957,
0,local-qwen35-4b-m4096-up,fp32,1.54641666,True,0,0.000194650184,0.241210938,a652a35f9bf52f007becfe3819042a32494ec9511b00ec27fbcaa76be1ef4b1e,0,0,0.6873228549957275,
0,local-qwen35-4b-m4096-up,previous_fp32,1.54333333,True,0,0.000194650184,0.241210938,a652a35f9bf52f007becfe3819042a32494ec9511b00ec27fbcaa76be1ef4b1e,0,0,0.6861538887023926,
0,local-qwen35-4b-m4096-up,int8,0.990041677,True,0,0.00395449078,3.30175781,2bbc37e6cb022c0d3979a8063d27d62349e9afddda628c2f478f6e04de607363,0,0,0.744373083114624,
0,local-qwen35-4b-m4096-up,previous_int8,1.51637501,True,0,0.00395449078,3.30175781,2bbc37e6cb022c0d3979a8063d27d62349e9afddda628c2f478f6e04de607363,0,0,0.9655570983886719,
0,local-qwen35-4b-m4096-up,mlx,1.54408,True,0,0.000227491,0.106445,,,,0.77659010887146,
0,local-qwen35-4b-m4096-down,fp16,1.80383332,True,0,0.000351090641,1.46289062,df4efaf09571c5ca688fe2efa9dd826368c1e79c07a851968807f15d921ed8a7,0,0,0.9045369625091553,
0,local-qwen35-4b-m4096-down,previous_fp16,1.81062501,True,0,0.000351090641,1.46289062,df4efaf09571c5ca688fe2efa9dd826368c1e79c07a851968807f15d921ed8a7,0,0,0.8995389938354492,
0,local-qwen35-4b-m4096-down,fp32,1.902125,True,0,0.000315047942,0.992431641,cc7e2ae468fa7fd5cf82dd2eae92467b07b1b210e50aa7995bbe5605deab4f51,0,0,0.9013869762420654,
0,local-qwen35-4b-m4096-down,previous_fp32,1.92724999,True,0,0.000315047942,0.992431641,cc7e2ae468fa7fd5cf82dd2eae92467b07b1b210e50aa7995bbe5605deab4f51,0,0,0.889840841293335,
0,local-qwen35-4b-m4096-down,int8,0.995750001,True,0,0.00463417155,11.9431152,601a01a23cc605d374becca73e161536129792f672198917b030b13b2a70f7bb,0,0,1.611053228378296,
0,local-qwen35-4b-m4096-down,previous_int8,0.982999991,True,0,0.00463417155,11.9431152,601a01a23cc605d374becca73e161536129792f672198917b030b13b2a70f7bb,0,0,0.9398288726806641,
0,local-qwen35-4b-m4096-down,mlx,1.73471,True,0,0.000266309,0.932129,,,,0.6867830753326416,
0,local-qwen35-9b-m1-projection,fp16,0.0318749953,True,0,0.000225194853,0.359375,969f7647d771abe123fb004fc6580233b59d9d95f550510edc79ccef66f5f7ac,0,0,3.2075698375701904,
0,local-qwen35-9b-m1-projection,previous_fp16,0.0321666739,True,0,0.000225194853,0.359375,969f7647d771abe123fb004fc6580233b59d9d95f550510edc79ccef66f5f7ac,0,0,3.074821710586548,
0,local-qwen35-9b-m1-projection,fp32,0.0288333395,True,0,0.000212455318,0.359375,80df40f23ac06fefd7e09e04cdd94e20043c25d349b1579d9bd775638a7be7ab,0,0,3.4431068897247314,
0,local-qwen35-9b-m1-projection,previous_fp32,0.0293333287,True,0,0.000212455318,0.359375,80df40f23ac06fefd7e09e04cdd94e20043c25d349b1579d9bd775638a7be7ab,0,0,3.392069101333618,
0,local-qwen35-9b-m1-projection,int8,0.0126249943,True,0,0.0019043489,2.20947266,9d4138d7fbbb21620cc998a8b85142e94e4ebddcafcd93dd7ba76303c56ae974,0,0,6.777250051498413,
0,local-qwen35-9b-m1-projection,previous_int8,0.0126249943,True,0,0.0019043489,2.20947266,9d4138d7fbbb21620cc998a8b85142e94e4ebddcafcd93dd7ba76303c56ae974,0,0,6.735985040664673,
0,local-qwen35-9b-m1-projection,mlx,0.018125,True,0,0.000322024,0.393555,,,,4.959693193435669,
0,local-qwen35-9b-m1-up,fp16,0.0842083246,True,0,0.000201990516,0.359375,dcdf67cec77045e283c0121669d89666918d730876c80eff9b93d6a8ba76554d,0,0,1.6511259078979492,
0,local-qwen35-9b-m1-up,previous_fp16,0.0840833236,True,0,0.000201990516,0.359375,dcdf67cec77045e283c0121669d89666918d730876c80eff9b93d6a8ba76554d,0,0,1.6521530151367188,
0,local-qwen35-9b-m1-up,fp32,0.0652083254,True,0,0.000187128861,0.359375,b8be676537f0c33ba59d31d7bb4f9df1a479da6cd59c4f0410e4ed43d8ae1c75,0,0,2.073817253112793,
0,local-qwen35-9b-m1-up,previous_fp32,0.065375003,True,0,0.000187128861,0.359375,b8be676537f0c33ba59d31d7bb4f9df1a479da6cd59c4f0410e4ed43d8ae1c75,0,0,2.0208680629730225,
0,local-qwen35-9b-m1-up,int8,0.0264999981,True,0,0.00203206345,2.56152344,333aefa5596edfe978c94194db908aa0c82b0f6d33fc76f2b582408d98242b86,0,0,3.738671064376831,
0,local-qwen35-9b-m1-up,previous_int8,0.02675,True,0,0.00203206345,2.56152344,333aefa5596edfe978c94194db908aa0c82b0f6d33fc76f2b582408d98242b86,0,0,3.768587112426758,
0,local-qwen35-9b-m1-up,mlx,0.0591667,True,0,0.000230451,0.0830078,,,,2.2243800163269043,
0,local-qwen35-9b-m1-down,fp16,0.0945416687,True,0,0.000134314797,0.479003906,cd24b41594a8f904b078a5570a6cded449db3adbfa0d6fa8e43c0a70ec2fa92e,0,0,1.5598499774932861,
0,local-qwen35-9b-m1-down,previous_fp16,0.0870416698,True,0,0.000134314797,0.479003906,cd24b41594a8f904b078a5570a6cded449db3adbfa0d6fa8e43c0a70ec2fa92e,0,0,1.6140670776367188,
0,local-qwen35-9b-m1-down,fp32,0.08683333,True,0,0.000134314797,0.479003906,cd24b41594a8f904b078a5570a6cded449db3adbfa0d6fa8e43c0a70ec2fa92e,0,0,1.6142971515655518,
0,local-qwen35-9b-m1-down,previous_fp32,0.0880833395,True,0,0.000134314797,0.479003906,cd24b41594a8f904b078a5570a6cded449db3adbfa0d6fa8e43c0a70ec2fa92e,0,0,1.6156659126281738,
0,local-qwen35-9b-m1-down,int8,0.0307500013,True,0,0.00204325982,7.20532227,0157c42e732738d01ebbfdbf792e2465debb85cebe8e9df45fc19c03c5d2b923,0,0,3.345715284347534,
0,local-qwen35-9b-m1-down,previous_int8,0.0304166606,True,0,0.00204325982,7.20532227,0157c42e732738d01ebbfdbf792e2465debb85cebe8e9df45fc19c03c5d2b923,0,0,3.350969076156616,
0,local-qwen35-9b-m1-down,mlx,0.0592917,True,0,4.19184e-05,0.0568848,,,,2.2077744007110596,
0,local-qwen35-9b-m2-projection,fp16,0.0304583227,True,0,0.000215415488,0.377929688,c5d5d5282f4915beb745a98e03c3cbbefe96af6d1607fcaac73d12ec3222a6ba,0,0,3.2681798934936523,
0,local-qwen35-9b-m2-projection,previous_fp16,0.0298750092,True,0,0.000215415488,0.377929688,c5d5d5282f4915beb745a98e03c3cbbefe96af6d1607fcaac73d12ec3222a6ba,0,0,3.332911968231201,
0,local-qwen35-9b-m2-projection,fp32,0.0297916558,True,0,0.000215415488,0.377929688,c5d5d5282f4915beb745a98e03c3cbbefe96af6d1607fcaac73d12ec3222a6ba,0,0,3.3386309146881104,
0,local-qwen35-9b-m2-projection,previous_fp32,0.0304999994,True,0,0.000215415488,0.377929688,c5d5d5282f4915beb745a98e03c3cbbefe96af6d1607fcaac73d12ec3222a6ba,0,0,3.3177971839904785,
0,local-qwen35-9b-m2-projection,int8,0.013249999,True,0,0.00197490112,2.66772461,620d93fc947b6d55a4fc96dd7213f8cf81fbb53bf90de6a85f8de6ef4c1894da,0,0,6.555962800979614,
0,local-qwen35-9b-m2-projection,previous_int8,0.0130416593,True,0,0.00197490112,2.66772461,620d93fc947b6d55a4fc96dd7213f8cf81fbb53bf90de6a85f8de6ef4c1894da,0,0,6.560402154922485,
0,local-qwen35-9b-m2-projection,mlx,0.019875,True,0,0.000250971,0.393555,,,,4.666395902633667,
0,local-qwen35-9b-m2-up,fp16,0.0647083216,True,0,0.000201773886,0.377929688,d73a27e861f6cc4beaedb92262b70bf3d09695e5ff154f6d58b874baa671f009,0,0,2.081915855407715,
0,local-qwen35-9b-m2-up,previous_fp16,0.0672500028,True,0,0.000201773886,0.377929688,d73a27e861f6cc4beaedb92262b70bf3d09695e5ff154f6d58b874baa671f009,0,0,1.9870829582214355,
0,local-qwen35-9b-m2-up,fp32,0.0681666716,True,0,0.000201773886,0.377929688,d73a27e861f6cc4beaedb92262b70bf3d09695e5ff154f6d58b874baa671f009,0,0,1.8637619018554688,
0,local-qwen35-9b-m2-up,previous_fp32,0.0646250119,True,0,0.000201773886,0.377929688,d73a27e861f6cc4beaedb92262b70bf3d09695e5ff154f6d58b874baa671f009,0,0,2.0512471199035645,
0,local-qwen35-9b-m2-up,int8,0.0273750047,True,0,0.00204821129,2.66772461,21847c51090a7bd92fd1c91d7b532c40245de10cb2afc758506a987e74e23411,0,0,3.6843831539154053,
0,local-qwen35-9b-m2-up,previous_int8,0.0271250028,True,0,0.00204821129,2.66772461,21847c51090a7bd92fd1c91d7b532c40245de10cb2afc758506a987e74e23411,0,0,3.68733811378479,
0,local-qwen35-9b-m2-up,mlx,0.0542083,True,0,0.000196243,0.223877,,,,2.341982126235962,
0,local-qwen35-9b-m2-down,fp16,0.0934166601,True,0,0.000132646405,0.550537109,9d496b677ca0724be4c26cecf06ae94509444dce0b4ae20ebde280d447f50e9e,0,0,1.566735029220581,
0,local-qwen35-9b-m2-down,previous_fp16,0.0963750063,True,0,0.000132646405,0.550537109,9d496b677ca0724be4c26cecf06ae94509444dce0b4ae20ebde280d447f50e9e,0,0,1.4720659255981445,
0,local-qwen35-9b-m2-down,fp32,0.0902500033,True,0,0.000132646405,0.550537109,9d496b677ca0724be4c26cecf06ae94509444dce0b4ae20ebde280d447f50e9e,0,0,1.5797009468078613,
0,local-qwen35-9b-m2-down,previous_fp32,0.0993333233,True,0,0.000132646405,0.550537109,9d496b677ca0724be4c26cecf06ae94509444dce0b4ae20ebde280d447f50e9e,0,0,1.4499821662902832,
0,local-qwen35-9b-m2-down,int8,0.0317499944,True,0,0.00194364156,7.20532227,cf08168543d9d371c322912108205e821b2754d422bbe32a2dffe9f9962f2bc1,0,0,3.1091408729553223,
0,local-qwen35-9b-m2-down,previous_int8,0.0318750099,True,0,0.00194364156,7.20532227,cf08168543d9d371c322912108205e821b2754d422bbe32a2dffe9f9962f2bc1,0,0,3.1718122959136963,
0,local-qwen35-9b-m2-down,mlx,0.0570833,True,0,0.000189209,0.614258,,,,2.268847703933716,
0,local-qwen35-9b-m8-projection,fp16,0.0378333352,True,0,0.000279372804,0.681884766,cfb65fc190d4dcd2fc2c854c8ee0c076c34f793d50349b26b14a4ab685c14e20,0,0,2.6914212703704834,
0,local-qwen35-9b-m8-projection,previous_fp16,0.0374166702,True,0,0.000279372804,0.681884766,cfb65fc190d4dcd2fc2c854c8ee0c076c34f793d50349b26b14a4ab685c14e20,0,0,2.6548259258270264,
0,local-qwen35-9b-m8-projection,fp32,0.0375000091,True,0,0.000279372804,0.681884766,cfb65fc190d4dcd2fc2c854c8ee0c076c34f793d50349b26b14a4ab685c14e20,0,0,2.6934378147125244,
0,local-qwen35-9b-m8-projection,previous_fp32,0.0374166702,True,0,0.000279372804,0.681884766,cfb65fc190d4dcd2fc2c854c8ee0c076c34f793d50349b26b14a4ab685c14e20,0,0,2.660369873046875,
0,local-qwen35-9b-m8-projection,int8,0.0295416685,True,0,0.00387235934,5.21679688,aa221421b4d505b6909f9d9ac6abcb16dc6436c628ba72f3326ae4504ae9d680,0,0,3.4784419536590576,
0,local-qwen35-9b-m8-projection,previous_int8,0.0295416685,True,0,0.00387235934,5.21679688,aa221421b4d505b6909f9d9ac6abcb16dc6436c628ba72f3326ae4504ae9d680,0,0,3.3315320014953613,
0,local-qwen35-9b-m8-projection,mlx,0.035,True,0,0.000324493,0.46875,,,,2.900097131729126,
0,local-qwen35-9b-m8-up,fp16,0.100291669,True,0,0.0003035391,0.681884766,6095c1225ea94c753f8282624aeab2d738dceed24c57387776b0a9a5cbc75ec6,0,0,1.441601037979126,
0,local-qwen35-9b-m8-up,previous_fp16,0.0994583388,True,0,0.0003035391,0.681884766,6095c1225ea94c753f8282624aeab2d738dceed24c57387776b0a9a5cbc75ec6,0,0,1.4566431045532227,
0,local-qwen35-9b-m8-up,fp32,0.0946249929,True,0,0.0003035391,0.681884766,6095c1225ea94c753f8282624aeab2d738dceed24c57387776b0a9a5cbc75ec6,0,0,1.4960503578186035,
0,local-qwen35-9b-m8-up,previous_fp32,0.103625003,True,0,0.0003035391,0.681884766,6095c1225ea94c753f8282624aeab2d738dceed24c57387776b0a9a5cbc75ec6,0,0,1.4123919010162354,
0,local-qwen35-9b-m8-up,int8,0.0535833242,True,0,0.00399830458,5.31933594,ec166684ad0c600937da74769c5815f05e1f15c1037281f795c93503587325c7,0,0,2.173957109451294,
0,local-qwen35-9b-m8-up,previous_int8,0.052416668,True,0,0.00399830458,5.31933594,ec166684ad0c600937da74769c5815f05e1f15c1037281f795c93503587325c7,0,0,2.1858150959014893,
0,local-qwen35-9b-m8-up,mlx,0.0946667,True,0,0.000124992,0.0957031,,,,1.5138497352600098,
0,local-qwen35-9b-m8-down,fp16,0.103750004,True,0,0.00033016991,2.04370117,63c9835ab1fc4efbf32146ca6bccf77b8461d4e0970c431ccc6f3e0bc3ac37b3,0,0,1.6185498237609863,
0,local-qwen35-9b-m8-down,previous_fp16,0.104833336,True,0,0.00033016991,2.04370117,63c9835ab1fc4efbf32146ca6bccf77b8461d4e0970c431ccc6f3e0bc3ac37b3,0,0,1.361840009689331,
0,local-qwen35-9b-m8-down,fp32,0.102999998,True,0,0.00033016991,2.04370117,63c9835ab1fc4efbf32146ca6bccf77b8461d4e0970c431ccc6f3e0bc3ac37b3,0,0,1.4455289840698242,
0,local-qwen35-9b-m8-down,previous_fp32,0.10325,True,0,0.00033016991,2.04370117,63c9835ab1fc4efbf32146ca6bccf77b8461d4e0970c431ccc6f3e0bc3ac37b3,0,0,1.4151649475097656,
0,local-qwen35-9b-m8-down,int8,0.0636250043,True,0,0.00394975437,15.9855957,174f00c12d2bfb2ffa0561d601baf62df2f106b030c0ae2373ba3b474421de74,0,0,2.0775179862976074,
0,local-qwen35-9b-m8-down,previous_int8,0.0637500052,True,0,0.00394975437,15.9855957,174f00c12d2bfb2ffa0561d601baf62df2f106b030c0ae2373ba3b474421de74,0,0,2.0870978832244873,
0,local-qwen35-9b-m8-down,mlx,0.09,True,0,0.000196191,0.47876,,,,1.546186923980713,
0,local-qwen35-9b-m32-projection,fp16,0.099249999,True,0,0.000268047259,0.581054688,c3df79c379ce23fb360f019cab82685d38d90565fb3b698f482c4a259219ebaa,0,0,1.3764679431915283,
0,local-qwen35-9b-m32-projection,previous_fp16,0.100250007,True,0,0.000268047259,0.581054688,c3df79c379ce23fb360f019cab82685d38d90565fb3b698f482c4a259219ebaa,0,0,1.3845932483673096,
0,local-qwen35-9b-m32-projection,fp32,0.0991249981,True,0,0.000268047259,0.581054688,c3df79c379ce23fb360f019cab82685d38d90565fb3b698f482c4a259219ebaa,0,0,1.3653130531311035,
0,local-qwen35-9b-m32-projection,previous_fp32,0.101208338,True,0,0.000268047259,0.581054688,c3df79c379ce23fb360f019cab82685d38d90565fb3b698f482c4a259219ebaa,0,0,1.3618042469024658,
0,local-qwen35-9b-m32-projection,int8,0.060499995,True,0,0.00359685463,4.31787109,a98a39507cda4679d6535f877c0eeea2c7663f9825d87a90bf160dffcedc6adc,0,0,1.9048068523406982,
0,local-qwen35-9b-m32-projection,previous_int8,0.060624996,True,0,0.00359685463,4.31787109,a98a39507cda4679d6535f877c0eeea2c7663f9825d87a90bf160dffcedc6adc,0,0,1.6828908920288086,
0,local-qwen35-9b-m32-projection,mlx,0.0697083,True,0,0.000279972,0.393555,,,,1.756943941116333,
0,local-qwen35-9b-m32-up,fp16,0.279250002,True,0,0.000244698883,0.543212891,e28d391c512b5db2ff05c41257df102a495ad38f20f96d066bd735d56d512113,0,0,0.9042367935180664,
0,local-qwen35-9b-m32-up,previous_fp16,0.283000001,True,0,0.000244698883,0.543212891,e28d391c512b5db2ff05c41257df102a495ad38f20f96d066bd735d56d512113,0,0,0.8912191390991211,
0,local-qwen35-9b-m32-up,fp32,0.28337499,True,0,0.000244698883,0.543212891,e28d391c512b5db2ff05c41257df102a495ad38f20f96d066bd735d56d512113,0,0,0.9039249420166016,
0,local-qwen35-9b-m32-up,previous_fp32,0.28600001,True,0,0.000244698883,0.543212891,e28d391c512b5db2ff05c41257df102a495ad38f20f96d066bd735d56d512113,0,0,0.8893780708312988,
0,local-qwen35-9b-m32-up,int8,0.0730000029,True,0,0.00378734445,4.36035156,44b5e8f583e4189f748cbb9aa48a8923f40a8d81a5a3f26fe51c675b5e286402,0,0,1.7925093173980713,
0,local-qwen35-9b-m32-up,previous_int8,0.0736666698,True,0,0.00378734445,4.36035156,44b5e8f583e4189f748cbb9aa48a8923f40a8d81a5a3f26fe51c675b5e286402,0,0,1.8078560829162598,
0,local-qwen35-9b-m32-up,mlx,0.191792,True,0,0.000203526,0.199707,,,,1.0302670001983643,
0,local-qwen35-9b-m32-down,fp16,0.283750007,True,0,0.000327755563,1.86206055,1c345dc3b3497b6189da9b1438101c4a56d8ac1ec4f53a570d675f8c127b3e9d,0,0,0.9013829231262207,
0,local-qwen35-9b-m32-down,previous_fp16,0.28883334,True,0,0.000327755563,1.86206055,1c345dc3b3497b6189da9b1438101c4a56d8ac1ec4f53a570d675f8c127b3e9d,0,0,0.9075827598571777,
0,local-qwen35-9b-m32-down,fp32,0.28475,True,0,0.000327755563,1.86206055,1c345dc3b3497b6189da9b1438101c4a56d8ac1ec4f53a570d675f8c127b3e9d,0,0,0.9035062789916992,
0,local-qwen35-9b-m32-down,previous_fp32,0.286833339,True,0,0.000327755563,1.86206055,1c345dc3b3497b6189da9b1438101c4a56d8ac1ec4f53a570d675f8c127b3e9d,0,0,0.9055321216583252,
0,local-qwen35-9b-m32-down,int8,0.213374995,True,0,0.00408883082,15.9855957,28d3040c6ddf30880b65a7b931395aa03fd90424bb81456671805dff84c43aed,0,0,0.9753689765930176,
0,local-qwen35-9b-m32-down,previous_int8,0.210625003,True,0,0.00408883082,15.9855957,28d3040c6ddf30880b65a7b931395aa03fd90424bb81456671805dff84c43aed,0,0,0.9977869987487793,
0,local-qwen35-9b-m32-down,mlx,0.169208,True,0,0.000102363,0.376709,,,,1.096850872039795,
0,local-qwen35-9b-m128-projection,fp16,0.0602499931,True,0,0.000297742143,0.46484375,382e28ddcd12f981d1503bb9d45f6bf28bed3ae24fe713a445f9e5789e74762c,0,0,1.91575026512146,
0,local-qwen35-9b-m128-projection,previous_fp16,0.060624996,True,0,0.000297742143,0.46484375,382e28ddcd12f981d1503bb9d45f6bf28bed3ae24fe713a445f9e5789e74762c,0,0,1.9061260223388672,
0,local-qwen35-9b-m128-projection,fp32,0.0882500026,True,0,0.0002511222,0.316650391,0ae4e550c93755dd51bc20f9c6078e0bc49d0cd8480baf6ad58cc874f65b12ca,0,0,1.744927167892456,
0,local-qwen35-9b-m128-projection,previous_fp32,0.0886250054,True,0,0.0002511222,0.316650391,0ae4e550c93755dd51bc20f9c6078e0bc49d0cd8480baf6ad58cc874f65b12ca,0,0,1.7416110038757324,
0,local-qwen35-9b-m128-projection,int8,0.0618749909,True,0,0.00698810337,5.28613281,4da8d2bb9118ad8b9658597575d0852b160107f8b91f886940783173184a107b,0,0,1.8799188137054443,
0,local-qwen35-9b-m128-projection,previous_int8,0.0623333326,True,0,0.00698810337,5.28613281,4da8d2bb9118ad8b9658597575d0852b160107f8b91f886940783173184a107b,0,0,1.8965740203857422,
0,local-qwen35-9b-m128-projection,mlx,0.095,True,0,0.000291107,0.393555,,,,1.4245121479034424,
0,local-qwen35-9b-m128-up,fp16,0.182749995,True,0,0.000306848847,0.583984375,9e0c9b5e3f6c00f1087e73cc3268e4c14c46d4a4e610a1d55950424125a462c5,0,0,1.2410330772399902,
0,local-qwen35-9b-m128-up,previous_fp16,0.182500007,True,0,0.000306848847,0.583984375,9e0c9b5e3f6c00f1087e73cc3268e4c14c46d4a4e610a1d55950424125a462c5,0,0,1.0662360191345215,
0,local-qwen35-9b-m128-up,fp32,0.205083343,True,0,0.000272470485,0.583984375,d7280272383c15845a0cd38646859013effbd3457a453df61994a558103fe74a,0,0,1.0212621688842773,
0,local-qwen35-9b-m128-up,previous_fp32,0.202583338,True,0,0.000272470485,0.583984375,d7280272383c15845a0cd38646859013effbd3457a453df61994a558103fe74a,0,0,1.022200107574463,
0,local-qwen35-9b-m128-up,int8,0.0808750046,True,0,0.00484758526,4.81518555,2e30b9fec474b4d93f0f78e5d1dc94cab79e761809ce547ec78f2b08ce16fbcc,0,0,1.6860508918762207,
0,local-qwen35-9b-m128-up,previous_int8,0.0813749939,True,0,0.00484758526,4.81518555,2e30b9fec474b4d93f0f78e5d1dc94cab79e761809ce547ec78f2b08ce16fbcc,0,0,1.6769957542419434,
0,local-qwen35-9b-m128-up,mlx,0.317125,True,0,0.000304309,0.450684,,,,0.8739719390869141,
0,local-qwen35-9b-m128-down,fp16,0.134749993,True,0,0.00028764845,1.86621094,ad60e0bed6bef9e513c494c63f111b52db138627c889c470526b5a8fcf6b12f1,0,0,1.202038049697876,
0,local-qwen35-9b-m128-down,previous_fp16,0.136250004,True,0,0.00028764845,1.86621094,ad60e0bed6bef9e513c494c63f111b52db138627c889c470526b5a8fcf6b12f1,0,0,1.224222183227539,
0,local-qwen35-9b-m128-down,fp32,0.174625005,True,0,0.000281587016,1.18286133,1ffdb1a687a80c6adbb0f649721640af864b82fce7485974e10424c5c58f72bb,0,0,1.319605827331543,
0,local-qwen35-9b-m128-down,previous_fp32,0.171874999,True,0,0.000281587016,1.18286133,1ffdb1a687a80c6adbb0f649721640af864b82fce7485974e10424c5c58f72bb,0,0,1.3221797943115234,
0,local-qwen35-9b-m128-down,int8,0.271625002,True,0,0.00367253856,14.1135254,542b6c0579027a2cd3032ad8ae46a39183d6361b41fb6a0f3095cf22f9e5c1b8,0,0,0.9345312118530273,
0,local-qwen35-9b-m128-down,previous_int8,0.271583325,True,0,0.00367253856,14.1135254,542b6c0579027a2cd3032ad8ae46a39183d6361b41fb6a0f3095cf22f9e5c1b8,0,0,0.9249999523162842,
0,local-qwen35-9b-m128-down,mlx,0.253625,True,0,9.77227e-05,0.302246,,,,0.9240870475769043,
0,local-qwen35-9b-m512-projection,fp16,0.165041667,True,0,0.000302085613,0.749023438,99f06339768f92a73a0585b1318dfec3fa56b097ce98ee30070cd8fb031f476b,0,0,1.0327050685882568,
0,local-qwen35-9b-m512-projection,previous_fp16,0.165125006,True,0,0.000302085613,0.749023438,99f06339768f92a73a0585b1318dfec3fa56b097ce98ee30070cd8fb031f476b,0,0,1.0266399383544922,
0,local-qwen35-9b-m512-projection,fp32,0.179374998,True,0,0.000200108219,0.286865234,8eae2df5ae179f3669bbd9ad3a19caeaea01a65fd13c9b57e391ea98a82a2705,0,0,0.9969518184661865,
0,local-qwen35-9b-m512-projection,previous_fp32,0.179625,True,0,0.000200108219,0.286865234,8eae2df5ae179f3669bbd9ad3a19caeaea01a65fd13c9b57e391ea98a82a2705,0,0,1.0064921379089355,
0,local-qwen35-9b-m512-projection,int8,0.105874991,True,0,0.00422996076,5.27832031,ecbcd5b864b1ea3a106d6687d594e07d7cab286743f9168ffa25e066b20eb68f,0,0,1.326650857925415,
0,local-qwen35-9b-m512-projection,previous_int8,0.105916668,True,0,0.00422996076,5.27832031,ecbcd5b864b1ea3a106d6687d594e07d7cab286743f9168ffa25e066b20eb68f,0,0,1.3266780376434326,
0,local-qwen35-9b-m512-projection,mlx,0.178875,True,0,0.000297948,0.393555,,,,0.9981670379638672,
0,local-qwen35-9b-m512-up,fp16,0.440500007,True,0,0.000319339378,0.601318359,b8edce4691fee584b0279d628aa0b85c1ca5a28bd7ff80da3e1ce2cfe32dc7d9,0,0,0.8440618515014648,
0,local-qwen35-9b-m512-up,previous_fp16,0.440458331,True,0,0.000319339378,0.601318359,b8edce4691fee584b0279d628aa0b85c1ca5a28bd7ff80da3e1ce2cfe32dc7d9,0,0,0.8461189270019531,
0,local-qwen35-9b-m512-up,fp32,0.448166669,True,0,0.000206927776,0.398681641,5ddecbfa7a941157648fa2a25c02438e5cd3eea047c6960177baeb7472b39670,0,0,0.8401479721069336,
0,local-qwen35-9b-m512-up,previous_fp32,0.45037501,True,0,0.000206927776,0.398681641,5ddecbfa7a941157648fa2a25c02438e5cd3eea047c6960177baeb7472b39670,0,0,0.8381109237670898,
0,local-qwen35-9b-m512-up,int8,0.256291663,True,0,0.00396103742,4.76367188,de662cb4221103a39e5af9fc79a1da80ed119cd64f38166caf6b63ae0dcf4024,0,0,0.9364049434661865,
0,local-qwen35-9b-m512-up,previous_int8,0.257125008,True,0,0.00396103742,4.76367188,de662cb4221103a39e5af9fc79a1da80ed119cd64f38166caf6b63ae0dcf4024,0,0,0.9453518390655518,
0,local-qwen35-9b-m512-up,mlx,0.446375,True,0,0.000240713,0.344727,,,,0.8674788475036621,
0,local-qwen35-9b-m512-down,fp16,0.46416666,True,0,0.000328209275,1.86621094,fa28d5e806e66d0ab630293cf227fe5a497a3c9ca5d878fcdb7dcde07d8e7b81,0,0,0.838371992111206,
0,local-qwen35-9b-m512-down,previous_fp16,0.46354167,True,0,0.000328209275,1.86621094,fa28d5e806e66d0ab630293cf227fe5a497a3c9ca5d878fcdb7dcde07d8e7b81,0,0,0.8398070335388184,
0,local-qwen35-9b-m512-down,fp32,0.487500001,True,0,0.00018315951,0.871337891,acf64b307f88d2283a52f029020787586393a4e63e9689d3d9ce7d0c038ce696,0,0,0.8266019821166992,
0,local-qwen35-9b-m512-down,previous_fp32,0.490624996,True,0,0.00018315951,0.871337891,acf64b307f88d2283a52f029020787586393a4e63e9689d3d9ce7d0c038ce696,0,0,0.8286819458007812,
0,local-qwen35-9b-m512-down,int8,0.326666661,True,0,0.00354970361,14.2524414,a3382d70f9ddf918a088158fac534ae0655e92249fb67fefc5afbc51526b10df,0,0,0.8934361934661865,
0,local-qwen35-9b-m512-down,previous_int8,0.327999995,True,0,0.00354970361,14.2524414,a3382d70f9ddf918a088158fac534ae0655e92249fb67fefc5afbc51526b10df,0,0,0.9115171432495117,
0,local-qwen35-9b-m512-down,mlx,0.479292,True,0,0.000184562,0.677246,,,,0.8382856845855713,
0,local-qwen35-9b-m1024-projection,fp16,0.303000008,True,0,0.00034569843,0.622558594,b39388994020f237506b454376f141ffa4989ef363c591fc8dca1f87c1bfd396,0,0,0.8269271850585938,
0,local-qwen35-9b-m1024-projection,previous_fp16,0.302874992,True,0,0.00034569843,0.622558594,b39388994020f237506b454376f141ffa4989ef363c591fc8dca1f87c1bfd396,0,0,0.8275389671325684,
0,local-qwen35-9b-m1024-projection,fp32,0.313875003,True,0,0.000171861562,0.286865234,d6bd96fc88151b939f8a463e62c90b3ea955e296e8860828138c6062096c78fe,0,0,0.8254759311676025,
0,local-qwen35-9b-m1024-projection,previous_fp32,0.312541655,True,0,0.000171861562,0.286865234,d6bd96fc88151b939f8a463e62c90b3ea955e296e8860828138c6062096c78fe,0,0,0.828333854675293,
0,local-qwen35-9b-m1024-projection,int8,0.172958331,True,0,0.00423837912,5.2746582,c42efa645f2fa962df5a3bc69bb54f99fddad988f914b40b57e26eee4592502e,0,0,1.0185208320617676,
0,local-qwen35-9b-m1024-projection,previous_int8,0.173416658,True,0,0.00423837912,5.2746582,c42efa645f2fa962df5a3bc69bb54f99fddad988f914b40b57e26eee4592502e,0,0,1.0280120372772217,
0,local-qwen35-9b-m1024-projection,mlx,0.309583,True,0,0.000324493,0.46875,,,,0.8374278545379639,
0,local-qwen35-9b-m1024-up,fp16,0.843874994,True,0,0.0002771763,0.539794922,7dd6172ae68b30117d49576cf2231f965c869804d18d7b745fa00a5368b9dcf9,0,0,0.7310471534729004,
0,local-qwen35-9b-m1024-up,previous_fp16,0.843750007,True,0,0.0002771763,0.539794922,7dd6172ae68b30117d49576cf2231f965c869804d18d7b745fa00a5368b9dcf9,0,0,0.7380259037017822,
0,local-qwen35-9b-m1024-up,fp32,0.856791667,True,0,0.000173687823,0.286865234,2ec3cb0767548ca4cf35f33b206ee88571affb592523da757e2c4c20cb8a1f24,0,0,0.7317609786987305,
0,local-qwen35-9b-m1024-up,previous_fp32,0.856499988,True,0,0.000173687823,0.286865234,2ec3cb0767548ca4cf35f33b206ee88571affb592523da757e2c4c20cb8a1f24,0,0,0.7305519580841064,
0,local-qwen35-9b-m1024-up,int8,0.489624988,True,0,0.00392091331,4.82397461,5997b89cc83c04451215ad4387ab7a7f2481cbecfe82196e8e542d728a09df0e,0,0,0.8633499145507812,
0,local-qwen35-9b-m1024-up,previous_int8,0.493375002,True,0,0.00392091331,4.82397461,5997b89cc83c04451215ad4387ab7a7f2481cbecfe82196e8e542d728a09df0e,0,0,0.8553237915039062,
0,local-qwen35-9b-m1024-up,mlx,0.857583,True,0,0.000124992,0.0957031,,,,0.7728819847106934,
0,local-qwen35-9b-m1024-down,fp16,0.885125002,True,0,0.000286187673,1.73095703,a57ca1223352dae39c4f090601208dfaf4256441058c6ab071cf300ef08fa5e7,0,0,0.7234599590301514,
0,local-qwen35-9b-m1024-down,previous_fp16,0.884791662,True,0,0.000286187673,1.73095703,a57ca1223352dae39c4f090601208dfaf4256441058c6ab071cf300ef08fa5e7,0,0,0.7200028896331787,
0,local-qwen35-9b-m1024-down,fp32,0.910624993,True,0,0.000180987237,0.848876953,d678aae8f0b5d7759c2788550498d9cb96bb9b194c63f0533b2143c2e6f48d6b,0,0,0.7260100841522217,
0,local-qwen35-9b-m1024-down,previous_fp32,0.911250012,True,0,0.000180987237,0.848876953,d678aae8f0b5d7759c2788550498d9cb96bb9b194c63f0533b2143c2e6f48d6b,0,0,0.7169430255889893,
0,local-qwen35-9b-m1024-down,int8,0.719708332,True,0,0.00395335867,15.9504395,43f7a8fdd88ed75d98694cf80e10f26b64f0a4eeeed0318c98cc23b1f6c17f68,0,0,0.7897121906280518,
0,local-qwen35-9b-m1024-down,previous_int8,0.718708325,True,0,0.00395335867,15.9504395,43f7a8fdd88ed75d98694cf80e10f26b64f0a4eeeed0318c98cc23b1f6c17f68,0,0,0.786931037902832,
0,local-qwen35-9b-m1024-down,mlx,0.913917,True,0,0.000196191,0.47876,,,,0.7334239482879639,
0,local-qwen35-9b-m2048-projection,fp16,0.563625013,True,0,0.000192784717,0.429199219,5d4f8347b987fd733582e3f6ebf73258f4a895baf674fc839d1c0e6341afc8da,0,0,0.7608282566070557,
0,local-qwen35-9b-m2048-projection,previous_fp16,0.59499999,True,0,0.000192784717,0.429199219,5d4f8347b987fd733582e3f6ebf73258f4a895baf674fc839d1c0e6341afc8da,0,0,0.7658157348632812,
0,local-qwen35-9b-m2048-projection,fp32,0.594166675,True,0,0.000192784717,0.429199219,5d4f8347b987fd733582e3f6ebf73258f4a895baf674fc839d1c0e6341afc8da,0,0,0.7573947906494141,
0,local-qwen35-9b-m2048-projection,previous_fp32,0.597125007,True,0,0.000192784717,0.429199219,5d4f8347b987fd733582e3f6ebf73258f4a895baf674fc839d1c0e6341afc8da,0,0,0.7613239288330078,
0,local-qwen35-9b-m2048-projection,int8,0.328249997,True,0,0.00405805991,5.2746582,9fdbf35633ff251ef924afb5f90b4c6effc85a7c8e8df9b177760ab15783ff05,0,0,0.8585691452026367,
0,local-qwen35-9b-m2048-projection,previous_int8,0.326333335,True,0,0.00405805991,5.2746582,9fdbf35633ff251ef924afb5f90b4c6effc85a7c8e8df9b177760ab15783ff05,0,0,0.8462271690368652,
0,local-qwen35-9b-m2048-projection,mlx,0.593125,True,0,0.000210928,0.393555,,,,0.777738094329834,
0,local-qwen35-9b-m2048-up,fp16,1.66075,True,0,0.000184528702,0.247314453,eecd320673740ae600a6153c9f1cb491f2518180f405b1c28679405d7d23f263,0,0,0.6820518970489502,
0,local-qwen35-9b-m2048-up,previous_fp16,1.66029167,True,0,0.000184528702,0.247314453,eecd320673740ae600a6153c9f1cb491f2518180f405b1c28679405d7d23f263,0,0,0.685997724533081,
0,local-qwen35-9b-m2048-up,fp32,1.65987501,True,0,0.000184528702,0.247314453,eecd320673740ae600a6153c9f1cb491f2518180f405b1c28679405d7d23f263,0,0,0.6818690299987793,
0,local-qwen35-9b-m2048-up,previous_fp32,1.660875,True,0,0.000184528702,0.247314453,eecd320673740ae600a6153c9f1cb491f2518180f405b1c28679405d7d23f263,0,0,0.680837869644165,
0,local-qwen35-9b-m2048-up,int8,0.915375014,True,0,0.0039220115,5.28491211,a20612a919aa5ff5ee87f5a51d0802a6ddb73e52fdf2591ba2c7db8b9cb2f939,0,0,0.7718920707702637,
0,local-qwen35-9b-m2048-up,previous_int8,0.921833329,True,0,0.0039220115,5.28491211,a20612a919aa5ff5ee87f5a51d0802a6ddb73e52fdf2591ba2c7db8b9cb2f939,0,0,0.7737228870391846,
0,local-qwen35-9b-m2048-up,mlx,1.65804,True,0,0.000163212,0.207764,,,,0.7475619316101074,
0,local-qwen35-9b-m2048-down,fp16,1.77,True,0,0.000173155314,0.83203125,8dc248dfe15222c0f2d3f336a9ef074531d2bb3e1b5b4cff0f5ae37c8edca39e,0,0,0.6737580299377441,
0,local-qwen35-9b-m2048-down,previous_fp16,1.77408333,True,0,0.000173155314,0.83203125,8dc248dfe15222c0f2d3f336a9ef074531d2bb3e1b5b4cff0f5ae37c8edca39e,0,0,0.6743040084838867,
0,local-qwen35-9b-m2048-down,fp32,1.775875,True,0,0.000173155314,0.83203125,8dc248dfe15222c0f2d3f336a9ef074531d2bb3e1b5b4cff0f5ae37c8edca39e,0,0,0.6841371059417725,
0,local-qwen35-9b-m2048-down,previous_fp32,1.771625,True,0,0.000173155314,0.83203125,8dc248dfe15222c0f2d3f336a9ef074531d2bb3e1b5b4cff0f5ae37c8edca39e,0,0,0.678253173828125,
0,local-qwen35-9b-m2048-down,int8,1.05250001,True,0,0.00378208061,15.9504395,af3ca4a47cbcfecd4178a2942ad0583d55e9392c4928c3d85fce8581f853101d,0,0,0.7556850910186768,
0,local-qwen35-9b-m2048-down,previous_int8,1.06041667,True,0,0.00378208061,15.9504395,af3ca4a47cbcfecd4178a2942ad0583d55e9392c4928c3d85fce8581f853101d,0,0,0.7541389465332031,
0,local-qwen35-9b-m2048-down,mlx,1.77512,True,0,4.76615e-05,0.186035,,,,0.7103888988494873,
0,local-qwen35-9b-m3072-projection,fp16,0.848750002,True,0,0.000197340469,0.286865234,0cf54298c3548abd3c27b043e769c405babe05607a59808fadcaa9f1eee5be4b,0,0,0.7095179557800293,
0,local-qwen35-9b-m3072-projection,previous_fp16,0.849958335,True,0,0.000197340469,0.286865234,0cf54298c3548abd3c27b043e769c405babe05607a59808fadcaa9f1eee5be4b,0,0,0.7083499431610107,
0,local-qwen35-9b-m3072-projection,fp32,0.851375007,True,0,0.000197340469,0.286865234,0cf54298c3548abd3c27b043e769c405babe05607a59808fadcaa9f1eee5be4b,0,0,0.7068512439727783,
0,local-qwen35-9b-m3072-projection,previous_fp32,0.850249999,True,0,0.000197340469,0.286865234,0cf54298c3548abd3c27b043e769c405babe05607a59808fadcaa9f1eee5be4b,0,0,0.708101749420166,
0,local-qwen35-9b-m3072-projection,int8,0.480750008,True,0,0.0044770311,5.31152344,b14955ef0090e269c523c105585db07bff81b4643c3a8f46b231feab4281aa0f,0,0,0.819072961807251,
0,local-qwen35-9b-m3072-projection,previous_int8,0.480291666,True,0,0.0044770311,5.31152344,b14955ef0090e269c523c105585db07bff81b4643c3a8f46b231feab4281aa0f,0,0,0.8230321407318115,
0,local-qwen35-9b-m3072-projection,mlx,0.845833,True,0,0.000270747,0.393555,,,,0.737199068069458,
0,local-qwen35-9b-m3072-up,fp16,2.45312501,True,0,0.000212270398,0.458984375,8921a96d6391ecce93d967d1f2c8fb3f1f5c7a49eec54aee5c13b4360435d587,0,0,0.6775739192962646,
0,local-qwen35-9b-m3072-up,previous_fp16,2.49137499,True,0,0.000212270398,0.458984375,8921a96d6391ecce93d967d1f2c8fb3f1f5c7a49eec54aee5c13b4360435d587,0,0,0.683513879776001,
0,local-qwen35-9b-m3072-up,fp32,2.45570832,True,0,0.000212270398,0.458984375,8921a96d6391ecce93d967d1f2c8fb3f1f5c7a49eec54aee5c13b4360435d587,0,0,0.6861801147460938,
0,local-qwen35-9b-m3072-up,previous_fp32,2.45225,True,0,0.000212270398,0.458984375,8921a96d6391ecce93d967d1f2c8fb3f1f5c7a49eec54aee5c13b4360435d587,0,0,0.6890971660614014,
0,local-qwen35-9b-m3072-up,int8,1.37337501,True,0,0.00391097979,5.31152344,99feb0f3a70f89eefa4b0db1f708021b2c4e3f4e6c36c96e6367ea44afe6f2d6,0,0,0.7429859638214111,
0,local-qwen35-9b-m3072-up,previous_int8,1.39758333,True,0,0.00391097979,5.31152344,99feb0f3a70f89eefa4b0db1f708021b2c4e3f4e6c36c96e6367ea44afe6f2d6,0,0,0.7534987926483154,
0,local-qwen35-9b-m3072-up,mlx,2.45475,True,0,0.000183456,0.140381,,,,0.7759239673614502,
0,local-qwen35-9b-m3072-down,fp16,2.62825,True,0,0.000152012368,0.788330078,3dbae3e3f3efd94656295c11ccce8a9da7cb08c594cea8e8971f1661d19d5914,0,0,0.6765062808990479,
0,local-qwen35-9b-m3072-down,previous_fp16,2.63404167,True,0,0.000152012368,0.788330078,3dbae3e3f3efd94656295c11ccce8a9da7cb08c594cea8e8971f1661d19d5914,0,0,0.678678035736084,
0,local-qwen35-9b-m3072-down,fp32,2.63083333,True,0,0.000152012368,0.788330078,3dbae3e3f3efd94656295c11ccce8a9da7cb08c594cea8e8971f1661d19d5914,0,0,0.6829099655151367,
0,local-qwen35-9b-m3072-down,previous_fp32,2.629,True,0,0.000152012368,0.788330078,3dbae3e3f3efd94656295c11ccce8a9da7cb08c594cea8e8971f1661d19d5914,0,0,0.6755509376525879,
0,local-qwen35-9b-m3072-down,int8,1.55120833,True,0,0.00404025758,14.253418,4fc5f6b7c29abc40608b3aad803a80c7a0494e83b24d23d2026ff9187a416080,0,0,0.7325379848480225,
0,local-qwen35-9b-m3072-down,previous_int8,1.56991667,True,0,0.00404025758,14.253418,4fc5f6b7c29abc40608b3aad803a80c7a0494e83b24d23d2026ff9187a416080,0,0,0.7259831428527832,
0,local-qwen35-9b-m3072-down,mlx,2.63454,True,0,0.000165976,0.859863,,,,0.7193260192871094,
0,local-qwen35-9b-m4096-projection,fp16,1.09741667,True,0,0.000208710424,0.429199219,438aed6e8f0a39e48a59fade7eba2ce5dddab1a794b9c131dc7b556b07cf8c64,0,0,0.6851048469543457,
0,local-qwen35-9b-m4096-projection,previous_fp16,1.09604167,True,0,0.000208710424,0.429199219,438aed6e8f0a39e48a59fade7eba2ce5dddab1a794b9c131dc7b556b07cf8c64,0,0,0.6876866817474365,
0,local-qwen35-9b-m4096-projection,fp32,1.10325,True,0,0.000208710424,0.429199219,438aed6e8f0a39e48a59fade7eba2ce5dddab1a794b9c131dc7b556b07cf8c64,0,0,0.6857402324676514,
0,local-qwen35-9b-m4096-projection,previous_fp32,1.09475,True,0,0.000208710424,0.429199219,438aed6e8f0a39e48a59fade7eba2ce5dddab1a794b9c131dc7b556b07cf8c64,0,0,0.6882193088531494,
0,local-qwen35-9b-m4096-projection,int8,0.626249996,True,0,0.00385180616,4.32373047,e4b5306e4af4713229a557fb85b81a0026a2032e2b86c9f5bd74fe30659730a1,0,0,0.781069278717041,
0,local-qwen35-9b-m4096-projection,previous_int8,0.626499997,True,0,0.00385180616,4.32373047,e4b5306e4af4713229a557fb85b81a0026a2032e2b86c9f5bd74fe30659730a1,0,0,0.783693790435791,
0,local-qwen35-9b-m4096-projection,mlx,1.09475,True,0,0.000279972,0.393555,,,,0.7199900150299072,
0,local-qwen35-9b-m4096-up,fp16,3.24749999,True,0,0.000188390145,0.299316406,f123e11447a6330e1e62e68488529924e7ccd5109a826f878b6fe5d05ab99f48,0,0,0.6878070831298828,
0,local-qwen35-9b-m4096-up,previous_fp16,3.24612499,True,0,0.000188390145,0.299316406,f123e11447a6330e1e62e68488529924e7ccd5109a826f878b6fe5d05ab99f48,0,0,0.6967909336090088,
0,local-qwen35-9b-m4096-up,fp32,3.24654166,True,0,0.000188390145,0.299316406,f123e11447a6330e1e62e68488529924e7ccd5109a826f878b6fe5d05ab99f48,0,0,0.6884050369262695,
0,local-qwen35-9b-m4096-up,previous_fp32,3.245625,True,0,0.000188390145,0.299316406,f123e11447a6330e1e62e68488529924e7ccd5109a826f878b6fe5d05ab99f48,0,0,0.6980340480804443,
0,local-qwen35-9b-m4096-up,int8,1.79475,True,0,0.0040584335,5.23535156,521aa026f4698744f2e5ea3f121e00b7bc3a69392756483f7f630f5d45b8d682,0,0,0.7426102161407471,
0,local-qwen35-9b-m4096-up,previous_int8,1.79483334,True,0,0.0040584335,5.23535156,521aa026f4698744f2e5ea3f121e00b7bc3a69392756483f7f630f5d45b8d682,0,0,0.7420320510864258,
0,local-qwen35-9b-m4096-up,mlx,3.24558,True,0,0.000203526,0.199707,,,,0.8108048439025879,
0,local-qwen35-9b-m4096-down,fp16,3.4875,True,0,0.000311226981,1.44580078,8174478b12204f7945821fec78a6d9cd176716063cd1bbf32309c3b7e3f61241,0,0,0.6858139038085938,
0,local-qwen35-9b-m4096-down,previous_fp16,3.48316666,True,0,0.000311226981,1.44580078,8174478b12204f7945821fec78a6d9cd176716063cd1bbf32309c3b7e3f61241,0,0,0.6829171180725098,
0,local-qwen35-9b-m4096-down,fp32,3.99225,True,0,0.000307669286,1.44580078,056497784d0f977323ed4b8c5bf077203fc2e7265b0a8ab89799bb5e71c6606f,0,0,0.6988112926483154,
0,local-qwen35-9b-m4096-down,previous_fp32,3.98750001,True,0,0.000307669286,1.44580078,056497784d0f977323ed4b8c5bf077203fc2e7265b0a8ab89799bb5e71c6606f,0,0,0.6860790252685547,
0,local-qwen35-9b-m4096-down,int8,1.93625,True,0,0.00356405594,15.8679199,779a148409efb7bb2af62d28d443e63f2b780b01ef15cc6eb87ae0a2e08e9e74,0,0,0.7303550243377686,
0,local-qwen35-9b-m4096-down,previous_int8,1.9335,True,0,0.00356405594,15.8679199,779a148409efb7bb2af62d28d443e63f2b780b01ef15cc6eb87ae0a2e08e9e74,0,0,0.9237768650054932,
0,local-qwen35-9b-m4096-down,mlx,5.46325,True,0,0.000102363,0.376709,,,,0.7358410358428955,
0,local-qwen35-27b-m1-projection,fp16,0.0397916592,True,0,0.000210415967,0.457763672,561e6b251094fd9b68eade0a30e203599b2043162649a1cdfc7a25bc69c61af6,0,0,2.547029972076416,
0,local-qwen35-27b-m1-projection,previous_fp16,0.0402500009,True,0,0.000210415967,0.457763672,561e6b251094fd9b68eade0a30e203599b2043162649a1cdfc7a25bc69c61af6,0,0,2.568704128265381,
0,local-qwen35-27b-m1-projection,fp32,0.0406249892,True,0,0.000210415967,0.457763672,561e6b251094fd9b68eade0a30e203599b2043162649a1cdfc7a25bc69c61af6,0,0,2.555131196975708,
0,local-qwen35-27b-m1-projection,previous_fp32,0.0402500009,True,0,0.000210415967,0.457763672,561e6b251094fd9b68eade0a30e203599b2043162649a1cdfc7a25bc69c61af6,0,0,2.5443198680877686,
0,local-qwen35-27b-m1-projection,int8,0.0175000023,True,0,0.00197033392,2.97729492,9492174a9a6ef0a93e9eba8f1ddd4c8e30729458b7a8c7fb43d6ce54c8918fdd,0,0,4.997162103652954,
0,local-qwen35-27b-m1-projection,previous_int8,0.0172500004,True,0,0.00197033392,2.97729492,9492174a9a6ef0a93e9eba8f1ddd4c8e30729458b7a8c7fb43d6ce54c8918fdd,0,0,5.091389894485474,
0,local-qwen35-27b-m1-projection,mlx,0.0263333,True,0,0.000325984,0.41626,,,,3.7624900341033936,
0,local-qwen35-27b-m1-up,fp16,0.161166667,True,0,0.000209434276,0.457763672,641e8d81856a42664a2cad52a36e71fe5da2d4bb1682f5bbeffe339a6b9d6a99,0,0,1.1621119976043701,
0,local-qwen35-27b-m1-up,previous_fp16,0.160166659,True,0,0.000209434276,0.457763672,641e8d81856a42664a2cad52a36e71fe5da2d4bb1682f5bbeffe339a6b9d6a99,0,0,1.1612319946289062,
0,local-qwen35-27b-m1-up,fp32,0.157416667,True,0,0.000209434276,0.457763672,641e8d81856a42664a2cad52a36e71fe5da2d4bb1682f5bbeffe339a6b9d6a99,0,0,1.1714298725128174,
0,local-qwen35-27b-m1-up,previous_fp32,0.157875009,True,0,0.000209434276,0.457763672,641e8d81856a42664a2cad52a36e71fe5da2d4bb1682f5bbeffe339a6b9d6a99,0,0,1.1706199645996094,
0,local-qwen35-27b-m1-up,int8,0.0458750001,True,0,0.00207648175,3.03344727,2003cbb37a1a49f67540da16e4cd684a017436c9f99c0e17385c0c113f78ea67,0,0,2.5468900203704834,
0,local-qwen35-27b-m1-up,previous_int8,0.0457499991,True,0,0.00207648175,3.03344727,2003cbb37a1a49f67540da16e4cd684a017436c9f99c0e17385c0c113f78ea67,0,0,2.533338785171509,
0,local-qwen35-27b-m1-up,mlx,0.154667,True,0,0.000251135,0.251221,,,,1.191357135772705,
0,local-qwen35-27b-m1-down,fp16,0.173249995,True,0,0.000196611269,1.78417969,1fccb3927564cf513820bee8fd3b2641ea3f47e4680d92772e2c40d0ec855577,0,0,1.1577541828155518,
0,local-qwen35-27b-m1-down,previous_fp16,0.176958332,True,0,0.000196611269,1.78417969,1fccb3927564cf513820bee8fd3b2641ea3f47e4680d92772e2c40d0ec855577,0,0,1.125622034072876,
0,local-qwen35-27b-m1-down,fp32,0.17449999,True,0,0.000196611269,1.78417969,1fccb3927564cf513820bee8fd3b2641ea3f47e4680d92772e2c40d0ec855577,0,0,1.1222128868103027,
0,local-qwen35-27b-m1-down,previous_fp32,0.174124987,True,0,0.000196611269,1.78417969,1fccb3927564cf513820bee8fd3b2641ea3f47e4680d92772e2c40d0ec855577,0,0,1.1150610446929932,
0,local-qwen35-27b-m1-down,int8,0.051291674,True,0,0.00216791359,10.9389648,00cd019efe5aeaff18e7490081acdf478a919d4e001994703a931e0a941531c5,0,0,2.3778018951416016,
0,local-qwen35-27b-m1-down,previous_int8,0.0522083283,True,0,0.00216791359,10.9389648,00cd019efe5aeaff18e7490081acdf478a919d4e001994703a931e0a941531c5,0,0,2.51806378364563,
0,local-qwen35-27b-m1-down,mlx,0.159083,True,0,0.000248161,0.441895,,,,1.1905410289764404,
0,local-qwen35-27b-m2-projection,fp16,0.0417499978,True,0,0.000212995184,0.4765625,caeab5229f6904a5e8fc535a337ecc45cdd9cd0b22692cef02fec9afc7442593,0,0,2.50905704498291,
0,local-qwen35-27b-m2-projection,previous_fp16,0.0416666589,True,0,0.000212995184,0.4765625,caeab5229f6904a5e8fc535a337ecc45cdd9cd0b22692cef02fec9afc7442593,0,0,2.4901371002197266,
0,local-qwen35-27b-m2-projection,fp32,0.0408749911,True,0,0.000212995184,0.4765625,caeab5229f6904a5e8fc535a337ecc45cdd9cd0b22692cef02fec9afc7442593,0,0,2.536005973815918,
0,local-qwen35-27b-m2-projection,previous_fp32,0.0406666659,True,0,0.000212995184,0.4765625,caeab5229f6904a5e8fc535a337ecc45cdd9cd0b22692cef02fec9afc7442593,0,0,2.505399703979492,
0,local-qwen35-27b-m2-projection,int8,0.018125007,True,0,0.00188408641,2.97729492,1e3de2f8458b32c929e0ac627a56a737ff9597316df75cb4be806e38727be98c,0,0,4.998186111450195,
0,local-qwen35-27b-m2-projection,previous_int8,0.0183750089,True,0,0.00188408641,2.97729492,1e3de2f8458b32c929e0ac627a56a737ff9597316df75cb4be806e38727be98c,0,0,4.863782167434692,
0,local-qwen35-27b-m2-projection,mlx,0.0285,True,0,0.000278736,0.41626,,,,3.5692970752716064,
0,local-qwen35-27b-m2-up,fp16,0.160958341,True,0,0.000211732651,0.457763672,c9fc7e7e9ebc04ba671dd4a93228239439e3803ee4dba697aa4a6f6bd3dad564,0,0,1.2065069675445557,
0,local-qwen35-27b-m2-up,previous_fp16,0.1605,True,0,0.000211732651,0.457763672,c9fc7e7e9ebc04ba671dd4a93228239439e3803ee4dba697aa4a6f6bd3dad564,0,0,1.167234182357788,
0,local-qwen35-27b-m2-up,fp32,0.159500007,True,0,0.000211732651,0.457763672,c9fc7e7e9ebc04ba671dd4a93228239439e3803ee4dba697aa4a6f6bd3dad564,0,0,1.1637659072875977,
0,local-qwen35-27b-m2-up,previous_fp32,0.15924999,True,0,0.000211732651,0.457763672,c9fc7e7e9ebc04ba671dd4a93228239439e3803ee4dba697aa4a6f6bd3dad564,0,0,1.168233871459961,
0,local-qwen35-27b-m2-up,int8,0.0469166698,True,0,0.00199916115,3.25170898,992afa32785e4bbf12f975835f29b24c1ecdf9da3842d8d14148042fe7e03268,0,0,2.4898288249969482,
0,local-qwen35-27b-m2-up,previous_int8,0.0469999941,True,0,0.00199916115,3.25170898,992afa32785e4bbf12f975835f29b24c1ecdf9da3842d8d14148042fe7e03268,0,0,2.72212290763855,
0,local-qwen35-27b-m2-up,mlx,0.1515,True,0,0.000276285,0.424805,,,,1.1650328636169434,
0,local-qwen35-27b-m2-down,fp16,0.179625,True,0,0.000210660568,1.47412109,c71e756d6dba022cde5d3acde4c7364eb56125d7f695415a4e95473c2cdb90bf,0,0,1.128730297088623,
0,local-qwen35-27b-m2-down,previous_fp16,0.181041658,True,0,0.000210660568,1.47412109,c71e756d6dba022cde5d3acde4c7364eb56125d7f695415a4e95473c2cdb90bf,0,0,1.0953049659729004,
0,local-qwen35-27b-m2-down,fp32,0.179458337,True,0,0.000210660568,1.47412109,c71e756d6dba022cde5d3acde4c7364eb56125d7f695415a4e95473c2cdb90bf,0,0,1.0955140590667725,
0,local-qwen35-27b-m2-down,previous_fp32,0.179458322,True,0,0.000210660568,1.47412109,c71e756d6dba022cde5d3acde4c7364eb56125d7f695415a4e95473c2cdb90bf,0,0,1.0997672080993652,
0,local-qwen35-27b-m2-down,int8,0.054083328,True,0,0.00208792511,10.9389648,1fe8e61439281390b0ca7e5ac98b95edafd64728f7c43c72f3bc44b48d1e336f,0,0,2.394951820373535,
0,local-qwen35-27b-m2-down,previous_int8,0.0545416697,True,0,0.00208792511,10.9389648,1fe8e61439281390b0ca7e5ac98b95edafd64728f7c43c72f3bc44b48d1e336f,0,0,2.410456895828247,
0,local-qwen35-27b-m2-down,mlx,0.157042,True,0,0.000197871,1.44873,,,,1.173180103302002,
0,local-qwen35-27b-m8-projection,fp16,0.0491249957,True,0,0.000250911787,0.71484375,8c530e4e3ec268526816cfc45a83c70f83f447916b835e1e2a75e711922d1064,0,0,2.343719005584717,
0,local-qwen35-27b-m8-projection,previous_fp16,0.0490416569,True,0,0.000250911787,0.71484375,8c530e4e3ec268526816cfc45a83c70f83f447916b835e1e2a75e711922d1064,0,0,2.181450128555298,
0,local-qwen35-27b-m8-projection,fp32,0.0488750084,True,0,0.000250911787,0.71484375,8c530e4e3ec268526816cfc45a83c70f83f447916b835e1e2a75e711922d1064,0,0,2.2179949283599854,
0,local-qwen35-27b-m8-projection,previous_fp32,0.0498333393,True,0,0.000250911787,0.71484375,8c530e4e3ec268526816cfc45a83c70f83f447916b835e1e2a75e711922d1064,0,0,2.2005109786987305,
0,local-qwen35-27b-m8-projection,int8,0.035124991,True,0,0.00376848441,6.53344727,f6cfacd1472e03f17d67f961c71823c67b2751e57529f8405ff9354b68fce7c1,0,0,3.430582046508789,
0,local-qwen35-27b-m8-projection,previous_int8,0.0347916648,True,0,0.00376848441,6.53344727,f6cfacd1472e03f17d67f961c71823c67b2751e57529f8405ff9354b68fce7c1,0,0,2.905194044113159,
0,local-qwen35-27b-m8-projection,mlx,0.0432917,True,0,0.000246429,0.41626,,,,2.424877643585205,
0,local-qwen35-27b-m8-up,fp16,0.22687501,True,0,0.000291193713,0.975097656,d25f581f94da1f784077236339dfaab049c243e8aafc8af80862fe936b6b9941,0,0,1.0140550136566162,
0,local-qwen35-27b-m8-up,previous_fp16,0.224750009,True,0,0.000291193713,0.975097656,d25f581f94da1f784077236339dfaab049c243e8aafc8af80862fe936b6b9941,0,0,1.0195231437683105,
0,local-qwen35-27b-m8-up,fp32,0.226916673,True,0,0.000291193713,0.975097656,d25f581f94da1f784077236339dfaab049c243e8aafc8af80862fe936b6b9941,0,0,1.0059077739715576,
0,local-qwen35-27b-m8-up,previous_fp32,0.227166674,True,0,0.000291193713,0.975097656,d25f581f94da1f784077236339dfaab049c243e8aafc8af80862fe936b6b9941,0,0,1.004796028137207,
0,local-qwen35-27b-m8-up,int8,0.0941250037,True,0,0.00381543623,6.61352539,cbdec3ca26a50eb6227a4bcd7399f570eca3f5fbbca14820c2dfcc4800bf1c0e,0,0,1.5762228965759277,
0,local-qwen35-27b-m8-up,previous_int8,0.0903750042,True,0,0.00381543623,6.61352539,cbdec3ca26a50eb6227a4bcd7399f570eca3f5fbbca14820c2dfcc4800bf1c0e,0,0,1.6326510906219482,
0,local-qwen35-27b-m8-up,mlx,0.213625,True,0,0.000195179,0.251221,,,,1.084582805633545,
0,local-qwen35-27b-m8-down,fp16,0.247874996,True,0,0.000423675146,4.08813477,83ddba17d465a11c758a5cff332bc3c928e0bc5fafaa996bacc4e379264b7ad9,0,0,1.2030918598175049,
0,local-qwen35-27b-m8-down,previous_fp16,0.251333331,True,0,0.000423675146,4.08813477,83ddba17d465a11c758a5cff332bc3c928e0bc5fafaa996bacc4e379264b7ad9,0,0,0.9662270545959473,
0,local-qwen35-27b-m8-down,fp32,0.25225,True,0,0.000423675146,4.08813477,83ddba17d465a11c758a5cff332bc3c928e0bc5fafaa996bacc4e379264b7ad9,0,0,0.973041296005249,
0,local-qwen35-27b-m8-down,previous_fp32,0.246958341,True,0,0.000423675146,4.08813477,83ddba17d465a11c758a5cff332bc3c928e0bc5fafaa996bacc4e379264b7ad9,0,0,0.9595248699188232,
0,local-qwen35-27b-m8-down,int8,0.0948750094,True,0,0.00392293192,22.1647949,8c1507082732d5266ae9b796ccea784f28e4d05c8a2ae179635eac4359f20159,0,0,3.3285739421844482,
0,local-qwen35-27b-m8-down,previous_int8,0.0912499963,True,0,0.00392293192,22.1647949,8c1507082732d5266ae9b796ccea784f28e4d05c8a2ae179635eac4359f20159,0,0,1.5963428020477295,
0,local-qwen35-27b-m8-down,mlx,0.179625,True,0,0.000248733,0.962891,,,,1.119084119796753,
0,local-qwen35-27b-m32-projection,fp16,0.143125013,True,0,0.000298577265,0.777099609,67f6c5fa39b1a8a33c5e75d1d29c3bd995af9dde1f3f2fcf3db50c9d7b39dbbf,0,0,1.1086769104003906,
0,local-qwen35-27b-m32-projection,previous_fp16,0.141750003,True,0,0.000298577265,0.777099609,67f6c5fa39b1a8a33c5e75d1d29c3bd995af9dde1f3f2fcf3db50c9d7b39dbbf,0,0,1.1113061904907227,
0,local-qwen35-27b-m32-projection,fp32,0.142000004,True,0,0.000298577265,0.777099609,67f6c5fa39b1a8a33c5e75d1d29c3bd995af9dde1f3f2fcf3db50c9d7b39dbbf,0,0,1.1060521602630615,
0,local-qwen35-27b-m32-projection,previous_fp32,0.141500001,True,0,0.000298577265,0.777099609,67f6c5fa39b1a8a33c5e75d1d29c3bd995af9dde1f3f2fcf3db50c9d7b39dbbf,0,0,1.0991427898406982,
0,local-qwen35-27b-m32-projection,int8,0.0759999966,True,0,0.00377496697,6.57348633,471863a25363520286dd93d76efeeaf61de6cf8f9d330b89a82b453f9189d07a,0,0,1.689065933227539,
0,local-qwen35-27b-m32-projection,previous_int8,0.0762083364,True,0,0.00377496697,6.57348633,471863a25363520286dd93d76efeeaf61de6cf8f9d330b89a82b453f9189d07a,0,0,1.6920428276062012,
0,local-qwen35-27b-m32-projection,mlx,0.094875,True,0,0.000271004,0.41626,,,,1.4303810596466064,
0,local-qwen35-27b-m32-up,fp16,0.545749994,True,0,0.000227681208,0.504638672,32f569b865f8ba7ac88a9179b4860640b91ee7a8e19cdb3839df64d111af0b5c,0,0,0.8179938793182373,
0,local-qwen35-27b-m32-up,previous_fp16,0.540958339,True,0,0.000227681208,0.504638672,32f569b865f8ba7ac88a9179b4860640b91ee7a8e19cdb3839df64d111af0b5c,0,0,0.8188540935516357,
0,local-qwen35-27b-m32-up,fp32,0.550500001,True,0,0.000227681208,0.504638672,32f569b865f8ba7ac88a9179b4860640b91ee7a8e19cdb3839df64d111af0b5c,0,0,0.8160951137542725,
0,local-qwen35-27b-m32-up,previous_fp32,0.553499995,True,0,0.000227681208,0.504638672,32f569b865f8ba7ac88a9179b4860640b91ee7a8e19cdb3839df64d111af0b5c,0,0,0.820591926574707,
0,local-qwen35-27b-m32-up,int8,0.104541657,True,0,0.00409227875,6.58349609,3af63876e1aff5fd480bb4d99ddcc3b9f800547d72844aca823ff8bdd3fa112a,0,0,1.4869000911712646,
0,local-qwen35-27b-m32-up,previous_int8,0.103708342,True,0,0.00409227875,6.58349609,3af63876e1aff5fd480bb4d99ddcc3b9f800547d72844aca823ff8bdd3fa112a,0,0,1.47343111038208,
0,local-qwen35-27b-m32-up,mlx,0.311625,True,0,0.000219561,0.251221,,,,0.9196631908416748,
0,local-qwen35-27b-m32-down,fp16,0.465333331,True,0,0.000204567915,1.76806641,e40cfae591d4473aba2c6958e6368f534be66221c954bc0a568a47a63c7cf91a,0,0,1.1734671592712402,
0,local-qwen35-27b-m32-down,previous_fp16,0.462374999,True,0,0.000204567915,1.76806641,e40cfae591d4473aba2c6958e6368f534be66221c954bc0a568a47a63c7cf91a,0,0,0.8593978881835938,
0,local-qwen35-27b-m32-down,fp32,0.483083335,True,0,0.000204567915,1.76806641,e40cfae591d4473aba2c6958e6368f534be66221c954bc0a568a47a63c7cf91a,0,0,1.063539981842041,
0,local-qwen35-27b-m32-down,previous_fp32,0.486124991,True,0,0.000204567915,1.76806641,e40cfae591d4473aba2c6958e6368f534be66221c954bc0a568a47a63c7cf91a,0,0,1.0654709339141846,
0,local-qwen35-27b-m32-down,int8,0.309374998,True,0,0.00349149019,18.4431152,6e49e8a1851989c42ffc03ab9e9043534fa6b9ef40e679278732f5e196c965f7,0,0,0.9334619045257568,
0,local-qwen35-27b-m32-down,previous_int8,0.309666662,True,0,0.00349149019,18.4431152,6e49e8a1851989c42ffc03ab9e9043534fa6b9ef40e679278732f5e196c965f7,0,0,0.9642131328582764,
0,local-qwen35-27b-m32-down,mlx,0.293375,True,0,0.000242191,1.52124,,,,0.9357278347015381,
0,local-qwen35-27b-m128-projection,fp16,0.100041667,True,0,0.000328560522,0.761474609,fcc156423cb0beb5462b0d07939786d77b41b355f92249d73dfcb647dbe6de59,0,0,1.5963828563690186,
0,local-qwen35-27b-m128-projection,previous_fp16,0.100624995,True,0,0.000328560522,0.761474609,fcc156423cb0beb5462b0d07939786d77b41b355f92249d73dfcb647dbe6de59,0,0,1.3887050151824951,
0,local-qwen35-27b-m128-projection,fp32,0.116625,True,0,0.0003235444,0.804199219,c6729be875b3ae4b701a168e059522cdc21f42c9d512714405c3a7ede9bb31fe,0,0,1.9994831085205078,
0,local-qwen35-27b-m128-projection,previous_fp32,0.116916664,True,0,0.0003235444,0.804199219,c6729be875b3ae4b701a168e059522cdc21f42c9d512714405c3a7ede9bb31fe,0,0,1.238548994064331,
0,local-qwen35-27b-m128-projection,int8,0.0769999897,True,0,0.00378558493,6.62792969,2a89ad829c6785ba0165ea20d58a928d9414fe631e3b6ba5b3648b1b2ba135b2,0,0,1.6900200843811035,
0,local-qwen35-27b-m128-projection,previous_int8,0.0770000042,True,0,0.00378558493,6.62792969,2a89ad829c6785ba0165ea20d58a928d9414fe631e3b6ba5b3648b1b2ba135b2,0,0,1.6892869472503662,
0,local-qwen35-27b-m128-projection,mlx,0.23475,True,0,0.000294253,0.41626,,,,0.9039878845214844,
0,local-qwen35-27b-m128-up,fp16,0.302125001,True,0,0.000313051661,0.944335938,70477414914a435ccbc6cad40293d8e1748cf7ad106667dd8c0bb1c1da45d740,0,0,1.1142990589141846,
0,local-qwen35-27b-m128-up,previous_fp16,0.299749998,True,0,0.000313051661,0.944335938,70477414914a435ccbc6cad40293d8e1748cf7ad106667dd8c0bb1c1da45d740,0,0,0.9316129684448242,
0,local-qwen35-27b-m128-up,fp32,0.333166667,True,0,0.000285365733,0.849365234,f0b425b065ffccbfe5d281f1a6cd0764292b7b20ff47b35fefad7f21141c33e3,0,0,0.8974487781524658,
0,local-qwen35-27b-m128-up,previous_fp32,0.338124999,True,0,0.000285365733,0.849365234,f0b425b065ffccbfe5d281f1a6cd0764292b7b20ff47b35fefad7f21141c33e3,0,0,0.8937649726867676,
0,local-qwen35-27b-m128-up,int8,0.127083331,True,0,0.00397728648,6.03076172,0c51606d432dc39543da9be536a8a8fff0bbbc246472a82537e3ef270c5227da,0,0,1.3174526691436768,
0,local-qwen35-27b-m128-up,previous_int8,0.127249994,True,0,0.00397728648,6.03076172,0c51606d432dc39543da9be536a8a8fff0bbbc246472a82537e3ef270c5227da,0,0,1.3114891052246094,
0,local-qwen35-27b-m128-up,mlx,0.42975,True,0,0.000221655,0.251221,,,,0.8906221389770508,
0,local-qwen35-27b-m128-down,fp16,0.357833327,True,0,0.000383711891,4.01733398,6ec2bd00e79892df61a52ee0811c95a5c5ba03998661a1ca6757a7d7b925bf27,0,0,0.8608617782592773,
0,local-qwen35-27b-m128-down,previous_fp16,0.360749997,True,0,0.000383711891,4.01733398,6ec2bd00e79892df61a52ee0811c95a5c5ba03998661a1ca6757a7d7b925bf27,0,0,0.8622498512268066,
0,local-qwen35-27b-m128-down,fp32,0.422750003,True,0,0.000417776008,4.01733398,9ab0fe94fb846311838d97431343c91c06c0ec35ec536d67e0a5e626232b37eb,0,0,0.8990178108215332,
0,local-qwen35-27b-m128-down,previous_fp32,0.424875005,True,0,0.000417776008,4.01733398,9ab0fe94fb846311838d97431343c91c06c0ec35ec536d67e0a5e626232b37eb,0,0,0.8954458236694336,
0,local-qwen35-27b-m128-down,int8,0.456249996,True,0,0.00337637755,20.4379883,cd2cad28685a021eaaa29fa5fbdd74429d061fbb196b2e85b0bcd338f572a1d0,0,0,0.928520917892456,
0,local-qwen35-27b-m128-down,previous_int8,0.465666672,True,0,0.00337637755,20.4379883,cd2cad28685a021eaaa29fa5fbdd74429d061fbb196b2e85b0bcd338f572a1d0,0,0,0.9131550788879395,
0,local-qwen35-27b-m128-down,mlx,0.409208,True,0,0.00023556,0.617676,,,,0.8957400321960449,
0,local-qwen35-27b-m512-projection,fp16,0.28370833,True,0,0.00031590235,1.00610352,5ba33e0501b24d5125be660bb2c80c99cbab0f6f35a76d38834df2933777f6a3,0,0,0.8749842643737793,
0,local-qwen35-27b-m512-projection,previous_fp16,0.283208326,True,0,0.00031590235,1.00610352,5ba33e0501b24d5125be660bb2c80c99cbab0f6f35a76d38834df2933777f6a3,0,0,0.8703680038452148,
0,local-qwen35-27b-m512-projection,fp32,0.232666673,True,0,0.000173436905,0.486083984,6b3a4d62c7d88ef62e1f12bed9b3595a1a527a752391947581e6c1469d383e1d,0,0,0.9230489730834961,
0,local-qwen35-27b-m512-projection,previous_fp32,0.231375001,True,0,0.000173436905,0.486083984,6b3a4d62c7d88ef62e1f12bed9b3595a1a527a752391947581e6c1469d383e1d,0,0,0.9209349155426025,
0,local-qwen35-27b-m512-projection,int8,0.12225,True,0,0.00365369161,5.95776367,295022843d7814c9133d18d5df3980c145c194a84388bd53c7613f3fa895a110,0,0,1.1960771083831787,
0,local-qwen35-27b-m512-projection,previous_int8,0.122875004,True,0,0.00365369161,5.95776367,295022843d7814c9133d18d5df3980c145c194a84388bd53c7613f3fa895a110,0,0,1.2038300037384033,
0,local-qwen35-27b-m512-projection,mlx,0.232083,True,0,0.000232162,0.41626,,,,0.9253990650177002,
0,local-qwen35-27b-m512-up,fp16,0.795541666,True,0,0.000341749487,0.685302734,b4c1a25a5d1f6e8a81adcaf3c6700349bc0dc0bf54063e80fbcb39f6bcb8e95b,0,0,0.9325950145721436,
0,local-qwen35-27b-m512-up,previous_fp16,0.796124994,True,0,0.000341749487,0.685302734,b4c1a25a5d1f6e8a81adcaf3c6700349bc0dc0bf54063e80fbcb39f6bcb8e95b,0,0,0.7636420726776123,
0,local-qwen35-27b-m512-up,fp32,0.785249998,True,0,0.000200265222,0.459960938,f959e246f115805a5a0cff336f3672b4324e721439f47ab87aee77e7bc5da097,0,0,0.7601490020751953,
0,local-qwen35-27b-m512-up,previous_fp32,0.811374994,True,0,0.000200265222,0.459960938,f959e246f115805a5a0cff336f3672b4324e721439f47ab87aee77e7bc5da097,0,0,0.7609550952911377,
0,local-qwen35-27b-m512-up,int8,0.432250003,True,0,0.00372502068,6.00366211,44b97ad5e89b405a81621c57d39e029bb206a53afebef2e13bb58085d39ee10b,0,0,0.9347269535064697,
0,local-qwen35-27b-m512-up,previous_int8,0.470999992,True,0,0.00372502068,6.00366211,44b97ad5e89b405a81621c57d39e029bb206a53afebef2e13bb58085d39ee10b,0,0,0.9260568618774414,
0,local-qwen35-27b-m512-up,mlx,0.815417,True,0,0.000206493,0.285156,,,,0.7873458862304688,
0,local-qwen35-27b-m512-down,fp16,0.847625008,True,0,0.000366388646,4.01733398,97b1eae772fe23c368b786f3b83e4be978d669a1f7e6020749d28b8b8bee0f92,0,0,0.7467489242553711,
0,local-qwen35-27b-m512-down,previous_fp16,0.86575,True,0,0.000366388646,4.01733398,97b1eae772fe23c368b786f3b83e4be978d669a1f7e6020749d28b8b8bee0f92,0,0,0.7476310729980469,
0,local-qwen35-27b-m512-down,fp32,0.86125001,True,0,0.000202967944,1.76806641,ffa29a10ab75521e5ff66ab54be6e8927c32ef20798e9140367a3bc31ce338a4,0,0,0.7519271373748779,
0,local-qwen35-27b-m512-down,previous_fp32,0.856875005,True,0,0.000202967944,1.76806641,ffa29a10ab75521e5ff66ab54be6e8927c32ef20798e9140367a3bc31ce338a4,0,0,0.7544500827789307,
0,local-qwen35-27b-m512-down,int8,0.57650001,True,0,0.00390197371,22.3620605,5ce72b3c3ea025089504a703cbb32768b20a1b29aa8de4031862a7e290868da5,0,0,0.8687453269958496,
0,local-qwen35-27b-m512-down,previous_int8,0.577375002,True,0,0.00390197371,22.3620605,5ce72b3c3ea025089504a703cbb32768b20a1b29aa8de4031862a7e290868da5,0,0,0.8668079376220703,
0,local-qwen35-27b-m512-down,mlx,0.857875,True,0,0.0001557,0.459229,,,,0.7794539928436279,
0,local-qwen35-27b-m1024-projection,fp16,0.540749999,True,0,0.000407711474,1.00610352,84eb1e637136853ab74eb29240821a2cf15549a825a3ff2138e3d0fbf929dbb2,0,0,0.9455111026763916,
0,local-qwen35-27b-m1024-projection,previous_fp16,0.541250003,True,0,0.000407711474,1.00610352,84eb1e637136853ab74eb29240821a2cf15549a825a3ff2138e3d0fbf929dbb2,0,0,0.7695088386535645,
0,local-qwen35-27b-m1024-projection,fp32,0.45654166,True,0,0.000183560774,0.337402344,99910e245800d1b67875e643f1c1649bafe8341ff2ca549c87fb8aea802d0500,0,0,0.8153390884399414,
0,local-qwen35-27b-m1024-projection,previous_fp32,0.455749992,True,0,0.000183560774,0.337402344,99910e245800d1b67875e643f1c1649bafe8341ff2ca549c87fb8aea802d0500,0,0,0.8127889633178711,
0,local-qwen35-27b-m1024-projection,int8,0.315125013,True,0,0.00399510478,6.58081055,2589ac1968352816805558506dfc19fab6195321d4995e26f67985f8f78cec40,0,0,0.8531219959259033,
0,local-qwen35-27b-m1024-projection,previous_int8,0.320416671,True,0,0.00399510478,6.58081055,2589ac1968352816805558506dfc19fab6195321d4995e26f67985f8f78cec40,0,0,0.8488490581512451,
0,local-qwen35-27b-m1024-projection,mlx,0.448,True,0,0.000246429,0.41626,,,,0.8248341083526611,
0,local-qwen35-27b-m1024-up,fp16,1.58712501,True,0,0.000355887794,1.09667969,44d4ba600b9cb6b835c242c12664064f6a6f2d159508fb9ac817eb390120e8f3,0,0,0.6955571174621582,
0,local-qwen35-27b-m1024-up,previous_fp16,1.586125,True,0,0.000355887794,1.09667969,44d4ba600b9cb6b835c242c12664064f6a6f2d159508fb9ac817eb390120e8f3,0,0,0.6957721710205078,
0,local-qwen35-27b-m1024-up,fp32,1.49841668,True,0,0.0001830841,0.459960938,b874e59355f6eb6a2e0b02676fbbde6f1e566c271e036cba0c4433774329c8e7,0,0,0.6986355781555176,
0,local-qwen35-27b-m1024-up,previous_fp32,1.49875,True,0,0.0001830841,0.459960938,b874e59355f6eb6a2e0b02676fbbde6f1e566c271e036cba0c4433774329c8e7,0,0,0.7064032554626465,
0,local-qwen35-27b-m1024-up,int8,0.883250003,True,0,0.00398986668,5.95996094,de871292d4b1fd1d06a315e47664ee89430390a9375aa1a35b560bd3dab40730,0,0,0.8098721504211426,
0,local-qwen35-27b-m1024-up,previous_int8,0.877458326,True,0,0.00398986668,5.95996094,de871292d4b1fd1d06a315e47664ee89430390a9375aa1a35b560bd3dab40730,0,0,0.8095133304595947,
0,local-qwen35-27b-m1024-up,mlx,1.49742,True,0,0.000195179,0.251221,,,,0.7650880813598633,
0,local-qwen35-27b-m1024-down,fp16,1.71350001,True,0,0.000351345675,4.01733398,84a06c65c4831a9033e6e3202743480cbd9f8ec11860fb2158f1a5215ccd078c,0,0,0.6938490867614746,
0,local-qwen35-27b-m1024-down,previous_fp16,1.792625,True,0,0.000351345675,4.01733398,84a06c65c4831a9033e6e3202743480cbd9f8ec11860fb2158f1a5215ccd078c,0,0,0.7005288600921631,
0,local-qwen35-27b-m1024-down,fp32,1.65395833,True,0,0.000221248267,1.83129883,6afb3192ceb63698906736ad53383a9238c29d3cbb9854094450d03fa1f6bd7f,0,0,0.6993429660797119,
0,local-qwen35-27b-m1024-down,previous_fp32,1.65024999,True,0,0.000221248267,1.83129883,6afb3192ceb63698906736ad53383a9238c29d3cbb9854094450d03fa1f6bd7f,0,0,0.7053120136260986,
0,local-qwen35-27b-m1024-down,int8,1.13645833,True,0,0.0044617695,22.3620605,41a9a112b17f2342a11d6cdbc1f359adf3ae76d1a0acf29ce87f24e8bd582948,0,0,0.783416748046875,
0,local-qwen35-27b-m1024-down,previous_int8,1.13225001,True,0,0.0044617695,22.3620605,41a9a112b17f2342a11d6cdbc1f359adf3ae76d1a0acf29ce87f24e8bd582948,0,0,0.7848320007324219,
0,local-qwen35-27b-m1024-down,mlx,1.6585,True,0,0.000248733,0.962891,,,,0.7223629951477051,
0,local-qwen35-27b-m2048-projection,fp16,0.871124998,True,0,0.000182789465,0.358154297,9dc9757c5bc35431ec82bfab1a44e6f2b3fbd0464cb2b4d814c5f3b4a0b3ed2f,0,0,0.7004990577697754,
0,local-qwen35-27b-m2048-projection,previous_fp16,0.865000009,True,0,0.000182789465,0.358154297,9dc9757c5bc35431ec82bfab1a44e6f2b3fbd0464cb2b4d814c5f3b4a0b3ed2f,0,0,0.7093238830566406,
0,local-qwen35-27b-m2048-projection,fp32,0.875083322,True,0,0.000182789465,0.358154297,9dc9757c5bc35431ec82bfab1a44e6f2b3fbd0464cb2b4d814c5f3b4a0b3ed2f,0,0,0.700005054473877,
0,local-qwen35-27b-m2048-projection,previous_fp32,0.87725,True,0,0.000182789465,0.358154297,9dc9757c5bc35431ec82bfab1a44e6f2b3fbd0464cb2b4d814c5f3b4a0b3ed2f,0,0,0.6997370719909668,
0,local-qwen35-27b-m2048-projection,int8,0.505749995,True,0,0.00364161353,6.52929688,e6d7d17040d229067b0c4a6e3b15344a0d31a787a4a613d0999e7bac6fd166bf,0,0,0.816992998123169,
0,local-qwen35-27b-m2048-projection,previous_int8,0.507000004,True,0,0.00364161353,6.52929688,e6d7d17040d229067b0c4a6e3b15344a0d31a787a4a613d0999e7bac6fd166bf,0,0,0.8127098083496094,
0,local-qwen35-27b-m2048-projection,mlx,0.859,True,0,0.000259167,0.428711,,,,0.7332780361175537,
0,local-qwen35-27b-m2048-up,fp16,2.92487501,True,0,0.000210218819,0.459960938,d2563d977a86606805d33b1704c8faa3edae27e9eab595f3ed2ca47b60d205ff,0,0,0.6990509033203125,
0,local-qwen35-27b-m2048-up,previous_fp16,2.92470833,True,0,0.000210218819,0.459960938,d2563d977a86606805d33b1704c8faa3edae27e9eab595f3ed2ca47b60d205ff,0,0,0.708082914352417,
0,local-qwen35-27b-m2048-up,fp32,2.92275001,True,0,0.000210218819,0.459960938,d2563d977a86606805d33b1704c8faa3edae27e9eab595f3ed2ca47b60d205ff,0,0,0.6979808807373047,
0,local-qwen35-27b-m2048-up,previous_fp32,2.92604168,True,0,0.000210218819,0.459960938,d2563d977a86606805d33b1704c8faa3edae27e9eab595f3ed2ca47b60d205ff,0,0,0.7081551551818848,
0,local-qwen35-27b-m2048-up,int8,1.6155,True,0,0.00403478797,5.96850586,bde09c50c75286f9ade99734863f3504a3d31ee2f467b6e2063befdb0663f579,0,0,0.7771649360656738,
0,local-qwen35-27b-m2048-up,previous_int8,1.61787499,True,0,0.00403478797,5.96850586,bde09c50c75286f9ade99734863f3504a3d31ee2f467b6e2063befdb0663f579,0,0,0.7782731056213379,
0,local-qwen35-27b-m2048-up,mlx,2.92625,True,0,0.00021472,0.303223,,,,0.8069379329681396,
0,local-qwen35-27b-m2048-down,fp16,3.20225001,True,0,0.000238465312,1.83129883,aff70bfa91700bb7dad2ea74b69b6a7431b42d24fa4d5cc958269858a9c81e8c,0,0,0.6977732181549072,
0,local-qwen35-27b-m2048-down,previous_fp16,3.19983333,True,0,0.000238465312,1.83129883,aff70bfa91700bb7dad2ea74b69b6a7431b42d24fa4d5cc958269858a9c81e8c,0,0,0.6909561157226562,
0,local-qwen35-27b-m2048-down,fp32,3.201625,True,0,0.000238465312,1.83129883,aff70bfa91700bb7dad2ea74b69b6a7431b42d24fa4d5cc958269858a9c81e8c,0,0,0.692255973815918,
0,local-qwen35-27b-m2048-down,previous_fp32,3.205375,True,0,0.000238465312,1.83129883,aff70bfa91700bb7dad2ea74b69b6a7431b42d24fa4d5cc958269858a9c81e8c,0,0,0.7005810737609863,
0,local-qwen35-27b-m2048-down,int8,2.00458332,True,0,0.00444261504,22.3620605,fe2a198210cad38f07cebdfc6ba985e70e8db06885adc93864444a254c2ff782,0,0,0.7580318450927734,
0,local-qwen35-27b-m2048-down,previous_int8,1.98837499,True,0,0.00444261504,22.3620605,fe2a198210cad38f07cebdfc6ba985e70e8db06885adc93864444a254c2ff782,0,0,0.7583611011505127,
0,local-qwen35-27b-m2048-down,mlx,3.203,True,0,0.000219666,0.74707,,,,0.7481629848480225,
0,local-qwen35-27b-m3072-projection,fp16,1.28112501,True,0,0.000191671004,0.350341797,3f9fdae360fb9d9fe6e6a735c4ddfcfd80c443d1428cf13c84a5c76db65762ff,0,0,0.6749699115753174,
0,local-qwen35-27b-m3072-projection,previous_fp16,1.292,True,0,0.000191671004,0.350341797,3f9fdae360fb9d9fe6e6a735c4ddfcfd80c443d1428cf13c84a5c76db65762ff,0,0,0.6836168766021729,
0,local-qwen35-27b-m3072-projection,fp32,1.32783334,True,0,0.000191671004,0.350341797,3f9fdae360fb9d9fe6e6a735c4ddfcfd80c443d1428cf13c84a5c76db65762ff,0,0,0.6808919906616211,
0,local-qwen35-27b-m3072-projection,previous_fp32,1.27962499,True,0,0.000191671004,0.350341797,3f9fdae360fb9d9fe6e6a735c4ddfcfd80c443d1428cf13c84a5c76db65762ff,0,0,0.6780750751495361,
0,local-qwen35-27b-m3072-projection,int8,0.743166675,True,0,0.00401012099,6.58081055,4362a590fb2813c93658da349e30d6d1ff2a5111011a773f8f6b2baa724f898c,0,0,0.758882999420166,
0,local-qwen35-27b-m3072-projection,previous_int8,0.744166668,True,0,0.00401012099,6.58081055,4362a590fb2813c93658da349e30d6d1ff2a5111011a773f8f6b2baa724f898c,0,0,0.7602550983428955,
0,local-qwen35-27b-m3072-projection,mlx,1.28312,True,0,0.000245612,0.41626,,,,0.7131068706512451,
0,local-qwen35-27b-m3072-up,fp16,4.34554166,True,0,0.000188349297,0.474609375,7b1c038950fcbb4f48830ac529086aafcd982e96b7919807dcf02b34d3d48286,0,0,0.7078342437744141,
0,local-qwen35-27b-m3072-up,previous_fp16,4.39258333,True,0,0.000188349297,0.474609375,7b1c038950fcbb4f48830ac529086aafcd982e96b7919807dcf02b34d3d48286,0,0,0.7233548164367676,
0,local-qwen35-27b-m3072-up,fp32,4.34316666,True,0,0.000188349297,0.474609375,7b1c038950fcbb4f48830ac529086aafcd982e96b7919807dcf02b34d3d48286,0,0,0.7157676219940186,
0,local-qwen35-27b-m3072-up,previous_fp32,4.34633334,True,0,0.000188349297,0.474609375,7b1c038950fcbb4f48830ac529086aafcd982e96b7919807dcf02b34d3d48286,0,0,0.7165451049804688,
0,local-qwen35-27b-m3072-up,int8,2.39337499,True,0,0.00412946779,6.63769531,89b23ba2bed5f0083ee48082e526c4b7a5f56e336cac801aeeddb1da24f8ec48,0,0,0.780346155166626,
0,local-qwen35-27b-m3072-up,previous_int8,2.36875001,True,0,0.00412946779,6.63769531,89b23ba2bed5f0083ee48082e526c4b7a5f56e336cac801aeeddb1da24f8ec48,0,0,0.7774138450622559,
0,local-qwen35-27b-m3072-up,mlx,4.34133,True,0,0.000171283,0.269287,,,,0.849729061126709,
0,local-qwen35-27b-m3072-down,fp16,4.72449999,True,0,0.000240240672,1.81396484,95812e680c5953b97084bf1ec72d36fa556e7e47869c912976f5f13bae24d285,0,0,0.7117490768432617,
0,local-qwen35-27b-m3072-down,previous_fp16,4.734125,True,0,0.000240240672,1.81396484,95812e680c5953b97084bf1ec72d36fa556e7e47869c912976f5f13bae24d285,0,0,0.7155537605285645,
0,local-qwen35-27b-m3072-down,fp32,4.72745833,True,0,0.000240240672,1.81396484,95812e680c5953b97084bf1ec72d36fa556e7e47869c912976f5f13bae24d285,0,0,0.7120218276977539,
0,local-qwen35-27b-m3072-down,previous_fp32,4.729625,True,0,0.000240240672,1.81396484,95812e680c5953b97084bf1ec72d36fa556e7e47869c912976f5f13bae24d285,0,0,0.7190148830413818,
0,local-qwen35-27b-m3072-down,int8,2.8055,True,0,0.00434814101,22.3620605,6ac0ef63d387e6f9e0d8e95a95e97942e7dac7bd0d7b515e8cf3ed6787854ab9,0,0,0.7685408592224121,
0,local-qwen35-27b-m3072-down,previous_int8,2.792625,True,0,0.00434814101,22.3620605,6ac0ef63d387e6f9e0d8e95a95e97942e7dac7bd0d7b515e8cf3ed6787854ab9,0,0,0.7729020118713379,
0,local-qwen35-27b-m3072-down,mlx,4.74217,True,0,0.000190188,0.860107,,,,0.7670929431915283,
0,local-qwen35-27b-m4096-projection,fp16,1.74491668,True,0,0.000218431798,0.4765625,8bf6ddcd9d3a33e93296811204de2f48c5eb284d4a53d2f9c7fb12e3f228d370,0,0,0.6658029556274414,
0,local-qwen35-27b-m4096-projection,previous_fp16,1.7085,True,0,0.000218431798,0.4765625,8bf6ddcd9d3a33e93296811204de2f48c5eb284d4a53d2f9c7fb12e3f228d370,0,0,0.6731770038604736,
0,local-qwen35-27b-m4096-projection,fp32,1.70537501,True,0,0.000218431798,0.4765625,8bf6ddcd9d3a33e93296811204de2f48c5eb284d4a53d2f9c7fb12e3f228d370,0,0,0.6655607223510742,
0,local-qwen35-27b-m4096-projection,previous_fp32,1.70712499,True,0,0.000218431798,0.4765625,8bf6ddcd9d3a33e93296811204de2f48c5eb284d4a53d2f9c7fb12e3f228d370,0,0,0.6705429553985596,
0,local-qwen35-27b-m4096-projection,int8,0.96804167,True,0,0.00414360134,6.54272461,0968d31f8ca59cb0f641f1271f3249e0dd13166169b09988a5ae6fa64a603416,0,0,1.1896429061889648,
0,local-qwen35-27b-m4096-projection,previous_int8,0.964333332,True,0,0.00414360134,6.54272461,0968d31f8ca59cb0f641f1271f3249e0dd13166169b09988a5ae6fa64a603416,0,0,0.7352509498596191,
0,local-qwen35-27b-m4096-projection,mlx,1.69637,True,0,0.000271004,0.41626,,,,0.7291321754455566,
0,local-qwen35-27b-m4096-up,fp16,5.76233334,True,0,0.000199193412,0.401123047,61ce48203388384c5fb550346dee79038b4215c2cbb610c88c5a86e0942db8b8,0,0,0.7398779392242432,
0,local-qwen35-27b-m4096-up,previous_fp16,5.76162501,True,0,0.000199193412,0.401123047,61ce48203388384c5fb550346dee79038b4215c2cbb610c88c5a86e0942db8b8,0,0,0.7381758689880371,
0,local-qwen35-27b-m4096-up,fp32,5.76116667,True,0,0.000199193412,0.401123047,61ce48203388384c5fb550346dee79038b4215c2cbb610c88c5a86e0942db8b8,0,0,0.7374758720397949,
0,local-qwen35-27b-m4096-up,previous_fp32,5.760625,True,0,0.000199193412,0.401123047,61ce48203388384c5fb550346dee79038b4215c2cbb610c88c5a86e0942db8b8,0,0,0.7374463081359863,
0,local-qwen35-27b-m4096-up,int8,3.13816666,True,0,0.00411549015,5.49414062,45326df09badd96567f3b400c643e9eee47af5bf95403a20432bd1a581436512,0,0,0.79701828956604,
0,local-qwen35-27b-m4096-up,previous_int8,3.13629166,True,0,0.00411549015,5.49414062,45326df09badd96567f3b400c643e9eee47af5bf95403a20432bd1a581436512,0,0,0.7947211265563965,
0,local-qwen35-27b-m4096-up,mlx,5.76004,True,0,0.000219561,0.251221,,,,0.9254729747772217,
0,local-qwen35-27b-m4096-down,fp16,6.24474999,True,0,0.000218528972,1.83129883,799b3587266376bd0db6aa12754af5b426884852225251387ef86c91b1fcb307,0,0,0.7329869270324707,
0,local-qwen35-27b-m4096-down,previous_fp16,6.24004166,True,0,0.000218528972,1.83129883,799b3587266376bd0db6aa12754af5b426884852225251387ef86c91b1fcb307,0,0,0.7389068603515625,
0,local-qwen35-27b-m4096-down,fp32,6.239625,True,0,0.000218528972,1.83129883,799b3587266376bd0db6aa12754af5b426884852225251387ef86c91b1fcb307,0,0,0.7344310283660889,
0,local-qwen35-27b-m4096-down,previous_fp32,6.24662499,True,0,0.000218528972,1.83129883,799b3587266376bd0db6aa12754af5b426884852225251387ef86c91b1fcb307,0,0,0.7369117736816406,
0,local-qwen35-27b-m4096-down,int8,3.78204166,True,0,0.00401986232,20.4379883,4265d24d7ca7fc3bcea346f530f6f21b00842b72ab63c1405743af6bc8db1a35,0,0,0.779803991317749,
0,local-qwen35-27b-m4096-down,previous_int8,3.784125,True,0,0.00401986232,20.4379883,4265d24d7ca7fc3bcea346f530f6f21b00842b72ab63c1405743af6bc8db1a35,0,0,0.7805428504943848,
0,local-qwen35-27b-m4096-down,mlx,6.24812,True,0,0.000242191,1.52124,,,,0.8057982921600342,
0,local-gqa-r1-c2048,fp16,0.0356250093,True,0,0.000138800397,6.54683401e-06,c1f7d139dccd5cb67dc172b964d1ed344204c06084d7dd61a1142f750416c73e,0,0,2.8592069149017334,
0,local-gqa-r1-c2048,previous_fp16,0.0357083336,True,0,0.000138800397,6.54683401e-06,c1f7d139dccd5cb67dc172b964d1ed344204c06084d7dd61a1142f750416c73e,0,0,2.87965989112854,
0,local-gqa-r1-c2048,int8,0.256958345,True,0,0.00524561614,0.000341117454,5175faeefb152ac4b5a3572e784e6c633fca51cc25a8d4cca143bcb4e6c511eb,0,0,1.5445582866668701,
0,local-gqa-r1-c2048,previous_int8,0.257874999,True,0,0.00524561614,0.000341117454,5175faeefb152ac4b5a3572e784e6c633fca51cc25a8d4cca143bcb4e6c511eb,0,0,1.2022881507873535,
0,local-gqa-r1-c2048,mlx,0.0204167,True,0,,6.54895e-06,,,,4.492983102798462,
0,local-gqa-r1-c8192,fp16,0.0841250003,True,0,0.000216342053,1.24836152e-05,71ed76cb1275aa895e5c4cf9d681b2cbb2a15649381ac1dfa4af3d3ac7e4cadb,0,0,1.5782549381256104,
0,local-gqa-r1-c8192,previous_fp16,0.0839999993,True,0,0.000216342053,1.24836152e-05,71ed76cb1275aa895e5c4cf9d681b2cbb2a15649381ac1dfa4af3d3ac7e4cadb,0,0,1.575990915298462,
0,local-gqa-r1-c8192,int8,0.909374998,True,0,0.00467329909,0.000292193277,9b9e67a99ee812f972481dd17353ee9a892dc2b699080c1a1d4f89d0af46e6ea,0,0,0.6870021820068359,
0,local-gqa-r1-c8192,previous_int8,0.920958322,True,0,0.00467329909,0.000292193277,9b9e67a99ee812f972481dd17353ee9a892dc2b699080c1a1d4f89d0af46e6ea,0,0,0.6829171180725098,
0,local-gqa-r1-c8192,mlx,0.038125,True,0,,1.24857e-05,,,,2.6273691654205322,
0,local-gqa-r8-c2048,fp16,0.425208331,True,0,0.000248708465,2.35494226e-05,b527bd742ef271ebb988c8147b06e1153e4a87ab79e22e58dfe4d2ed10590eb0,0,0,1.2731220722198486,
0,local-gqa-r8-c2048,previous_fp16,0.424875005,True,0,0.000248708465,2.35494226e-05,b527bd742ef271ebb988c8147b06e1153e4a87ab79e22e58dfe4d2ed10590eb0,0,0,1.0372653007507324,
0,local-gqa-r8-c2048,int8,0.260000001,True,0,0.00464960399,0.000507419251,6a853317552ed6b820f647b4616be9b72908b14d428c353846bfd1ebd8f3de4e,0,0,0.855180025100708,
0,local-gqa-r8-c2048,previous_int8,0.262541667,True,0,0.00464960399,0.000507419251,6a853317552ed6b820f647b4616be9b72908b14d428c353846bfd1ebd8f3de4e,0,0,0.8490810394287109,
0,local-gqa-r8-c2048,mlx,0.0515,True,0,,1.91392e-05,,,,2.1107752323150635,
0,local-gqa-r8-c8192,fp16,0.324124994,True,0,0.000271733346,2.8402339e-05,8aeab6250ce5a15222299cd37d13ac4f6f1e69fe2f1d77a4587c7701410a7f23,0,0,1.101024866104126,
0,local-gqa-r8-c8192,previous_fp16,0.323375003,True,0,0.000271733346,2.8402339e-05,8aeab6250ce5a15222299cd37d13ac4f6f1e69fe2f1d77a4587c7701410a7f23,0,0,1.1077728271484375,
0,local-gqa-r8-c8192,int8,0.916999998,True,0,0.0044161411,0.000472868386,1f942dabfaf74c74de66b04a5e1a199d4b0a305e2f8e3d738169302fe82c7993,0,0,0.6844570636749268,
0,local-gqa-r8-c8192,previous_int8,0.92362499,True,0,0.0044161411,0.000472868386,1f942dabfaf74c74de66b04a5e1a199d4b0a305e2f8e3d738169302fe82c7993,0,0,0.6879920959472656,
0,local-gqa-r8-c8192,mlx,0.141417,True,0,,2.84039e-05,,,,1.1004018783569336,
0,local-gqa-r128-c2048,fp16,0.457874994,True,0,0.00028839374,2.15321953e-05,49ed85752cbf0c9c7e167ec8c81caf980550481c2ac6ac1f09bfaaffc790239c,0,0,1.0486679077148438,
0,local-gqa-r128-c2048,previous_fp16,0.458124996,True,0,0.00028839374,2.15321953e-05,49ed85752cbf0c9c7e167ec8c81caf980550481c2ac6ac1f09bfaaffc790239c,0,0,1.046426773071289,
0,local-gqa-r128-c2048,int8,0.357083336,True,0,0.00775993079,0.000623225617,13ed557e90d50b73eddaa6d4cfedc8f0bb18a277492421e6273bd06ad33c0227,0,0,1.383239984512329,
0,local-gqa-r128-c2048,previous_int8,0.356624994,True,0,0.00775993079,0.000623225617,13ed557e90d50b73eddaa6d4cfedc8f0bb18a277492421e6273bd06ad33c0227,0,0,1.122006893157959,
0,local-gqa-r128-c2048,mlx,0.17075,True,0,,1.44284e-05,,,,1.5241198539733887,
0,local-gqa-r128-c8192,fp16,1.79625,True,0,0.000405942511,2.90547609e-05,3aa71d397db1c138e889c550db3612034e558becd6f3822797850709d38ddb16,0,0,0.6337089538574219,
0,local-gqa-r128-c8192,previous_fp16,1.796625,True,0,0.000405942511,2.90547609e-05,3aa71d397db1c138e889c550db3612034e558becd6f3822797850709d38ddb16,0,0,0.6362249851226807,
0,local-gqa-r128-c8192,int8,1.347375,True,0,0.00760010658,0.000624519722,d416bc00c5e56aad62b1729933d7ae2f57104f6d108c90fb9a207a341174f287,0,0,0.6555342674255371,
0,local-gqa-r128-c8192,previous_int8,1.36704167,True,0,0.00760010658,0.000624519722,d416bc00c5e56aad62b1729933d7ae2f57104f6d108c90fb9a207a341174f287,0,0,0.6569700241088867,
0,local-gqa-r128-c8192,mlx,0.60525,True,0,,3.64123e-05,,,,0.7663259506225586,
0,local-gqa-r512-c2048,fp16,0.450000007,True,0,0.000331602804,2.85617411e-05,6010b946364f1f8e4fb2b7fb0a5b36c67944e33a4a3861fea64661d3c3d33575,0,0,0.7751560211181641,
0,local-gqa-r512-c2048,previous_fp16,0.570708333,True,0,0.000331602804,2.85617411e-05,6010b946364f1f8e4fb2b7fb0a5b36c67944e33a4a3861fea64661d3c3d33575,0,0,0.7724189758300781,
0,local-gqa-r512-c2048,int8,0.705166676,True,0,0.00409363954,0.000407377301,161c2afdba90447a5baf9229652b68caa180466ed1366b367cf8e0fc7ad348f3,0,0,0.7204551696777344,
0,local-gqa-r512-c2048,previous_int8,0.699333323,True,0,0.00409363954,0.000407377301,161c2afdba90447a5baf9229652b68caa180466ed1366b367cf8e0fc7ad348f3,0,0,0.7194859981536865,
0,local-gqa-r512-c2048,mlx,0.312125,True,0,,3.7381e-05,,,,0.8570873737335205,
0,local-gqa-r512-c8192,fp16,1.760125,True,0,0.00032323893,3.20468607e-05,e1b1945aca0e2592d208c167298fdd117d3232a06e59844c488e0dfef071345b,0,0,0.6312539577484131,
0,local-gqa-r512-c8192,previous_fp16,2.46925,True,0,0.00032323893,3.20468607e-05,e1b1945aca0e2592d208c167298fdd117d3232a06e59844c488e0dfef071345b,0,0,0.6288392543792725,
0,local-gqa-r512-c8192,int8,2.78691667,True,0,0.00387194754,0.000408666518,339057f6291f820479770eec2ee53e666a0ba9d99acdb6a30f06ec1ed0ffff21,0,0,0.6264960765838623,
0,local-gqa-r512-c8192,previous_int8,2.786,True,0,0.00387194754,0.000408666518,339057f6291f820479770eec2ee53e666a0ba9d99acdb6a30f06ec1ed0ffff21,0,0,0.6262311935424805,
0,local-gqa-r512-c8192,mlx,1.35854,True,0,,2.78261e-05,,,,0.6554360389709473,
0,local-gqa-r2048-c2048,fp16,0.954999996,True,0,0.000107036204,3.08059164e-05,1bcb24a10ac6c1b8a761cbe44dbd4de3b4bf0e4deda72ff763ce68b8015cf8bc,0,0,0.6785619258880615,
0,local-gqa-r2048-c2048,previous_fp16,0.962125006,True,0,0.000107036204,3.08059164e-05,1bcb24a10ac6c1b8a761cbe44dbd4de3b4bf0e4deda72ff763ce68b8015cf8bc,0,0,0.678652286529541,
0,local-gqa-r2048-c2048,int8,1.10291668,True,0,0.0037328581,0.0009765625,c3f4ed3ffb69540c911db401ab5c4def852e8906898166001d426826a48a07c6,0,0,0.6703832149505615,
0,local-gqa-r2048-c2048,previous_int8,1.099,True,0,0.0037328581,0.0009765625,c3f4ed3ffb69540c911db401ab5c4def852e8906898166001d426826a48a07c6,0,0,0.6681249141693115,
0,local-gqa-r2048-c2048,mlx,0.681667,True,0,,3.08046e-05,,,,0.7051758766174316,
0,local-gqa-r2048-c8192,fp16,5.95020833,True,0,0.00028341533,3.57047643e-05,778006be278e25c0fa9a526371547820f3a6b9262718702d01931c29a45e0541,0,0,0.6342809200286865,
0,local-gqa-r2048-c8192,previous_fp16,5.90266666,True,0,0.00028341533,3.57047643e-05,778006be278e25c0fa9a526371547820f3a6b9262718702d01931c29a45e0541,0,0,0.632439136505127,
0,local-gqa-r2048-c8192,int8,5.76475001,True,0,0.00464573163,0.000466477647,6e3ce4e70fa1134d9c562c0174d6a594ecc2497225436e688a89acfa1a835c34,0,0,0.6386218070983887,
0,local-gqa-r2048-c8192,previous_int8,5.74333333,True,0,0.00464573163,0.000466477647,6e3ce4e70fa1134d9c562c0174d6a594ecc2497225436e688a89acfa1a835c34,0,0,0.6364281177520752,
0,local-gqa-r2048-c8192,mlx,3.3795,True,0,,3.92329e-05,,,,0.6045730113983154,
0,gemm-rows-511-1536-4096,fp16,0.120500001,True,0,0.00026813512,0.573242188,9667ec70fe9fb401f28ee6f7196fd09449cfc0d962484b6054964816cf3d18d4,0,0,1.4101135730743408,
0,gemm-rows-511-1536-4096,previous_fp16,0.120333338,True,0,0.00026813512,0.573242188,9667ec70fe9fb401f28ee6f7196fd09449cfc0d962484b6054964816cf3d18d4,0,0,1.4229559898376465,
0,gemm-rows-511-1536-4096,fp32,0.124291662,True,0,0.000255057388,0.573242188,03fe24415f98e5e95a3d18574621d34f263f14317c35798f55c7c3244cd06554,0,0,1.9425239562988281,
0,gemm-rows-511-1536-4096,previous_fp32,0.124499988,True,0,0.000255057388,0.573242188,03fe24415f98e5e95a3d18574621d34f263f14317c35798f55c7c3244cd06554,0,0,1.3870117664337158,
0,gemm-rows-511-1536-4096,int8,0.0689166773,True,0,0.00404466937,5.30004883,7b21882d98323d7ad86bcab84ed2646f5f037207d0d1252b8405dcd991fd54cf,0,0,2.1537320613861084,
0,gemm-rows-511-1536-4096,previous_int8,0.0687499996,True,0,0.00404466937,5.30004883,7b21882d98323d7ad86bcab84ed2646f5f037207d0d1252b8405dcd991fd54cf,0,0,1.9550518989562988,
0,gemm-rows-511-1536-4096,mlx,0.105208,True,0,0.000187732,0.223877,,,,1.322922945022583,
0,gemm-rows-511-6144-6144,fp16,0.406749998,True,0,0.00025624569,1.04443359,5bec84fa5f61422b88e320ff6f253b194b54c686c84c8688a44df4546255ad39,0,0,1.0546891689300537,
0,gemm-rows-511-6144-6144,previous_fp16,0.407375002,True,0,0.00025624569,1.04443359,5bec84fa5f61422b88e320ff6f253b194b54c686c84c8688a44df4546255ad39,0,0,0.8435359001159668,
0,gemm-rows-511-6144-6144,fp32,0.45695834,True,0,0.000180435732,0.487792969,387d8186e0001e04b4741d2046eb81c3a90c7586dd48890573c6a39877857142,0,0,0.8406052589416504,
0,gemm-rows-511-6144-6144,previous_fp32,0.456333335,True,0,0.000180435732,0.487792969,387d8186e0001e04b4741d2046eb81c3a90c7586dd48890573c6a39877857142,0,0,0.8428668975830078,
0,gemm-rows-511-6144-6144,int8,0.203916672,True,0,0.0039967838,7.81640625,ab66e8ed46d1c64fcc4e6bb37aa143c186b718e70580734b745bab99c0a68de8,0,0,1.4961018562316895,
0,gemm-rows-511-6144-6144,previous_int8,0.204291675,True,0,0.0039967838,7.81640625,ab66e8ed46d1c64fcc4e6bb37aa143c186b718e70580734b745bab99c0a68de8,0,0,0.9854371547698975,
0,gemm-rows-511-6144-6144,mlx,0.349417,True,0,0.000193172,0.357178,,,,0.839555025100708,
0,gemm-rows-511-6144-18432,fp16,1.34433333,True,0,0.000346582061,2.84692383,73de77276f8293ecabbbef912a8d5a00138b3b8e01bc0d150ec2e4fe8962ca26,0,0,0.7239871025085449,
0,gemm-rows-511-6144-18432,previous_fp16,1.44679166,True,0,0.000346582061,2.84692383,73de77276f8293ecabbbef912a8d5a00138b3b8e01bc0d150ec2e4fe8962ca26,0,0,0.7192938327789307,
0,gemm-rows-511-6144-18432,fp32,1.391125,True,0,0.000324352205,2.44018555,feb15baf34d4e36af94b89ba3cfc1eac7f26cb89b7a0476d990c03b4861f7953,0,0,0.933668851852417,
0,gemm-rows-511-6144-18432,previous_fp32,1.386875,True,0,0.000324352205,2.44018555,feb15baf34d4e36af94b89ba3cfc1eac7f26cb89b7a0476d990c03b4861f7953,0,0,0.9418320655822754,
0,gemm-rows-511-6144-18432,int8,0.951499998,True,0,0.00410135105,21.6791992,25f2f6cfe149085c75faf8483ebdd79b34294a0474f9af20e4e8fbaf2a425e0c,0,0,2.630444049835205,
0,gemm-rows-511-6144-18432,previous_int8,0.952999995,True,0,0.00410135105,21.6791992,25f2f6cfe149085c75faf8483ebdd79b34294a0474f9af20e4e8fbaf2a425e0c,0,0,0.8239560127258301,
0,gemm-rows-511-6144-18432,mlx,1.07825,True,0,0.000257883,1.55371,,,,0.7622780799865723,
0,gemm-rows-511-12288-8192,fp16,0.879624989,True,0,0.00041451306,1.67431641,c94b387fee4d30309a91f65fcfbf6e58068afce2898ff4253c8c090b3bc65a2d,0,0,0.7484171390533447,
0,gemm-rows-511-12288-8192,previous_fp16,0.878958337,True,0,0.00041451306,1.67431641,c94b387fee4d30309a91f65fcfbf6e58068afce2898ff4253c8c090b3bc65a2d,0,0,0.7458360195159912,
0,gemm-rows-511-12288-8192,fp32,1.17224999,True,0,0.000271605627,1.65429688,336d3c4f68a6cdc5bb58bc8cf68788db416b25ad2cb5701233866c3192a02e63,0,0,0.7219159603118896,
0,gemm-rows-511-12288-8192,previous_fp32,1.16124999,True,0,0.000271605627,1.65429688,336d3c4f68a6cdc5bb58bc8cf68788db416b25ad2cb5701233866c3192a02e63,0,0,0.7282578945159912,
0,gemm-rows-511-12288-8192,int8,0.519083333,True,0,0.00399509892,10.6398926,1cf5608609ec0ecb0326910fe1ad782e762dc41112548633d10376c94368d151,0,0,1.5447800159454346,
0,gemm-rows-511-12288-8192,previous_int8,0.523125011,True,0,0.00399509892,10.6398926,1cf5608609ec0ecb0326910fe1ad782e762dc41112548633d10376c94368d151,0,0,0.9028739929199219,
0,gemm-rows-511-12288-8192,mlx,0.934875,True,0,0.000149234,0.368408,,,,0.7774760723114014,
0,gemm-rows-512-1536-4096,fp16,0.0730000029,True,0,0.00030515158,0.598632812,c717f32abe54a323399c2a02c3ba306a1d064983188f313345783b16909d672d,0,0,1.7509992122650146,
0,gemm-rows-512-1536-4096,previous_fp16,0.0728750019,True,0,0.00030515158,0.598632812,c717f32abe54a323399c2a02c3ba306a1d064983188f313345783b16909d672d,0,0,1.7323861122131348,
0,gemm-rows-512-1536-4096,fp32,0.100875011,True,0,0.000230558694,0.4765625,09baad01d26acb31e2d75e2c24d9809b51bdd5695a60b573c0a548e5a56d7306,0,0,1.3670289516448975,
0,gemm-rows-512-1536-4096,previous_fp32,0.100958321,True,0,0.000230558694,0.4765625,09baad01d26acb31e2d75e2c24d9809b51bdd5695a60b573c0a548e5a56d7306,0,0,1.2530479431152344,
0,gemm-rows-512-1536-4096,int8,0.0632500014,True,0,0.00374742735,5.25219727,8f2dae136140520211a1af00a184f8baa97655e9718ebdfc7b833fd566d87a00,0,0,2.1930129528045654,
0,gemm-rows-512-1536-4096,previous_int8,0.0637083285,True,0,0.00374742735,5.25219727,8f2dae136140520211a1af00a184f8baa97655e9718ebdfc7b833fd566d87a00,0,0,1.8862030506134033,
0,gemm-rows-512-1536-4096,mlx,0.090625,True,0,0.000167178,0.209717,,,,1.4798951148986816,
0,gemm-rows-512-6144-6144,fp16,0.349875001,True,0,0.00026458075,0.642822266,98df8b58bbbb7742b757f419c01168e07db7dd6a9a20872b570c9698d914c288,0,0,0.8366818428039551,
0,gemm-rows-512-6144-6144,previous_fp16,0.350375005,True,0,0.00026458075,0.642822266,98df8b58bbbb7742b757f419c01168e07db7dd6a9a20872b570c9698d914c288,0,0,0.837310791015625,
0,gemm-rows-512-6144-6144,fp32,0.344250002,True,0,0.000192185918,0.482666016,f62e8248be56a915f543500c03c62afedf491fda80b953cdd0f6a2c45a8b94e3,0,0,0.8392987251281738,
0,gemm-rows-512-6144-6144,previous_fp32,0.344625005,True,0,0.000192185918,0.482666016,f62e8248be56a915f543500c03c62afedf491fda80b953cdd0f6a2c45a8b94e3,0,0,0.842613935470581,
0,gemm-rows-512-6144-6144,int8,0.200333336,True,0,0.0042238677,7.93041992,aebd4c7aecd9052743c761fc9d1901c34eef7a17cbffa17ba7a2fbd1b5c20330,0,0,1.4773850440979004,
0,gemm-rows-512-6144-6144,previous_int8,0.199999995,True,0,0.0042238677,7.93041992,aebd4c7aecd9052743c761fc9d1901c34eef7a17cbffa17ba7a2fbd1b5c20330,0,0,0.9984560012817383,
0,gemm-rows-512-6144-6144,mlx,0.344,True,0,0.000207575,0.393311,,,,0.8547310829162598,
0,gemm-rows-512-6144-18432,fp16,1.05429167,True,0,0.000380113179,3.08569336,89a2e604a5f68fbd4b28f322b4a153bef03b69d1fe4be99dae8a2cf028d22e9c,0,0,0.7453570365905762,
0,gemm-rows-512-6144-18432,previous_fp16,1.05845834,True,0,0.000380113179,3.08569336,89a2e604a5f68fbd4b28f322b4a153bef03b69d1fe4be99dae8a2cf028d22e9c,0,0,0.7417788505554199,
0,gemm-rows-512-6144-18432,fp32,1.05379167,True,0,0.00018832557,1.85571289,63a7f8b74935e9319cdc4734b0975a57ca11eccaf58bd9ad8d922d49af758120,0,0,0.7384099960327148,
0,gemm-rows-512-6144-18432,previous_fp32,1.059125,True,0,0.00018832557,1.85571289,63a7f8b74935e9319cdc4734b0975a57ca11eccaf58bd9ad8d922d49af758120,0,0,0.7332720756530762,
0,gemm-rows-512-6144-18432,int8,1.10495834,True,0,0.00414090087,23.5932617,f0066e9155b02889415cb8658589623bc5b972e15bbec23750d11c480480d596,0,0,2.5150139331817627,
0,gemm-rows-512-6144-18432,previous_int8,1.08849999,True,0,0.00414090087,23.5932617,f0066e9155b02889415cb8658589623bc5b972e15bbec23750d11c480480d596,0,0,0.8072540760040283,
0,gemm-rows-512-6144-18432,mlx,1.06292,True,0,0.000166921,0.727539,,,,0.7777800559997559,
0,gemm-rows-512-12288-8192,fp16,0.873625002,True,0,0.000605310201,2.80859375,1164dc4f3dfc8e5dc66027d0ea12ca46ebd60795608a0635da7a113966096218,0,0,0.7512269020080566,
0,gemm-rows-512-12288-8192,previous_fp16,0.874916674,True,0,0.000605310201,2.80859375,1164dc4f3dfc8e5dc66027d0ea12ca46ebd60795608a0635da7a113966096218,0,0,0.7555320262908936,
0,gemm-rows-512-12288-8192,fp32,0.945125008,True,0,0.000225401616,0.990966797,f5171eb7b6d50310129532bea12ed59c31de1d0f717386f7f2fc60fe43c70072,0,0,0.7426328659057617,
0,gemm-rows-512-12288-8192,previous_fp32,0.939958336,True,0,0.000225401616,0.990966797,f5171eb7b6d50310129532bea12ed59c31de1d0f717386f7f2fc60fe43c70072,0,0,0.7492959499359131,
0,gemm-rows-512-12288-8192,int8,0.518625005,True,0,0.00410013191,10.5686035,50966051d99520165783ba3f84f86fc34beb5c38e64c7ffbb30c187da1bcd4fc,0,0,1.5018339157104492,
0,gemm-rows-512-12288-8192,previous_int8,0.520416666,True,0,0.00410013191,10.5686035,50966051d99520165783ba3f84f86fc34beb5c38e64c7ffbb30c187da1bcd4fc,0,0,0.9016730785369873,
0,gemm-rows-512-12288-8192,mlx,0.934292,True,0,0.000180311,0.388672,,,,0.7748029232025146,
0,gemm-rows-513-1536-4096,fp16,0.148416671,True,0,0.000311778383,0.702148438,8a3d96df4f6c87e7df851c0d3abd39c049440a27b7ea90062cf896dc81157302,0,0,1.067225694656372,
0,gemm-rows-513-1536-4096,previous_fp16,0.148041669,True,0,0.000311778383,0.702148438,8a3d96df4f6c87e7df851c0d3abd39c049440a27b7ea90062cf896dc81157302,0,0,1.0714139938354492,
0,gemm-rows-513-1536-4096,fp32,0.107874992,True,0,0.000227235556,0.472900391,25018e2961ac2208be24f52e41c84ee1916c32d78786dcecd3a7ddda1c6e44e5,0,0,1.2975449562072754,
0,gemm-rows-513-1536-4096,previous_fp32,0.107583328,True,0,0.000227235556,0.472900391,25018e2961ac2208be24f52e41c84ee1916c32d78786dcecd3a7ddda1c6e44e5,0,0,1.3013288974761963,
0,gemm-rows-513-1536-4096,int8,0.0703749974,True,0,0.00398810688,5.30004883,5d2169b99f2c992fcfba8044eadd0a52d7d442f1d8dc11ce71a75777f305623a,0,0,2.1367440223693848,
0,gemm-rows-513-1536-4096,previous_int8,0.070375012,True,0,0.00398810688,5.30004883,5d2169b99f2c992fcfba8044eadd0a52d7d442f1d8dc11ce71a75777f305623a,0,0,1.7769200801849365,
0,gemm-rows-513-1536-4096,mlx,0.114667,True,0,0.000188786,0.209717,,,,1.2368459701538086,
0,gemm-rows-513-6144-6144,fp16,0.593666657,True,0,0.000320365366,1.05493164,170bb29ee6d2b1303f779edc5e200e0688da357b4d8465084709bd56d0dd5ff9,0,0,0.7750270366668701,
0,gemm-rows-513-6144-6144,previous_fp16,0.530916674,True,0,0.000320365366,1.05493164,170bb29ee6d2b1303f779edc5e200e0688da357b4d8465084709bd56d0dd5ff9,0,0,0.7744121551513672,
0,gemm-rows-513-6144-6144,fp32,0.464791665,True,0,0.000182347025,0.458740234,d7f4bc28073d8d624aee8500e8b14a43b813032babe7ca4f959e5ed7b9763d3c,0,0,0.8256359100341797,
0,gemm-rows-513-6144-6144,previous_fp32,0.459000003,True,0,0.000182347025,0.458740234,d7f4bc28073d8d624aee8500e8b14a43b813032babe7ca4f959e5ed7b9763d3c,0,0,0.8282041549682617,
0,gemm-rows-513-6144-6144,int8,0.273833342,True,0,0.00423607245,7.97119141,1afd17a6603c8332c843096560a835b40628a5b6c994c7b82174f788bd239f34,0,0,1.4241080284118652,
0,gemm-rows-513-6144-6144,previous_int8,0.246375013,True,0,0.00423607245,7.97119141,1afd17a6603c8332c843096560a835b40628a5b6c994c7b82174f788bd239f34,0,0,0.9033358097076416,
0,gemm-rows-513-6144-6144,mlx,0.46825,True,0,0.00016085,0.227539,,,,0.8355958461761475,
0,gemm-rows-513-6144-18432,fp16,1.902125,True,0,0.000356486115,3.17895508,7bc174193e5936f3857d6e64dfd76e2ed51bbeff198dbdc80e2f8b2288418f82,0,0,0.6993012428283691,
0,gemm-rows-513-6144-18432,previous_fp16,1.94637499,True,0,0.000356486115,3.17895508,7bc174193e5936f3857d6e64dfd76e2ed51bbeff198dbdc80e2f8b2288418f82,0,0,0.6972870826721191,
0,gemm-rows-513-6144-18432,fp32,1.416125,True,0,0.000216457058,1.6105957,861c6ae45433148df5aab4ef5cc0cbc92dbe70730cfb795953d841d0ba951093,0,0,0.711663007736206,
0,gemm-rows-513-6144-18432,previous_fp32,1.42166666,True,0,0.000216457058,1.6105957,861c6ae45433148df5aab4ef5cc0cbc92dbe70730cfb795953d841d0ba951093,0,0,0.7201800346374512,
0,gemm-rows-513-6144-18432,int8,1.31016667,True,0,0.0040489508,21.5046387,2ec794ce7ec51c1ae265e94275ebdaf7f607f72e2734ed5477ff00b92414bd6e,0,0,2.6069400310516357,
0,gemm-rows-513-6144-18432,previous_int8,1.31433333,True,0,0.0040489508,21.5046387,2ec794ce7ec51c1ae265e94275ebdaf7f607f72e2734ed5477ff00b92414bd6e,0,0,0.7883927822113037,
0,gemm-rows-513-6144-18432,mlx,1.434,True,0,0.000222866,0.884521,,,,0.742455005645752,
0,gemm-rows-513-12288-8192,fp16,1.35816667,True,0,0.000423087384,1.20410156,1840e946465d025cf3a9ee9538a715cf9a51fee5a284fdc452311f9f942696f8,0,0,0.708859920501709,
0,gemm-rows-513-12288-8192,previous_fp16,1.35625,True,0,0.000423087384,1.20410156,1840e946465d025cf3a9ee9538a715cf9a51fee5a284fdc452311f9f942696f8,0,0,0.7083361148834229,
0,gemm-rows-513-12288-8192,fp32,1.17354168,True,0,0.000225621653,0.875488281,72614d7e7ac359e4e39267e6637b8dec349cde4bd49e84d7611d1784578828e1,0,0,0.71415114402771,
0,gemm-rows-513-12288-8192,previous_fp32,1.17399999,True,0,0.000225621653,0.875488281,72614d7e7ac359e4e39267e6637b8dec349cde4bd49e84d7611d1784578828e1,0,0,0.7199878692626953,
0,gemm-rows-513-12288-8192,int8,0.753749991,True,0,0.00384290007,10.5588379,8c449603bb231efad613bb34fca9cfdecc85d6cc3b40ac691535149550a62378,0,0,1.4821996688842773,
0,gemm-rows-513-12288-8192,previous_int8,0.747208338,True,0,0.00384290007,10.5588379,8c449603bb231efad613bb34fca9cfdecc85d6cc3b40ac691535149550a62378,0,0,0.8358678817749023,
0,gemm-rows-513-12288-8192,mlx,1.16842,True,0,0.000185604,0.484131,,,,0.7431380748748779,
0,gemm-rows-1024-1536-4096,fp16,0.15883334,True,0,0.000320652203,0.598632812,c78071bbbf0c520c57b5a928132ab53936266c04f1fe92b0b1d7addbef8b1334,0,0,1.0288481712341309,
0,gemm-rows-1024-1536-4096,previous_fp16,0.158749986,True,0,0.000320652203,0.598632812,c78071bbbf0c520c57b5a928132ab53936266c04f1fe92b0b1d7addbef8b1334,0,0,1.0368010997772217,
0,gemm-rows-1024-1536-4096,fp32,0.148666659,True,0,0.000223033984,0.444335938,e1267fbf78deb2dd0749b4bfa942e0bb16498c9ca4570ca4f0e38b5b1ea1ca55,0,0,1.0588538646697998,
0,gemm-rows-1024-1536-4096,previous_fp32,0.148499996,True,0,0.000223033984,0.444335938,e1267fbf78deb2dd0749b4bfa942e0bb16498c9ca4570ca4f0e38b5b1ea1ca55,0,0,1.0757529735565186,
0,gemm-rows-1024-1536-4096,int8,0.0823750015,True,0,0.00409619904,5.25219727,5085ecfadce8394291e7463a45057e645a06b307dabdbb02395db16c62778d0c,0,0,1.914283037185669,
0,gemm-rows-1024-1536-4096,previous_int8,0.0828333286,True,0,0.00409619904,5.25219727,5085ecfadce8394291e7463a45057e645a06b307dabdbb02395db16c62778d0c,0,0,1.5879271030426025,
0,gemm-rows-1024-1536-4096,mlx,0.343375,True,0,0.000164898,0.209717,,,,1.0794670581817627,
0,gemm-rows-1024-12288-8192,fp16,1.66495833,True,0,0.000582116267,2.80859375,9678bd6bca156605a78a93fac3942f5f5164dbe971c00f382543faa3177f5c67,0,0,0.7161111831665039,
0,gemm-rows-1024-12288-8192,previous_fp16,1.66804167,True,0,0.000582116267,2.80859375,9678bd6bca156605a78a93fac3942f5f5164dbe971c00f382543faa3177f5c67,0,0,0.7015049457550049,
0,gemm-rows-1024-12288-8192,fp32,1.77787499,True,0,0.000218694124,0.80859375,48008760a8a6b23714485032cc354a4bedd61d0d07ec484f7676bbb9ab7bda4f,0,0,0.6953940391540527,
0,gemm-rows-1024-12288-8192,previous_fp32,1.74874999,True,0,0.000218694124,0.80859375,48008760a8a6b23714485032cc354a4bedd61d0d07ec484f7676bbb9ab7bda4f,0,0,0.7006380558013916,
0,gemm-rows-1024-12288-8192,int8,1.005125,True,0,0.00400497315,10.5588379,28e9e1ec9e5932925fc62170c9aaa8cbe1bbbf496584dc943dcbf4bc57641846,0,0,1.4091510772705078,
0,gemm-rows-1024-12288-8192,previous_int8,1.0055,True,0,0.00400497315,10.5588379,28e9e1ec9e5932925fc62170c9aaa8cbe1bbbf496584dc943dcbf4bc57641846,0,0,0.8035788536071777,
0,gemm-rows-1024-12288-8192,mlx,1.77075,True,0,0.000205395,0.484131,,,,0.7440121173858643,
0,gemm-rows-1536-1536-4096,fp16,0.230583333,True,0,0.000272791401,0.598632812,889b388a60d53d54845c94f6ba93422b26a557e8f160cdbf1b1a4e8ca246506a,0,0,0.9095261096954346,
0,gemm-rows-1536-1536-4096,previous_fp16,0.232791659,True,0,0.000272791401,0.598632812,889b388a60d53d54845c94f6ba93422b26a557e8f160cdbf1b1a4e8ca246506a,0,0,0.908318042755127,
0,gemm-rows-1536-1536-4096,fp32,0.178833332,True,0,0.000190935699,0.355224609,a72afa8176b9cba060038b77f285f0558a190b93009a1b2a59ca0f8d07a197c4,0,0,0.9910731315612793,
0,gemm-rows-1536-1536-4096,previous_fp32,0.178874994,True,0,0.000190935699,0.355224609,a72afa8176b9cba060038b77f285f0558a190b93009a1b2a59ca0f8d07a197c4,0,0,0.9976401329040527,
0,gemm-rows-1536-1536-4096,int8,0.143500001,True,0,0.00476527629,5.31152344,1bb97ad1633a7cd8d11ffbedd0d0e29fc3d7b0cc2b502f7391225efb5db6365e,0,0,1.4233431816101074,
0,gemm-rows-1536-1536-4096,previous_int8,0.143458325,True,0,0.00476527629,5.31152344,1bb97ad1633a7cd8d11ffbedd0d0e29fc3d7b0cc2b502f7391225efb5db6365e,0,0,1.0914747714996338,
0,gemm-rows-1536-1536-4096,mlx,0.179125,True,0,0.00021779,0.209717,,,,1.0000479221343994,
0,gemm-rows-1536-6144-6144,fp16,1.00833333,True,0,0.000396455492,0.936035156,64613b8eb5d3714882f499bcce92298ad0f56cf9180c213e5aa32395c00cafc5,0,0,0.6941230297088623,
0,gemm-rows-1536-6144-6144,previous_fp16,1.00762499,True,0,0.000396455492,0.936035156,64613b8eb5d3714882f499bcce92298ad0f56cf9180c213e5aa32395c00cafc5,0,0,0.696861982345581,
0,gemm-rows-1536-6144-6144,fp32,1.00725,True,0,0.00018968501,0.489501953,295c5717a4a6994bd73c88ced833d8360bcf9eead3bdacb0a5750e80a2622f67,0,0,0.6975200176239014,
0,gemm-rows-1536-6144-6144,previous_fp32,1.00437501,True,0,0.00018968501,0.489501953,295c5717a4a6994bd73c88ced833d8360bcf9eead3bdacb0a5750e80a2622f67,0,0,0.6971580982208252,
0,gemm-rows-1536-6144-6144,int8,0.606500005,True,0,0.00397138122,7.93041992,43c5d24527d6727f4f189f44a35fd6d64df700dd71fd5d10fef8cc3a8a98fd6f,0,0,1.2598350048065186,
0,gemm-rows-1536-6144-6144,previous_int8,0.600291678,True,0,0.00397138122,7.93041992,43c5d24527d6727f4f189f44a35fd6d64df700dd71fd5d10fef8cc3a8a98fd6f,0,0,0.8016798496246338,
0,gemm-rows-1536-6144-6144,mlx,1.01837,True,0,0.000178007,0.232666,,,,0.7190389633178711,
0,gemm-rows-1536-6144-18432,fp16,4.03854167,True,0,0.000303536323,2.30224609,813ad1a6305ff51b6ba069b7d52efbcf6ec4817eeaaf41f5da7186c6e934e468,0,0,0.7019660472869873,
0,gemm-rows-1536-6144-18432,previous_fp16,4.14408333,True,0,0.000303536323,2.30224609,813ad1a6305ff51b6ba069b7d52efbcf6ec4817eeaaf41f5da7186c6e934e468,0,0,0.7000851631164551,
0,gemm-rows-1536-6144-18432,fp32,3.03858334,True,0,0.000206264626,1.74780273,99c27e6e3db667de6d4c6cf13e213730133df11ea1b76bd41ff16f6952cce7ad,0,0,0.7028050422668457,
0,gemm-rows-1536-6144-18432,previous_fp32,3.02845832,True,0,0.000206264626,1.74780273,99c27e6e3db667de6d4c6cf13e213730133df11ea1b76bd41ff16f6952cce7ad,0,0,0.7139260768890381,
0,gemm-rows-1536-6144-18432,int8,2.4155,True,0,0.0042600532,23.8161621,00a2ec17f6e8985e8fa62ca8d741e3651dd3b8e8b4b17557dede79a479f3ff28,0,0,2.502164840698242,
0,gemm-rows-1536-6144-18432,previous_int8,2.38966667,True,0,0.0042600532,23.8161621,00a2ec17f6e8985e8fa62ca8d741e3651dd3b8e8b4b17557dede79a479f3ff28,0,0,0.7762861251831055,
0,gemm-rows-1536-6144-18432,mlx,3.03888,True,0,0.000221708,0.905029,,,,0.7483201026916504,
0,gemm-rows-1536-12288-8192,fp16,2.66500001,True,0,0.000513938254,1.33911133,9c2e681f44b9de7c30d6f9be64714a3488a3d9ee1d5bae7a841a873360bbb5f5,0,0,0.703618049621582,
0,gemm-rows-1536-12288-8192,previous_fp16,2.66879167,True,0,0.000513938254,1.33911133,9c2e681f44b9de7c30d6f9be64714a3488a3d9ee1d5bae7a841a873360bbb5f5,0,0,0.6943516731262207,
0,gemm-rows-1536-12288-8192,fp32,2.5805,True,0,0.000185295223,0.701171875,43a34a45bf273f6e26e2a2197b110202bd5ffd9f34a79de4f370f0c5f3c0d31f,0,0,0.7025129795074463,
0,gemm-rows-1536-12288-8192,previous_fp32,2.578625,True,0,0.000185295223,0.701171875,43a34a45bf273f6e26e2a2197b110202bd5ffd9f34a79de4f370f0c5f3c0d31f,0,0,0.6965367794036865,
0,gemm-rows-1536-12288-8192,int8,1.51250001,True,0,0.0040364924,10.5898438,b4c9a33741fbe642df7a2442524d2dd4ac74ba655b8f4015abb2f1eeba9fde36,0,0,1.3886499404907227,
0,gemm-rows-1536-12288-8192,previous_int8,1.47841667,True,0,0.0040364924,10.5898438,b4c9a33741fbe642df7a2442524d2dd4ac74ba655b8f4015abb2f1eeba9fde36,0,0,0.782160758972168,
0,gemm-rows-1536-12288-8192,mlx,2.56392,True,0,0.000218849,0.660889,,,,0.7491011619567871,
0,gemm-rows-2047-1536-4096,fp16,0.317166676,True,0,0.000298497281,0.710205078,e2f0c7f8d07d4343c4476665f814752a66754839285bec8609f6a4d37d6f73bb,0,0,0.8270940780639648,
0,gemm-rows-2047-1536-4096,previous_fp16,0.309249997,True,0,0.000298497281,0.710205078,e2f0c7f8d07d4343c4476665f814752a66754839285bec8609f6a4d37d6f73bb,0,0,0.8278861045837402,
0,gemm-rows-2047-1536-4096,fp32,0.242875001,True,0,0.00023272064,0.419189453,bd0295071650bc89ec8fac4bf9ae028739d9e441c2fca80385e1b0e6dcb4989d,0,0,0.8896017074584961,
0,gemm-rows-2047-1536-4096,previous_fp32,0.243291666,True,0,0.00023272064,0.419189453,bd0295071650bc89ec8fac4bf9ae028739d9e441c2fca80385e1b0e6dcb4989d,0,0,0.8917241096496582,
0,gemm-rows-2047-1536-4096,int8,0.186166668,True,0,0.00380621901,5.31396484,7f16f41913f75abea3bc6c202d6e18495ab256ea47e31251e046c07a3286b428,0,0,1.373913049697876,
0,gemm-rows-2047-1536-4096,previous_int8,0.182416668,True,0,0.00380621901,5.31396484,7f16f41913f75abea3bc6c202d6e18495ab256ea47e31251e046c07a3286b428,0,0,0.9987399578094482,
0,gemm-rows-2047-1536-4096,mlx,0.243667,True,0,0.000314441,0.498779,,,,0.887911319732666,
0,gemm-rows-2047-6144-6144,fp16,1.26033333,True,0,0.000363433415,0.979003906,e3cc582dc4d8d18afeeb0570bfed8e23a4b3942595e972f3553a219aa0b2907b,0,0,0.6784749031066895,
0,gemm-rows-2047-6144-6144,previous_fp16,1.25862501,True,0,0.000363433415,0.979003906,e3cc582dc4d8d18afeeb0570bfed8e23a4b3942595e972f3553a219aa0b2907b,0,0,0.6765928268432617,
0,gemm-rows-2047-6144-6144,fp32,1.30604167,True,0,0.000157358107,0.362060547,f4e76906a08beeaf5e6d7cdde8904df3c8e0fb159815cbea6e082b387d5abf79,0,0,0.6810181140899658,
0,gemm-rows-2047-6144-6144,previous_fp32,1.303,True,0,0.000157358107,0.362060547,f4e76906a08beeaf5e6d7cdde8904df3c8e0fb159815cbea6e082b387d5abf79,0,0,0.6847560405731201,
0,gemm-rows-2047-6144-6144,int8,0.7205,True,0,0.00423644216,7.94921875,fef8e4d5afb4c62dde2cc52d82ee0958ad060c3f4b757f2bd450bc244976f607,0,0,1.2801799774169922,
0,gemm-rows-2047-6144-6144,previous_int8,0.736874994,True,0,0.00423644216,7.94921875,fef8e4d5afb4c62dde2cc52d82ee0958ad060c3f4b757f2bd450bc244976f607,0,0,0.76202392578125,
0,gemm-rows-2047-6144-6144,mlx,1.30196,True,0,0.000148689,0.22583,,,,0.7186739444732666,
0,gemm-rows-2047-6144-18432,fp16,5.21075001,True,0,0.000400265285,3.97949219,0ba2d147d40c4b3f6b1ebf57460d77eae9ae5824d26c7707f8c2c5de15a7ca6c,0,0,0.7102060317993164,
0,gemm-rows-2047-6144-18432,previous_fp16,5.41625,True,0,0.000400265285,3.97949219,0ba2d147d40c4b3f6b1ebf57460d77eae9ae5824d26c7707f8c2c5de15a7ca6c,0,0,0.7126860618591309,
0,gemm-rows-2047-6144-18432,fp32,4.00708333,True,0,0.000208530015,1.98486328,217ffc8feb7c054b7014b777c1da35ed0c768538cb6969a108186e8a65f26106,0,0,0.7117569446563721,
0,gemm-rows-2047-6144-18432,previous_fp32,4.00416667,True,0,0.000208530015,1.98486328,217ffc8feb7c054b7014b777c1da35ed0c768538cb6969a108186e8a65f26106,0,0,0.7125630378723145,
0,gemm-rows-2047-6144-18432,int8,2.9795,True,0,0.00447430082,23.8122559,fe0396dd524a53fb142a4e471bef4f557880f92ca7f1185502123ac3baf6e51c,0,0,2.5934340953826904,
0,gemm-rows-2047-6144-18432,previous_int8,3.00975,True,0,0.00447430082,23.8122559,fe0396dd524a53fb142a4e471bef4f557880f92ca7f1185502123ac3baf6e51c,0,0,0.7777307033538818,
0,gemm-rows-2047-6144-18432,mlx,4.00121,True,0,0.000239367,1.65405,,,,0.7742748260498047,
0,gemm-rows-2047-12288-8192,fp16,3.27233334,True,0,0.000525634984,3.00634766,202229971a2d36a0ff10126c175935640aec1022ca3e89e6eea458f57dfbbe35,0,0,0.7005109786987305,
0,gemm-rows-2047-12288-8192,previous_fp16,3.27575,True,0,0.000525634984,3.00634766,202229971a2d36a0ff10126c175935640aec1022ca3e89e6eea458f57dfbbe35,0,0,0.7048981189727783,
0,gemm-rows-2047-12288-8192,fp32,3.43766667,True,0,0.000205225149,0.993652344,ecc154db151552ef57c87753ff17c272d170933afcc1a4f61d3b9b701f8c6481,0,0,0.697598934173584,
0,gemm-rows-2047-12288-8192,previous_fp32,3.44508333,True,0,0.000205225149,0.993652344,ecc154db151552ef57c87753ff17c272d170933afcc1a4f61d3b9b701f8c6481,0,0,0.7046549320220947,
0,gemm-rows-2047-12288-8192,int8,2.194375,True,0,0.00410639006,10.6398926,355033f7a5dab410b4d20339055d3f7c61dbb5346eeef6d07f33cab46ef86407,0,0,1.4254169464111328,
0,gemm-rows-2047-12288-8192,previous_int8,2.075875,True,0,0.00410639006,10.6398926,355033f7a5dab410b4d20339055d3f7c61dbb5346eeef6d07f33cab46ef86407,0,0,0.7793867588043213,
0,gemm-rows-2047-12288-8192,mlx,3.42425,True,0,0.000169592,0.368408,,,,0.7792000770568848,
0,gemm-rows-2048-1536-4096,fp16,0.307750001,True,0,0.000332703592,0.598632812,59819cf465712d85a2ef1f4c7a2c51dbc6515d88349611fbfae012fb5311e075,0,0,0.8388359546661377,
0,gemm-rows-2048-1536-4096,previous_fp16,0.308083341,True,0,0.000332703592,0.598632812,59819cf465712d85a2ef1f4c7a2c51dbc6515d88349611fbfae012fb5311e075,0,0,0.8351309299468994,
0,gemm-rows-2048-1536-4096,fp32,0.228458332,True,0,0.000218444465,0.236083984,b0daa6019af574a7e417b586c2fe9bc11444265cf3897d9c30ec7f398a58b291,0,0,0.9159331321716309,
0,gemm-rows-2048-1536-4096,previous_fp32,0.228208344,True,0,0.000218444465,0.236083984,b0daa6019af574a7e417b586c2fe9bc11444265cf3897d9c30ec7f398a58b291,0,0,0.9199919700622559,
0,gemm-rows-2048-1536-4096,int8,0.181249998,True,0,0.00477483431,5.25219727,80ae551c77b34934269c4cd0a91a6caae2d41d44ff299f93e56a5741f6ddb613,0,0,1.3349170684814453,
0,gemm-rows-2048-1536-4096,previous_int8,0.180791671,True,0,0.00477483431,5.25219727,80ae551c77b34934269c4cd0a91a6caae2d41d44ff299f93e56a5741f6ddb613,0,0,1.00071382522583,
0,gemm-rows-2048-1536-4096,mlx,0.22775,True,0,0.000162388,0.209717,,,,0.9097268581390381,
0,gemm-rows-2048-6144-6144,fp16,1.29074999,True,0,0.000193999589,0.483398438,f143104030ab28322f95fedb5e0135ba169d6062b46f37cebb874c0ba100454e,0,0,0.6806561946868896,
0,gemm-rows-2048-6144-6144,previous_fp16,1.291875,True,0,0.000193999589,0.483398438,f143104030ab28322f95fedb5e0135ba169d6062b46f37cebb874c0ba100454e,0,0,0.6828207969665527,
0,gemm-rows-2048-6144-6144,fp32,1.294,True,0,0.000193999589,0.483398438,f143104030ab28322f95fedb5e0135ba169d6062b46f37cebb874c0ba100454e,0,0,0.6790130138397217,
0,gemm-rows-2048-6144-6144,previous_fp32,1.29029166,True,0,0.000193999589,0.483398438,f143104030ab28322f95fedb5e0135ba169d6062b46f37cebb874c0ba100454e,0,0,0.6826176643371582,
0,gemm-rows-2048-6144-6144,int8,0.719041665,True,0,0.00442027037,7.94921875,32feab94c4cda563a5f1d5062d7bd26e55c8466ef1da0764faa23c25023b5e40,0,0,1.25276780128479,
0,gemm-rows-2048-6144-6144,previous_int8,0.717208328,True,0,0.00442027037,7.94921875,32feab94c4cda563a5f1d5062d7bd26e55c8466ef1da0764faa23c25023b5e40,0,0,0.7777659893035889,
0,gemm-rows-2048-6144-6144,mlx,1.288,True,0,0.000297614,0.480225,,,,0.7155990600585938,
0,gemm-rows-2048-6144-18432,fp16,3.98666668,True,0,0.000216943821,1.99511719,51d44e14d944643e1d2307c4cc7c8b75ec530ee09d0261f3c59179baaf35a123,0,0,0.7072670459747314,
0,gemm-rows-2048-6144-18432,previous_fp16,3.98591666,True,0,0.000216943821,1.99511719,51d44e14d944643e1d2307c4cc7c8b75ec530ee09d0261f3c59179baaf35a123,0,0,0.7177059650421143,
0,gemm-rows-2048-6144-18432,fp32,3.98337499,True,0,0.000216943821,1.99511719,51d44e14d944643e1d2307c4cc7c8b75ec530ee09d0261f3c59179baaf35a123,0,0,0.7139649391174316,
0,gemm-rows-2048-6144-18432,previous_fp32,3.98425,True,0,0.000216943821,1.99511719,51d44e14d944643e1d2307c4cc7c8b75ec530ee09d0261f3c59179baaf35a123,0,0,0.7105119228363037,
0,gemm-rows-2048-6144-18432,int8,2.70262499,True,0,0.00381162087,23.8161621,3937e8190578084a0d1957ab31ff3bfa1ddd0990ca18bf3750ad6f720cfb612e,0,0,0.7794959545135498,
0,gemm-rows-2048-6144-18432,previous_int8,2.73525,True,0,0.00381162087,23.8161621,3937e8190578084a0d1957ab31ff3bfa1ddd0990ca18bf3750ad6f720cfb612e,0,0,0.7779800891876221,
0,gemm-rows-2048-6144-18432,mlx,3.9875,True,0,0.000240374,1.51611,,,,0.7699871063232422,
0,gemm-rows-2048-12288-8192,fp16,3.4175,True,0,0.000199361505,0.80859375,7de3952cbe0d1cc80ec1eec4b89d8ba338fcdf0f3aa4c5aa99bfe2eb7081deb9,0,0,0.6943941116333008,
0,gemm-rows-2048-12288-8192,previous_fp16,3.400125,True,0,0.000199361505,0.80859375,7de3952cbe0d1cc80ec1eec4b89d8ba338fcdf0f3aa4c5aa99bfe2eb7081deb9,0,0,0.69415283203125,
0,gemm-rows-2048-12288-8192,fp32,3.41895832,True,0,0.000199361505,0.80859375,7de3952cbe0d1cc80ec1eec4b89d8ba338fcdf0f3aa4c5aa99bfe2eb7081deb9,0,0,0.7015469074249268,
0,gemm-rows-2048-12288-8192,previous_fp32,3.41708332,True,0,0.000199361505,0.80859375,7de3952cbe0d1cc80ec1eec4b89d8ba338fcdf0f3aa4c5aa99bfe2eb7081deb9,0,0,0.7072699069976807,
0,gemm-rows-2048-12288-8192,int8,1.88712499,True,0,0.00387544227,10.4707031,e0d389cb4bff588247a7c9ea968ad44a60174aab4a39f8ca8d7c58e74e8dc3dd,0,0,1.3802297115325928,
0,gemm-rows-2048-12288-8192,previous_int8,1.89112501,True,0,0.00387544227,10.4707031,e0d389cb4bff588247a7c9ea968ad44a60174aab4a39f8ca8d7c58e74e8dc3dd,0,0,0.7829020023345947,
0,gemm-rows-2048-12288-8192,mlx,3.41596,True,0,0.000234067,0.431885,,,,0.7780270576477051,
0,gemm-rows-2049-1536-4096,fp16,0.316416656,True,0,0.000279520793,0.5234375,de8dfae3a58ee4881d88268b16bee790725f6d04e980a76a343d4fef6258e4db,0,0,0.8172590732574463,
0,gemm-rows-2049-1536-4096,previous_fp16,0.3325,True,0,0.000279520793,0.5234375,de8dfae3a58ee4881d88268b16bee790725f6d04e980a76a343d4fef6258e4db,0,0,0.8134047985076904,
0,gemm-rows-2049-1536-4096,fp32,0.267541662,True,0,0.000237828504,0.4765625,2bfbafc39abac3da2b7600f434e22434abaa7e8c0f11095fc0619fd5e91ff129,0,0,0.8561060428619385,
0,gemm-rows-2049-1536-4096,previous_fp32,0.264041664,True,0,0.000237828504,0.4765625,2bfbafc39abac3da2b7600f434e22434abaa7e8c0f11095fc0619fd5e91ff129,0,0,0.8573219776153564,
0,gemm-rows-2049-1536-4096,int8,0.180999996,True,0,0.00449600103,5.28710938,2384bbb20d7d84140e511a7cf8da011d2e1e9fa62b058823f202ecb704ace0a3,0,0,1.3743681907653809,
0,gemm-rows-2049-1536-4096,previous_int8,0.181166659,True,0,0.00449600103,5.28710938,2384bbb20d7d84140e511a7cf8da011d2e1e9fa62b058823f202ecb704ace0a3,0,0,0.9997050762176514,
0,gemm-rows-2049-1536-4096,mlx,0.2665,True,0,0.000178679,0.209717,,,,0.8553380966186523,
0,gemm-rows-2049-6144-6144,fp16,1.389125,True,0,0.000189763123,0.494140625,65a00fc24cba67d0a0f41088f1c5109c2636812530752a72b990f95e77bb12e4,0,0,0.6701540946960449,
0,gemm-rows-2049-6144-6144,previous_fp16,1.38987499,True,0,0.000189763123,0.494140625,65a00fc24cba67d0a0f41088f1c5109c2636812530752a72b990f95e77bb12e4,0,0,0.674680233001709,
0,gemm-rows-2049-6144-6144,fp32,1.39875,True,0,0.000189763123,0.494140625,65a00fc24cba67d0a0f41088f1c5109c2636812530752a72b990f95e77bb12e4,0,0,0.6716811656951904,
0,gemm-rows-2049-6144-6144,previous_fp32,1.39441667,True,0,0.000189763123,0.494140625,65a00fc24cba67d0a0f41088f1c5109c2636812530752a72b990f95e77bb12e4,0,0,0.6774930953979492,
0,gemm-rows-2049-6144-6144,int8,0.976666663,True,0,0.00395372774,7.94921875,fc3a05d0f1d37f52aafca7cd25c726fe9e2c64393a58c8890adcb9591b34a998,0,0,1.2493860721588135,
0,gemm-rows-2049-6144-6144,previous_int8,1.00837501,True,0,0.00395372774,7.94921875,fc3a05d0f1d37f52aafca7cd25c726fe9e2c64393a58c8890adcb9591b34a998,0,0,0.7211668491363525,
0,gemm-rows-2049-6144-6144,mlx,1.40033,True,0,0.000242937,0.480225,,,,0.7047820091247559,
0,gemm-rows-2049-6144-18432,fp16,4.30279167,True,0,0.000241425254,1.94897461,d3e4845cc1d170a7eb6532459cddbfc2c813d77036a7da39359b47ec466fe986,0,0,0.7100551128387451,
0,gemm-rows-2049-6144-18432,previous_fp16,4.308125,True,0,0.000241425254,1.94897461,d3e4845cc1d170a7eb6532459cddbfc2c813d77036a7da39359b47ec466fe986,0,0,0.7295749187469482,
0,gemm-rows-2049-6144-18432,fp32,4.303375,True,0,0.000241425254,1.94897461,d3e4845cc1d170a7eb6532459cddbfc2c813d77036a7da39359b47ec466fe986,0,0,0.7075419425964355,
0,gemm-rows-2049-6144-18432,previous_fp32,4.29733333,True,0,0.000241425254,1.94897461,d3e4845cc1d170a7eb6532459cddbfc2c813d77036a7da39359b47ec466fe986,0,0,0.710841178894043,
0,gemm-rows-2049-6144-18432,int8,4.16745833,True,0,0.00392408451,23.8000488,8972fb2d48f60248c721aff5c06fdc6d7f6656ddfa5399206888947502dac3f1,0,0,2.5962932109832764,
0,gemm-rows-2049-6144-18432,previous_int8,3.80304168,True,0,0.00392408451,23.8000488,8972fb2d48f60248c721aff5c06fdc6d7f6656ddfa5399206888947502dac3f1,0,0,0.7844259738922119,
0,gemm-rows-2049-6144-18432,mlx,4.30183,True,0,0.000197342,0.992676,,,,0.7670810222625732,
0,gemm-rows-2049-12288-8192,fp16,3.65320833,True,0,0.000236460601,1,98c33fbd3347d1e27778980e45ba7e3525661ec573f89405addf51cd1cf3834c,0,0,0.6994960308074951,
0,gemm-rows-2049-12288-8192,previous_fp16,3.64845834,True,0,0.000236460601,1,98c33fbd3347d1e27778980e45ba7e3525661ec573f89405addf51cd1cf3834c,0,0,0.697833776473999,
0,gemm-rows-2049-12288-8192,fp32,3.664,True,0,0.000236460601,1,98c33fbd3347d1e27778980e45ba7e3525661ec573f89405addf51cd1cf3834c,0,0,0.6978042125701904,
0,gemm-rows-2049-12288-8192,previous_fp32,3.64112499,True,0,0.000236460601,1,98c33fbd3347d1e27778980e45ba7e3525661ec573f89405addf51cd1cf3834c,0,0,0.7004921436309814,
0,gemm-rows-2049-12288-8192,int8,2.50837499,True,0,0.0041209402,9.64868164,d19a5663c4f94b2001b731933f6ba71439eb9ef219387975f8f0cb0b2362abc2,0,0,1.4179019927978516,
0,gemm-rows-2049-12288-8192,previous_int8,2.39937499,True,0,0.0041209402,9.64868164,d19a5663c4f94b2001b731933f6ba71439eb9ef219387975f8f0cb0b2362abc2,0,0,0.7750687599182129,
0,gemm-rows-2049-12288-8192,mlx,3.62421,True,0,0.000281285,0.813232,,,,0.7727091312408447,
0,gemm-rows-3072-1536-4096,fp16,0.433166657,True,0,0.000306394071,0.525146484,ec1dd289e501a44a80e923809bed9eac051d359ea27e011a684c13530530a6ca,0,0,0.8091959953308105,
0,gemm-rows-3072-1536-4096,previous_fp16,0.432250003,True,0,0.000306394071,0.525146484,ec1dd289e501a44a80e923809bed9eac051d359ea27e011a684c13530530a6ca,0,0,0.8082919120788574,
0,gemm-rows-3072-1536-4096,fp32,0.35570834,True,0,0.000175700145,0.286865234,3ce39a5dbd6f6986d8e17b101d70388e2a1359b2aaa33d659406913c77d05424,0,0,0.8040328025817871,
0,gemm-rows-3072-1536-4096,previous_fp32,0.356833334,True,0,0.000175700145,0.286865234,3ce39a5dbd6f6986d8e17b101d70388e2a1359b2aaa33d659406913c77d05424,0,0,0.8044910430908203,
0,gemm-rows-3072-1536-4096,int8,0.259791675,True,0,0.00462180448,5.25219727,388504e556c4777c6b8074ac87bcf2ef261ec537ac51a51251530d642136e605,0,0,1.1957578659057617,
0,gemm-rows-3072-1536-4096,previous_int8,0.257416657,True,0,0.00462180448,5.25219727,388504e556c4777c6b8074ac87bcf2ef261ec537ac51a51251530d642136e605,0,0,0.8686158657073975,
0,gemm-rows-3072-1536-4096,mlx,0.353208,True,0,0.000237062,0.227295,,,,0.8131997585296631,
0,gemm-rows-3072-6144-6144,fp16,1.861875,True,0,0.000179332058,0.426025391,a5ffc5da26e544376cbd134f2545e22bdf025ce98b26cedf4678c658cb6057b4,0,0,0.6647582054138184,
0,gemm-rows-3072-6144-6144,previous_fp16,1.86325,True,0,0.000179332058,0.426025391,a5ffc5da26e544376cbd134f2545e22bdf025ce98b26cedf4678c658cb6057b4,0,0,0.6689369678497314,
0,gemm-rows-3072-6144-6144,fp32,1.86787501,True,0,0.000179332058,0.426025391,a5ffc5da26e544376cbd134f2545e22bdf025ce98b26cedf4678c658cb6057b4,0,0,0.666344165802002,
0,gemm-rows-3072-6144-6144,previous_fp32,1.86654166,True,0,0.000179332058,0.426025391,a5ffc5da26e544376cbd134f2545e22bdf025ce98b26cedf4678c658cb6057b4,0,0,0.6682889461517334,
0,gemm-rows-3072-6144-6144,int8,1.071625,True,0,0.00394948531,7.93041992,e9c25c68accf113be3f5b6aba905e0bba1a6399eee315bf2b45f2a31be97d8d0,0,0,1.2140717506408691,
0,gemm-rows-3072-6144-6144,previous_int8,1.05787501,True,0,0.00394948531,7.93041992,e9c25c68accf113be3f5b6aba905e0bba1a6399eee315bf2b45f2a31be97d8d0,0,0,0.7330727577209473,
0,gemm-rows-3072-6144-6144,mlx,1.858,True,0,0.000227935,0.24292,,,,0.7173428535461426,
0,gemm-rows-3072-6144-18432,fp16,5.92391667,True,0,0.000211726685,1.74780273,816edea36f327244617b16877bfc188e80faba3e53267a002a16378f77d85673,0,0,0.7358760833740234,
0,gemm-rows-3072-6144-18432,previous_fp16,5.924,True,0,0.000211726685,1.74780273,816edea36f327244617b16877bfc188e80faba3e53267a002a16378f77d85673,0,0,0.7350068092346191,
0,gemm-rows-3072-6144-18432,fp32,5.92350001,True,0,0.000211726685,1.74780273,816edea36f327244617b16877bfc188e80faba3e53267a002a16378f77d85673,0,0,0.7436568737030029,
0,gemm-rows-3072-6144-18432,previous_fp32,5.92454166,True,0,0.000211726685,1.74780273,816edea36f327244617b16877bfc188e80faba3e53267a002a16378f77d85673,0,0,0.7403357028961182,
0,gemm-rows-3072-6144-18432,int8,3.85658334,True,0,0.00425770886,23.8161621,ebd361b7436a6d4e55881ce3a4b84076fc0c1d855cded2a622ab83c4fdc42df5,0,0,2.509911060333252,
0,gemm-rows-3072-6144-18432,previous_int8,3.80058333,True,0,0.00425770886,23.8161621,ebd361b7436a6d4e55881ce3a4b84076fc0c1d855cded2a622ab83c4fdc42df5,0,0,0.8034160137176514,
0,gemm-rows-3072-6144-18432,mlx,5.93421,True,0,0.000169827,0.946533,,,,0.8058443069458008,
0,gemm-rows-3072-12288-8192,fp16,5.10058334,True,0,0.000212157752,0.701171875,8109e54069e6946d3a8913f5568a732cbd32ffbd1b6267b5754891b4a7b18695,0,0,0.7158620357513428,
0,gemm-rows-3072-12288-8192,previous_fp16,5.05045833,True,0,0.000212157752,0.701171875,8109e54069e6946d3a8913f5568a732cbd32ffbd1b6267b5754891b4a7b18695,0,0,0.7214469909667969,
0,gemm-rows-3072-12288-8192,fp32,5.06325001,True,0,0.000212157752,0.701171875,8109e54069e6946d3a8913f5568a732cbd32ffbd1b6267b5754891b4a7b18695,0,0,0.7156498432159424,
0,gemm-rows-3072-12288-8192,previous_fp32,5.05145834,True,0,0.000212157752,0.701171875,8109e54069e6946d3a8913f5568a732cbd32ffbd1b6267b5754891b4a7b18695,0,0,0.7234327793121338,
0,gemm-rows-3072-12288-8192,int8,2.75404166,True,0,0.00380007527,9.60302734,12414e57442b39ff5b0276af6f200cab6a0fcdd7807340ab2f94cd0b88511ca8,0,0,1.400270938873291,
0,gemm-rows-3072-12288-8192,previous_int8,2.75116666,True,0,0.00380007527,9.60302734,12414e57442b39ff5b0276af6f200cab6a0fcdd7807340ab2f94cd0b88511ca8,0,0,0.7957148551940918,
0,gemm-rows-3072-12288-8192,mlx,5.04375,True,0,0.000207273,0.455078,,,,0.8311419486999512,
0,gemm-rows-4095-1536-4096,fp16,0.584666661,True,0,0.000355732131,0.645019531,9d8ff4d6e17406df107bf251d66fa5de9cd0c2f3e65b93f9a10f945ee8fd833d,0,0,0.755903959274292,
0,gemm-rows-4095-1536-4096,previous_fp16,0.586499998,True,0,0.000355732131,0.645019531,9d8ff4d6e17406df107bf251d66fa5de9cd0c2f3e65b93f9a10f945ee8fd833d,0,0,0.7559158802032471,
0,gemm-rows-4095-1536-4096,fp32,0.452125008,True,0,0.000246362963,0.465820312,343dfc5aa0242549ad2584c47ef04852f6319d71e4eaa66ddb78fe6f312b415a,0,0,0.8088021278381348,
0,gemm-rows-4095-1536-4096,previous_fp32,0.444999998,True,0,0.000246362963,0.465820312,343dfc5aa0242549ad2584c47ef04852f6319d71e4eaa66ddb78fe6f312b415a,0,0,0.8231949806213379,
0,gemm-rows-4095-1536-4096,int8,0.350000002,True,0,0.00331135692,5.30566406,a9e444ff21263e19616f43bdd1ea9b77a8d1b89a2d355b3eb0023623e678ad12,0,0,1.1876168251037598,
0,gemm-rows-4095-1536-4096,previous_int8,0.348791669,True,0,0.00331135692,5.30566406,a9e444ff21263e19616f43bdd1ea9b77a8d1b89a2d355b3eb0023623e678ad12,0,0,0.8295979499816895,
0,gemm-rows-4095-1536-4096,mlx,0.444333,True,0,0.000160447,0.209717,,,,0.8231098651885986,
0,gemm-rows-4095-6144-6144,fp16,2.50399999,True,0,0.000195755859,0.460449219,c5cb98bab8973ab4f7c3dd75fed502a488cbe4cd5a9424ef7eb8cd200716a95a,0,0,0.6630740165710449,
0,gemm-rows-4095-6144-6144,previous_fp16,2.499125,True,0,0.000195755859,0.460449219,c5cb98bab8973ab4f7c3dd75fed502a488cbe4cd5a9424ef7eb8cd200716a95a,0,0,0.6705689430236816,
0,gemm-rows-4095-6144-6144,fp32,2.499375,True,0,0.000195755859,0.460449219,c5cb98bab8973ab4f7c3dd75fed502a488cbe4cd5a9424ef7eb8cd200716a95a,0,0,0.667931079864502,
0,gemm-rows-4095-6144-6144,previous_fp32,2.49824999,True,0,0.000195755859,0.460449219,c5cb98bab8973ab4f7c3dd75fed502a488cbe4cd5a9424ef7eb8cd200716a95a,0,0,0.6694188117980957,
0,gemm-rows-4095-6144-6144,int8,1.4925,True,0,0.00446173135,7.83154297,8357e3983e6b659f5edaf11cc3a1e86b775829d6fb00cc645695934df78d8076,0,0,1.2288870811462402,
0,gemm-rows-4095-6144-6144,previous_int8,1.51366668,True,0,0.00446173135,7.83154297,8357e3983e6b659f5edaf11cc3a1e86b775829d6fb00cc645695934df78d8076,0,0,0.7151370048522949,
0,gemm-rows-4095-6144-6144,mlx,2.4905,True,0,0.000261967,0.474121,,,,0.7438809871673584,
0,gemm-rows-4095-6144-18432,fp16,7.92083333,True,0,0.000200869008,1.18383789,2f8dbf8d2117af5c58b7fbd2ecc378ef1db6aec6bc871bf3f78c9872f0e0658b,0,0,0.7629208564758301,
0,gemm-rows-4095-6144-18432,previous_fp16,7.88720834,True,0,0.000200869008,1.18383789,2f8dbf8d2117af5c58b7fbd2ecc378ef1db6aec6bc871bf3f78c9872f0e0658b,0,0,0.767380952835083,
0,gemm-rows-4095-6144-18432,fp32,7.881,True,0,0.000200869008,1.18383789,2f8dbf8d2117af5c58b7fbd2ecc378ef1db6aec6bc871bf3f78c9872f0e0658b,0,0,0.7776088714599609,
0,gemm-rows-4095-6144-18432,previous_fp32,7.88758333,True,0,0.000200869008,1.18383789,2f8dbf8d2117af5c58b7fbd2ecc378ef1db6aec6bc871bf3f78c9872f0e0658b,0,0,0.7711060047149658,
0,gemm-rows-4095-6144-18432,int8,6.16016667,True,0,0.00396938857,21.3164062,b3de9f888326a6843c034d481054822fa610affa0aef1fe99922a138105c9cb6,0,0,2.6425771713256836,
0,gemm-rows-4095-6144-18432,previous_int8,6.18841668,True,0,0.00396938857,21.3164062,b3de9f888326a6843c034d481054822fa610affa0aef1fe99922a138105c9cb6,0,0,0.8166961669921875,
0,gemm-rows-4095-6144-18432,mlx,7.8795,True,0,0.000310459,1.70361,,,,0.8532133102416992,
0,gemm-rows-4095-12288-8192,fp16,6.71483333,True,0,0.000220279523,0.875,6b662bd718618f108a44232b4c30c17693cfa333e0fc6e41820ae8dd0d73484b,0,0,0.7309741973876953,
0,gemm-rows-4095-12288-8192,previous_fp16,6.740375,True,0,0.000220279523,0.875,6b662bd718618f108a44232b4c30c17693cfa333e0fc6e41820ae8dd0d73484b,0,0,0.7323970794677734,
0,gemm-rows-4095-12288-8192,fp32,6.751875,True,0,0.000220279523,0.875,6b662bd718618f108a44232b4c30c17693cfa333e0fc6e41820ae8dd0d73484b,0,0,0.7396275997161865,
0,gemm-rows-4095-12288-8192,previous_fp32,6.73179165,True,0,0.000220279523,0.875,6b662bd718618f108a44232b4c30c17693cfa333e0fc6e41820ae8dd0d73484b,0,0,0.7337651252746582,
0,gemm-rows-4095-12288-8192,int8,4.438,True,0,0.00423314699,10.5583496,e76995cd1bc7c438eaa149708c34ed2106086ece59d711b64fa848ca7142b6a5,0,0,1.4501378536224365,
0,gemm-rows-4095-12288-8192,previous_int8,4.50141667,True,0,0.00423314699,10.5583496,e76995cd1bc7c438eaa149708c34ed2106086ece59d711b64fa848ca7142b6a5,0,0,0.789520263671875,
0,gemm-rows-4095-12288-8192,mlx,6.73746,True,0,0.000198896,0.427246,,,,0.8729269504547119,
0,gemm-rows-4096-1536-4096,fp16,0.436708331,True,0,0.000225335182,0.46875,a495d470e434800212814a96a508af27f11f7c41f5061fe7584a12d9d5bda194,0,0,0.8196630477905273,
0,gemm-rows-4096-1536-4096,previous_fp16,0.436416667,True,0,0.000225335182,0.46875,a495d470e434800212814a96a508af27f11f7c41f5061fe7584a12d9d5bda194,0,0,0.8204281330108643,
0,gemm-rows-4096-1536-4096,fp32,0.435499998,True,0,0.000225335182,0.46875,a495d470e434800212814a96a508af27f11f7c41f5061fe7584a12d9d5bda194,0,0,0.8207862377166748,
0,gemm-rows-4096-1536-4096,previous_fp32,0.437083334,True,0,0.000225335182,0.46875,a495d470e434800212814a96a508af27f11f7c41f5061fe7584a12d9d5bda194,0,0,0.824470043182373,
0,gemm-rows-4096-1536-4096,int8,0.267416661,True,0,0.00411439478,5.25219727,39d6728839a3ebf02c7c0f3f3838042c6154180efb9185873f351f4bc2f80dd2,0,0,0.8895881175994873,
0,gemm-rows-4096-1536-4096,previous_int8,0.26916666,True,0,0.00411439478,5.25219727,39d6728839a3ebf02c7c0f3f3838042c6154180efb9185873f351f4bc2f80dd2,0,0,1.0317678451538086,
0,gemm-rows-4096-1536-4096,mlx,0.435542,True,0,0.00021733,0.209717,,,,0.8227558135986328,
0,gemm-rows-4096-12288-8192,fp16,6.755875,True,0,0.000230615901,0.871582031,f00d837ba1a4ec6403acce62387157491c3d29d338fb0bc8e37559cc744b7a2e,0,0,0.7385909557342529,
0,gemm-rows-4096-12288-8192,previous_fp16,6.74137501,True,0,0.000230615901,0.871582031,f00d837ba1a4ec6403acce62387157491c3d29d338fb0bc8e37559cc744b7a2e,0,0,0.7403159141540527,
0,gemm-rows-4096-12288-8192,fp32,6.719375,True,0,0.000230615901,0.871582031,f00d837ba1a4ec6403acce62387157491c3d29d338fb0bc8e37559cc744b7a2e,0,0,0.7351791858673096,
0,gemm-rows-4096-12288-8192,previous_fp32,6.72933333,True,0,0.000230615901,0.871582031,f00d837ba1a4ec6403acce62387157491c3d29d338fb0bc8e37559cc744b7a2e,0,0,0.7365643978118896,
0,gemm-rows-4096-12288-8192,int8,3.62020834,True,0,0.003404026,9.65209961,94568e3e6dd329e2860de26d19eccba0b06be8c2402bcb7b23dec16f22c15d6c,0,0,1.4103963375091553,
0,gemm-rows-4096-12288-8192,previous_int8,3.61866665,True,0,0.003404026,9.65209961,94568e3e6dd329e2860de26d19eccba0b06be8c2402bcb7b23dec16f22c15d6c,0,0,0.8037407398223877,
0,gemm-rows-4096-12288-8192,mlx,6.706,True,0,0.000261886,0.813232,,,,0.8768198490142822,
0,gemm-rows-4097-1536-4096,fp16,0.434041664,True,0,0.000177424044,0.404052734,43836379013115c032c1a578c5c91288542992f9b6c5d6209e1309bb6c5d737c,0,0,0.8132920265197754,
0,gemm-rows-4097-1536-4096,previous_fp16,0.435499998,True,0,0.000177424044,0.404052734,43836379013115c032c1a578c5c91288542992f9b6c5d6209e1309bb6c5d737c,0,0,0.8163018226623535,
0,gemm-rows-4097-1536-4096,fp32,0.433833338,True,0,0.000177424044,0.404052734,43836379013115c032c1a578c5c91288542992f9b6c5d6209e1309bb6c5d737c,0,0,0.8122081756591797,
0,gemm-rows-4097-1536-4096,previous_fp32,0.436000002,True,0,0.000177424044,0.404052734,43836379013115c032c1a578c5c91288542992f9b6c5d6209e1309bb6c5d737c,0,0,0.819101095199585,
0,gemm-rows-4097-1536-4096,int8,0.349249996,True,0,0.0040857094,5.30566406,8c525213437ea5e5326b3104213d5179894a6e3c41a5ccf0e3b7f412e5f0cd5e,0,0,1.1970019340515137,
0,gemm-rows-4097-1536-4096,previous_int8,0.350999995,True,0,0.0040857094,5.30566406,8c525213437ea5e5326b3104213d5179894a6e3c41a5ccf0e3b7f412e5f0cd5e,0,0,0.8244509696960449,
0,gemm-rows-4097-1536-4096,mlx,0.434875,True,0,0.000182477,0.209717,,,,0.83306884765625,
0,gemm-rows-4097-6144-6144,fp16,2.59725,True,0,0.000148134097,0.464111328,66dda0d54d476a3ea08c745ff9a060461ca1bd430ec981fe2daef488bc7b1064,0,0,0.6715071201324463,
0,gemm-rows-4097-6144-6144,previous_fp16,2.59525,True,0,0.000148134097,0.464111328,66dda0d54d476a3ea08c745ff9a060461ca1bd430ec981fe2daef488bc7b1064,0,0,0.6772880554199219,
0,gemm-rows-4097-6144-6144,fp32,2.59049999,True,0,0.000148134097,0.464111328,66dda0d54d476a3ea08c745ff9a060461ca1bd430ec981fe2daef488bc7b1064,0,0,0.6682398319244385,
0,gemm-rows-4097-6144-6144,previous_fp32,2.61312499,True,0,0.000148134097,0.464111328,66dda0d54d476a3ea08c745ff9a060461ca1bd430ec981fe2daef488bc7b1064,0,0,0.6741018295288086,
0,gemm-rows-4097-6144-6144,int8,1.67483334,True,0,0.0039378006,7.19970703,dec4ec1422728923d1509d41e2d10634ba96df2410520a76627887472ca5571e,0,0,1.2451679706573486,
0,gemm-rows-4097-6144-6144,previous_int8,1.7625,True,0,0.0039378006,7.19970703,dec4ec1422728923d1509d41e2d10634ba96df2410520a76627887472ca5571e,0,0,0.7186717987060547,
0,gemm-rows-4097-6144-6144,mlx,2.59917,True,0,0.000198504,0.238525,,,,0.7470569610595703,
0,gemm-rows-4097-6144-18432,fp16,8.18187499,True,0,0.000242176082,1.92626953,1b56af649887247e7fb268b9c8eaa5a3b81aaafed9c7c250c82d5d7517708525,0,0,0.7630939483642578,
0,gemm-rows-4097-6144-18432,previous_fp16,8.19375001,True,0,0.000242176082,1.92626953,1b56af649887247e7fb268b9c8eaa5a3b81aaafed9c7c250c82d5d7517708525,0,0,0.7615768909454346,
0,gemm-rows-4097-6144-18432,fp32,8.17375,True,0,0.000242176082,1.92626953,1b56af649887247e7fb268b9c8eaa5a3b81aaafed9c7c250c82d5d7517708525,0,0,0.7595040798187256,
0,gemm-rows-4097-6144-18432,previous_fp32,8.17658333,True,0,0.000242176082,1.92626953,1b56af649887247e7fb268b9c8eaa5a3b81aaafed9c7c250c82d5d7517708525,0,0,0.762260913848877,
0,gemm-rows-4097-6144-18432,int8,7.49212501,True,0,0.00388426143,23.6877441,8997772f9c27d8e581f9a6930122bfed94a50b79d741c9b8fbed6413b2cf43a6,0,0,2.6557469367980957,
0,gemm-rows-4097-6144-18432,previous_int8,7.49345834,True,0,0.00388426143,23.6877441,8997772f9c27d8e581f9a6930122bfed94a50b79d741c9b8fbed6413b2cf43a6,0,0,0.8222858905792236,
0,gemm-rows-4097-6144-18432,mlx,8.18062,True,0,0.000269995,1.66455,,,,0.850226879119873,
0,gemm-rows-4097-12288-8192,fp16,7.03200001,True,0,0.00021007046,0.989257812,ca24dc98ac80ebd41729e5064a9eb0e99f270a8d525c15cac153c5afb517f11a,0,0,0.7319121360778809,
0,gemm-rows-4097-12288-8192,previous_fp16,7.06962499,True,0,0.00021007046,0.989257812,ca24dc98ac80ebd41729e5064a9eb0e99f270a8d525c15cac153c5afb517f11a,0,0,0.7356688976287842,
0,gemm-rows-4097-12288-8192,fp32,7.03075,True,0,0.00021007046,0.989257812,ca24dc98ac80ebd41729e5064a9eb0e99f270a8d525c15cac153c5afb517f11a,0,0,0.7419629096984863,
0,gemm-rows-4097-12288-8192,previous_fp32,7.01908334,True,0,0.00021007046,0.989257812,ca24dc98ac80ebd41729e5064a9eb0e99f270a8d525c15cac153c5afb517f11a,0,0,0.7358438968658447,
0,gemm-rows-4097-12288-8192,int8,4.51541667,True,0,0.00410996643,10.5898438,fa3592f4ac25034a7400e71bd8be6a30fd809499ccd097047e924ade5046d37e,0,0,1.4532740116119385,
0,gemm-rows-4097-12288-8192,previous_int8,4.57429166,True,0,0.00410996643,10.5898438,fa3592f4ac25034a7400e71bd8be6a30fd809499ccd097047e924ade5046d37e,0,0,0.7942962646484375,
0,gemm-rows-4097-12288-8192,mlx,6.979,True,0,0.000253632,0.813232,,,,0.8827707767486572,
0,gemm-rows-8191-1536-4096,fp16,0.859499996,True,0,0.00022042839,0.454101562,8981a8b3a48ff03168b063a7a5d3af3861083b91c054e5b5132916bf2e8284f9,0,0,0.7180726528167725,
0,gemm-rows-8191-1536-4096,previous_fp16,0.860125001,True,0,0.00022042839,0.454101562,8981a8b3a48ff03168b063a7a5d3af3861083b91c054e5b5132916bf2e8284f9,0,0,0.715529203414917,
0,gemm-rows-8191-1536-4096,fp32,0.86083333,True,0,0.00022042839,0.454101562,8981a8b3a48ff03168b063a7a5d3af3861083b91c054e5b5132916bf2e8284f9,0,0,0.7100791931152344,
0,gemm-rows-8191-1536-4096,previous_fp32,0.858833329,True,0,0.00022042839,0.454101562,8981a8b3a48ff03168b063a7a5d3af3861083b91c054e5b5132916bf2e8284f9,0,0,0.7178192138671875,
0,gemm-rows-8191-1536-4096,int8,0.606125002,True,0,0.00356255167,4.83154297,cf97e5cf3ec962060b5f72c866fecd17395e82b57468e4fd37a5bf147a4dc911,0,0,1.1646440029144287,
0,gemm-rows-8191-1536-4096,previous_int8,0.594500001,True,0,0.00356255167,4.83154297,cf97e5cf3ec962060b5f72c866fecd17395e82b57468e4fd37a5bf147a4dc911,0,0,0.7825899124145508,
0,gemm-rows-8191-1536-4096,mlx,0.858333,True,0,0.000225157,0.209717,,,,0.7373218536376953,
0,gemm-rows-8191-6144-6144,fp16,4.966875,True,0,0.000198324922,0.494140625,4d34d2ad495c3a03d64da8fb475519412da7978823f4f1c7e2899ee75bbd0112,0,0,0.7008140087127686,
0,gemm-rows-8191-6144-6144,previous_fp16,4.96941667,True,0,0.000198324922,0.494140625,4d34d2ad495c3a03d64da8fb475519412da7978823f4f1c7e2899ee75bbd0112,0,0,0.7097129821777344,
0,gemm-rows-8191-6144-6144,fp32,4.958625,True,0,0.000198324922,0.494140625,4d34d2ad495c3a03d64da8fb475519412da7978823f4f1c7e2899ee75bbd0112,0,0,0.7423758506774902,
0,gemm-rows-8191-6144-6144,previous_fp32,4.96037499,True,0,0.000198324922,0.494140625,4d34d2ad495c3a03d64da8fb475519412da7978823f4f1c7e2899ee75bbd0112,0,0,0.7087538242340088,
0,gemm-rows-8191-6144-6144,int8,3.35954166,True,0,0.00403636149,7.9050293,3f072a133923d2d90b217699ce49e6c50849f98e6da1d7d3d2dfbd1c1bef60b1,0,0,1.2507641315460205,
0,gemm-rows-8191-6144-6144,previous_int8,3.24241667,True,0,0.00403636149,7.9050293,3f072a133923d2d90b217699ce49e6c50849f98e6da1d7d3d2dfbd1c1bef60b1,0,0,0.7291860580444336,
0,gemm-rows-8191-6144-6144,mlx,4.95638,True,0,0.000193275,0.374268,,,,0.8275940418243408,
0,gemm-rows-8191-6144-18432,fp16,19.7961667,True,0,0.000400924879,4.55053711,12a373c9999611990465acca9828c9a03a9544d29e22280e5a389e5378519f54,0,0,0.9086527824401855,
0,gemm-rows-8191-6144-18432,previous_fp16,20.0552917,True,0,0.000400924879,4.55053711,12a373c9999611990465acca9828c9a03a9544d29e22280e5a389e5378519f54,0,0,0.8943181037902832,
0,gemm-rows-8191-6144-18432,fp32,18.232125,True,0,0.00035410091,2.43115234,d50d368269e72f42587e4c9ae35a193cc4035c560b3a19fbfc3cc7f8917344dd,0,0,0.8999900817871094,
0,gemm-rows-8191-6144-18432,previous_fp32,18.185,True,0,0.00035410091,2.43115234,d50d368269e72f42587e4c9ae35a193cc4035c560b3a19fbfc3cc7f8917344dd,0,0,0.8930768966674805,
0,gemm-rows-8191-6144-18432,int8,11.77,True,0,0.00446525866,21.5085449,d67d7df5bfc7c3f3a0c40c4d08603343e01fc936762772254f7ab10235899bbc,0,0,2.732412099838257,
0,gemm-rows-8191-6144-18432,previous_int8,11.8963333,True,0,0.00446525866,21.5085449,d67d7df5bfc7c3f3a0c40c4d08603343e01fc936762772254f7ab10235899bbc,0,0,0.9150130748748779,
0,gemm-rows-8191-6144-18432,mlx,27.956,True,0,0.000236007,0.969238,,,,1.075592279434204,
0,gemm-rows-8191-12288-8192,fp16,14.0887083,True,0,0.000210202626,0.8515625,2df05346b14bbb5fecd7f6231eea8bbe48a11a9d64f5835f00bb809f96dad8f5,0,0,0.845062255859375,
0,gemm-rows-8191-12288-8192,previous_fp16,14.088625,True,0,0.000210202626,0.8515625,2df05346b14bbb5fecd7f6231eea8bbe48a11a9d64f5835f00bb809f96dad8f5,0,0,0.8470640182495117,
0,gemm-rows-8191-12288-8192,fp32,14.1438333,True,0,0.000210202626,0.8515625,2df05346b14bbb5fecd7f6231eea8bbe48a11a9d64f5835f00bb809f96dad8f5,0,0,0.8456070423126221,
0,gemm-rows-8191-12288-8192,previous_fp32,14.072,True,0,0.000210202626,0.8515625,2df05346b14bbb5fecd7f6231eea8bbe48a11a9d64f5835f00bb809f96dad8f5,0,0,0.8462698459625244,
0,gemm-rows-8191-12288-8192,int8,8.56704167,True,0,0.00447142143,10.5646973,8f7376f274aac61438acba65421db927a5fee45f5042573e84329e26280247e6,0,0,1.5255229473114014,
0,gemm-rows-8191-12288-8192,previous_int8,8.649625,True,0,0.00447142143,10.5646973,8f7376f274aac61438acba65421db927a5fee45f5042573e84329e26280247e6,0,0,0.8733549118041992,
0,gemm-rows-8191-12288-8192,mlx,14.0225,True,0,0.000221375,0.491699,,,,1.104085922241211,
0,gemm-rows-8192-1536-4096,fp16,0.847500007,True,0,0.000254279153,0.488525391,c1d9f9d2899eafef14bdaa3609fde1cc48ab83aecbcc95254adbc390e4e809ce,0,0,0.7162597179412842,
0,gemm-rows-8192-1536-4096,previous_fp16,0.844791663,True,0,0.000254279153,0.488525391,c1d9f9d2899eafef14bdaa3609fde1cc48ab83aecbcc95254adbc390e4e809ce,0,0,0.7204270362854004,
0,gemm-rows-8192-1536-4096,fp32,0.845250004,True,0,0.000254279153,0.488525391,c1d9f9d2899eafef14bdaa3609fde1cc48ab83aecbcc95254adbc390e4e809ce,0,0,0.7219362258911133,
0,gemm-rows-8192-1536-4096,previous_fp32,0.846125011,True,0,0.000254279153,0.488525391,c1d9f9d2899eafef14bdaa3609fde1cc48ab83aecbcc95254adbc390e4e809ce,0,0,0.7155539989471436,
0,gemm-rows-8192-1536-4096,int8,0.547374992,True,0,0.00438140524,5.31152344,6b2f2ff3b1a3a4287e7b1051e1cd757c577779765f4e255f2e019a71fa1c6f40,0,0,1.1255419254302979,
0,gemm-rows-8192-1536-4096,previous_int8,0.544374998,True,0,0.00438140524,5.31152344,6b2f2ff3b1a3a4287e7b1051e1cd757c577779765f4e255f2e019a71fa1c6f40,0,0,0.8030579090118408,
0,gemm-rows-8192-1536-4096,mlx,0.847,True,0,0.000206097,0.230957,,,,0.7463841438293457,
0,gemm-rows-8192-6144-6144,fp16,4.94820834,True,0,0.000182040506,0.401367188,5360e5b96e07a6456cfa20622804f832832461f57e3f1fae6737eccf603262ff,0,0,0.696871280670166,
0,gemm-rows-8192-6144-6144,previous_fp16,4.94341667,True,0,0.000182040506,0.401367188,5360e5b96e07a6456cfa20622804f832832461f57e3f1fae6737eccf603262ff,0,0,0.7035470008850098,
0,gemm-rows-8192-6144-6144,fp32,4.944125,True,0,0.000182040506,0.401367188,5360e5b96e07a6456cfa20622804f832832461f57e3f1fae6737eccf603262ff,0,0,0.702307939529419,
0,gemm-rows-8192-6144-6144,previous_fp32,4.93441668,True,0,0.000182040506,0.401367188,5360e5b96e07a6456cfa20622804f832832461f57e3f1fae6737eccf603262ff,0,0,0.7024190425872803,
0,gemm-rows-8192-6144-6144,int8,2.739875,True,0,0.00423990068,7.78662109,5366655fa678a3253667fee20dcb7aa74ec7680dd9427a573dcae07934b153e8,0,0,1.2172341346740723,
0,gemm-rows-8192-6144-6144,previous_int8,2.74025,True,0,0.00423990068,7.78662109,5366655fa678a3253667fee20dcb7aa74ec7680dd9427a573dcae07934b153e8,0,0,0.7345447540283203,
0,gemm-rows-8192-6144-6144,mlx,4.95058,True,0,0.00019244,0.22583,,,,0.825977087020874,
0,gemm-rows-8192-6144-18432,fp16,18.602625,True,0,0.000367172359,4.46508789,9fcfa9afd2c1f7dc06297028642d9cf872bba4eaec3919876d1d0ad9c27dec2e,0,0,0.8908600807189941,
0,gemm-rows-8192-6144-18432,previous_fp16,18.472,True,0,0.000367172359,4.46508789,9fcfa9afd2c1f7dc06297028642d9cf872bba4eaec3919876d1d0ad9c27dec2e,0,0,0.8851399421691895,
0,gemm-rows-8192-6144-18432,fp32,18.021375,True,0,0.000280554012,3.10400391,445cdfdab051b538cff55e49b38ec881ea8436d35aeef4d73593213d116d5998,0,0,0.8863511085510254,
0,gemm-rows-8192-6144-18432,previous_fp32,17.98925,True,0,0.000280554012,3.10400391,445cdfdab051b538cff55e49b38ec881ea8436d35aeef4d73593213d116d5998,0,0,0.8856210708618164,
0,gemm-rows-8192-6144-18432,int8,9.29016666,True,0,0.00388667296,23.817627,cbf6a5c581246e588c61557323e55545184a3a70b0895f73332e56adde652abb,0,0,0.8953168392181396,
0,gemm-rows-8192-6144-18432,previous_int8,9.25812501,True,0,0.00388667296,23.817627,cbf6a5c581246e588c61557323e55545184a3a70b0895f73332e56adde652abb,0,0,0.9015538692474365,
0,gemm-rows-8192-6144-18432,mlx,27.2133,True,0,0.000274386,1.66455,,,,1.0967729091644287,
0,gemm-rows-8192-12288-8192,fp16,14.082125,True,0,0.000238739142,0.884033203,4090223719e257696da265ae5ab78745ac3bb05d6248ed2738377bd198663fc1,0,0,0.8445310592651367,
0,gemm-rows-8192-12288-8192,previous_fp16,14.102875,True,0,0.000238739142,0.884033203,4090223719e257696da265ae5ab78745ac3bb05d6248ed2738377bd198663fc1,0,0,0.844947099685669,
0,gemm-rows-8192-12288-8192,fp32,14.0901667,True,0,0.000238739142,0.884033203,4090223719e257696da265ae5ab78745ac3bb05d6248ed2738377bd198663fc1,0,0,0.84718918800354,
0,gemm-rows-8192-12288-8192,previous_fp32,14.09525,True,0,0.000238739142,0.884033203,4090223719e257696da265ae5ab78745ac3bb05d6248ed2738377bd198663fc1,0,0,0.8451099395751953,
0,gemm-rows-8192-12288-8192,int8,7.17220834,True,0,0.00347764862,9.66943359,bffdd9e505f884699629aa88b472a37a34dbf5c3b3992e7c4ceb1e0c16f2e5bc,0,0,1.4776861667633057,
0,gemm-rows-8192-12288-8192,previous_int8,7.18441667,True,0,0.00347764862,9.66943359,bffdd9e505f884699629aa88b472a37a34dbf5c3b3992e7c4ceb1e0c16f2e5bc,0,0,0.8692128658294678,
0,gemm-rows-8192-12288-8192,mlx,13.9954,True,0,0.00019169,0.368408,,,,1.1116900444030762,
0,gemm-rows-8193-1536-4096,fp16,0.845874994,True,0,0.000255350841,0.454101562,88292b2b0784e783e275cab7bf0bc7bd5444d78fda063a626c0f11ab463a3ee9,0,0,0.7196002006530762,
0,gemm-rows-8193-1536-4096,previous_fp16,0.848125012,True,0,0.000255350841,0.454101562,88292b2b0784e783e275cab7bf0bc7bd5444d78fda063a626c0f11ab463a3ee9,0,0,0.7242658138275146,
0,gemm-rows-8193-1536-4096,fp32,0.851749995,True,0,0.000255350841,0.454101562,88292b2b0784e783e275cab7bf0bc7bd5444d78fda063a626c0f11ab463a3ee9,0,0,0.7190451622009277,
0,gemm-rows-8193-1536-4096,previous_fp32,0.852000012,True,0,0.000255350841,0.454101562,88292b2b0784e783e275cab7bf0bc7bd5444d78fda063a626c0f11ab463a3ee9,0,0,0.7175521850585938,
0,gemm-rows-8193-1536-4096,int8,0.618499995,True,0,0.0038569556,4.36035156,bb2ca488c84594156dbf00a13662f16401d416da75cdc0f1689524536670aa45,0,0,0.778968095779419,
0,gemm-rows-8193-1536-4096,previous_int8,0.617208338,True,0,0.0038569556,4.36035156,bb2ca488c84594156dbf00a13662f16401d416da75cdc0f1689524536670aa45,0,0,0.7855639457702637,
0,gemm-rows-8193-1536-4096,mlx,0.846083,True,0,0.000182094,0.209717,,,,0.7578680515289307,
0,gemm-rows-8193-6144-6144,fp16,4.98975,True,0,0.000197852668,0.489501953,5c9b487b45f48a05702ea2de1a4525e7081a6e413b7de5199ffc7c857f7d2240,0,0,0.6972558498382568,
0,gemm-rows-8193-6144-6144,previous_fp16,4.98512499,True,0,0.000197852668,0.489501953,5c9b487b45f48a05702ea2de1a4525e7081a6e413b7de5199ffc7c857f7d2240,0,0,0.7013959884643555,
0,gemm-rows-8193-6144-6144,fp32,4.97724999,True,0,0.000197852668,0.489501953,5c9b487b45f48a05702ea2de1a4525e7081a6e413b7de5199ffc7c857f7d2240,0,0,0.7034039497375488,
0,gemm-rows-8193-6144-6144,previous_fp32,4.97529167,True,0,0.000197852668,0.489501953,5c9b487b45f48a05702ea2de1a4525e7081a6e413b7de5199ffc7c857f7d2240,0,0,0.7103359699249268,
0,gemm-rows-8193-6144-6144,int8,2.90570833,True,0,0.00422712168,7.90356445,18141ced870a8d145dd432f6c81833b6a100a5754785d0b239abfc001f8398c2,0,0,1.253406047821045,
0,gemm-rows-8193-6144-6144,previous_int8,2.90799999,True,0,0.00422712168,7.90356445,18141ced870a8d145dd432f6c81833b6a100a5754785d0b239abfc001f8398c2,0,0,0.7366828918457031,
0,gemm-rows-8193-6144-6144,mlx,4.98129,True,0,0.000191081,0.420898,,,,0.8255858421325684,
0,gemm-rows-8193-6144-18432,fp16,20.88725,True,0,0.00037918911,2.51855469,f413f99be503ccedafaa94002a90f902ef9072da7493f685c6c5b1d8a596b5dc,0,0,0.8992781639099121,
0,gemm-rows-8193-6144-18432,previous_fp16,20.8454583,True,0,0.00037918911,2.51855469,f413f99be503ccedafaa94002a90f902ef9072da7493f685c6c5b1d8a596b5dc,0,0,0.8992431163787842,
0,gemm-rows-8193-6144-18432,fp32,18.547625,True,0,0.000370356583,2.51855469,caf58eef94fe9c2c704cb5881d40f74d843619b5511192a194434062daf7582f,0,0,0.8874578475952148,
0,gemm-rows-8193-6144-18432,previous_fp32,18.5365,True,0,0.000370356583,2.51855469,caf58eef94fe9c2c704cb5881d40f74d843619b5511192a194434062daf7582f,0,0,0.8905031681060791,
0,gemm-rows-8193-6144-18432,int8,9.83816666,True,0,0.00447407453,23.8415527,83734f48fad355d40259b07224dfed245c0c0f0e10811c7da5d7287fc5f60641,0,0,2.741882801055908,
0,gemm-rows-8193-6144-18432,previous_int8,9.82016666,True,0,0.00447407453,23.8415527,83734f48fad355d40259b07224dfed245c0c0f0e10811c7da5d7287fc5f60641,0,0,0.9000828266143799,
0,gemm-rows-8193-6144-18432,mlx,27.9144,True,0,0.000272032,1.66455,,,,1.0900490283966064,
0,gemm-rows-8193-12288-8192,fp16,14.4895833,True,0,0.000216611869,0.953613281,5b5796121c7512264ed77e801366a03b0662a3fee0378d32381ed97629146c0d,0,0,0.8495521545410156,
0,gemm-rows-8193-12288-8192,previous_fp16,14.5000833,True,0,0.000216611869,0.953613281,5b5796121c7512264ed77e801366a03b0662a3fee0378d32381ed97629146c0d,0,0,0.8462429046630859,
0,gemm-rows-8193-12288-8192,fp32,14.4834583,True,0,0.000216611869,0.953613281,5b5796121c7512264ed77e801366a03b0662a3fee0378d32381ed97629146c0d,0,0,0.85024094581604,
0,gemm-rows-8193-12288-8192,previous_fp32,14.4767917,True,0,0.000216611869,0.953613281,5b5796121c7512264ed77e801366a03b0662a3fee0378d32381ed97629146c0d,0,0,0.8453340530395508,
0,gemm-rows-8193-12288-8192,int8,7.35474999,True,0,0.00385567703,10.5944824,850e2bf3a00646b25e28d4222197279575de8f91e1615ac83da49832193c8719,0,0,1.526033878326416,
0,gemm-rows-8193-12288-8192,previous_int8,7.34033334,True,0,0.00385567703,10.5944824,850e2bf3a00646b25e28d4222197279575de8f91e1615ac83da49832193c8719,0,0,0.864760160446167,
0,gemm-rows-8193-12288-8192,mlx,14.36,True,0,0.000187988,0.368408,,,,1.1090080738067627,
0,gemm-edges-n1535-k2047,fp32,0.354750009,True,0,0.000232965182,0.203125,31728c1c728587298b85eda24b379e70ff17481e4eddfdb4def867930c5c9f1d,0,0,1.3329370021820068,
0,gemm-edges-n1535-k2047,previous_fp32,0.353333337,True,0,0.000232965182,0.203125,31728c1c728587298b85eda24b379e70ff17481e4eddfdb4def867930c5c9f1d,0,0,0.9928662776947021,
0,gemm-edges-n1535-k2047,int8,0.279166663,True,0,0.00402980849,2.6159668,f69dedadeb1db2ced2f68a4d299a13c00c30f6fd56b53d945ad9c71e527da83c,0,0,1.134416103363037,
0,gemm-edges-n1535-k2047,previous_int8,0.282624998,True,0,0.00402980849,2.6159668,f69dedadeb1db2ced2f68a4d299a13c00c30f6fd56b53d945ad9c71e527da83c,0,0,0.8637251853942871,
0,gemm-edges-n1535-k2047,mlx,0.314708,True,0,0.000159071,0.125244,,,,0.830686092376709,
0,gemm-edges-n1535-k2048,fp32,0.296958329,True,0,0.000232990469,0.229980469,61587770f1202310d7762ad69b7b6dd205bebce2315ac4966459f8c03d91fcbd,0,0,1.1774320602416992,
0,gemm-edges-n1535-k2048,previous_fp32,0.298250001,True,0,0.000232990469,0.229980469,61587770f1202310d7762ad69b7b6dd205bebce2315ac4966459f8c03d91fcbd,0,0,0.8318500518798828,
0,gemm-edges-n1535-k2048,int8,0.211708335,True,0,0.00398152043,2.62304688,1669351cc91216b199ae65a23c28f14bd35cbae3fdd25ce58901be9ec899109d,0,0,1.1703598499298096,
0,gemm-edges-n1535-k2048,previous_int8,0.207624995,True,0,0.00398152043,2.62304688,1669351cc91216b199ae65a23c28f14bd35cbae3fdd25ce58901be9ec899109d,0,0,0.9261481761932373,
0,gemm-edges-n1535-k2048,mlx,0.229375,True,0,8.53958e-05,0.0510254,,,,0.9178519248962402,
0,gemm-edges-n1535-k2049,fp32,0.364041669,True,0,0.000227995872,0.243652344,17e73880978f382cd0177004ca84df1baa98037901637099128ef538b6902a44,0,0,1.1533679962158203,
0,gemm-edges-n1535-k2049,previous_fp32,0.364208332,True,0,0.000227995872,0.243652344,17e73880978f382cd0177004ca84df1baa98037901637099128ef538b6902a44,0,0,0.7814700603485107,
0,gemm-edges-n1535-k2049,int8,0.267750002,True,0,0.0039726476,2.63842773,dd5b84a09f124d3de425d34b31edce3dfc018bb510ba293a4c3932397d122f77,0,0,1.126427173614502,
0,gemm-edges-n1535-k2049,previous_int8,0.266958334,True,0,0.0039726476,2.63842773,dd5b84a09f124d3de425d34b31edce3dfc018bb510ba293a4c3932397d122f77,0,0,0.8539929389953613,
0,gemm-edges-n1535-k2049,mlx,0.2705,True,0,0.000142173,0.0922852,,,,0.855888843536377,
0,gemm-edges-n1535-k8191,fp32,1.46862499,True,0,0.000182278791,0.728515625,0a6a2108058fd6a10351558346e5c81101e856eba93058d3d59a47a83c6ef920,0,0,1.9249060153961182,
0,gemm-edges-n1535-k8191,previous_fp32,1.43983334,True,0,0.000182278791,0.728515625,0a6a2108058fd6a10351558346e5c81101e856eba93058d3d59a47a83c6ef920,0,0,0.6628990173339844,
0,gemm-edges-n1535-k8191,int8,1.06091666,True,0,0.00404562244,10.619873,a4bc5590b9210c922d8ba91b26097a2252e3fcd058c72cd1bf9d28280c1d24bb,0,0,1.3854491710662842,
0,gemm-edges-n1535-k8191,previous_int8,1.06941667,True,0,0.00404562244,10.619873,a4bc5590b9210c922d8ba91b26097a2252e3fcd058c72cd1bf9d28280c1d24bb,0,0,0.7036521434783936,
0,gemm-edges-n1535-k8191,mlx,1.121,True,0,0.000232534,0.488281,,,,0.7020931243896484,
0,gemm-edges-n1535-k8192,fp32,1.16975,True,0,0.000215405316,0.989257812,4e04830f49d14ce5129e149fd4f862048a387505b8577a6476be61aa7842e97d,0,0,1.91029691696167,
0,gemm-edges-n1535-k8192,previous_fp32,1.17037499,True,0,0.000215405316,0.989257812,4e04830f49d14ce5129e149fd4f862048a387505b8577a6476be61aa7842e97d,0,0,0.6826376914978027,
0,gemm-edges-n1535-k8192,int8,0.818874993,True,0,0.00376958058,10.5444336,7d0d7dfd7ec4b2afa9b9bfea8df438bf26edaa3d6c142bac1802cc595e4eaa7b,0,0,1.3776679039001465,
0,gemm-edges-n1535-k8192,previous_int8,0.815374995,True,0,0.00376958058,10.5444336,7d0d7dfd7ec4b2afa9b9bfea8df438bf26edaa3d6c142bac1802cc595e4eaa7b,0,0,0.7370619773864746,
0,gemm-edges-n1535-k8192,mlx,0.958417,True,0,0.000116077,0.317383,,,,0.7204880714416504,
0,gemm-edges-n1535-k8193,fp32,1.618375,True,0,0.000231452342,0.958496094,ace3442922c033e04297ff4d6c2d3d99e1f15ec67fde5f7daebb999308b6c724,0,0,1.928802728652954,
0,gemm-edges-n1535-k8193,previous_fp32,1.58350001,True,0,0.000231452342,0.958496094,ace3442922c033e04297ff4d6c2d3d99e1f15ec67fde5f7daebb999308b6c724,0,0,0.659235954284668,
0,gemm-edges-n1535-k8193,int8,1.10574999,True,0,0.00419250567,10.498291,75fd2e6a0b1444a6ddbd7ac838055a6c7653a9e1bcd20fb71e5e78741a225090,0,0,1.6265957355499268,
0,gemm-edges-n1535-k8193,previous_int8,1.12487499,True,0,0.00419250567,10.498291,75fd2e6a0b1444a6ddbd7ac838055a6c7653a9e1bcd20fb71e5e78741a225090,0,0,0.8403768539428711,
0,gemm-edges-n1535-k8193,mlx,1.09029,True,0,0.00018114,0.583984,,,,0.6984639167785645,
0,gemm-edges-n1535-k16383,fp32,3.00491667,True,0,6.10388818e-05,0.0187988281,41132afa1b84e77bf26e5f2b39d0dfbb35f1ae0cabaebdfc54883e2cb98d1c5a,0,0,3.332380771636963,
0,gemm-edges-n1535-k16383,previous_fp32,3.01620834,True,0,6.10388818e-05,0.0187988281,41132afa1b84e77bf26e5f2b39d0dfbb35f1ae0cabaebdfc54883e2cb98d1c5a,0,0,0.6741220951080322,
0,gemm-edges-n1535-k16383,int8,2.56633334,True,0,0.0495770481,15.2687988,13b2952e3f2b322f35be5cd90053ee44d2e15efd6986b9399ddbd6d6a0f1b967,0,0,2.3294239044189453,
0,gemm-edges-n1535-k16383,previous_int8,2.53300001,True,0,0.0495770481,15.2687988,13b2952e3f2b322f35be5cd90053ee44d2e15efd6986b9399ddbd6d6a0f1b967,0,0,0.6921508312225342,
0,gemm-edges-n1535-k16383,mlx,2.21412,True,0,6.10389e-05,0.0187988,,,,1.1717429161071777,
0,gemm-edges-n1535-k16384,fp32,2.28295833,True,0,9.31111171e-05,1.19091797,b4dec0ee94948a1fd807d1061c6f0443fc2037530533622292c0574612ee2420,0,0,3.189980983734131,
0,gemm-edges-n1535-k16384,previous_fp32,2.30241667,True,0,9.31111171e-05,1.19091797,b4dec0ee94948a1fd807d1061c6f0443fc2037530533622292c0574612ee2420,0,0,0.8622181415557861,
0,gemm-edges-n1535-k16384,int8,1.890375,True,0,0.00414905095,20.9748535,79327f5dd45a4b28918d2177d8d9dc79ba76781ee300b11e9c791681afc593b7,0,0,2.260862112045288,
0,gemm-edges-n1535-k16384,previous_int8,1.89475001,True,0,0.00414905095,20.9748535,79327f5dd45a4b28918d2177d8d9dc79ba76781ee300b11e9c791681afc593b7,0,0,0.7135369777679443,
0,gemm-edges-n1535-k16384,mlx,1.88229,True,0,7.02873e-05,0.24292,,,,1.1667840480804443,
0,gemm-edges-n1535-k16385,fp32,2.65900001,True,0,0.000127109433,1.19433594,01a64128b2da6aa02f712d432b397eef5a623e690cad0d49776d8e0c679515c8,0,0,3.0703070163726807,
0,gemm-edges-n1535-k16385,previous_fp32,2.64004167,True,0,0.000127109433,1.19433594,01a64128b2da6aa02f712d432b397eef5a623e690cad0d49776d8e0c679515c8,0,0,0.6713161468505859,
0,gemm-edges-n1535-k16385,int8,2.49675001,True,0,0.00406338538,21.1584473,f96d41e52bdefc7990214946a122a6a5198784c5f9ac5fb85eb1cbb20708b3fd,0,0,2.330820083618164,
0,gemm-edges-n1535-k16385,previous_int8,2.49141666,True,0,0.00406338538,21.1584473,f96d41e52bdefc7990214946a122a6a5198784c5f9ac5fb85eb1cbb20708b3fd,0,0,0.6901369094848633,
0,gemm-edges-n1535-k16385,mlx,2.30958,True,0,0.000128453,0.762939,,,,0.702733039855957,
0,gemm-edges-n1535-k32767,fp32,5.33562501,True,0,6.9200483e-05,1.45898438,877c3f2d3f5e728ea239bd2cafab682a999faeaf8d32f33bc78d4c1d12458e1c,0,0,6.0513389110565186,
0,gemm-edges-n1535-k32767,previous_fp32,5.33504167,True,0,6.9200483e-05,1.45898438,877c3f2d3f5e728ea239bd2cafab682a999faeaf8d32f33bc78d4c1d12458e1c,0,0,0.7303657531738281,
0,gemm-edges-n1535-k32767,int8,4.63641668,True,0,0.0041480875,42.5178223,a0703d2708bd63cc005bc2941504831a0878f845e4ab4cb71c9ce33966e5aee2,0,0,4.219804763793945,
0,gemm-edges-n1535-k32767,previous_int8,4.609625,True,0,0.0041480875,42.5178223,a0703d2708bd63cc005bc2941504831a0878f845e4ab4cb71c9ce33966e5aee2,0,0,0.7585160732269287,
0,gemm-edges-n1535-k32767,mlx,4.63367,True,0,5.18424e-05,0.453613,,,,0.7728867530822754,
0,gemm-edges-n1535-k32768,fp32,4.707125,True,0,7.47355573e-05,0.911621094,f66c245bddc356ee823f6176c486ef9d59e84f26dcf18fdb8928cab98ca086bf,0,0,5.859995126724243,
0,gemm-edges-n1535-k32768,previous_fp32,4.69225,True,0,7.47355573e-05,0.911621094,f66c245bddc356ee823f6176c486ef9d59e84f26dcf18fdb8928cab98ca086bf,0,0,0.7239811420440674,
0,gemm-edges-n1535-k32768,int8,3.794875,True,0,0.00405860207,42.201416,ea2cde60d1f163c00b1b6c433177cd139b9f908333782022cff1182e47a06b2f,0,0,4.17126989364624,
0,gemm-edges-n1535-k32768,previous_int8,3.79816667,True,0,0.00405860207,42.201416,ea2cde60d1f163c00b1b6c433177cd139b9f908333782022cff1182e47a06b2f,0,0,0.7644522190093994,
0,gemm-edges-n1535-k32768,mlx,4.7635,True,0,6.27413e-05,0.590576,,,,0.7735710144042969,
0,gemm-edges-n1535-k32769,fp32,5.45433334,True,0,0.000102526578,1.47998047,566a0ca105bb7efbdc48a196653129796a132c0c2673e7bb8f681c16d73cd5fc,0,0,5.961595773696899,
0,gemm-edges-n1535-k32769,previous_fp32,5.42812499,True,0,0.000102526578,1.47998047,566a0ca105bb7efbdc48a196653129796a132c0c2673e7bb8f681c16d73cd5fc,0,0,0.7282860279083252,
0,gemm-edges-n1535-k32769,int8,4.68337499,True,0,0.0043733531,42.2470703,aa6f985bc1f5d0ca43c99dd1d1d855654af5d76ef3bfac7856d4c79717792c16,0,0,4.250504016876221,
0,gemm-edges-n1535-k32769,previous_int8,4.63854166,True,0,0.0043733531,42.2470703,aa6f985bc1f5d0ca43c99dd1d1d855654af5d76ef3bfac7856d4c79717792c16,0,0,0.7571389675140381,
0,gemm-edges-n1535-k32769,mlx,4.61817,True,0,5.87495e-05,0.448242,,,,0.7714250087738037,
0,gemm-edges-n1536-k2047,fp32,0.361333325,True,0,0.00022918248,0.231933594,b5bb166cd1130ddb8b80c44752da58ad8386b2d494215a81254084b197baf883,0,0,1.1628217697143555,
0,gemm-edges-n1536-k2047,previous_fp32,0.35925,True,0,0.00022918248,0.231933594,b5bb166cd1130ddb8b80c44752da58ad8386b2d494215a81254084b197baf883,0,0,0.7875509262084961,
0,gemm-edges-n1536-k2047,int8,0.206708326,True,0,0.00404788469,2.65014648,2107d966b01a714f9cb297b84003b1167b7bb94520688de6336552dc0328c7d4,0,0,1.1899371147155762,
0,gemm-edges-n1536-k2047,previous_int8,0.205749995,True,0,0.00404788469,2.65014648,2107d966b01a714f9cb297b84003b1167b7bb94520688de6336552dc0328c7d4,0,0,0.9362149238586426,
0,gemm-edges-n1536-k2047,mlx,0.28275,True,0,0.000180635,0.14209,,,,0.8602039813995361,
0,gemm-edges-n1536-k2048,fp32,0.219666661,True,0,0.000243982494,0.212646484,fe3c632063355c13e0829e44deb2c103f5d7eaadec12c7ac11d08bebb91e71cc,0,0,0.903580904006958,
0,gemm-edges-n1536-k2048,previous_fp32,0.219708338,True,0,0.000243982494,0.212646484,fe3c632063355c13e0829e44deb2c103f5d7eaadec12c7ac11d08bebb91e71cc,0,0,0.9039168357849121,
0,gemm-edges-n1536-k2048,int8,0.184833334,True,0,0.00395680308,2.41918945,db6d771218efdbfe2eb7ebac5d4bf81fc58cc4f34dfb21d6d4afba4d3eac6ce9,0,0,1.2293269634246826,
0,gemm-edges-n1536-k2048,previous_int8,0.182624994,True,0,0.00395680308,2.41918945,db6d771218efdbfe2eb7ebac5d4bf81fc58cc4f34dfb21d6d4afba4d3eac6ce9,0,0,1.000607967376709,
0,gemm-edges-n1536-k2048,mlx,0.2185,True,0,0.00015574,0.0895996,,,,0.9086267948150635,
0,gemm-edges-n1536-k2049,fp32,0.242458336,True,0,0.000191018342,0.136230469,6cd052195a0a705958dde63e933de6304acf34d340c96b4ed9d694b1ee257bf1,0,0,0.8882849216461182,
0,gemm-edges-n1536-k2049,previous_fp32,0.241624992,True,0,0.000191018342,0.136230469,6cd052195a0a705958dde63e933de6304acf34d340c96b4ed9d694b1ee257bf1,0,0,0.8843898773193359,
0,gemm-edges-n1536-k2049,int8,0.204291675,True,0,0.0042488066,2.64672852,b0255d5442cc0b47614a8f098215a5c3a7b943b161920a709228cd3a4925c746,0,0,1.2199420928955078,
0,gemm-edges-n1536-k2049,previous_int8,0.205666671,True,0,0.0042488066,2.64672852,b0255d5442cc0b47614a8f098215a5c3a7b943b161920a709228cd3a4925c746,0,0,0.9392471313476562,
0,gemm-edges-n1536-k2049,mlx,0.241875,True,0,0.000216929,0.0922852,,,,0.8935701847076416,
0,gemm-edges-n1536-k8191,fp32,1.04070833,True,0,0.000180328574,0.627685547,dd4c668b0ccdb576e53106f59b3588c0b331aeae0153d08599d139237895d4bd,0,0,0.6922588348388672,
0,gemm-edges-n1536-k8191,previous_fp32,1.054375,True,0,0.000180328574,0.627685547,dd4c668b0ccdb576e53106f59b3588c0b331aeae0153d08599d139237895d4bd,0,0,0.6912529468536377,
0,gemm-edges-n1536-k8191,int8,0.827333337,True,0,0.00417984065,10.6367188,9d928c9917e1bfef388ae737d477301de226f34702f7c6f83d6add46f2f8a17b,0,0,1.4027199745178223,
0,gemm-edges-n1536-k8191,previous_int8,0.841250003,True,0,0.00417984065,10.6367188,9d928c9917e1bfef388ae737d477301de226f34702f7c6f83d6add46f2f8a17b,0,0,0.7362849712371826,
0,gemm-edges-n1536-k8191,mlx,1.0305,True,0,9.97787e-05,0.342041,,,,0.7038090229034424,
0,gemm-edges-n1536-k8192,fp32,0.913249998,True,0,0.000250192097,0.967529297,d8599a60398a791dbce225911cfddb065f25db6ed06529b4c03ed2449730ee32,0,0,0.696793794631958,
0,gemm-edges-n1536-k8192,previous_fp32,0.903499997,True,0,0.000250192097,0.967529297,d8599a60398a791dbce225911cfddb065f25db6ed06529b4c03ed2449730ee32,0,0,0.7028458118438721,
0,gemm-edges-n1536-k8192,int8,0.726375001,True,0,0.00415822108,10.6398926,c57400086165458dc2b40197f6e44a670a66ac2dd0cdaf8611f0f282dcfc2425,0,0,1.3991692066192627,
0,gemm-edges-n1536-k8192,previous_int8,0.736833332,True,0,0.00415822108,10.6398926,c57400086165458dc2b40197f6e44a670a66ac2dd0cdaf8611f0f282dcfc2425,0,0,0.7504122257232666,
0,gemm-edges-n1536-k8192,mlx,0.904875,True,0,0.000182131,0.466064,,,,0.7259917259216309,
0,gemm-edges-n1536-k8193,fp32,1.42266667,True,0,0.00031275099,1.21728516,2f86cd9521ffbc0f76af1f3196355a786613a0aad1bf0b5f323cfe1bb599e1a2,0,0,1.5983128547668457,
0,gemm-edges-n1536-k8193,previous_fp32,1.424,True,0,0.00031275099,1.21728516,2f86cd9521ffbc0f76af1f3196355a786613a0aad1bf0b5f323cfe1bb599e1a2,0,0,0.672069787979126,
0,gemm-edges-n1536-k8193,int8,1.12108333,True,0,0.00393170053,9.56811523,07c54d4dc07e00b7ced63aebefa7056b981e7bb7b8e6cc16524ab25cc0e66677,0,0,1.5009000301361084,
0,gemm-edges-n1536-k8193,previous_int8,1.11991666,True,0,0.00393170053,9.56811523,07c54d4dc07e00b7ced63aebefa7056b981e7bb7b8e6cc16524ab25cc0e66677,0,0,0.6962459087371826,
0,gemm-edges-n1536-k8193,mlx,1.016,True,0,0.000197475,0.583984,,,,0.705312967300415,
0,gemm-edges-n1536-k16383,fp32,2.94091667,True,0,6.10388818e-05,0.0187988281,b8bce4ec4c3f963cbabee4c458a621678fa22db3145549cbf86e3efc56308cb3,0,0,2.5199341773986816,
0,gemm-edges-n1536-k16383,previous_fp32,2.90070832,True,0,6.10388818e-05,0.0187988281,b8bce4ec4c3f963cbabee4c458a621678fa22db3145549cbf86e3efc56308cb3,0,0,0.6739721298217773,
0,gemm-edges-n1536-k16383,int8,2.4725,True,0,0.0495770481,15.2687988,86bc8ba9ac8429316f2293de9f0c3c0cbc5ae4250533f4fbe100b3076e70e154,0,0,2.303053855895996,
0,gemm-edges-n1536-k16383,previous_int8,2.511,True,0,0.0495770481,15.2687988,86bc8ba9ac8429316f2293de9f0c3c0cbc5ae4250533f4fbe100b3076e70e154,0,0,0.6930859088897705,
0,gemm-edges-n1536-k16383,mlx,1.96038,True,0,6.10389e-05,0.0187988,,,,0.9354279041290283,
0,gemm-edges-n1536-k16384,fp32,2.40583332,True,0,0.000111178998,1.22094727,f00e6d4607717ec87f2e6aade25629983ae8a5a20ca8b852cfe0be2860968ae4,0,0,0.8865578174591064,
0,gemm-edges-n1536-k16384,previous_fp32,2.42587501,True,0,0.000111178998,1.22094727,f00e6d4607717ec87f2e6aade25629983ae8a5a20ca8b852cfe0be2860968ae4,0,0,0.8917331695556641,
0,gemm-edges-n1536-k16384,int8,1.90816667,True,0,0.0046298537,21.1584473,48b54d2cfba3d6388d50b403edd5aad31cc269a9c1fbc7e25a50754ce6debdc5,0,0,2.251049041748047,
0,gemm-edges-n1536-k16384,previous_int8,1.92158333,True,0,0.0046298537,21.1584473,48b54d2cfba3d6388d50b403edd5aad31cc269a9c1fbc7e25a50754ce6debdc5,0,0,0.7042889595031738,
0,gemm-edges-n1536-k16384,mlx,1.82017,True,0,6.444e-05,0.371826,,,,0.942101001739502,
0,gemm-edges-n1536-k16385,fp32,2.89170833,True,0,0.000179773191,1.93066406,1d3a1e1abc46bfa049e7928c3daa29afdf6bfffbe5025f292ff28061fa0557a1,0,0,2.453598976135254,
0,gemm-edges-n1536-k16385,previous_fp32,2.85545833,True,0,0.000179773191,1.93066406,1d3a1e1abc46bfa049e7928c3daa29afdf6bfffbe5025f292ff28061fa0557a1,0,0,0.6699409484863281,
0,gemm-edges-n1536-k16385,int8,2.46379166,True,0,0.00402819169,20.9941406,7eaa742c030ea957207ba17262c1d2d9e7d1f172ad53224547494ddfe13ff700,0,0,2.3195369243621826,
0,gemm-edges-n1536-k16385,previous_int8,2.476375,True,0,0.00402819169,20.9941406,7eaa742c030ea957207ba17262c1d2d9e7d1f172ad53224547494ddfe13ff700,0,0,0.6968898773193359,
0,gemm-edges-n1536-k16385,mlx,2.06587,True,0,5.5525e-05,0.227539,,,,0.711292028427124,
0,gemm-edges-n1536-k32767,fp32,5.661125,True,0,0.000476754248,7.90966797,9189cedac3842bf2fe123c22b1a08f51947d6a62e54da4763350c8f525fd8521,0,0,2.42535400390625,
0,gemm-edges-n1536-k32767,previous_fp32,5.56387501,True,0,0.000476754248,7.90966797,9189cedac3842bf2fe123c22b1a08f51947d6a62e54da4763350c8f525fd8521,0,0,0.9413559436798096,
0,gemm-edges-n1536-k32767,int8,4.50924999,True,0,0.00467761013,42.201416,5ae4cd5c6fbeab2f4ed4abce401ee6c914579a00a41c936142e5dcb8d080fe01,0,0,4.20445704460144,
0,gemm-edges-n1536-k32767,previous_int8,4.52904167,True,0,0.00467761013,42.201416,5ae4cd5c6fbeab2f4ed4abce401ee6c914579a00a41c936142e5dcb8d080fe01,0,0,0.76220703125,
0,gemm-edges-n1536-k32767,mlx,4.30175,True,0,5.07356e-05,0.453613,,,,0.7744371891021729,
0,gemm-edges-n1536-k32768,fp32,5.337875,True,0,0.000429713001,8.10986328,7076e6fe638f4ecf4af97984cb296762cb6f58faf88d4b6fb24c5be54fd34209,0,0,2.1978530883789062,
0,gemm-edges-n1536-k32768,previous_fp32,5.31299999,True,0,0.000429713001,8.10986328,7076e6fe638f4ecf4af97984cb296762cb6f58faf88d4b6fb24c5be54fd34209,0,0,0.73622727394104,
0,gemm-edges-n1536-k32768,int8,3.92725,True,0,0.00404343477,42.0371094,870be99e993a1ba76676af0e9dbc129f619c5758b4eac0478aa2912b76e0994e,0,0,4.221374988555908,
0,gemm-edges-n1536-k32768,previous_int8,3.93924999,True,0,0.00404343477,42.0371094,870be99e993a1ba76676af0e9dbc129f619c5758b4eac0478aa2912b76e0994e,0,0,0.7625870704650879,
0,gemm-edges-n1536-k32768,mlx,4.37025,True,0,6.75393e-05,0.498535,,,,0.7725687026977539,
0,gemm-edges-n1536-k32769,fp32,5.78616666,True,0,0.000407405713,8.2043457,fbf6c1dd2eac8143e9b418b4e0f4fe867c87c910d04d8d6c2aa12b7c8fefdf17,0,0,2.232390880584717,
0,gemm-edges-n1536-k32769,previous_fp32,5.64904168,True,0,0.000407405713,8.2043457,fbf6c1dd2eac8143e9b418b4e0f4fe867c87c910d04d8d6c2aa12b7c8fefdf17,0,0,0.7291090488433838,
0,gemm-edges-n1536-k32769,int8,4.30070833,True,0,0.00415457879,42.4614258,30321589013defc4c72cbd5c2993d72f8977778b383ccfc7e3838cda583c1bbb,0,0,4.203423023223877,
0,gemm-edges-n1536-k32769,previous_int8,4.33533333,True,0,0.00415457879,42.4614258,30321589013defc4c72cbd5c2993d72f8977778b383ccfc7e3838cda583c1bbb,0,0,0.762913703918457,
0,gemm-edges-n1536-k32769,mlx,4.2865,True,0,3.08256e-05,0.124756,,,,0.7731161117553711,
0,gemm-edges-n1537-k2047,fp32,0.416875002,True,0,0.000246773813,0.249267578,e0dc741c88e37485a198a30882b79c3dfca6f0f2492f0e23a58b44672b39357c,0,0,1.1915807723999023,
0,gemm-edges-n1537-k2047,previous_fp32,0.417041665,True,0,0.000246773813,0.249267578,e0dc741c88e37485a198a30882b79c3dfca6f0f2492f0e23a58b44672b39357c,0,0,0.8143739700317383,
0,gemm-edges-n1537-k2047,int8,0.273124999,True,0,0.00338558646,2.171875,cc67e784c0bca83861f8bd5ff97399c1748634b02791758ac6deb86a91bdafe3,0,0,1.1160907745361328,
0,gemm-edges-n1537-k2047,previous_int8,0.270874996,True,0,0.00338558646,2.171875,cc67e784c0bca83861f8bd5ff97399c1748634b02791758ac6deb86a91bdafe3,0,0,0.8650898933410645,
0,gemm-edges-n1537-k2047,mlx,0.330958,True,0,0.000205702,0.14209,,,,0.8158061504364014,
0,gemm-edges-n1537-k2048,fp32,0.243833332,True,0,0.000252553689,0.247314453,3923317449b7714e2afe6d4befb3f5d952e64bd406285de4ddc2f75846e875ed,0,0,0.8827128410339355,
0,gemm-edges-n1537-k2048,previous_fp32,0.243500006,True,0,0.000252553689,0.247314453,3923317449b7714e2afe6d4befb3f5d952e64bd406285de4ddc2f75846e875ed,0,0,0.8821291923522949,
0,gemm-edges-n1537-k2048,int8,0.209125006,True,0,0.00372880391,2.14575195,c394b70c0f06fec5d4cf4dc58119c64838d0526a86afbbc61bde00cbb8a50105,0,0,1.1667509078979492,
0,gemm-edges-n1537-k2048,previous_int8,0.210416663,True,0,0.00372880391,2.14575195,c394b70c0f06fec5d4cf4dc58119c64838d0526a86afbbc61bde00cbb8a50105,0,0,0.937371015548706,
0,gemm-edges-n1537-k2048,mlx,0.243375,True,0,0.000103322,0.0827637,,,,0.8908159732818604,
0,gemm-edges-n1537-k2049,fp32,0.285708331,True,0,0.000166606511,0.152099609,2ed5aac09c50d3501d52cd4b07e109d4dc622fba3dc5d9e1fcfb9bfe1f6b23ea,0,0,0.8584280014038086,
0,gemm-edges-n1537-k2049,previous_fp32,0.28349999,True,0,0.000166606511,0.152099609,2ed5aac09c50d3501d52cd4b07e109d4dc622fba3dc5d9e1fcfb9bfe1f6b23ea,0,0,0.8526849746704102,
0,gemm-edges-n1537-k2049,int8,0.259666675,True,0,0.00363907178,2.61108398,f66e7df60211f638c2cef844e055b7d6d8a2b85993da72bc76d157d2e595a0ac,0,0,1.114123821258545,
0,gemm-edges-n1537-k2049,previous_int8,0.260541667,True,0,0.00363907178,2.61108398,f66e7df60211f638c2cef844e055b7d6d8a2b85993da72bc76d157d2e595a0ac,0,0,0.8567547798156738,
0,gemm-edges-n1537-k2049,mlx,0.284375,True,0,0.000231219,0.0927734,,,,0.8572812080383301,
0,gemm-edges-n1537-k8191,fp32,1.183125,True,0,0.000201522977,0.872070312,197a2bbc6b0a8a4f35d9f85e27275b5dacb5942875cf31b142442010b6e7a3dc,0,0,0.6739671230316162,
0,gemm-edges-n1537-k8191,previous_fp32,1.18995833,True,0,0.000201522977,0.872070312,197a2bbc6b0a8a4f35d9f85e27275b5dacb5942875cf31b142442010b6e7a3dc,0,0,0.6754920482635498,
0,gemm-edges-n1537-k8191,int8,1.06587501,True,0,0.00376666861,10.5234375,782a0d575eb5ab5e31db6f51b8bcd5ae96d3d51f07504b4aca8c090aceaa837b,0,0,1.3704380989074707,
0,gemm-edges-n1537-k8191,previous_int8,1.07524999,True,0,0.00376666861,10.5234375,782a0d575eb5ab5e31db6f51b8bcd5ae96d3d51f07504b4aca8c090aceaa837b,0,0,0.6984570026397705,
0,gemm-edges-n1537-k8191,mlx,1.20771,True,0,0.000114333,0.342041,,,,0.6894779205322266,
0,gemm-edges-n1537-k8192,fp32,1.0065,True,0,0.00023098405,0.989257812,6b9a339defb65b24864c2ec4de6dd7ca79c92db08f085736ea9de6424aa135d5,0,0,0.6866111755371094,
0,gemm-edges-n1537-k8192,previous_fp32,1.00287501,True,0,0.00023098405,0.989257812,6b9a339defb65b24864c2ec4de6dd7ca79c92db08f085736ea9de6424aa135d5,0,0,0.6879129409790039,
0,gemm-edges-n1537-k8192,int8,0.792125007,True,0,0.00433829526,10.5686035,57a7a840ce08585fdbb274d3ea0ff6b7aa484473ebd5909c9900770a8b0b09c9,0,0,1.3818211555480957,
0,gemm-edges-n1537-k8192,previous_int8,0.793333325,True,0,0.00433829526,10.5686035,57a7a840ce08585fdbb274d3ea0ff6b7aa484473ebd5909c9900770a8b0b09c9,0,0,0.7342977523803711,
0,gemm-edges-n1537-k8192,mlx,1.00862,True,0,0.000234311,0.596191,,,,0.7061588764190674,
0,gemm-edges-n1537-k8193,fp32,1.76591666,True,0,0.000208716331,0.990966797,91af91c24159701661c5382cbed9dd545b2635d521c20c4e6cd0e32cba793ec6,0,0,1.9063191413879395,
0,gemm-edges-n1537-k8193,previous_fp32,1.77066667,True,0,0.000208716331,0.990966797,91af91c24159701661c5382cbed9dd545b2635d521c20c4e6cd0e32cba793ec6,0,0,0.6548538208007812,
0,gemm-edges-n1537-k8193,int8,1.13637499,True,0,0.0043677654,10.6455078,886c12e6af7d931c2303569124cf9987d87aca1e726747872e74bf53fa251473,0,0,1.5003859996795654,
0,gemm-edges-n1537-k8193,previous_int8,1.12075001,True,0,0.0043677654,10.6455078,886c12e6af7d931c2303569124cf9987d87aca1e726747872e74bf53fa251473,0,0,0.7007021903991699,
0,gemm-edges-n1537-k8193,mlx,1.15563,True,0,0.000190603,0.583984,,,,0.6999208927154541,
0,gemm-edges-n1537-k16383,fp32,3.35754167,True,0,6.10388818e-05,0.0187988281,c769d83296b144f131a9f37c054ca29799bf930070e48b07df4827ba492e9389,0,0,3.3283112049102783,
0,gemm-edges-n1537-k16383,previous_fp32,3.33974999,True,0,6.10388818e-05,0.0187988281,c769d83296b144f131a9f37c054ca29799bf930070e48b07df4827ba492e9389,0,0,0.6681599617004395,
0,gemm-edges-n1537-k16383,int8,2.54262501,True,0,0.0495770481,15.2687988,bb9f5ccadbdd9fc8635569d82fb87b33e8e915a7ca8bfe64ca11471db68ebc62,0,0,2.303511142730713,
0,gemm-edges-n1537-k16383,previous_int8,2.55320832,True,0,0.0495770481,15.2687988,bb9f5ccadbdd9fc8635569d82fb87b33e8e915a7ca8bfe64ca11471db68ebc62,0,0,0.695610761642456,
0,gemm-edges-n1537-k16383,mlx,2.30262,True,0,6.10389e-05,0.0187988,,,,0.7063460350036621,
0,gemm-edges-n1537-k16384,fp32,2.70370833,True,0,0.000105826169,0.951904297,8efa31b10ceea26142266274d441a6ae4db3c2bb9958241b8dc2be984c9af73f,0,0,3.016397714614868,
0,gemm-edges-n1537-k16384,previous_fp32,2.65137501,True,0,0.000105826169,0.951904297,8efa31b10ceea26142266274d441a6ae4db3c2bb9958241b8dc2be984c9af73f,0,0,0.6769299507141113,
0,gemm-edges-n1537-k16384,int8,1.90566666,True,0,0.00455678606,21.078125,5cd2b3261ee4c16739a161765ae6b6e659f50a8475230b5a32ca435d9adc5982,0,0,2.2593982219696045,
0,gemm-edges-n1537-k16384,previous_int8,1.91291668,True,0,0.00455678606,21.078125,5cd2b3261ee4c16739a161765ae6b6e659f50a8475230b5a32ca435d9adc5982,0,0,0.702409029006958,
0,gemm-edges-n1537-k16384,mlx,1.97467,True,0,5.9823e-05,0.305664,,,,0.7122211456298828,
0,gemm-edges-n1537-k16385,fp32,3.09825,True,0,0.000111279457,0.893066406,fd27065556e8b7dffa6b2d7943ebbf2b602fd8499e06e9a5f51a8de3565075a7,0,0,3.089160919189453,
0,gemm-edges-n1537-k16385,previous_fp32,3.15954167,True,0,0.000111279457,0.893066406,fd27065556e8b7dffa6b2d7943ebbf2b602fd8499e06e9a5f51a8de3565075a7,0,0,0.6698451042175293,
0,gemm-edges-n1537-k16385,int8,2.54099999,True,0,0.00409356957,20.9807129,5980afd3801801b42cf96c71b300a97ae053498230e31666f7db0d85b0051839,0,0,2.312487840652466,
0,gemm-edges-n1537-k16385,previous_int8,2.515375,True,0,0.00409356957,20.9807129,5980afd3801801b42cf96c71b300a97ae053498230e31666f7db0d85b0051839,0,0,0.7006809711456299,
0,gemm-edges-n1537-k16385,mlx,2.41287,True,0,8.8075e-05,0.383545,,,,0.715277910232544,
0,gemm-edges-n1537-k32767,fp32,6.62008334,True,0,6.40167622e-05,1.24658203,00a2b2e13fa81c938d817d1a78ed344d2d9033deef20b5e402f4f65c030bd706,0,0,6.093260049819946,
0,gemm-edges-n1537-k32767,previous_fp32,6.61691667,True,0,6.40167622e-05,1.24658203,00a2b2e13fa81c938d817d1a78ed344d2d9033deef20b5e402f4f65c030bd706,0,0,0.7353389263153076,
0,gemm-edges-n1537-k32767,int8,4.59004167,True,0,0.00456429368,42.1210938,be27dec2daa0de623cc9ca5d6d0186fd747210a8a0014da3566496ffa2701860,0,0,4.275314807891846,
0,gemm-edges-n1537-k32767,previous_int8,4.5785,True,0,0.00456429368,42.1210938,be27dec2daa0de623cc9ca5d6d0186fd747210a8a0014da3566496ffa2701860,0,0,0.7652130126953125,
0,gemm-edges-n1537-k32767,mlx,4.92262,True,0,5.92048e-05,0.453613,,,,0.7782890796661377,
0,gemm-edges-n1537-k32768,fp32,5.47541668,True,0,6.31483886e-05,1.07324219,987bdeabc3cebeaafd7be88fa47cb32aa853cb47af269d5d6f2bf26b7653d4e1,0,0,5.925135850906372,
0,gemm-edges-n1537-k32768,previous_fp32,5.75670834,True,0,6.31483886e-05,1.07324219,987bdeabc3cebeaafd7be88fa47cb32aa853cb47af269d5d6f2bf26b7653d4e1,0,0,0.7266979217529297,
0,gemm-edges-n1537-k32768,int8,3.946125,True,0,0.00409983163,42.0236816,9508a67a6addb5b2d71a3abf5671cbac05204a174fae55fdeb41ceeae492f556,0,0,4.182101011276245,
0,gemm-edges-n1537-k32768,previous_int8,3.95120833,True,0,0.00409983163,42.0236816,9508a67a6addb5b2d71a3abf5671cbac05204a174fae55fdeb41ceeae492f556,0,0,0.7623162269592285,
0,gemm-edges-n1537-k32768,mlx,5.07775,True,0,7.38933e-05,0.505127,,,,0.7686002254486084,
0,gemm-edges-n1537-k32769,fp32,6.497375,True,0,9.15471403e-05,1.43652344,c0c43d0e39fbdd04c82d0e8001bc053d0bae5535fcff5e4b97f261980834ee07,0,0,5.954919099807739,
0,gemm-edges-n1537-k32769,previous_fp32,6.54649999,True,0,9.15471403e-05,1.43652344,c0c43d0e39fbdd04c82d0e8001bc053d0bae5535fcff5e4b97f261980834ee07,0,0,0.730280876159668,
0,gemm-edges-n1537-k32769,int8,4.66383334,True,0,0.00416304549,42.2470703,41b64df27499741de1f0b29d8fd5e6bda8640ea21d63660e695297640c083530,0,0,4.241870164871216,
0,gemm-edges-n1537-k32769,previous_int8,4.59537499,True,0,0.00416304549,42.2470703,41b64df27499741de1f0b29d8fd5e6bda8640ea21d63660e695297640c083530,0,0,0.7619051933288574,
0,gemm-edges-n1537-k32769,mlx,4.97358,True,0,2.80458e-05,0.200928,,,,0.7744791507720947,
0,gemm-edges-n4095-k2047,fp32,0.909291673,True,0,0.000246722365,0.247558594,ab61c387d6f065180d628b5448a3522aa795f6bf9ad58e5d5bb7ab36c34f67f4,0,0,1.068129062652588,
0,gemm-edges-n4095-k2047,previous_fp32,0.913625001,True,0,0.000246722365,0.247558594,ab61c387d6f065180d628b5448a3522aa795f6bf9ad58e5d5bb7ab36c34f67f4,0,0,0.703239917755127,
0,gemm-edges-n4095-k2047,int8,0.573166675,True,0,0.00391695576,2.63964844,6b59a16327a681bbace71c7decb6a6228ef9344907d040cefc1626d4c4db9419,0,0,1.0223157405853271,
0,gemm-edges-n4095-k2047,previous_int8,0.562374989,True,0,0.00391695576,2.63964844,6b59a16327a681bbace71c7decb6a6228ef9344907d040cefc1626d4c4db9419,0,0,0.7710373401641846,
0,gemm-edges-n4095-k2047,mlx,0.794042,True,0,0.000162673,0.118652,,,,0.7120230197906494,
0,gemm-edges-n4095-k2048,fp32,0.585583344,True,0,0.000213754039,0.131347656,c53224b4a57a8b98ea3c57985b251896f3743f62957d68e8432d1d2816d0244b,0,0,0.7583248615264893,
0,gemm-edges-n4095-k2048,previous_fp32,0.588041672,True,0,0.000213754039,0.131347656,c53224b4a57a8b98ea3c57985b251896f3743f62957d68e8432d1d2816d0244b,0,0,0.7611639499664307,
0,gemm-edges-n4095-k2048,int8,0.409250002,True,0,0.00406920553,2.38916016,552979df6c74e9b706a7f5c121ac6bfb77b9713ced40a5fe47e7f20152e0d3cc,0,0,1.0548768043518066,
0,gemm-edges-n4095-k2048,previous_int8,0.405208339,True,0,0.00406920553,2.38916016,552979df6c74e9b706a7f5c121ac6bfb77b9713ced40a5fe47e7f20152e0d3cc,0,0,0.8183140754699707,
0,gemm-edges-n4095-k2048,mlx,0.583417,True,0,0.000128459,0.0656738,,,,0.8006529808044434,
0,gemm-edges-n4095-k2049,fp32,0.683249993,True,0,0.000200371982,0.244384766,629cf46d698dc14b23f70007afc5c807d5b050e399db566beb5b081936da966a,0,0,0.7266039848327637,
0,gemm-edges-n4095-k2049,previous_fp32,0.687333333,True,0,0.000200371982,0.244384766,629cf46d698dc14b23f70007afc5c807d5b050e399db566beb5b081936da966a,0,0,0.7335870265960693,
0,gemm-edges-n4095-k2049,int8,0.499624992,True,0,0.0028161665,1.92626953,3eb87177030680f61b2403d2882e9165fc15f75dc6d5201e0d12ab9b1a789276,0,0,1.0677249431610107,
0,gemm-edges-n4095-k2049,previous_int8,0.477041671,True,0,0.0028161665,1.92626953,3eb87177030680f61b2403d2882e9165fc15f75dc6d5201e0d12ab9b1a789276,0,0,0.8071560859680176,
0,gemm-edges-n4095-k2049,mlx,0.67725,True,0,0.000226831,0.113037,,,,0.7598378658294678,
0,gemm-edges-n4095-k8191,fp32,2.87645833,True,0,0.000214779015,0.908447266,c5d3c5ca83ceac33c9796819d6b7604253b155fc29b30ffe4497ee6bc032d4a5,0,0,0.6564929485321045,
0,gemm-edges-n4095-k8191,previous_fp32,2.87066666,True,0,0.000214779015,0.908447266,c5d3c5ca83ceac33c9796819d6b7604253b155fc29b30ffe4497ee6bc032d4a5,0,0,0.6576769351959229,
0,gemm-edges-n4095-k8191,int8,2.59579167,True,0,0.00371028579,10.5114746,c757767940905575187934fb1812b329c90ccb97301afa93e08fe39dee12e710,0,0,1.3485589027404785,
0,gemm-edges-n4095-k8191,previous_int8,2.54716666,True,0,0.00371028579,10.5114746,c757767940905575187934fb1812b329c90ccb97301afa93e08fe39dee12e710,0,0,0.6862750053405762,
0,gemm-edges-n4095-k8191,mlx,2.91733,True,0,0.000174281,0.214111,,,,0.698350191116333,
0,gemm-edges-n4095-k8192,fp32,2.46170833,True,0,0.000230386238,0.975585938,d8b79debbead5912a02fa4d7b98956ed93436713ac4971f714e3bb43cc625789,0,0,0.6591348648071289,
0,gemm-edges-n4095-k8192,previous_fp32,2.49395832,True,0,0.000230386238,0.975585938,d8b79debbead5912a02fa4d7b98956ed93436713ac4971f714e3bb43cc625789,0,0,0.664924144744873,
0,gemm-edges-n4095-k8192,int8,1.76020834,True,0,0.00382480176,9.61157227,1a6da6601e43e276081129b6f31452bcfcc1d6998004157c09464d48efc7500d,0,0,1.341857671737671,
0,gemm-edges-n4095-k8192,previous_int8,1.744375,True,0,0.00382480176,9.61157227,1a6da6601e43e276081129b6f31452bcfcc1d6998004157c09464d48efc7500d,0,0,0.7069361209869385,
0,gemm-edges-n4095-k8192,mlx,2.5,True,0,0.000157414,0.317383,,,,0.6987886428833008,
0,gemm-edges-n4095-k8193,fp32,3.90887499,True,0,0.000225058443,0.930664062,c38520a652307ac436068674b8cb7a84dd54c78f56af7e09544a584408008320,0,0,1.9191412925720215,
0,gemm-edges-n4095-k8193,previous_fp32,3.89033333,True,0,0.000225058443,0.930664062,c38520a652307ac436068674b8cb7a84dd54c78f56af7e09544a584408008320,0,0,0.6601037979125977,
0,gemm-edges-n4095-k8193,int8,2.20658333,True,0,0.00409556611,10.5751953,2a02db1b1685ab215b06f56bddd406b20f42798cd8bf45616292895a3b1aab79,0,0,1.488062858581543,
0,gemm-edges-n4095-k8193,previous_int8,2.18625,True,0,0.00409556611,10.5751953,2a02db1b1685ab215b06f56bddd406b20f42798cd8bf45616292895a3b1aab79,0,0,0.6909308433532715,
0,gemm-edges-n4095-k8193,mlx,2.8125,True,0,0.000205513,0.583984,,,,0.6951360702514648,
0,gemm-edges-n4095-k16383,fp32,7.45325,True,0,6.10388818e-05,0.0187988281,8538583f9eacad1dc5d2a4476617d3da308e542d247ddeebed5bedadc0e649b6,0,0,3.370357036590576,
0,gemm-edges-n4095-k16383,previous_fp32,7.40849999,True,0,6.10388818e-05,0.0187988281,8538583f9eacad1dc5d2a4476617d3da308e542d247ddeebed5bedadc0e649b6,0,0,0.7116680145263672,
0,gemm-edges-n4095-k16383,int8,5.079375,True,0,0.0495770481,15.2687988,5b86662932bba45ce012ba0aad847e11ec24e80c9abf92b8678ebe61c334ecc9,0,0,2.37166428565979,
0,gemm-edges-n4095-k16383,previous_int8,5.12525,True,0,0.0495770481,15.2687988,5b86662932bba45ce012ba0aad847e11ec24e80c9abf92b8678ebe61c334ecc9,0,0,0.7543892860412598,
0,gemm-edges-n4095-k16383,mlx,8.02863,True,0,6.10389e-05,0.0187988,,,,0.7632918357849121,
0,gemm-edges-n4095-k16384,fp32,5.83187499,True,0,9.02795114e-05,0.866943359,cb4d8722e737c7536fc19119b4e4c9f7047184f170c935c585dde5a1b16c966f,0,0,3.0541622638702393,
0,gemm-edges-n4095-k16384,previous_fp32,5.84687499,True,0,9.02795114e-05,0.866943359,cb4d8722e737c7536fc19119b4e4c9f7047184f170c935c585dde5a1b16c966f,0,0,0.7061140537261963,
0,gemm-edges-n4095-k16384,int8,3.84799999,True,0,0.00420490881,21.1455078,430137dc3df082b30b53210a746107f9459b5bd15b8bbf9fdc45df9f938fb2b0,0,0,2.364683151245117,
0,gemm-edges-n4095-k16384,previous_int8,3.82066666,True,0,0.00420490881,21.1455078,430137dc3df082b30b53210a746107f9459b5bd15b8bbf9fdc45df9f938fb2b0,0,0,0.7527329921722412,
0,gemm-edges-n4095-k16384,mlx,7.753,True,0,6.06666e-05,0.255127,,,,0.7630541324615479,
0,gemm-edges-n4095-k16385,fp32,6.68745833,True,0,0.000117383086,0.730224609,eb1b025cd3822ca47bcc2dc8316418b3438fa46f2544995d9ffc747165fce659,0,0,3.128809928894043,
0,gemm-edges-n4095-k16385,previous_fp32,6.72479167,True,0,0.000117383086,0.730224609,eb1b025cd3822ca47bcc2dc8316418b3438fa46f2544995d9ffc747165fce659,0,0,0.7091917991638184,
0,gemm-edges-n4095-k16385,int8,4.77100001,True,0,0.00424052299,21.177002,8790967480824f69c63d90bd8ca863840bf53538db655bc595dbc96978095f15,0,0,2.3711910247802734,
0,gemm-edges-n4095-k16385,previous_int8,4.738125,True,0,0.00424052299,21.177002,8790967480824f69c63d90bd8ca863840bf53538db655bc595dbc96978095f15,0,0,0.7417407035827637,
0,gemm-edges-n4095-k16385,mlx,8.64862,True,0,7.16824e-05,0.296387,,,,0.7634789943695068,
0,gemm-edges-n4095-k32767,fp32,14.199125,True,0,6.01118081e-05,1.37255859,78f0dc6b5bbe8cb17cc84315f3506846ae2307e208d475cf22dfbeab7ad5c927,0,0,6.221285820007324,
0,gemm-edges-n4095-k32767,previous_fp32,14.1457917,True,0,6.01118081e-05,1.37255859,78f0dc6b5bbe8cb17cc84315f3506846ae2307e208d475cf22dfbeab7ad5c927,0,0,0.8355491161346436,
0,gemm-edges-n4095-k32767,int8,11.7987917,True,0,0.00423010811,42.3398438,8cd3df0d60aafcf4115bf1baed7ca8a0d8b7f884e4132f5b0861e0797686cd1e,0,0,4.364328145980835,
0,gemm-edges-n4095-k32767,previous_int8,11.8717083,True,0,0.00423010811,42.3398438,8cd3df0d60aafcf4115bf1baed7ca8a0d8b7f884e4132f5b0861e0797686cd1e,0,0,0.8966507911682129,
0,gemm-edges-n4095-k32767,mlx,18.6585,True,0,6.07246e-05,0.508789,,,,0.9286692142486572,
0,gemm-edges-n4095-k32768,fp32,11.8695,True,0,7.17424911e-05,1.07128906,f03660486b50fd2784f9528911d2aa2de3a6745502ddcf41e7d645160b422902,0,0,5.96439003944397,
0,gemm-edges-n4095-k32768,previous_fp32,11.8168333,True,0,7.17424911e-05,1.07128906,f03660486b50fd2784f9528911d2aa2de3a6745502ddcf41e7d645160b422902,0,0,0.8227579593658447,
0,gemm-edges-n4095-k32768,int8,7.33612501,True,0,0.00423840407,42.5441895,5db41db5847db3799107e0fc0e9a403b69f9ea46dbaf2fa053175db8cf410c69,0,0,4.3086137771606445,
0,gemm-edges-n4095-k32768,previous_int8,7.1375,True,0,0.00423840407,42.5441895,5db41db5847db3799107e0fc0e9a403b69f9ea46dbaf2fa053175db8cf410c69,0,0,0.8685429096221924,
0,gemm-edges-n4095-k32768,mlx,19.152,True,0,6.35356e-05,0.491699,,,,0.922400712966919,
0,gemm-edges-n4095-k32769,fp32,13.682375,True,0,7.83624241e-05,1.44726562,a996daaedd696ecc450c8cd8b662ee31abc27c5ae136c7cbefe7885e41329fd4,0,0,6.053927898406982,
0,gemm-edges-n4095-k32769,previous_fp32,13.68725,True,0,7.83624241e-05,1.44726562,a996daaedd696ecc450c8cd8b662ee31abc27c5ae136c7cbefe7885e41329fd4,0,0,0.8344879150390625,
0,gemm-edges-n4095-k32769,int8,9.33375,True,0,0.00386530471,42.098877,d6e9d4ca0230bfd66f4a47981fbb5cf9c952bae320a9a9bdec071ddf23c643bd,0,0,4.327962875366211,
0,gemm-edges-n4095-k32769,previous_int8,8.976625,True,0,0.00386530471,42.098877,d6e9d4ca0230bfd66f4a47981fbb5cf9c952bae320a9a9bdec071ddf23c643bd,0,0,0.8816850185394287,
0,gemm-edges-n4095-k32769,mlx,18.8555,True,0,7.36881e-05,0.473633,,,,0.9290077686309814,
0,gemm-edges-n4096-k2047,fp32,0.909916678,True,0,0.000231836892,0.247558594,df04e01dd85382fcfc6d07f7eaf7420434e9f52e08d5cfd73ba38b98bde943ff,0,0,1.2337090969085693,
0,gemm-edges-n4096-k2047,previous_fp32,0.901916661,True,0,0.000231836892,0.247558594,df04e01dd85382fcfc6d07f7eaf7420434e9f52e08d5cfd73ba38b98bde943ff,0,0,0.8854820728302002,
0,gemm-edges-n4096-k2047,int8,0.38287499,True,0,0.00461578383,2.62451172,fe9841685d1106eeb7cad836673f52f56e111d8e19015a324bf49f1fb49edfca,0,0,1.059757947921753,
0,gemm-edges-n4096-k2047,previous_int8,0.37483334,True,0,0.00461578383,2.62451172,fe9841685d1106eeb7cad836673f52f56e111d8e19015a324bf49f1fb49edfca,0,0,0.8052222728729248,
0,gemm-edges-n4096-k2047,mlx,0.700792,True,0,0.000181311,0.101807,,,,0.7475640773773193,
0,gemm-edges-n4096-k2048,fp32,0.567499999,True,0,0.000208481186,0.181640625,c0baec95d2781248eeae06d7033d498e06ae793e27609629db7f577d5130c815,0,0,0.7458207607269287,
0,gemm-edges-n4096-k2048,previous_fp32,0.56887501,True,0,0.000208481186,0.181640625,c0baec95d2781248eeae06d7033d498e06ae793e27609629db7f577d5130c815,0,0,0.746891975402832,
0,gemm-edges-n4096-k2048,int8,0.335041666,True,0,0.00430754661,2.60473633,5b9a6d7721e4b7c15dbe1f403885db86189f048a229b8e2dfc928e8152020c9e,0,0,1.0710561275482178,
0,gemm-edges-n4096-k2048,previous_int8,0.506750002,True,0,0.00430754661,2.60473633,5b9a6d7721e4b7c15dbe1f403885db86189f048a229b8e2dfc928e8152020c9e,0,0,0.7785279750823975,
0,gemm-edges-n4096-k2048,mlx,0.567125,True,0,0.000289301,0.243408,,,,0.789475679397583,
0,gemm-edges-n4096-k2049,fp32,0.609875002,True,0,0.000195341507,0.241699219,f1ce026263142c70ab5d38f184cf01ab7bf39f4809cc530e1888d9e5f1ba63fc,0,0,0.7517507076263428,
0,gemm-edges-n4096-k2049,previous_fp32,0.6115,True,0,0.000195341507,0.241699219,f1ce026263142c70ab5d38f184cf01ab7bf39f4809cc530e1888d9e5f1ba63fc,0,0,0.7504260540008545,
0,gemm-edges-n4096-k2049,int8,0.367416666,True,0,0.0042270787,2.64477539,7c3858bc11d87c383fc20d553552db607b703badaf9f7592d672ede854420615,0,0,1.061795711517334,
0,gemm-edges-n4096-k2049,previous_int8,0.369749992,True,0,0.0042270787,2.64477539,7c3858bc11d87c383fc20d553552db607b703badaf9f7592d672ede854420615,0,0,0.7995631694793701,
0,gemm-edges-n4096-k2049,mlx,0.606708,True,0,0.000247136,0.100586,,,,0.7810587882995605,
0,gemm-edges-n4096-k8191,fp32,2.71658333,True,0,0.000196063838,0.656005859,6f9d9894602e2b16bcec2e89f2ea6e3decd18e01bdbe0f69f9f2fa212ff43d1a,0,0,0.6550121307373047,
0,gemm-edges-n4096-k8191,previous_fp32,2.70933333,True,0,0.000196063838,0.656005859,6f9d9894602e2b16bcec2e89f2ea6e3decd18e01bdbe0f69f9f2fa212ff43d1a,0,0,0.6604712009429932,
0,gemm-edges-n4096-k8191,int8,2.06529167,True,0,0.00377172966,10.4484863,693632bd8cb80fa143cd85b4bd4f1919faca9a9a3c1c7e6f2240cdee1d8ca7bb,0,0,1.3768951892852783,
0,gemm-edges-n4096-k8191,previous_int8,2.05808334,True,0,0.00377172966,10.4484863,693632bd8cb80fa143cd85b4bd4f1919faca9a9a3c1c7e6f2240cdee1d8ca7bb,0,0,0.6998369693756104,
0,gemm-edges-n4096-k8191,mlx,2.70308,True,0,0.000186396,0.230957,,,,0.7070877552032471,
0,gemm-edges-n4096-k8192,fp32,2.476625,True,0,0.000196079051,0.984375,86734ff912daf2883ee5a7ca8cc7aca5016b3e60708b7dbf0b295e049049523f,0,0,0.6615009307861328,
0,gemm-edges-n4096-k8192,previous_fp32,2.45366666,True,0,0.000196079051,0.984375,86734ff912daf2883ee5a7ca8cc7aca5016b3e60708b7dbf0b295e049049523f,0,0,0.6662709712982178,
0,gemm-edges-n4096-k8192,int8,1.37691667,True,0,0.0039816461,10.5898438,c27571743a119a0b46b284cc14b163ebb75d0c96daf2db5d7d60162520f72515,0,0,1.370096206665039,
0,gemm-edges-n4096-k8192,previous_int8,1.38137501,True,0,0.0039816461,10.5898438,c27571743a119a0b46b284cc14b163ebb75d0c96daf2db5d7d60162520f72515,0,0,0.7184929847717285,
0,gemm-edges-n4096-k8192,mlx,2.45171,True,0,0.000186014,0.317383,,,,0.6998498439788818,
0,gemm-edges-n4096-k8193,fp32,3.35425,True,0,0.000312437096,1.43139648,2048b560a5cb8a75932df926597951d37fd17da1b35eaa6c4c9f94d54c500c54,0,0,1.595038890838623,
0,gemm-edges-n4096-k8193,previous_fp32,3.37766667,True,0,0.000312437096,1.43139648,2048b560a5cb8a75932df926597951d37fd17da1b35eaa6c4c9f94d54c500c54,0,0,0.6726231575012207,
0,gemm-edges-n4096-k8193,int8,2.178125,True,0,0.00377822212,9.56152344,ee347aefa5bad8051b556560cd185854e6288efe83a0ac41bdced0f8422963a4,0,0,1.4904367923736572,
0,gemm-edges-n4096-k8193,previous_int8,2.19516667,True,0,0.00377822212,9.56152344,ee347aefa5bad8051b556560cd185854e6288efe83a0ac41bdced0f8422963a4,0,0,0.7002449035644531,
0,gemm-edges-n4096-k8193,mlx,2.70767,True,0,0.000289069,0.979004,,,,0.712831974029541,
0,gemm-edges-n4096-k16383,fp32,6.96908333,True,0,6.10388818e-05,0.0187988281,65b2e0f41427d3e39f84e84a9d1b4b63b72c9a28e61893d3c83004a1c9547311,0,0,2.588887929916382,
0,gemm-edges-n4096-k16383,previous_fp32,7.01191666,True,0,6.10388818e-05,0.0187988281,65b2e0f41427d3e39f84e84a9d1b4b63b72c9a28e61893d3c83004a1c9547311,0,0,0.7120809555053711,
0,gemm-edges-n4096-k16383,int8,4.50329165,True,0,0.0495770481,15.2687988,97af8b537c8781b1df8b050b96e2be19572a6667a5748fb72107f5495dea3212,0,0,2.310953140258789,
0,gemm-edges-n4096-k16383,previous_int8,4.54125,True,0,0.0495770481,15.2687988,97af8b537c8781b1df8b050b96e2be19572a6667a5748fb72107f5495dea3212,0,0,0.7469110488891602,
0,gemm-edges-n4096-k16383,mlx,7.73488,True,0,6.10389e-05,0.0187988,,,,0.7627279758453369,
0,gemm-edges-n4096-k16384,fp32,5.56233333,True,0,0.000237345293,3.7434082,cba54af869a941115439ea70df5304cc81baf0ff21f7a450e0ad4706cbe1920a,0,0,0.7163169384002686,
0,gemm-edges-n4096-k16384,previous_fp32,5.51520832,True,0,0.000237345293,3.7434082,cba54af869a941115439ea70df5304cc81baf0ff21f7a450e0ad4706cbe1920a,0,0,0.7164528369903564,
0,gemm-edges-n4096-k16384,int8,3.55408333,True,0,0.00393303138,21.1584473,fb3802ac6155473c8329d7d35a1d7d2de04996882435d87adc203d51c2965c9c,0,0,2.298257827758789,
0,gemm-edges-n4096-k16384,previous_int8,3.55604167,True,0,0.00393303138,21.1584473,fb3802ac6155473c8329d7d35a1d7d2de04996882435d87adc203d51c2965c9c,0,0,0.7496860027313232,
0,gemm-edges-n4096-k16384,mlx,7.46013,True,0,5.35037e-05,0.228027,,,,0.7640509605407715,
0,gemm-edges-n4096-k16385,fp32,6.4805,True,0,0.000159731089,1.26147461,48ba602713c08e064a9f8aa641e2be443747c60141d2317a5aa2c9b7f7cb5419,0,0,2.5153400897979736,
0,gemm-edges-n4096-k16385,previous_fp32,6.442,True,0,0.000159731089,1.26147461,48ba602713c08e064a9f8aa641e2be443747c60141d2317a5aa2c9b7f7cb5419,0,0,0.7137141227722168,
0,gemm-edges-n4096-k16385,int8,4.27245833,True,0,0.00407980481,18.954834,29786e6ffcb5d586e2f71f620280465646eae863318fde1fa00819855b885bd0,0,0,2.340757131576538,
0,gemm-edges-n4096-k16385,previous_int8,4.22066667,True,0,0.00407980481,18.954834,29786e6ffcb5d586e2f71f620280465646eae863318fde1fa00819855b885bd0,0,0,0.754187822341919,
0,gemm-edges-n4096-k16385,mlx,8.37029,True,0,0.00014598,0.723877,,,,0.768385648727417,
0,gemm-edges-n4096-k32767,fp32,13.712375,True,0,0.000470126227,7.72412109,5b81735989e86fe71d06eebc9d2ac3c737e133bfae28a4e39e1bfbffc8283fe7,0,0,2.545435905456543,
0,gemm-edges-n4096-k32767,previous_fp32,13.550375,True,0,0.000470126227,7.72412109,5b81735989e86fe71d06eebc9d2ac3c737e133bfae28a4e39e1bfbffc8283fe7,0,0,1.0474889278411865,
0,gemm-edges-n4096-k32767,int8,10.67725,True,0,0.00392044733,42.201416,c6a647bd81a3319739bf103b40f129c837523532f792f2b71bf41e9910d62bc4,0,0,4.329933166503906,
0,gemm-edges-n4096-k32767,previous_int8,11.350625,True,0,0.00392044733,42.201416,c6a647bd81a3319739bf103b40f129c837523532f792f2b71bf41e9910d62bc4,0,0,0.8872146606445312,
0,gemm-edges-n4096-k32767,mlx,18.0745,True,0,5.58255e-05,0.453613,,,,0.9169192314147949,
0,gemm-edges-n4096-k32768,fp32,12.089875,True,0,0.000336207182,4.15258789,f448495d23ce5f7b269c3d4d26215fbff3bf717b2289dd038e478b3117706881,0,0,2.329651117324829,
0,gemm-edges-n4096-k32768,previous_fp32,12.092375,True,0,0.000336207182,4.15258789,f448495d23ce5f7b269c3d4d26215fbff3bf717b2289dd038e478b3117706881,0,0,0.8327982425689697,
0,gemm-edges-n4096-k32768,int8,7.25283334,True,0,0.004082327,38.0053711,d617762f4c669297edcce7cdb596568d287d025601713eb431824167205396a7,0,0,4.277550220489502,
0,gemm-edges-n4096-k32768,previous_int8,7.383125,True,0,0.004082327,38.0053711,d617762f4c669297edcce7cdb596568d287d025601713eb431824167205396a7,0,0,0.8740410804748535,
0,gemm-edges-n4096-k32768,mlx,18.7815,True,0,6.05122e-05,0.480957,,,,0.9253129959106445,
0,gemm-edges-n4096-k32769,fp32,13.7284583,True,0,0.000342119945,4.19140625,53fdc089fc8e6df233dd3cbb63c0cd594284d06a770291e26d7220d1b49959d4,0,0,2.3427319526672363,
0,gemm-edges-n4096-k32769,previous_fp32,13.6474583,True,0,0.000342119945,4.19140625,53fdc089fc8e6df233dd3cbb63c0cd594284d06a770291e26d7220d1b49959d4,0,0,0.8437149524688721,
0,gemm-edges-n4096-k32769,int8,8.39933334,True,0,0.00371456726,38.0957031,8fc50de32c39644099d6488c32d27e7f650d2abc3e49a0048711ee6b91fca87e,0,0,4.30304217338562,
0,gemm-edges-n4096-k32769,previous_int8,8.41087499,True,0,0.00371456726,38.0957031,8fc50de32c39644099d6488c32d27e7f650d2abc3e49a0048711ee6b91fca87e,0,0,0.8867568969726562,
0,gemm-edges-n4096-k32769,mlx,17.9067,True,0,4.99287e-05,0.275391,,,,0.922727108001709,
0,gemm-edges-n4097-k2047,fp32,0.921416678,True,0,0.000244257624,0.247802734,ec9c4fcacaf56acad0e8cf724a6bbc1b4e07198323a39b32537636dd74983c3c,0,0,1.076026201248169,
0,gemm-edges-n4097-k2047,previous_fp32,0.928000009,True,0,0.000244257624,0.247802734,ec9c4fcacaf56acad0e8cf724a6bbc1b4e07198323a39b32537636dd74983c3c,0,0,0.7046740055084229,
0,gemm-edges-n4097-k2047,int8,0.649666661,True,0,0.00407106518,2.61621094,3f35f3dda54212c2c495b02f668c6b2d652951cd498651fed8624ac764222e5f,0,0,1.0064098834991455,
0,gemm-edges-n4097-k2047,previous_int8,0.650166665,True,0,0.00407106518,2.61621094,3f35f3dda54212c2c495b02f668c6b2d652951cd498651fed8624ac764222e5f,0,0,0.7331900596618652,
0,gemm-edges-n4097-k2047,mlx,0.819,True,0,0.000166559,0.0888672,,,,0.7370920181274414,
0,gemm-edges-n4097-k2048,fp32,0.588333336,True,0,0.000227525907,0.215332031,00920ed9a3ddf6c90433d8acaec45851292fd7543a8759fb1d27a92d7c6ed67d,0,0,0.7549610137939453,
0,gemm-edges-n4097-k2048,previous_fp32,0.58537499,True,0,0.000227525907,0.215332031,00920ed9a3ddf6c90433d8acaec45851292fd7543a8759fb1d27a92d7c6ed67d,0,0,0.7574629783630371,
0,gemm-edges-n4097-k2048,int8,0.479416674,True,0,0.00400990202,2.6328125,0e1661e197a5a234ee52280ea22a9e431314b1d5d2a903f821dc93ff95c3fb22,0,0,1.0534179210662842,
0,gemm-edges-n4097-k2048,previous_int8,0.471791674,True,0,0.00400990202,2.6328125,0e1661e197a5a234ee52280ea22a9e431314b1d5d2a903f821dc93ff95c3fb22,0,0,0.8128712177276611,
0,gemm-edges-n4097-k2048,mlx,0.602917,True,0,0.000297024,0.243408,,,,0.7896499633789062,
0,gemm-edges-n4097-k2049,fp32,0.685916661,True,0,0.000211210433,0.227783203,8e3e013488221ea871f49b9a5311a887aae98cd5750662eb50309b98e6a8cfce,0,0,0.7257089614868164,
0,gemm-edges-n4097-k2049,previous_fp32,0.694125003,True,0,0.000211210433,0.227783203,8e3e013488221ea871f49b9a5311a887aae98cd5750662eb50309b98e6a8cfce,0,0,0.7285428047180176,
0,gemm-edges-n4097-k2049,int8,0.583458343,True,0,0.00419359362,2.64819336,0d1c78e3a668bcb112bda96e5997b49f521d4cbeeef547ff99fc10b87f06ea6e,0,0,1.034029245376587,
0,gemm-edges-n4097-k2049,previous_int8,0.590583339,True,0,0.00419359362,2.64819336,0d1c78e3a668bcb112bda96e5997b49f521d4cbeeef547ff99fc10b87f06ea6e,0,0,0.7616651058197021,
0,gemm-edges-n4097-k2049,mlx,0.704042,True,0,0.000226363,0.121094,,,,0.764535665512085,
0,gemm-edges-n4097-k8191,fp32,2.92008334,True,0,0.000232013298,0.986816406,901c0bcfb3154300d45cd37bbb6d1ac15850bd8ba2b4a98723f26a75186e1324,0,0,0.6553590297698975,
0,gemm-edges-n4097-k8191,previous_fp32,2.92433333,True,0,0.000232013298,0.986816406,901c0bcfb3154300d45cd37bbb6d1ac15850bd8ba2b4a98723f26a75186e1324,0,0,0.6637630462646484,
0,gemm-edges-n4097-k8191,int8,2.81125,True,0,0.00394601738,10.6367188,6936a214bfe737ef5b01d69561cbde480fedfec6a5cebf13267a98281dbac185,0,0,1.3597080707550049,
0,gemm-edges-n4097-k8191,previous_int8,2.79912501,True,0,0.00394601738,10.6367188,6936a214bfe737ef5b01d69561cbde480fedfec6a5cebf13267a98281dbac185,0,0,0.6893277168273926,
0,gemm-edges-n4097-k8191,mlx,3.00908,True,0,0.000178204,0.230957,,,,0.697490930557251,
0,gemm-edges-n4097-k8192,fp32,2.542125,True,0,0.000196782577,0.96484375,9cf0d28b2c76da7fdcfcd9d011e21ef6358329ed5b5ed0b9eb894c26cac5bdc6,0,0,0.6635613441467285,
0,gemm-edges-n4097-k8192,previous_fp32,2.53679167,True,0,0.000196782577,0.96484375,9cf0d28b2c76da7fdcfcd9d011e21ef6358329ed5b5ed0b9eb894c26cac5bdc6,0,0,0.6662609577178955,
0,gemm-edges-n4097-k8192,int8,2.02983334,True,0,0.00377964635,10.5898438,75de53b034032b764235d184b0f85f641e22efdf2be791fc015a5d161ff93d24,0,0,1.36000394821167,
0,gemm-edges-n4097-k8192,previous_int8,2.05125001,True,0,0.00377964635,10.5898438,75de53b034032b764235d184b0f85f641e22efdf2be791fc015a5d161ff93d24,0,0,0.7016611099243164,
0,gemm-edges-n4097-k8192,mlx,2.58937,True,0,0.000200018,0.317383,,,,0.7080411911010742,
0,gemm-edges-n4097-k8193,fp32,4.32758333,True,0,0.000231179209,0.932373047,df80dc906b8c6c8bbe16d6f18a2b2d3fb39da4ff357de83456224e17b12bc535,0,0,1.967414140701294,
0,gemm-edges-n4097-k8193,previous_fp32,4.34620834,True,0,0.000231179209,0.932373047,df80dc906b8c6c8bbe16d6f18a2b2d3fb39da4ff357de83456224e17b12bc535,0,0,0.6620988845825195,
0,gemm-edges-n4097-k8193,int8,2.2685,True,0,0.00411347646,9.57739258,db8eff65d3fdb25292f3e0daddb7d4e12a0b680602130c461b2c632242029046,0,0,1.4970641136169434,
0,gemm-edges-n4097-k8193,previous_int8,2.30029167,True,0,0.00411347646,9.57739258,db8eff65d3fdb25292f3e0daddb7d4e12a0b680602130c461b2c632242029046,0,0,0.7009780406951904,
0,gemm-edges-n4097-k8193,mlx,2.92371,True,0,0.000305396,0.979004,,,,0.7126750946044922,
0,gemm-edges-n4097-k16383,fp32,7.495875,True,0,6.10388818e-05,0.0187988281,261a2ceb9dc68c954d70cf31bc354334ce519bd48fe3f1ce02aa4ca374a90c7b,0,0,3.3864729404449463,
0,gemm-edges-n4097-k16383,previous_fp32,7.47679167,True,0,6.10388818e-05,0.0187988281,261a2ceb9dc68c954d70cf31bc354334ce519bd48fe3f1ce02aa4ca374a90c7b,0,0,0.7126407623291016,
0,gemm-edges-n4097-k16383,int8,4.97475,True,0,0.0495770481,15.2687988,356c39e0ba309637ca28c6890256bf04a28c831572994c87d78af6cd09b34b2e,0,0,2.3605732917785645,
0,gemm-edges-n4097-k16383,previous_int8,4.93524999,True,0,0.0495770481,15.2687988,356c39e0ba309637ca28c6890256bf04a28c831572994c87d78af6cd09b34b2e,0,0,0.7476909160614014,
0,gemm-edges-n4097-k16383,mlx,7.59083,True,0,6.10389e-05,0.0187988,,,,0.7631783485412598,
0,gemm-edges-n4097-k16384,fp32,6.11087501,True,0,8.95181831e-05,0.938232422,cd0b42699265dce5a4ecf8f4c3cb2f02a05055070d6c660614f0411b497dfc8e,0,0,3.2670207023620605,
0,gemm-edges-n4097-k16384,previous_fp32,6.123125,True,0,8.95181831e-05,0.938232422,cd0b42699265dce5a4ecf8f4c3cb2f02a05055070d6c660614f0411b497dfc8e,0,0,0.892918586730957,
0,gemm-edges-n4097-k16384,int8,4.101625,True,0,0.00406754237,19.1965332,f57064cb65cb61e11eff1238c2e3b1310546a7185e793610e29bd576c0a8e733,0,0,2.3383169174194336,
0,gemm-edges-n4097-k16384,previous_int8,4.143375,True,0,0.00406754237,19.1965332,f57064cb65cb61e11eff1238c2e3b1310546a7185e793610e29bd576c0a8e733,0,0,0.74627685546875,
0,gemm-edges-n4097-k16384,mlx,7.32975,True,0,5.05091e-05,0.228027,,,,0.7618680000305176,
0,gemm-edges-n4097-k16385,fp32,7.319,True,0,0.000162788911,1.14624023,d1e1957bc4525bcd0c6386f3b66fca8e6e7d6ad4fe946cb12e9f845d47e23d0f,0,0,3.1272811889648438,
0,gemm-edges-n4097-k16385,previous_fp32,7.30504167,True,0,0.000162788911,1.14624023,d1e1957bc4525bcd0c6386f3b66fca8e6e7d6ad4fe946cb12e9f845d47e23d0f,0,0,0.7092080116271973,
0,gemm-edges-n4097-k16385,int8,4.715,True,0,0.00352076582,21.029541,cd15bbebd75925dc94aadf3be66289c5e7ea82f11ba8140b4c1f77d3a17e9a79,0,0,2.3624579906463623,
0,gemm-edges-n4097-k16385,previous_int8,4.75475,True,0,0.00352076582,21.029541,cd15bbebd75925dc94aadf3be66289c5e7ea82f11ba8140b4c1f77d3a17e9a79,0,0,0.7449381351470947,
0,gemm-edges-n4097-k16385,mlx,7.95592,True,0,0.00012271,0.706543,,,,0.771812915802002,
0,gemm-edges-n4097-k32767,fp32,14.787625,True,0,5.75958208e-05,1.08544922,5b10c4b6ddb401afaaa5ee8a80524c8e29444a2005fa3256b4463c9ee33173b9,0,0,6.230903148651123,
0,gemm-edges-n4097-k32767,previous_fp32,14.8485833,True,0,5.75958208e-05,1.08544922,5b10c4b6ddb401afaaa5ee8a80524c8e29444a2005fa3256b4463c9ee33173b9,0,0,0.8348069190979004,
0,gemm-edges-n4097-k32767,int8,10.9519583,True,0,0.00409599163,38.5087891,c5d4d6953148147a8e536cf7eacb23f3ace11fb38958d1087adc193f4fd74328,0,0,4.3229687213897705,
0,gemm-edges-n4097-k32767,previous_int8,11.164125,True,0,0.00409599163,38.5087891,c5d4d6953148147a8e536cf7eacb23f3ace11fb38958d1087adc193f4fd74328,0,0,0.8926920890808105,
0,gemm-edges-n4097-k32767,mlx,16.5788,True,0,5.11072e-05,0.453613,,,,0.899604082107544,
0,gemm-edges-n4097-k32768,fp32,12.728875,True,0,7.53382583e-05,1.07128906,cabf6c7dc19cb0c3a63b1be4c4932aa559ade37b163aa7bfaf438f50109cb0c6,0,0,6.06093692779541,
0,gemm-edges-n4097-k32768,previous_fp32,12.5006667,True,0,7.53382583e-05,1.07128906,cabf6c7dc19cb0c3a63b1be4c4932aa559ade37b163aa7bfaf438f50109cb0c6,0,0,0.8207077980041504,
0,gemm-edges-n4097-k32768,int8,7.86875001,True,0,0.00355669896,42.0725098,7902e856fad886eeb45bfe164ef3a0642911208ce409b43560f17f67e716d61b,0,0,4.2533278465271,
0,gemm-edges-n4097-k32768,previous_int8,7.85245832,True,0,0.00355669896,42.0725098,7902e856fad886eeb45bfe164ef3a0642911208ce409b43560f17f67e716d61b,0,0,0.8737211227416992,
0,gemm-edges-n4097-k32768,mlx,17.6753,True,0,5.71565e-05,0.480957,,,,0.9220099449157715,
0,gemm-edges-n4097-k32769,fp32,14.6830833,True,0,9.62145419e-05,1.52392578,5e50a030bd410f9dd109609e716ee403be67ae08e2f91179a6466cd99b0294e5,0,0,6.130089282989502,
0,gemm-edges-n4097-k32769,previous_fp32,14.880625,True,0,9.62145419e-05,1.52392578,5e50a030bd410f9dd109609e716ee403be67ae08e2f91179a6466cd99b0294e5,0,0,0.8353569507598877,
0,gemm-edges-n4097-k32769,int8,9.02724999,True,0,0.0051577037,42.2753906,e35b34092609edd0a1e938c3077f7e697076e989bc88213b38c221463d880be7,0,0,4.289932012557983,
0,gemm-edges-n4097-k32769,previous_int8,9.358375,True,0,0.0051577037,42.2753906,e35b34092609edd0a1e938c3077f7e697076e989bc88213b38c221463d880be7,0,0,0.8812386989593506,
0,gemm-edges-n4097-k32769,mlx,16.8774,True,0,3.71587e-05,0.186768,,,,0.9175248146057129,
0,gemm-aspect-2048-2048-8192,fp16,0.600208339,True,0,0.000590483621,2.80859375,09fce5fd9b11ef3a795167882f8d9fc57124a00b75c9dc6f573c6be243fb8c11,0,0,0.7539589405059814,
0,gemm-aspect-2048-2048-8192,previous_fp16,0.59895833,True,0,0.000590483621,2.80859375,09fce5fd9b11ef3a795167882f8d9fc57124a00b75c9dc6f573c6be243fb8c11,0,0,0.7557718753814697,
0,gemm-aspect-2048-2048-8192,fp32,0.624708337,True,0,0.00021580214,0.80859375,875650905c9f8dd72327479ac15b4a699a89444dac8a7724059d91e1620c93a3,0,0,0.7493541240692139,
0,gemm-aspect-2048-2048-8192,previous_fp32,0.625874993,True,0,0.00021580214,0.80859375,875650905c9f8dd72327479ac15b4a699a89444dac8a7724059d91e1620c93a3,0,0,0.7475168704986572,
0,gemm-aspect-2048-2048-8192,int8,0.374333336,True,0,0.00397484676,9.6640625,dec7f9ac1f5bc18863c58678215f728f7388806d24a0f79dd017ad631ff672e1,0,0,1.398637056350708,
0,gemm-aspect-2048-2048-8192,previous_int8,0.373083327,True,0,0.00397484676,9.6640625,dec7f9ac1f5bc18863c58678215f728f7388806d24a0f79dd017ad631ff672e1,0,0,0.7991487979888916,
0,gemm-aspect-2048-2048-8192,mlx,0.607792,True,0,0.000240488,0.234375,,,,0.7648770809173584,
0,gemm-aspect-2048-2560-9216,fp16,1.03920832,True,0,0.000328781878,1.46289062,75175f336ee155a4e8481bd3601249e1f2a32a0f219bdd21326f51e52f409ba9,0,0,0.6852819919586182,
0,gemm-aspect-2048-2560-9216,previous_fp16,1.05075,True,0,0.000328781878,1.46289062,75175f336ee155a4e8481bd3601249e1f2a32a0f219bdd21326f51e52f409ba9,0,0,0.6860780715942383,
0,gemm-aspect-2048-2560-9216,fp32,0.885416666,True,0,0.0002424584,0.962646484,7e9cf2fc2a9a0fbf328c6d30b86dd53b23c56559ec41dc885b257332d4cc62c1,0,0,0.7045152187347412,
0,gemm-aspect-2048-2560-9216,previous_fp32,0.887083326,True,0,0.0002424584,0.962646484,7e9cf2fc2a9a0fbf328c6d30b86dd53b23c56559ec41dc885b257332d4cc62c1,0,0,0.7070889472961426,
0,gemm-aspect-2048-2560-9216,int8,0.692125002,True,0,0.00419017985,10.7080078,8a01adacfc9dc9e1ff3d7290f49fca34d71a79479165e237ee0a97cacab4a0da,0,0,1.5399541854858398,
0,gemm-aspect-2048-2560-9216,previous_int8,0.686291663,True,0,0.00419017985,10.7080078,8a01adacfc9dc9e1ff3d7290f49fca34d71a79479165e237ee0a97cacab4a0da,0,0,0.8976418972015381,
0,gemm-aspect-2048-2560-9216,mlx,0.882458,True,0,0.000130812,0.250488,,,,0.7190577983856201,
0,gemm-aspect-2048-4096-12288,fp16,1.77087499,True,0,0.000173155314,0.83203125,8dc248dfe15222c0f2d3f336a9ef074531d2bb3e1b5b4cff0f5ae37c8edca39e,0,0,0.6741578578948975,
0,gemm-aspect-2048-4096-12288,previous_fp16,1.77362499,True,0,0.000173155314,0.83203125,8dc248dfe15222c0f2d3f336a9ef074531d2bb3e1b5b4cff0f5ae37c8edca39e,0,0,0.6798219680786133,
0,gemm-aspect-2048-4096-12288,fp32,1.77583333,True,0,0.000173155314,0.83203125,8dc248dfe15222c0f2d3f336a9ef074531d2bb3e1b5b4cff0f5ae37c8edca39e,0,0,0.6803390979766846,
0,gemm-aspect-2048-4096-12288,previous_fp32,1.77166666,True,0,0.000173155314,0.83203125,8dc248dfe15222c0f2d3f336a9ef074531d2bb3e1b5b4cff0f5ae37c8edca39e,0,0,0.6791167259216309,
0,gemm-aspect-2048-4096-12288,int8,1.05179167,True,0,0.00378208061,15.9504395,af3ca4a47cbcfecd4178a2942ad0583d55e9392c4928c3d85fce8581f853101d,0,0,0.7511780261993408,
0,gemm-aspect-2048-4096-12288,previous_int8,1.05641666,True,0,0.00378208061,15.9504395,af3ca4a47cbcfecd4178a2942ad0583d55e9392c4928c3d85fce8581f853101d,0,0,0.7503490447998047,
0,gemm-aspect-2048-4096-12288,mlx,1.77288,True,0,4.76615e-05,0.186035,,,,0.7104368209838867,
0,gemm-aspect-2048-6144-16384,fp16,3.47283333,True,0,9.13614504e-05,0.926757812,fcb12ceacd6e54c5df93fa78e7430029d00dbc54d4dbf3bbc7755cc1eb92ec1b,0,0,0.7003300189971924,
0,gemm-aspect-2048-6144-16384,previous_fp16,3.47625,True,0,9.13614504e-05,0.926757812,fcb12ceacd6e54c5df93fa78e7430029d00dbc54d4dbf3bbc7755cc1eb92ec1b,0,0,0.703110933303833,
0,gemm-aspect-2048-6144-16384,fp32,3.4745,True,0,9.13614504e-05,0.926757812,fcb12ceacd6e54c5df93fa78e7430029d00dbc54d4dbf3bbc7755cc1eb92ec1b,0,0,0.7003219127655029,
0,gemm-aspect-2048-6144-16384,previous_fp32,3.47179167,True,0,9.13614504e-05,0.926757812,fcb12ceacd6e54c5df93fa78e7430029d00dbc54d4dbf3bbc7755cc1eb92ec1b,0,0,0.7023200988769531,
0,gemm-aspect-2048-6144-16384,int8,2.331875,True,0,0.00407469285,21.0302734,e10615ad7832ff3c215b3abc9d6c1ee72a21095e7c65bfe733e96224ea3b2942,0,0,2.2705881595611572,
0,gemm-aspect-2048-6144-16384,previous_int8,2.34199999,True,0,0.00407469285,21.0302734,e10615ad7832ff3c215b3abc9d6c1ee72a21095e7c65bfe733e96224ea3b2942,0,0,0.7759249210357666,
0,gemm-aspect-2048-6144-16384,mlx,4.00437,True,0,2.69941e-05,0.102295,,,,0.7657771110534668,
0,gemm-aspect-2048-8192-24576,fp16,6.974125,True,0,0.000158589,1.8972168,211671e1864a78adf8c34e0a0996523f35441cdc9e495de7b2e052ba1b5ef808,0,0,0.7933018207550049,
0,gemm-aspect-2048-8192-24576,previous_fp16,6.97245834,True,0,0.000158589,1.8972168,211671e1864a78adf8c34e0a0996523f35441cdc9e495de7b2e052ba1b5ef808,0,0,0.7902059555053711,
0,gemm-aspect-2048-8192-24576,fp32,6.97566666,True,0,0.000158589,1.8972168,211671e1864a78adf8c34e0a0996523f35441cdc9e495de7b2e052ba1b5ef808,0,0,0.7915999889373779,
0,gemm-aspect-2048-8192-24576,previous_fp32,6.97291667,True,0,0.000158589,1.8972168,211671e1864a78adf8c34e0a0996523f35441cdc9e495de7b2e052ba1b5ef808,0,0,0.7893140316009521,
0,gemm-aspect-2048-8192-24576,int8,5.55204166,True,0,0.00345568013,31.8869629,0eb5293ac9305dcc3d9c85512c092596177e9b4ad628082e3c7f1a412ed33fe8,0,0,3.2963669300079346,
0,gemm-aspect-2048-8192-24576,previous_int8,5.55637501,True,0,0.00345568013,31.8869629,0eb5293ac9305dcc3d9c85512c092596177e9b4ad628082e3c7f1a412ed33fe8,0,0,0.8909389972686768,
0,gemm-aspect-2048-8192-24576,mlx,6.97796,True,0,0.00019356,0.861572,,,,0.8684790134429932,
0,gemm-aspect-3072-2048-8192,fp16,0.853999998,True,0,0.000559756443,1.73022461,d297fd6502c26c6e817c9b029df8e37e9b5a539991577b487ecf1ef00087ec4d,0,0,0.7082650661468506,
0,gemm-aspect-3072-2048-8192,previous_fp16,0.855666673,True,0,0.000559756443,1.73022461,d297fd6502c26c6e817c9b029df8e37e9b5a539991577b487ecf1ef00087ec4d,0,0,0.7111680507659912,
0,gemm-aspect-3072-2048-8192,fp32,0.906333327,True,0,0.000174899002,0.78125,d63c271c909b1ef1fe1ea801e1dc89fe521653f738aad8959a90c55aae95269f,0,0,0.6980600357055664,
0,gemm-aspect-3072-2048-8192,previous_fp32,0.958666657,True,0,0.000174899002,0.78125,d63c271c909b1ef1fe1ea801e1dc89fe521653f738aad8959a90c55aae95269f,0,0,0.6920619010925293,
0,gemm-aspect-3072-2048-8192,int8,0.530749996,True,0,0.00440997614,10.5983887,6a05353c788c2249062701d743a2910e975810b5125183caa5d6662c5fa37fe1,0,0,1.413102149963379,
0,gemm-aspect-3072-2048-8192,previous_int8,0.544750001,True,0,0.00440997614,10.5983887,6a05353c788c2249062701d743a2910e975810b5125183caa5d6662c5fa37fe1,0,0,0.8089621067047119,
0,gemm-aspect-3072-2048-8192,mlx,0.907458,True,0,0.000362979,0.967529,,,,0.7089908123016357,
0,gemm-aspect-3072-2560-9216,fp16,1.47849999,True,0,0.000288414074,0.87890625,1ee1d236c254be8481b61013fa82b7e105b76fa778358e2f8100b8916a4aae56,0,0,0.6667492389678955,
0,gemm-aspect-3072-2560-9216,previous_fp16,1.464125,True,0,0.000288414074,0.87890625,1ee1d236c254be8481b61013fa82b7e105b76fa778358e2f8100b8916a4aae56,0,0,0.6704261302947998,
0,gemm-aspect-3072-2560-9216,fp32,1.54475,True,0,0.000330774408,1.63354492,57754f5ef001f8dfeef5234afd98b53f660fa79a04fdffdf358d5e1764462669,0,0,0.6668128967285156,
0,gemm-aspect-3072-2560-9216,previous_fp32,1.53625,True,0,0.000330774408,1.63354492,57754f5ef001f8dfeef5234afd98b53f660fa79a04fdffdf358d5e1764462669,0,0,0.6678516864776611,
0,gemm-aspect-3072-2560-9216,int8,0.757041664,True,0,0.00503058517,11.8439941,934821d914c64cc120e86dacd34b4d2be05b6bd5e312fa4ecca80b5783a5a191,0,0,1.5377168655395508,
0,gemm-aspect-3072-2560-9216,previous_int8,0.756666675,True,0,0.00503058517,11.8439941,934821d914c64cc120e86dacd34b4d2be05b6bd5e312fa4ecca80b5783a5a191,0,0,0.75238037109375,
0,gemm-aspect-3072-2560-9216,mlx,1.31962,True,0,0.0002498,0.82373,,,,0.6900789737701416,
0,gemm-aspect-3072-4096-12288,fp16,2.63012499,True,0,0.000152012368,0.788330078,3dbae3e3f3efd94656295c11ccce8a9da7cb08c594cea8e8971f1661d19d5914,0,0,0.6730759143829346,
0,gemm-aspect-3072-4096-12288,previous_fp16,2.6295,True,0,0.000152012368,0.788330078,3dbae3e3f3efd94656295c11ccce8a9da7cb08c594cea8e8971f1661d19d5914,0,0,0.6754109859466553,
0,gemm-aspect-3072-4096-12288,fp32,2.62916666,True,0,0.000152012368,0.788330078,3dbae3e3f3efd94656295c11ccce8a9da7cb08c594cea8e8971f1661d19d5914,0,0,0.6748170852661133,
0,gemm-aspect-3072-4096-12288,previous_fp32,2.63074999,True,0,0.000152012368,0.788330078,3dbae3e3f3efd94656295c11ccce8a9da7cb08c594cea8e8971f1661d19d5914,0,0,0.6753189563751221,
0,gemm-aspect-3072-4096-12288,int8,1.55604167,True,0,0.00404025758,14.253418,4fc5f6b7c29abc40608b3aad803a80c7a0494e83b24d23d2026ff9187a416080,0,0,1.8129208087921143,
0,gemm-aspect-3072-4096-12288,previous_int8,1.52779167,True,0,0.00404025758,14.253418,4fc5f6b7c29abc40608b3aad803a80c7a0494e83b24d23d2026ff9187a416080,0,0,0.7260808944702148,
0,gemm-aspect-3072-4096-12288,mlx,2.6345,True,0,0.000165976,0.859863,,,,0.7158231735229492,
0,gemm-aspect-3072-6144-16384,fp16,5.20545834,True,0,0.000101453768,0.926757812,f625aa02c4a7ae11fb48d9e3e80d365c7ade2781e1f1b6df75e539411a1a3f42,0,0,0.7281019687652588,
0,gemm-aspect-3072-6144-16384,previous_fp16,5.20558334,True,0,0.000101453768,0.926757812,f625aa02c4a7ae11fb48d9e3e80d365c7ade2781e1f1b6df75e539411a1a3f42,0,0,0.7216699123382568,
0,gemm-aspect-3072-6144-16384,fp32,5.209125,True,0,0.000101453768,0.926757812,f625aa02c4a7ae11fb48d9e3e80d365c7ade2781e1f1b6df75e539411a1a3f42,0,0,0.7245638370513916,
0,gemm-aspect-3072-6144-16384,previous_fp32,5.20824999,True,0,0.000101453768,0.926757812,f625aa02c4a7ae11fb48d9e3e80d365c7ade2781e1f1b6df75e539411a1a3f42,0,0,0.7228760719299316,
0,gemm-aspect-3072-6144-16384,int8,3.24391667,True,0,0.00344488698,18.9814453,f87b223fc6df44a57cfaa4e9003054b53d5f822cc757a3e9064114b7ea0e9b7a,0,0,2.264592170715332,
0,gemm-aspect-3072-6144-16384,previous_int8,3.25125,True,0,0.00344488698,18.9814453,f87b223fc6df44a57cfaa4e9003054b53d5f822cc757a3e9064114b7ea0e9b7a,0,0,0.7774538993835449,
0,gemm-aspect-3072-6144-16384,mlx,5.877,True,0,4.51864e-05,0.174561,,,,0.7834548950195312,
0,gemm-aspect-3072-8192-24576,fp16,10.461125,True,0,0.000175592259,1.97851562,07f3651143ead26e6afd4af836d40c353f99b6e1ddb7f51f917d4b7ce3fd35d0,0,0,0.8294768333435059,
0,gemm-aspect-3072-8192-24576,previous_fp16,10.4667917,True,0,0.000175592259,1.97851562,07f3651143ead26e6afd4af836d40c353f99b6e1ddb7f51f917d4b7ce3fd35d0,0,0,0.8293347358703613,
0,gemm-aspect-3072-8192-24576,fp32,10.478,True,0,0.000175592259,1.97851562,07f3651143ead26e6afd4af836d40c353f99b6e1ddb7f51f917d4b7ce3fd35d0,0,0,0.8290657997131348,
0,gemm-aspect-3072-8192-24576,previous_fp32,10.459125,True,0,0.000175592259,1.97851562,07f3651143ead26e6afd4af836d40c353f99b6e1ddb7f51f917d4b7ce3fd35d0,0,0,0.8284502029418945,
0,gemm-aspect-3072-8192-24576,int8,8.1665,True,0,0.00397092073,31.8146973,0e1686009844c20182efbd627b4150772b948f782ace2862f60779a2994cd24d,0,0,3.3717200756073,
0,gemm-aspect-3072-8192-24576,previous_int8,8.11016667,True,0,0.00397092073,31.8146973,0e1686009844c20182efbd627b4150772b948f782ace2862f60779a2994cd24d,0,0,0.9270479679107666,
0,gemm-aspect-3072-8192-24576,mlx,10.4687,True,0,0.000198797,1.4751,,,,0.9390971660614014,
0,gemm-aspect-4096-2048-8192,fp16,1.19708333,True,0,0.000210648354,0.871582031,1ba0ecd76eb092513e0f648cfdf075f1a4cc5fb1ad6afb64c7be5e3535e70f40,0,0,0.6826300621032715,
0,gemm-aspect-4096-2048-8192,previous_fp16,1.25820833,True,0,0.000210648354,0.871582031,1ba0ecd76eb092513e0f648cfdf075f1a4cc5fb1ad6afb64c7be5e3535e70f40,0,0,0.681649923324585,
0,gemm-aspect-4096-2048-8192,fp32,1.19966667,True,0,0.000210648354,0.871582031,1ba0ecd76eb092513e0f648cfdf075f1a4cc5fb1ad6afb64c7be5e3535e70f40,0,0,0.6827731132507324,
0,gemm-aspect-4096-2048-8192,previous_fp32,1.20341667,True,0,0.000210648354,0.871582031,1ba0ecd76eb092513e0f648cfdf075f1a4cc5fb1ad6afb64c7be5e3535e70f40,0,0,0.6790680885314941,
0,gemm-aspect-4096-2048-8192,int8,0.729749998,True,0,0.00425042609,10.5275879,3c339f011c1c02df3a59b499dbd0bbf8a6fdfdd1ee736e97f27ece24f217c2bf,0,0,1.3714778423309326,
0,gemm-aspect-4096-2048-8192,previous_int8,0.735708338,True,0,0.00425042609,10.5275879,3c339f011c1c02df3a59b499dbd0bbf8a6fdfdd1ee736e97f27ece24f217c2bf,0,0,0.758336067199707,
0,gemm-aspect-4096-2048-8192,mlx,1.19113,True,0,0.000218158,0.217041,,,,0.7045488357543945,
0,gemm-aspect-4096-2560-9216,fp16,1.79333333,True,0,0.000351090641,1.46289062,df4efaf09571c5ca688fe2efa9dd826368c1e79c07a851968807f15d921ed8a7,0,0,0.6721758842468262,
0,gemm-aspect-4096-2560-9216,previous_fp16,1.81845833,True,0,0.000351090641,1.46289062,df4efaf09571c5ca688fe2efa9dd826368c1e79c07a851968807f15d921ed8a7,0,0,0.6694719791412354,
0,gemm-aspect-4096-2560-9216,fp32,1.95658332,True,0,0.000315047942,0.992431641,cc7e2ae468fa7fd5cf82dd2eae92467b07b1b210e50aa7995bbe5605deab4f51,0,0,0.6708240509033203,
0,gemm-aspect-4096-2560-9216,previous_fp32,1.94862499,True,0,0.000315047942,0.992431641,cc7e2ae468fa7fd5cf82dd2eae92467b07b1b210e50aa7995bbe5605deab4f51,0,0,0.6742250919342041,
0,gemm-aspect-4096-2560-9216,int8,0.986249986,True,0,0.00463417155,11.9431152,601a01a23cc605d374becca73e161536129792f672198917b030b13b2a70f7bb,0,0,1.522965431213379,
0,gemm-aspect-4096-2560-9216,previous_int8,1.00079166,True,0,0.00463417155,11.9431152,601a01a23cc605d374becca73e161536129792f672198917b030b13b2a70f7bb,0,0,0.7319378852844238,
0,gemm-aspect-4096-2560-9216,mlx,1.72267,True,0,0.000266309,0.932129,,,,0.6867570877075195,
0,gemm-aspect-4096-6144-16384,fp16,6.90404167,True,0,9.94158247e-05,0.938232422,ffdd8645f30fbdfa62c85cb30f8c4b1cbdeea90b4490d1181460c4f7ea7ea1c6,0,0,0.7463653087615967,
0,gemm-aspect-4096-6144-16384,previous_fp16,6.89941666,True,0,9.94158247e-05,0.938232422,ffdd8645f30fbdfa62c85cb30f8c4b1cbdeea90b4490d1181460c4f7ea7ea1c6,0,0,0.7481698989868164,
0,gemm-aspect-4096-6144-16384,fp32,6.90125,True,0,9.94158247e-05,0.938232422,ffdd8645f30fbdfa62c85cb30f8c4b1cbdeea90b4490d1181460c4f7ea7ea1c6,0,0,0.7492771148681641,
0,gemm-aspect-4096-6144-16384,previous_fp32,6.93329166,True,0,9.94158247e-05,0.938232422,ffdd8645f30fbdfa62c85cb30f8c4b1cbdeea90b4490d1181460c4f7ea7ea1c6,0,0,0.7524731159210205,
0,gemm-aspect-4096-6144-16384,int8,4.18812501,True,0,0.00410424913,21.0302734,54010cb6a96672d2ddefef96df63ee540e8cba38034dc100640c3e0ce7f79c89,0,0,0.7956669330596924,
0,gemm-aspect-4096-6144-16384,previous_int8,4.15379165,True,0,0.00410424913,21.0302734,54010cb6a96672d2ddefef96df63ee540e8cba38034dc100640c3e0ce7f79c89,0,0,0.7947876453399658,
0,gemm-aspect-4096-6144-16384,mlx,7.83404,True,0,3.87542e-05,0.166992,,,,0.8247191905975342,
0,gemm-aspect-4096-8192-24576,fp16,13.900375,True,0,0.000139332307,1.8972168,dab4260c6d807f63a4285aa5039d7aae5de9d37d0bb8df14ded37443991580b3,0,0,0.8717679977416992,
0,gemm-aspect-4096-8192-24576,previous_fp16,13.8977917,True,0,0.000139332307,1.8972168,dab4260c6d807f63a4285aa5039d7aae5de9d37d0bb8df14ded37443991580b3,0,0,0.8722212314605713,
0,gemm-aspect-4096-8192-24576,fp32,13.894375,True,0,0.000139332307,1.8972168,dab4260c6d807f63a4285aa5039d7aae5de9d37d0bb8df14ded37443991580b3,0,0,0.8696630001068115,
0,gemm-aspect-4096-8192-24576,previous_fp32,13.8964167,True,0,0.000139332307,1.8972168,dab4260c6d807f63a4285aa5039d7aae5de9d37d0bb8df14ded37443991580b3,0,0,0.8723320960998535,
0,gemm-aspect-4096-8192-24576,int8,9.74304168,True,0,0.00297038051,31.8029785,eb0223ff1ef942766f44fd39ee8df8f8a19d713b60d727da4cb9e8a496dfe1f1,0,0,3.3598599433898926,
0,gemm-aspect-4096-8192-24576,previous_int8,9.85074999,True,0,0.00297038051,31.8029785,eb0223ff1ef942766f44fd39ee8df8f8a19d713b60d727da4cb9e8a496dfe1f1,0,0,0.9621372222900391,
0,gemm-aspect-4096-8192-24576,mlx,13.8903,True,0,0.000130345,0.861572,,,,1.0105600357055664,
0,gemm-aspect-6144-2048-8192,fp16,1.78220833,True,0,0.000163148196,0.78125,a6b8ac61247cd683fe33560c0b6ca4878d54b21762f0cd2698f0474b705be86a,0,0,0.6734981536865234,
0,gemm-aspect-6144-2048-8192,previous_fp16,1.777625,True,0,0.000163148196,0.78125,a6b8ac61247cd683fe33560c0b6ca4878d54b21762f0cd2698f0474b705be86a,0,0,0.6703848838806152,
0,gemm-aspect-6144-2048-8192,fp32,1.77575,True,0,0.000163148196,0.78125,a6b8ac61247cd683fe33560c0b6ca4878d54b21762f0cd2698f0474b705be86a,0,0,0.668489933013916,
0,gemm-aspect-6144-2048-8192,previous_fp32,1.777625,True,0,0.000163148196,0.78125,a6b8ac61247cd683fe33560c0b6ca4878d54b21762f0cd2698f0474b705be86a,0,0,0.669715166091919,
0,gemm-aspect-6144-2048-8192,int8,1.06933333,True,0,0.00470307944,10.5983887,a8fead71b80557e6813e8f148bccdb545a19b22d0b7a623ec2b427195f39439e,0,0,1.337993860244751,
0,gemm-aspect-6144-2048-8192,previous_int8,1.07025,True,0,0.00470307944,10.5983887,a8fead71b80557e6813e8f148bccdb545a19b22d0b7a623ec2b427195f39439e,0,0,0.7228691577911377,
0,gemm-aspect-6144-2048-8192,mlx,1.76025,True,0,0.000197127,0.354736,,,,0.7038509845733643,
0,gemm-aspect-6144-2560-9216,fp16,2.66233333,True,0,0.000269028068,1.16381836,21a43a35093c0a66ea7369f84f6493e3bb2d43bf35f0c69427763b72146b8be4,0,0,0.667738676071167,
0,gemm-aspect-6144-2560-9216,previous_fp16,2.65104168,True,0,0.000269028068,1.16381836,21a43a35093c0a66ea7369f84f6493e3bb2d43bf35f0c69427763b72146b8be4,0,0,0.6726830005645752,
0,gemm-aspect-6144-2560-9216,fp32,3.027375,True,0,0.000306962726,1,764a6d3d458c0eec915822a2bd2da14651bdc63daeee814e039bb9e5a44aed3e,0,0,0.6713590621948242,
0,gemm-aspect-6144-2560-9216,previous_fp32,3.012375,True,0,0.000306962726,1,764a6d3d458c0eec915822a2bd2da14651bdc63daeee814e039bb9e5a44aed3e,0,0,0.6749992370605469,
0,gemm-aspect-6144-2560-9216,int8,1.456,True,0,0.00484268212,11.9431152,9dfd3a995fd22ac833990c572128601d1f753ce1a069ca866a83f02bba13a427,0,0,1.5114359855651855,
0,gemm-aspect-6144-2560-9216,previous_int8,1.45162499,True,0,0.00484268212,11.9431152,9dfd3a995fd22ac833990c572128601d1f753ce1a069ca866a83f02bba13a427,0,0,0.7159528732299805,
0,gemm-aspect-6144-2560-9216,mlx,2.53704,True,0,0.000189222,0.375732,,,,0.7288320064544678,
0,gemm-aspect-6144-4096-12288,fp16,5.163375,True,0,0.000249880174,1.22363281,a43cd8ee6a0d78710bdae53ee56b8edf9cced0e7d0b36d1d89395bc89210df99,0,0,0.7105569839477539,
0,gemm-aspect-6144-4096-12288,previous_fp16,5.16224999,True,0,0.000249880174,1.22363281,a43cd8ee6a0d78710bdae53ee56b8edf9cced0e7d0b36d1d89395bc89210df99,0,0,0.7180089950561523,
0,gemm-aspect-6144-4096-12288,fp32,5.86249999,True,0,0.000283986285,2.19165039,32562aee414e922cd35a8a946daf669df1cc107bfd08a8b65a40efe976fc2b5f,0,0,0.7111639976501465,
0,gemm-aspect-6144-4096-12288,previous_fp32,5.86895832,True,0,0.000283986285,2.19165039,32562aee414e922cd35a8a946daf669df1cc107bfd08a8b65a40efe976fc2b5f,0,0,0.713212251663208,
0,gemm-aspect-6144-4096-12288,int8,2.92579166,True,0,0.00393846689,15.8679199,79ce9099af3c5d21c80c29c97c5d49d1e5455e9c0e20da74b5a86f89f5fb83e6,0,0,1.8282949924468994,
0,gemm-aspect-6144-4096-12288,previous_int8,2.89525001,True,0,0.00393846689,15.8679199,79ce9099af3c5d21c80c29c97c5d49d1e5455e9c0e20da74b5a86f89f5fb83e6,0,0,0.7530181407928467,
0,gemm-aspect-6144-4096-12288,mlx,6.582,True,0,0.000203555,0.490234,,,,0.7863621711730957,
0,gemm-aspect-6144-6144-16384,fp16,12.7623333,True,0,0.000272845713,2.92675781,7a23fafd68ea3cb75a768a28276896722b9c8f7f5e20e4cb2aeb8086a134a0bf,0,0,0.8057279586791992,
0,gemm-aspect-6144-6144-16384,previous_fp16,12.3775417,True,0,0.000272845713,2.92675781,7a23fafd68ea3cb75a768a28276896722b9c8f7f5e20e4cb2aeb8086a134a0bf,0,0,0.8092100620269775,
0,gemm-aspect-6144-6144-16384,fp32,11.8839167,True,0,0.000200236617,2.06469727,9984f3bc1acb5ab1f7172723a417802c8f9320153858054bd3f506b5242c217f,0,0,0.8011600971221924,
0,gemm-aspect-6144-6144-16384,previous_fp32,11.9395,True,0,0.000200236617,2.06469727,9984f3bc1acb5ab1f7172723a417802c8f9320153858054bd3f506b5242c217f,0,0,0.8014430999755859,
0,gemm-aspect-6144-6144-16384,int8,6.12287501,True,0,0.00471388435,21.185791,862f731088315d3f78e06fff93ae8af08284164c1ccc251394f2f3ec281d1d0c,0,0,2.324936866760254,
0,gemm-aspect-6144-6144-16384,previous_int8,6.12075,True,0,0.00471388435,21.185791,862f731088315d3f78e06fff93ae8af08284164c1ccc251394f2f3ec281d1d0c,0,0,0.8349277973175049,
0,gemm-aspect-6144-6144-16384,mlx,13.6515,True,0,5.31838e-05,0.289062,,,,0.9187009334564209,
0,gemm-aspect-6144-8192-24576,fp16,20.7900417,True,0,0.000163969295,1.8972168,16eb4c7f6f522c6725f63898bba61b85a3e504045526ceece8e0be56aa4d8cbb,0,0,0.9611489772796631,
0,gemm-aspect-6144-8192-24576,previous_fp16,20.817375,True,0,0.000163969295,1.8972168,16eb4c7f6f522c6725f63898bba61b85a3e504045526ceece8e0be56aa4d8cbb,0,0,0.9624040126800537,
0,gemm-aspect-6144-8192-24576,fp32,20.7896667,True,0,0.000163969295,1.8972168,16eb4c7f6f522c6725f63898bba61b85a3e504045526ceece8e0be56aa4d8cbb,0,0,0.967059850692749,
0,gemm-aspect-6144-8192-24576,previous_fp32,20.7822917,True,0,0.000163969295,1.8972168,16eb4c7f6f522c6725f63898bba61b85a3e504045526ceece8e0be56aa4d8cbb,0,0,0.9624149799346924,
0,gemm-aspect-6144-8192-24576,int8,14.4542917,True,0,0.00370392206,31.1147461,cb9bb78518bcc1109cd1fe380a88382b4d3cc7efe5c1415be26c882bdeb6ab86,0,0,3.4647440910339355,
0,gemm-aspect-6144-8192-24576,previous_int8,14.4806667,True,0,0.00370392206,31.1147461,cb9bb78518bcc1109cd1fe380a88382b4d3cc7efe5c1415be26c882bdeb6ab86,0,0,1.0343430042266846,
0,gemm-aspect-6144-8192-24576,mlx,20.8167,True,0,0.000148669,0.861572,,,,1.160656213760376,
0,gemm-aspect-8192-2048-8192,fp16,2.285625,True,0,0.000209800178,0.871582031,87ec012348ba60b8949020e05d609f504dae1cd9397d34d1af02a5550461e8f8,0,0,0.6760461330413818,
0,gemm-aspect-8192-2048-8192,previous_fp16,2.24658333,True,0,0.000209800178,0.871582031,87ec012348ba60b8949020e05d609f504dae1cd9397d34d1af02a5550461e8f8,0,0,0.6844139099121094,
0,gemm-aspect-8192-2048-8192,fp32,2.293625,True,0,0.000209800178,0.871582031,87ec012348ba60b8949020e05d609f504dae1cd9397d34d1af02a5550461e8f8,0,0,0.675260066986084,
0,gemm-aspect-8192-2048-8192,previous_fp32,2.26175001,True,0,0.000209800178,0.871582031,87ec012348ba60b8949020e05d609f504dae1cd9397d34d1af02a5550461e8f8,0,0,0.6767652034759521,
0,gemm-aspect-8192-2048-8192,int8,1.385,True,0,0.00423279849,10.5275879,90fcd5701377df0784794ab806900ccaf1efa73ef390cba78aaa47099469a50d,0,0,1.3270957469940186,
0,gemm-aspect-8192-2048-8192,previous_int8,1.3895,True,0,0.00423279849,10.5275879,90fcd5701377df0784794ab806900ccaf1efa73ef390cba78aaa47099469a50d,0,0,0.713839054107666,
0,gemm-aspect-8192-2048-8192,mlx,2.274,True,0,0.000155083,0.387451,,,,0.7270150184631348,
0,gemm-aspect-8192-2560-9216,fp16,3.43637499,True,0,0.000352106364,1.74804688,b1c2e65794b188d7202f922b0a1ac15e0cee84bb5f9088524654038306bda00b,0,0,0.6837408542633057,
0,gemm-aspect-8192-2560-9216,previous_fp16,3.42154167,True,0,0.000352106364,1.74804688,b1c2e65794b188d7202f922b0a1ac15e0cee84bb5f9088524654038306bda00b,0,0,0.6922380924224854,
0,gemm-aspect-8192-2560-9216,fp32,3.84108334,True,0,0.000391866843,2.25195312,57ade6a476c486588bf5b47096203b602c2a818509d37edce0ceefd2d7f8d50f,0,0,0.6865749359130859,
0,gemm-aspect-8192-2560-9216,previous_fp32,3.83666667,True,0,0.000391866843,2.25195312,57ade6a476c486588bf5b47096203b602c2a818509d37edce0ceefd2d7f8d50f,0,0,0.6917018890380859,
0,gemm-aspect-8192-2560-9216,int8,1.91241667,True,0,0.0044602828,11.769043,f91a50609922e4a2bde90cf5992fd63d13a9d0f35650f0db6c01e5c9f4944900,0,0,1.5194716453552246,
0,gemm-aspect-8192-2560-9216,previous_int8,1.864875,True,0,0.0044602828,11.769043,f91a50609922e4a2bde90cf5992fd63d13a9d0f35650f0db6c01e5c9f4944900,0,0,0.7243220806121826,
0,gemm-aspect-8192-2560-9216,mlx,3.29458,True,0,0.000131683,0.250488,,,,0.7490010261535645,
0,gemm-aspect-8192-4096-12288,fp16,6.81325,True,0,0.000322701762,1.83178711,79682c048664d48c961d1dc37e54d06c076ecfc094bf63ccb666fe2eafbc598a,0,0,0.7388319969177246,
0,gemm-aspect-8192-4096-12288,previous_fp16,6.80804167,True,0,0.000322701762,1.83178711,79682c048664d48c961d1dc37e54d06c076ecfc094bf63ccb666fe2eafbc598a,0,0,0.7379717826843262,
0,gemm-aspect-8192-4096-12288,fp32,7.77441666,True,0,0.000280050456,1.40136719,7a223ffad42035f8579649be0f2b66ddfc01fdb49fd4e9ff5fe9cf3076e03fad,0,0,0.7417969703674316,
0,gemm-aspect-8192-4096-12288,previous_fp32,7.78262499,True,0,0.000280050456,1.40136719,7a223ffad42035f8579649be0f2b66ddfc01fdb49fd4e9ff5fe9cf3076e03fad,0,0,0.7503268718719482,
0,gemm-aspect-8192-4096-12288,int8,3.82704167,True,0,0.00405952256,15.8793945,520733b2a38120d3f3bd7170a93cbcc5f5e27d1eb0f361390865a47f141131fe,0,0,0.7643508911132812,
0,gemm-aspect-8192-4096-12288,previous_int8,3.825375,True,0,0.00405952256,15.8793945,520733b2a38120d3f3bd7170a93cbcc5f5e27d1eb0f361390865a47f141131fe,0,0,0.7673139572143555,
0,gemm-aspect-8192-4096-12288,mlx,7.99796,True,0,0.000132376,0.493896,,,,0.8467371463775635,
0,gemm-aspect-8192-6144-16384,fp16,17.1245,True,0,0.000280638804,3.74633789,03c550e06e3654779a7b06602fec580ddfdcc4297066dd8a55459464f17ed356,0,0,0.8667378425598145,
0,gemm-aspect-8192-6144-16384,previous_fp16,16.9134583,True,0,0.000280638804,3.74633789,03c550e06e3654779a7b06602fec580ddfdcc4297066dd8a55459464f17ed356,0,0,0.8547468185424805,
0,gemm-aspect-8192-6144-16384,fp32,15.464625,True,0,0.000238051689,4.015625,9f95d9d36fc324eb1432516bf7a706633ca62963687a277875d161be55ed9d78,0,0,0.8629350662231445,
0,gemm-aspect-8192-6144-16384,previous_fp32,15.5225833,True,0,0.000238051689,4.015625,9f95d9d36fc324eb1432516bf7a706633ca62963687a277875d161be55ed9d78,0,0,0.8630928993225098,
0,gemm-aspect-8192-6144-16384,int8,7.982125,True,0,0.00391592163,21.0302734,b605a06f406d118d307accb9546601fecd790b9812bfcb9cfeb6d20ba51c6359,0,0,0.869255781173706,
0,gemm-aspect-8192-6144-16384,previous_int8,7.96366666,True,0,0.00391592163,21.0302734,b605a06f406d118d307accb9546601fecd790b9812bfcb9cfeb6d20ba51c6359,0,0,0.8735430240631104,
0,gemm-aspect-8192-6144-16384,mlx,19.3835,True,0,4.22172e-05,0.228027,,,,1.021634817123413,
0,gemm-aspect-8192-8192-24576,fp16,26.8045833,True,0,0.000328780189,4.33935547,9323889b5b2e84f7492eda9479d10326823966b6021e7838e918032e63d73398,0,0,1.539335012435913,
0,gemm-aspect-8192-8192-24576,previous_fp16,27.53075,True,0,0.000328780189,4.33935547,9323889b5b2e84f7492eda9479d10326823966b6021e7838e918032e63d73398,0,0,1.2936277389526367,
0,gemm-aspect-8192-8192-24576,fp32,31.626,True,0,0.000377123858,4.33935547,2309b18fd1fff01a71a469cdfa750eda62d53a04db7c5f675fda51b7a2804dff,0,0,2.622459888458252,
0,gemm-aspect-8192-8192-24576,previous_fp32,31.577375,True,0,0.000377123858,4.33935547,2309b18fd1fff01a71a469cdfa750eda62d53a04db7c5f675fda51b7a2804dff,0,0,1.3043410778045654,
0,gemm-aspect-8192-8192-24576,int8,19.1232917,True,0,0.00341271219,31.6333008,a87ceca407b1e3dfada3f1db2a96cc2c1cb2083c779602e6af369f2c9b56e88a,0,0,3.5347702503204346,
0,gemm-aspect-8192-8192-24576,previous_int8,19.2913333,True,0,0.00341271219,31.6333008,a87ceca407b1e3dfada3f1db2a96cc2c1cb2083c779602e6af369f2c9b56e88a,0,0,1.1123151779174805,
0,gemm-aspect-8192-8192-24576,mlx,37.3443,True,0,0.000182827,1.27148,,,,1.3418281078338623,
0,gemm-dynamic-tail-2048,fp16,2.54754166,True,0,0.000178823698,0.707763672,4d67bb822e026ebb53b74379848b8c807333dc3ddbb5bde779b2c2d0aad708ca,0,0,0.8803210258483887,
0,gemm-dynamic-tail-2048,previous_fp16,2.52699999,True,0,0.000178823698,0.707763672,4d67bb822e026ebb53b74379848b8c807333dc3ddbb5bde779b2c2d0aad708ca,0,0,0.7085139751434326,
0,gemm-dynamic-tail-2048,fp32,2.56579167,True,0,0.000178823698,0.707763672,4d67bb822e026ebb53b74379848b8c807333dc3ddbb5bde779b2c2d0aad708ca,0,0,0.6849358081817627,
0,gemm-dynamic-tail-2048,previous_fp32,2.54345834,True,0,0.000178823698,0.707763672,4d67bb822e026ebb53b74379848b8c807333dc3ddbb5bde779b2c2d0aad708ca,0,0,0.6875739097595215,
0,gemm-dynamic-tail-2048,int8,1.6055,True,0,0.0039566862,11.9462891,20aae2c54ca7162fc3e8ef5c531d15b6c60e78be906b9f1896a5009449e75dde,1,0,2.083012104034424,
0,gemm-dynamic-tail-2048,previous_int8,1.58795834,True,0,0.0039566862,11.9462891,20aae2c54ca7162fc3e8ef5c531d15b6c60e78be906b9f1896a5009449e75dde,1,0,0.7381210327148438,
0,gemm-dynamic-tail-2048,mlx,2.52904,True,0,0.000223884,0.630859,,,,0.7400801181793213,
0,gemm-dynamic-tail-4096,fp16,5.08325,True,0,0.00017022693,0.809326172,e596a514a68f78437f80e59d1cc2aacd7fbc916e43b6b7add8c66d1b9ce007cb,0,0,0.7130491733551025,
0,gemm-dynamic-tail-4096,previous_fp16,5.18024999,True,0,0.00017022693,0.809326172,e596a514a68f78437f80e59d1cc2aacd7fbc916e43b6b7add8c66d1b9ce007cb,0,0,0.7241170406341553,
0,gemm-dynamic-tail-4096,fp32,5.0515,True,0,0.00017022693,0.809326172,e596a514a68f78437f80e59d1cc2aacd7fbc916e43b6b7add8c66d1b9ce007cb,0,0,0.7219669818878174,
0,gemm-dynamic-tail-4096,previous_fp32,5.06329167,True,0,0.00017022693,0.809326172,e596a514a68f78437f80e59d1cc2aacd7fbc916e43b6b7add8c66d1b9ce007cb,0,0,0.7130417823791504,
0,gemm-dynamic-tail-4096,int8,2.92395832,True,0,0.00362707273,10.8210449,45672bf1e73eeaeda7d53af171cbdf9154a077035ec885242ee4b4782ac0f9cb,1,0,1.652320146560669,
0,gemm-dynamic-tail-4096,previous_int8,2.92945834,True,0,0.00362707273,10.8210449,45672bf1e73eeaeda7d53af171cbdf9154a077035ec885242ee4b4782ac0f9cb,1,0,0.7639470100402832,
0,gemm-dynamic-tail-4096,mlx,4.99112,True,0,0.000239718,0.455322,,,,0.8419320583343506,
0,gemm-dynamic-tail-8192,fp16,10.8055417,True,0,0.00175882665,11.5666504,a153a17960c1d5172beb523c61b0b3a385b3f66326183c481f059317917082f9,0,0,2.423711061477661,
0,gemm-dynamic-tail-8192,previous_fp16,10.79475,True,0,0.00175882665,11.5666504,a153a17960c1d5172beb523c61b0b3a385b3f66326183c481f059317917082f9,0,0,0.9952602386474609,
0,gemm-dynamic-tail-8192,fp32,12.6363333,True,0,0.000178541166,0.809326172,9e9af2acf23c258e8ff489b0fc769a57632899b1b81f3ec8dbb37844747e2886,0,0,2.225830078125,
0,gemm-dynamic-tail-8192,previous_fp32,12.7069167,True,0,0.000178541166,0.809326172,9e9af2acf23c258e8ff489b0fc769a57632899b1b81f3ec8dbb37844747e2886,0,0,0.8290369510650635,
0,gemm-dynamic-tail-8192,int8,5.60154168,True,0,0.0042350793,11.8151855,322520902f1139fb408ad0dde0f4c0fe7bc46d81dae59890eebc8fd929bfa62a,1,0,0.8272347450256348,
0,gemm-dynamic-tail-8192,previous_int8,5.57358333,True,0,0.0042350793,11.8151855,322520902f1139fb408ad0dde0f4c0fe7bc46d81dae59890eebc8fd929bfa62a,1,0,0.8289740085601807,
0,gemm-dynamic-tail-8192,mlx,9.88104,True,0,0.000335768,0.900391,,,,1.0413179397583008,
0,attn-d64-r16-c65,fp16,0.0159166666,True,0,0.000470684626,2.27706913e-05,7551a1aef7d4553a517b43aadb587685f573ea8e9005c82d17d447e58d257153,0,0,6.006565093994141,
0,attn-d64-r16-c65,previous_fp16,0.0162083452,True,0,0.000470684626,2.27706913e-05,7551a1aef7d4553a517b43aadb587685f573ea8e9005c82d17d447e58d257153,0,0,5.815311908721924,
0,attn-d64-r16-c65,int8,0.0245000119,True,0,0.00719186599,0.000299246648,1cad5a00dbe369e1798c1aae38f14c5d8c85410249f04a2f15e1ae41783fca3b,0,0,4.077871084213257,
0,attn-d64-r16-c65,previous_int8,0.0243749964,True,0,0.00719186599,0.000299246648,1cad5a00dbe369e1798c1aae38f14c5d8c85410249f04a2f15e1ae41783fca3b,0,0,3.925438165664673,
0,attn-d64-r16-c65,mlx,0.0115417,True,0,,1.85159e-05,,,,7.664332151412964,
0,attn-d64-r64-c64,fp16,0.00774998625,True,0,0.000517367109,2.89856846e-05,28d0d22f07026b5d3558cfa7a6b1633463d0016f1ca343756c8e03dd6bc4c9aa,0,0,10.781554222106934,
0,attn-d64-r64-c64,previous_fp16,0.00762499985,True,0,0.000517367109,2.89856846e-05,28d0d22f07026b5d3558cfa7a6b1633463d0016f1ca343756c8e03dd6bc4c9aa,0,0,11.009176015853882,
0,attn-d64-r64-c64,int8,0.0220000074,True,0,0.00656013419,0.000283128744,0a4af5a40154264066fa2f5bc5f219e83776174fbb2360c648009c1a18124829,0,0,4.580687999725342,
0,attn-d64-r64-c64,previous_int8,0.0225416734,True,0,0.00656013419,0.000283128744,0a4af5a40154264066fa2f5bc5f219e83776174fbb2360c648009c1a18124829,0,0,4.378643035888672,
0,attn-d64-r64-c64,mlx,0.00733334,True,0,,1.91436e-05,,,,11.304475784301758,
0,attn-d64-r65-c128,fp16,0.0143750076,True,0,0.00046931041,2.92953577e-05,aff64930e9a97458a4acfb2a38903d1ddcefdb9ebb635c2cebca287811bea831,0,0,6.184414863586426,
0,attn-d64-r65-c128,previous_fp16,0.0161666685,True,0,0.00046931041,2.92953577e-05,aff64930e9a97458a4acfb2a38903d1ddcefdb9ebb635c2cebca287811bea831,0,0,6.501659870147705,
0,attn-d64-r65-c128,int8,0.0243749964,True,0,0.0073575865,0.000325639268,063858c8725cd33fe876c2d1f406108f57a7aec222f8a225ea88102f781b8aa7,0,0,4.075321197509766,
0,attn-d64-r65-c128,previous_int8,0.0242499955,True,0,0.0073575865,0.000325639268,063858c8725cd33fe876c2d1f406108f57a7aec222f8a225ea88102f781b8aa7,0,0,3.729418992996216,
0,attn-d64-r65-c128,mlx,0.010125,True,0,,1.26455e-05,,,,8.289451837539673,
0,attn-d64-r255-c257,fp16,0.0311250042,True,0,0.000437374107,1.86885712e-05,d1948b49a52bf6bc4edd4f25a7628970de4bb63904a0128e982bfeb0ea7817aa,0,0,3.2346911430358887,
0,attn-d64-r255-c257,previous_fp16,0.0306250004,True,0,0.000437374107,1.86885712e-05,d1948b49a52bf6bc4edd4f25a7628970de4bb63904a0128e982bfeb0ea7817aa,0,0,3.1960337162017822,
0,attn-d64-r255-c257,int8,0.0308750023,True,0,0.0251262424,0.000853593545,aca4da6e6e651bf25189fa040218ebb10bc9d24e66fb30e8470888b96e89ddf9,0,0,3.3405299186706543,
0,attn-d64-r255-c257,previous_int8,0.0309166644,True,0,0.0251262424,0.000853593545,aca4da6e6e651bf25189fa040218ebb10bc9d24e66fb30e8470888b96e89ddf9,0,0,3.189023971557617,
0,attn-d64-r255-c257,mlx,0.01775,True,0,,1.64741e-05,,,,4.908740043640137,
0,attn-d64-r256-c257,fp16,0.0270000019,True,0,0.000351231529,1.95383945e-05,1878bc53e3a028c322f9e3aca668923865412dc280fa209d444a20765ae9ad9a,0,0,3.78682017326355,
0,attn-d64-r256-c257,previous_fp16,0.0270000019,True,0,0.000351231529,1.95383945e-05,1878bc53e3a028c322f9e3aca668923865412dc280fa209d444a20765ae9ad9a,0,0,3.606157064437866,
0,attn-d64-r256-c257,int8,0.0290833414,True,0,0.0252047944,0.00107532489,32639c576720dd596410edcb12482b2bfb03bc0854a660313f98daa7ee88d61e,0,0,3.4642751216888428,
0,attn-d64-r256-c257,previous_int8,0.0288750016,True,0,0.0252047944,0.00107532489,32639c576720dd596410edcb12482b2bfb03bc0854a660313f98daa7ee88d61e,0,0,3.423297166824341,
0,attn-d64-r256-c257,mlx,0.01725,True,0,,2.33842e-05,,,,5.115073204040527,
0,attn-d64-r257-c257,fp16,0.0263749971,True,0,0.00037779687,1.95383945e-05,e8f233b13fe4244403356d22b4860593aeddfcb979db4f63c77284c722e5ecb5,0,0,3.484042167663574,
0,attn-d64-r257-c257,previous_fp16,0.0262500107,True,0,0.00037779687,1.95383945e-05,e8f233b13fe4244403356d22b4860593aeddfcb979db4f63c77284c722e5ecb5,0,0,3.6998000144958496,
0,attn-d64-r257-c257,int8,0.0291250035,True,0,0.0230969572,0.00107532489,d3a353d13b217b42b45129ac88d46f3453fcc8285730b2dcda9d2ca77634581e,0,0,3.377084970474243,
0,attn-d64-r257-c257,previous_int8,0.0290833414,True,0,0.0230969572,0.00107532489,d3a353d13b217b42b45129ac88d46f3453fcc8285730b2dcda9d2ca77634581e,0,0,3.348906993865967,
0,attn-d64-r257-c257,mlx,0.0175,True,0,,1.86537e-05,,,,5.2042460441589355,
0,attn-d64-r1023-c1025,fp16,0.0762916607,True,0,0.000484413379,2.56749798e-05,d5f019a34b5e056c2f807c46ff17fd0b24fede3a49b661b20d5b6d3b98f24d67,0,0,1.8941569328308105,
0,attn-d64-r1023-c1025,previous_fp16,0.0762916607,True,0,0.000484413379,2.56749798e-05,d5f019a34b5e056c2f807c46ff17fd0b24fede3a49b661b20d5b6d3b98f24d67,0,0,1.676393985748291,
0,attn-d64-r1023-c1025,int8,0.0545416697,True,0,0.00794194429,0.000371150857,7fc82bf1ffb86e5f67881bd36bb4fbe8eea88eab8ea6daf2dad70bd29406b47b,0,0,2.1218671798706055,
0,attn-d64-r1023-c1025,previous_int8,0.0547083328,True,0,0.00794194429,0.000371150857,7fc82bf1ffb86e5f67881bd36bb4fbe8eea88eab8ea6daf2dad70bd29406b47b,0,0,2.037648916244507,
0,attn-d64-r1023-c1025,mlx,0.0451667,True,0,,2.06307e-05,,,,2.210322856903076,
0,attn-d64-r2048-c4095,fp16,0.418374999,True,0,0.000405390739,2.50919624e-05,741d613621a13776614d22b073491659b9e2b06239e98a5d9e583de84ad7ae51,0,0,1.1694080829620361,
0,attn-d64-r2048-c4095,previous_fp16,0.420041659,True,0,0.000405390739,2.50919624e-05,741d613621a13776614d22b073491659b9e2b06239e98a5d9e583de84ad7ae51,0,0,0.9925079345703125,
0,attn-d64-r2048-c4095,int8,0.166500002,True,0,0.00564717429,0.000283534225,7ccdf8d5e9b0f281a49af39f8fd868f032e613248f46dc129c7a33a031ce1154,0,0,1.1938738822937012,
0,attn-d64-r2048-c4095,previous_int8,0.166333339,True,0,0.00564717429,0.000283534225,7ccdf8d5e9b0f281a49af39f8fd868f032e613248f46dc129c7a33a031ce1154,0,0,1.027411937713623,
0,attn-d64-r2048-c4095,mlx,0.175,True,0,,1.34125e-05,,,,0.9909062385559082,
0,attn-d64-r4095-c4096,fp16,0.382750004,True,0,0.000300596433,1.72249883e-05,46615a7990a49f755e9cc7298942bcec6bb09a6a1d2f52f93d2e5073177e4246,0,0,0.929703950881958,
0,attn-d64-r4095-c4096,previous_fp16,0.381541671,True,0,0.000300596433,1.72249883e-05,46615a7990a49f755e9cc7298942bcec6bb09a6a1d2f52f93d2e5073177e4246,0,0,0.7730288505554199,
0,attn-d64-r4095-c4096,int8,0.291499993,True,0,0.00618145273,0.000283614437,73ea06c27c737708da39c9ab34beb1c5f4b5046d53a3d08e4c96278e24dec49e,0,0,0.980510950088501,
0,attn-d64-r4095-c4096,previous_int8,0.291000004,True,0,0.00618145273,0.000283614437,73ea06c27c737708da39c9ab34beb1c5f4b5046d53a3d08e4c96278e24dec49e,0,0,0.8347079753875732,
0,attn-d64-r4095-c4096,mlx,0.317417,True,0,,1.32935e-05,,,,0.8016760349273682,
0,attn-d64-r4096-c4096,fp16,0.374875002,True,0,0.000392409747,2.09055213e-05,a40a8869ea4d387906da1877ce9641018a9591dcfc7f1b93d481a342612dc118,0,0,0.7723240852355957,
0,attn-d64-r4096-c4096,previous_fp16,0.374125011,True,0,0.000392409747,2.09055213e-05,a40a8869ea4d387906da1877ce9641018a9591dcfc7f1b93d481a342612dc118,0,0,0.7715840339660645,
0,attn-d64-r4096-c4096,int8,0.273500002,True,0,0.00701815224,0.00027739124,f667c72fec8affbf948386bc2768b5e7acc74fdc19b69ad496b53dc3ced7fbc4,0,0,0.9810502529144287,
0,attn-d64-r4096-c4096,previous_int8,0.273541664,True,0,0.00701815224,0.00027739124,f667c72fec8affbf948386bc2768b5e7acc74fdc19b69ad496b53dc3ced7fbc4,0,0,0.8445022106170654,
0,attn-d64-r4096-c4096,mlx,0.315375,True,0,,9.9998e-06,,,,0.7930879592895508,
0,attn-d64-r4097-c4097,fp16,0.679374993,True,0,0.000424320486,2.59691396e-05,beeb776afbeb890843f0cf593f6b37752366c5645f630001d3bb36fe159f893e,0,0,0.9088649749755859,
0,attn-d64-r4097-c4097,previous_fp16,0.678625001,True,0,0.000424320486,2.59691396e-05,beeb776afbeb890843f0cf593f6b37752366c5645f630001d3bb36fe159f893e,0,0,0.707726240158081,
0,attn-d64-r4097-c4097,int8,0.306250004,True,0,0.0060945042,0.00025919602,35113144677db753fb58d1615146b13d693db114d70c7af8c263c4dbbc518d62,0,0,0.9867682456970215,
0,attn-d64-r4097-c4097,previous_int8,0.307875001,True,0,0.0060945042,0.00025919602,35113144677db753fb58d1615146b13d693db114d70c7af8c263c4dbbc518d62,0,0,0.8192882537841797,
0,attn-d64-r4097-c4097,mlx,0.331375,True,0,,1.73242e-05,,,,0.8012599945068359,
0,attn-d64-r4096-c8191,fp16,0.81225,True,0,0.000340941363,1.66973455e-05,a9198042b6ca08c3187db0bc91ad1a653668f2a4bf6e088ce9ab9ccfecd8cbcc,0,0,0.8814687728881836,
0,attn-d64-r4096-c8191,previous_fp16,0.810458325,True,0,0.000340941363,1.66973455e-05,a9198042b6ca08c3187db0bc91ad1a653668f2a4bf6e088ce9ab9ccfecd8cbcc,0,0,0.6868362426757812,
0,attn-d64-r4096-c8191,int8,1.343375,True,0,0.00729101506,0.000294374136,70ad9672fcb99a46e64d3ea434bb330b8c43561f88e5f8370de10b4ad0c808a7,0,0,0.8915152549743652,
0,attn-d64-r4096-c8191,previous_int8,0.536625012,True,0,0.00729101506,0.000294374136,70ad9672fcb99a46e64d3ea434bb330b8c43561f88e5f8370de10b4ad0c808a7,0,0,0.7803120613098145,
0,attn-d64-r4096-c8191,mlx,0.647167,True,0,,1.35981e-05,,,,0.7074680328369141,
0,attn-d64-r4096-c8192,fp16,0.738333329,True,0,0.000373838433,1.68764635e-05,0dbb5a455996f844ff2c67e2899eb73cb36f1c6a482a520d1ece0c295f41234b,0,0,0.8527050018310547,
0,attn-d64-r4096-c8192,previous_fp16,0.738750008,True,0,0.000373838433,1.68764635e-05,0dbb5a455996f844ff2c67e2899eb73cb36f1c6a482a520d1ece0c295f41234b,0,0,0.7015948295593262,
0,attn-d64-r4096-c8192,int8,0.522125003,True,0,0.00754177622,0.000302634848,d7ae95cdfafbde2ca7de43711230b71e64426fe7824c567de538d6bb9a474757,0,0,0.9097137451171875,
0,attn-d64-r4096-c8192,previous_int8,0.522625007,True,0,0.00754177622,0.000302634848,d7ae95cdfafbde2ca7de43711230b71e64426fe7824c567de538d6bb9a474757,0,0,0.7574882507324219,
0,attn-d64-r4096-c8192,mlx,1.1385,True,0,,1.27204e-05,,,,0.6202409267425537,
0,attn-d64-r4096-c8193,fp16,1.31308334,True,0,0.000352372834,2.19767215e-05,df56dc192b8f2f36b2b349e6a8024b44545697759a8a24b6805e80f14b7425f2,0,0,0.8656032085418701,
0,attn-d64-r4096-c8193,previous_fp16,1.3145,True,0,0.000352372834,2.19767215e-05,df56dc192b8f2f36b2b349e6a8024b44545697759a8a24b6805e80f14b7425f2,0,0,0.8206839561462402,
0,attn-d64-r4096-c8193,int8,0.539624991,True,0,0.0068733247,0.000267484698,fb8ae65e7e5cb3dd7c8cd1538a3e82dbafcaea9fb6faece05c5ed688e79291ac,0,0,0.9250853061676025,
0,attn-d64-r4096-c8193,previous_int8,0.541375004,True,0,0.0068733247,0.000267484698,fb8ae65e7e5cb3dd7c8cd1538a3e82dbafcaea9fb6faece05c5ed688e79291ac,0,0,0.7675046920776367,
0,attn-d64-r4096-c8193,mlx,0.64975,True,0,,1.40324e-05,,,,0.7171120643615723,
0,attn-d64-r8193-c4097,fp16,0.960458347,True,0,0.000440089048,2.59691396e-05,91e2f6d3b83a6a1c72ca2041be6778018e0a63cf469393a51c8df8f85fe57808,0,0,0.8855013847351074,
0,attn-d64-r8193-c4097,previous_fp16,0.960375008,True,0,0.000440089048,2.59691396e-05,91e2f6d3b83a6a1c72ca2041be6778018e0a63cf469393a51c8df8f85fe57808,0,0,0.6735761165618896,
0,attn-d64-r8193-c4097,int8,0.565374998,True,0,0.00551965597,0.000245333481,997327600c29f54c419cd151f6d20bb547bc653647467127f39f5e6cbafa4701,0,0,0.9283580780029297,
0,attn-d64-r8193-c4097,previous_int8,0.576874998,True,0,0.00551965597,0.000245333481,997327600c29f54c419cd151f6d20bb547bc653647467127f39f5e6cbafa4701,0,0,0.7583348751068115,
0,attn-d64-r8193-c4097,mlx,0.63525,True,0,,1.6126e-05,,,,0.7305002212524414,
0,attn-groups-d64-b2-h8-8,fp16,0.294375001,True,0,0.00027135297,1.53742711e-05,a6ed5698c680c0221ba04817f02a80b41bbf95e0c3a81462c6a796db5ca4b241,0,0,1.1237969398498535,
0,attn-groups-d64-b2-h8-8,previous_fp16,0.739875002,True,0,0.00027135297,1.53742711e-05,a6ed5698c680c0221ba04817f02a80b41bbf95e0c3a81462c6a796db5ca4b241,0,0,0.841717004776001,
0,attn-groups-d64-b2-h8-8,int8,0.168500002,True,0,0.00663961833,0.00027886819,d2a2c9769381ae1da7ee923fe76b7e1c90bcd59c8dde9cf64ff9df21d89c3867,0,0,1.233747959136963,
0,attn-groups-d64-b2-h8-8,previous_int8,0.168208324,True,0,0.00663961833,0.00027886819,d2a2c9769381ae1da7ee923fe76b7e1c90bcd59c8dde9cf64ff9df21d89c3867,0,0,1.0997350215911865,
0,attn-groups-d64-b2-h8-8,mlx,0.0935,True,0,,1.96061e-05,,,,1.4723460674285889,
0,attn-groups-d64-b1-h12-3,fp16,0.217333334,True,0,0.000405382647,1.6793293e-05,a67c8c8b1fa656e85cceab5f31c6eacfa7728c705a81d9c41c3b2cacaafeec50,0,0,1.3399279117584229,
0,attn-groups-d64-b1-h12-3,previous_fp16,0.216708344,True,0,0.000405382647,1.6793293e-05,a67c8c8b1fa656e85cceab5f31c6eacfa7728c705a81d9c41c3b2cacaafeec50,0,0,1.1369807720184326,
0,attn-groups-d64-b1-h12-3,int8,0.0998750038,True,0,0.00702396079,0.000299254465,e19d90345dad1819dfd4f6733f0861651ffb598a03b79f9d65897d4aee5f06ac,0,0,1.7867498397827148,
0,attn-groups-d64-b1-h12-3,previous_int8,0.100249992,True,0,0.00702396079,0.000299254465,e19d90345dad1819dfd4f6733f0861651ffb598a03b79f9d65897d4aee5f06ac,0,0,1.6269700527191162,
0,attn-groups-d64-b1-h12-3,mlx,0.0886667,True,0,,9.33702e-06,,,,1.4497039318084717,
0,attn-groups-d64-b1-h18-6,fp16,0.289958334,True,0,0.000413649228,2.91351671e-05,f3c466b6e2eefc2a1b95b3ba37038bf03b682eff7c79bb470dd9fe8879fef219,0,0,1.2854669094085693,
0,attn-groups-d64-b1-h18-6,previous_fp16,0.290291675,True,0,0.000413649228,2.91351671e-05,f3c466b6e2eefc2a1b95b3ba37038bf03b682eff7c79bb470dd9fe8879fef219,0,0,1.0855860710144043,
0,attn-groups-d64-b1-h18-6,int8,0.137166659,True,0,0.00608287026,0.000306117599,bde24e9bd1d7003c6a6c76421f511705495480092b01634f644e1e95b299b669,0,0,1.5744609832763672,
0,attn-groups-d64-b1-h18-6,previous_int8,0.137166673,True,0,0.00608287026,0.000306117599,bde24e9bd1d7003c6a6c76421f511705495480092b01634f644e1e95b299b669,0,0,1.4216878414154053,
0,attn-groups-d64-b1-h18-6,mlx,0.094625,True,0,,2.05512e-05,,,,1.4634408950805664,
0,attn-groups-d64-b1-h56-7,fp16,0.866249989,True,0,0.000372122028,1.5955144e-05,7e89f12e42fccf234562744591c349c1cd502093019cbba682bac12ed73651eb,0,0,1.063025951385498,
0,attn-groups-d64-b1-h56-7,previous_fp16,0.868374991,True,0,0.000372122028,1.5955144e-05,7e89f12e42fccf234562744591c349c1cd502093019cbba682bac12ed73651eb,0,0,0.8567731380462646,
0,attn-groups-d64-b1-h56-7,int8,0.317958329,True,0,0.00761744753,0.000324825839,66fb07025c805ec1bf06b638d8310098ec319ce9eb03c355efa347f05309ba88,0,0,1.2178051471710205,
0,attn-groups-d64-b1-h56-7,previous_int8,0.316666657,True,0,0.00761744753,0.000324825839,66fb07025c805ec1bf06b638d8310098ec319ce9eb03c355efa347f05309ba88,0,0,1.0690131187438965,
0,attn-groups-d64-b1-h56-7,mlx,0.327167,True,0,,1.13367e-05,,,,0.7822420597076416,
0,attn-dynamic-d64,fp16,1.364125,True,0,0.000384643007,1.90611175e-05,bda240375d20e9fdac9678761108f42af8c1971609bccc6f8dc1e514d9222d67,0,0,1.0859389305114746,
0,attn-dynamic-d64,previous_fp16,1.365875,True,0,0.000384643007,1.90611175e-05,bda240375d20e9fdac9678761108f42af8c1971609bccc6f8dc1e514d9222d67,0,0,0.8971540927886963,
0,attn-dynamic-d64,int8,0.72154167,True,0,0.00560500408,0.000273598245,a882b8cc9bae06dcb4be3b9483142e403b5f708c59962f373b463e143e06256b,0,0,1.272329330444336,
0,attn-dynamic-d64,previous_int8,0.721999997,True,0,0.00560500408,0.000273598245,a882b8cc9bae06dcb4be3b9483142e403b5f708c59962f373b463e143e06256b,0,0,1.0435149669647217,
0,attn-dynamic-d64,mlx,0.6565,True,0,,1.63959e-05,,,,0.7163419723510742,
0,attn-causal-d64,fp16,0.138416668,True,0,0.000396978596,1.66035186e-05,4e6a978b092ee8345d8bd89260a4cca078b82678bd6aa46504cb5baf39d24e13,0,0,1.5881338119506836,
0,attn-causal-d64,previous_fp16,0.138374991,True,0,0.000396978596,1.66035186e-05,4e6a978b092ee8345d8bd89260a4cca078b82678bd6aa46504cb5baf39d24e13,0,0,1.4365980625152588,
0,attn-causal-d64,int8,0.107125001,True,0,0.00764770813,0.000378572357,1b556c470be76dd5e56d55710c9ceae20bc8a6cffe727f5e82b38c043adc65fc,0,0,1.9183411598205566,
0,attn-causal-d64,previous_int8,0.106749998,True,0,0.00764770813,0.000378572357,1b556c470be76dd5e56d55710c9ceae20bc8a6cffe727f5e82b38c043adc65fc,0,0,1.7204978466033936,
0,attn-causal-d64,mlx,0.084125,True,0,,1.81537e-05,,,,1.5922281742095947,
0,attn-d128-r16-c65,fp16,0.0368750043,True,0,0.000343658258,2.73973202e-05,6ab21c341302b212eaeb0fb8d17bca7c2f277d68a5deb273c649ae641b97f192,0,0,5.297666788101196,
0,attn-d128-r16-c65,previous_fp16,0.0211666629,True,0,0.000343658258,2.73973202e-05,6ab21c341302b212eaeb0fb8d17bca7c2f277d68a5deb273c649ae641b97f192,0,0,5.030056953430176,
0,attn-d128-r16-c65,int8,0.0339583348,True,0,0.00428683341,0.000288369582,be0b5ef8e3d2b48b3139e744b3691870592570aba51198a603352e6f9a23c318,0,0,3.7071738243103027,
0,attn-d128-r16-c65,previous_int8,0.0343749998,True,0,0.00428683341,0.000288369582,be0b5ef8e3d2b48b3139e744b3691870592570aba51198a603352e6f9a23c318,0,0,3.859570026397705,
0,attn-d128-r16-c65,mlx,0.0187917,True,0,,2.65543e-05,,,,5.1361610889434814,
0,attn-d128-r64-c64,fp16,0.0108749955,True,0,0.000276859295,1.98728431e-05,cdd89107d62d74f63ac08e30b519f5d35838feecd9934a908cce00f28db08e62,0,0,9.5193030834198,
0,attn-d128-r64-c64,previous_fp16,0.0148333347,True,0,0.000276859295,1.98728431e-05,cdd89107d62d74f63ac08e30b519f5d35838feecd9934a908cce00f28db08e62,0,0,9.609982967376709,
0,attn-d128-r64-c64,int8,0.0292499899,True,0,0.00395508566,0.000294387596,d4e88fb482b5f07bab72aa7b28f899cc84f5a7544f994b1d4fee716f0378eef7,0,0,4.575623989105225,
0,attn-d128-r64-c64,previous_int8,0.0654999894,True,0,0.00395508566,0.000294387596,d4e88fb482b5f07bab72aa7b28f899cc84f5a7544f994b1d4fee716f0378eef7,0,0,4.2888100147247314,
0,attn-d128-r64-c64,mlx,0.012625,True,0,,2.63389e-05,,,,7.640290021896362,
0,attn-d128-r65-c128,fp16,0.0223750103,True,0,0.000270111409,2.64054715e-05,cc3a34c34d863c0ae21b119a0def2695882eb94f33d348bbdbc7f36a6911c0c3,0,0,5.58459997177124,
0,attn-d128-r65-c128,previous_fp16,0.0223749958,True,0,0.000270111409,2.64054715e-05,cc3a34c34d863c0ae21b119a0def2695882eb94f33d348bbdbc7f36a6911c0c3,0,0,5.419450759887695,
0,attn-d128-r65-c128,int8,0.0335416553,True,0,0.00609890899,0.000494289782,cac83173f794eae5fc20b2bf6cc5fde6b57862c129e54d37e4dae569402c2135,0,0,3.810065984725952,
0,attn-d128-r65-c128,previous_int8,0.0337916717,True,0,0.00609890899,0.000494289782,cac83173f794eae5fc20b2bf6cc5fde6b57862c129e54d37e4dae569402c2135,0,0,3.693657159805298,
0,attn-d128-r65-c128,mlx,0.01925,True,0,,3.46306e-05,,,,6.065914154052734,
0,attn-d128-r255-c257,fp16,0.065083339,True,0,0.000320159204,1.917747e-05,8066ef31c25bd23c76497ff7d20189b6e4c0f92e22239602b0ab636c96adcc32,0,0,2.273144245147705,
0,attn-d128-r255-c257,previous_fp16,0.0641666702,True,0,0.000320159204,1.917747e-05,8066ef31c25bd23c76497ff7d20189b6e4c0f92e22239602b0ab636c96adcc32,0,0,2.030211925506592,
0,attn-d128-r255-c257,int8,0.0443750032,True,0,0.00761601688,0.000499000426,2f378a0518b82156c2ed116f0de09792e891fd46f746e621bb1e066f9e2a9ec5,0,0,3.1361279487609863,
0,attn-d128-r255-c257,previous_int8,0.0446666672,True,0,0.00761601688,0.000499000426,2f378a0518b82156c2ed116f0de09792e891fd46f746e621bb1e066f9e2a9ec5,0,0,2.886507034301758,
0,attn-d128-r255-c257,mlx,0.03325,True,0,,2.20505e-05,,,,3.777867078781128,
0,attn-d128-r256-c257,fp16,0.0290416647,True,0,0.000591716164,3.80008861e-05,d4f99a0b091431ef57901d9a7a031cf4ed34e3ec6d1cb869ca8d2ca4b1fe32f3,0,0,4.413801908493042,
0,attn-d128-r256-c257,previous_fp16,0.0290000025,True,0,0.000591716164,3.80008861e-05,d4f99a0b091431ef57901d9a7a031cf4ed34e3ec6d1cb869ca8d2ca4b1fe32f3,0,0,4.305854082107544,
0,attn-d128-r256-c257,int8,0.0415416725,True,0,0.00670602652,0.000447793878,1c542cf5bf8519c8a23de68b7ebe337f9a4d97db7dea4baf239aa9767e983820,0,0,3.2200560569763184,
0,attn-d128-r256-c257,previous_int8,0.0413333328,True,0,0.00670602652,0.000447793878,1c542cf5bf8519c8a23de68b7ebe337f9a4d97db7dea4baf239aa9767e983820,0,0,3.1010189056396484,
0,attn-d128-r256-c257,mlx,0.032125,True,0,,3.56621e-05,,,,3.9628243446350098,
0,attn-d128-r257-c257,fp16,0.031500007,True,0,0.000534168964,3.80008861e-05,f9508656b5e90fb16f9d96f96e2c056bfa97ad8d1f701c40e563f3b3da5237ca,0,0,3.9348690509796143,
0,attn-d128-r257-c257,previous_fp16,0.0313750061,True,0,0.000534168964,3.80008861e-05,f9508656b5e90fb16f9d96f96e2c056bfa97ad8d1f701c40e563f3b3da5237ca,0,0,3.9816818237304688,
0,attn-d128-r257-c257,int8,0.0428749918,True,0,0.0064779501,0.000401149205,c07b3b771545d9fecd64971643f49298127bf8b63aba9bf7510429d9a10bbc01,0,0,2.9823379516601562,
0,attn-d128-r257-c257,previous_int8,0.0431249937,True,0,0.0064779501,0.000401149205,c07b3b771545d9fecd64971643f49298127bf8b63aba9bf7510429d9a10bbc01,0,0,2.9506611824035645,
0,attn-d128-r257-c257,mlx,0.03325,True,0,,2.60974e-05,,,,3.603969097137451,
0,attn-d128-r1023-c1025,fp16,0.0916249992,True,0,0.00045928817,3.17929933e-05,57817103d19fdb56c56122f8a23484515683c75dbd7f479374684f08950b347f,0,0,1.4984169006347656,
0,attn-d128-r1023-c1025,previous_fp16,0.0913333351,True,0,0.00045928817,3.17929933e-05,57817103d19fdb56c56122f8a23484515683c75dbd7f479374684f08950b347f,0,0,1.491671085357666,
0,attn-d128-r1023-c1025,int8,0.0839166605,True,0,0.00514689557,0.000332015403,f9788e9023faebdc95ab377e5c9cf91bd98096c8f84d2fa284c60530c5933c0d,0,0,1.8562960624694824,
0,attn-d128-r1023-c1025,previous_int8,0.0835833343,True,0,0.00514689557,0.000332015403,f9788e9023faebdc95ab377e5c9cf91bd98096c8f84d2fa284c60530c5933c0d,0,0,1.5954439640045166,
0,attn-d128-r1023-c1025,mlx,0.1005,True,0,,2.95721e-05,,,,1.4273030757904053,
0,attn-d128-r2048-c4095,fp16,0.381249993,True,0,0.000402642498,2.86552467e-05,e10abec320cd18d6e3d8619d230960599b9d4d4661d16af89fe95f32e9faf5e1,0,0,0.8235678672790527,
0,attn-d128-r2048-c4095,previous_fp16,0.381291669,True,0,0.000402642498,2.86552467e-05,e10abec320cd18d6e3d8619d230960599b9d4d4661d16af89fe95f32e9faf5e1,0,0,0.8225939273834229,
0,attn-d128-r2048-c4095,int8,0.285874994,True,0,0.00448937967,0.000317822396,ba397127cc249d1fa1164d2c60dde7b2ee9ad0020fe9aee9f6d4ea438bce36f0,0,0,1.1758263111114502,
0,attn-d128-r2048-c4095,previous_int8,0.28475,True,0,0.00448937967,0.000317822396,ba397127cc249d1fa1164d2c60dde7b2ee9ad0020fe9aee9f6d4ea438bce36f0,0,0,0.9422469139099121,
0,attn-d128-r2048-c4095,mlx,0.38825,True,0,,2.86564e-05,,,,0.8280470371246338,
0,attn-d128-r4095-c4096,fp16,0.798333334,True,0,0.000461289589,3.41314317e-05,9a2bd781357483619dc66cef76773105b2a61855b09ff8d5610aeafbab91db27,0,0,0.8344578742980957,
0,attn-d128-r4095-c4096,previous_fp16,0.798291658,True,0,0.000461289589,3.41314317e-05,9a2bd781357483619dc66cef76773105b2a61855b09ff8d5610aeafbab91db27,0,0,0.7051782608032227,
0,attn-d128-r4095-c4096,int8,0.536749998,True,0,0.00390010478,0.000215435053,f28e080bab0b413e502dc78b95043f9cf4c6d8af5607f7e6c3f11ac3061260ea,0,0,1.010227918624878,
0,attn-d128-r4095-c4096,previous_int8,0.537541666,True,0,0.00390010478,0.000215435053,f28e080bab0b413e502dc78b95043f9cf4c6d8af5607f7e6c3f11ac3061260ea,0,0,0.7851121425628662,
0,attn-d128-r4095-c4096,mlx,0.80525,True,0,,3.4132e-05,,,,0.6942121982574463,
0,attn-d128-r4096-c4096,fp16,0.785125012,True,0,0.000345635447,2.87055722e-05,1d0972651194135008cebbcf4fad70e9aab6a057d1723ea38a99a1772920aa5b,0,0,0.7115938663482666,
0,attn-d128-r4096-c4096,previous_fp16,0.785666678,True,0,0.000345635447,2.87055722e-05,1d0972651194135008cebbcf4fad70e9aab6a057d1723ea38a99a1772920aa5b,0,0,0.7114510536193848,
0,attn-d128-r4096-c4096,int8,0.482583331,True,0,0.0043588268,0.000259872806,1e81c925684f00d0012affbb08e5a6812b8a7e7fc6a7d0e7e4b5174a18cb2aa3,0,0,0.9974768161773682,
0,attn-d128-r4096-c4096,previous_int8,0.4835,True,0,0.0043588268,0.000259872806,1e81c925684f00d0012affbb08e5a6812b8a7e7fc6a7d0e7e4b5174a18cb2aa3,0,0,0.8113958835601807,
0,attn-d128-r4096-c4096,mlx,0.79725,True,0,,2.87058e-05,,,,0.6978790760040283,
0,attn-d128-r4097-c4097,fp16,0.757624992,True,0,0.0003288816,2.48688432e-05,3a7f23c2770ef4b5638613105102494456ec4b118b06bd464836725b7fd94ab6,0,0,0.7131400108337402,
0,attn-d128-r4097-c4097,previous_fp16,0.761124989,True,0,0.0003288816,2.48688432e-05,3a7f23c2770ef4b5638613105102494456ec4b118b06bd464836725b7fd94ab6,0,0,0.7110002040863037,
0,attn-d128-r4097-c4097,int8,0.671375004,True,0,0.00521057173,0.000260244828,64954f36af83d262ea8b59294fa18b482b8afe67c90be76491fc0cbfca8b7edb,0,0,1.1042523384094238,
0,attn-d128-r4097-c4097,previous_int8,0.670583337,True,0,0.00521057173,0.000260244828,64954f36af83d262ea8b59294fa18b482b8afe67c90be76491fc0cbfca8b7edb,0,0,0.7391891479492188,
0,attn-d128-r4097-c4097,mlx,0.781625,True,0,,1.66114e-05,,,,0.7043871879577637,
0,attn-d128-r4096-c8191,fp16,1.40150001,True,0,0.000321784642,2.21088771e-05,3b7a85adb234d3b52bd1c1989392ae11b741f2c477fb7e232d991b0ca0c08a31,0,0,0.6501169204711914,
0,attn-d128-r4096-c8191,previous_fp16,1.40108334,True,0,0.000321784642,2.21088771e-05,3b7a85adb234d3b52bd1c1989392ae11b741f2c477fb7e232d991b0ca0c08a31,0,0,0.6555790901184082,
0,attn-d128-r4096-c8191,int8,0.946625005,True,0,0.00465913627,0.000304324654,c1877a128e7cdea964b218a39eb43d3fe05242ae53c6066e6f083f6c36bb8f62,0,0,0.9134609699249268,
0,attn-d128-r4096-c8191,previous_int8,0.946083339,True,0,0.00465913627,0.000304324654,c1877a128e7cdea964b218a39eb43d3fe05242ae53c6066e6f083f6c36bb8f62,0,0,0.6984210014343262,
0,attn-d128-r4096-c8191,mlx,1.45742,True,0,,1.2434e-05,,,,0.6368792057037354,
0,attn-d128-r4096-c8192,fp16,1.570875,True,0,0.000415994742,3.47072944e-05,706691dee4ca7de62563fb90007a730f76b5a9da1fe5934a16f8a484312517cf,0,0,0.6454637050628662,
0,attn-d128-r4096-c8192,previous_fp16,1.56787501,True,0,0.000415994742,3.47072944e-05,706691dee4ca7de62563fb90007a730f76b5a9da1fe5934a16f8a484312517cf,0,0,0.6420860290527344,
0,attn-d128-r4096-c8192,int8,2.41754166,True,0,0.00457893027,0.00029518248,68704c61b720fea2df139e15f5f0429089a0ea230aebc60729b4ee05f3e83f18,0,0,1.0500397682189941,
0,attn-d128-r4096-c8192,previous_int8,0.988125001,True,0,0.00457893027,0.00029518248,68704c61b720fea2df139e15f5f0429089a0ea230aebc60729b4ee05f3e83f18,0,0,0.8562967777252197,
0,attn-d128-r4096-c8192,mlx,1.59242,True,0,,3.47085e-05,,,,0.6196050643920898,
0,attn-d128-r4096-c8193,fp16,1.40712499,True,0,0.000471552812,3.32151003e-05,8de6e5679a152ed580cc2f71915d7d34018eae19e1317f17e150ec475177fefb,0,0,0.635094165802002,
0,attn-d128-r4096-c8193,previous_fp16,1.40795833,True,0,0.000471552812,3.32151003e-05,8de6e5679a152ed580cc2f71915d7d34018eae19e1317f17e150ec475177fefb,0,0,0.6447031497955322,
0,attn-d128-r4096-c8193,int8,0.934750002,True,0,0.00438830441,0.000258458004,781a10d9cd8a4da9bff617807f92befbbe81103f1c5a3903ec8717af7fffd177,0,0,0.9115381240844727,
0,attn-d128-r4096-c8193,previous_int8,0.933208328,True,0,0.00438830441,0.000258458004,781a10d9cd8a4da9bff617807f92befbbe81103f1c5a3903ec8717af7fffd177,0,0,0.6874818801879883,
0,attn-d128-r4096-c8193,mlx,1.458,True,0,,2.54873e-05,,,,0.6291091442108154,
0,attn-d128-r8193-c4097,fp16,1.43233333,True,0,0.000359678633,2.58436198e-05,9f79e27add0ef45658202748a7ddf12eb3f94c3d35cc49b26f359caa0f722204,0,0,0.6417911052703857,
0,attn-d128-r8193-c4097,previous_fp16,1.437625,True,0,0.000359678633,2.58436198e-05,9f79e27add0ef45658202748a7ddf12eb3f94c3d35cc49b26f359caa0f722204,0,0,0.6412720680236816,
0,attn-d128-r8193-c4097,int8,1.060875,True,0,0.00529974716,0.000370884896,edde65bd1dc4fd1021709b048a538f14de5739e96e9c47b86ab8a4a981a51834,0,0,1.035310983657837,
0,attn-d128-r8193-c4097,previous_int8,1.06020833,True,0,0.00529974716,0.000370884896,edde65bd1dc4fd1021709b048a538f14de5739e96e9c47b86ab8a4a981a51834,0,0,0.6699187755584717,
0,attn-d128-r8193-c4097,mlx,1.41975,True,0,,2.58441e-05,,,,0.6260120868682861,
0,attn-groups-d128-b2-h8-8,fp16,0.212750005,True,0,0.000506537306,3.47674003e-05,49209f2ed8b00974f357189fb43d0f880816e59941453cc86d6c48c1eddb2f99,0,0,0.91628098487854,
0,attn-groups-d128-b2-h8-8,previous_fp16,0.212541665,True,0,0.000506537306,3.47674003e-05,49209f2ed8b00974f357189fb43d0f880816e59941453cc86d6c48c1eddb2f99,0,0,0.9099762439727783,
0,attn-groups-d128-b2-h8-8,int8,0.188374994,True,0,0.00425689071,0.000324251524,a392186069ab7b5547c038d66d2c43906336bc8c17bbe19e791521e6ae91717b,0,0,1.239271879196167,
0,attn-groups-d128-b2-h8-8,previous_int8,0.189500002,True,0,0.00425689071,0.000324251524,a392186069ab7b5547c038d66d2c43906336bc8c17bbe19e791521e6ae91717b,0,0,0.9746801853179932,
0,attn-groups-d128-b2-h8-8,mlx,0.215208,True,0,,3.47686e-05,,,,0.8970439434051514,
0,attn-groups-d128-b1-h12-3,fp16,0.188749997,True,0,0.000437601474,2.7537129e-05,f760cb11d6f3f33cf5f923c72d6d85cbd989c9ae984c87a9bcfe834de1f2833c,0,0,0.9565141201019287,
0,attn-groups-d128-b1-h12-3,previous_fp16,0.189333325,True,0,0.000437601474,2.7537129e-05,f760cb11d6f3f33cf5f923c72d6d85cbd989c9ae984c87a9bcfe834de1f2833c,0,0,0.9604802131652832,
0,attn-groups-d128-b1-h12-3,int8,0.148958337,True,0,0.00444842,0.000352646844,9b94e6e43c2cb16230ecc38bd65ee8367f2d01959c13cdf3eb66ea8b200e46c1,0,0,1.5144050121307373,
0,attn-groups-d128-b1-h12-3,previous_int8,0.14879166,True,0,0.00444842,0.000352646844,9b94e6e43c2cb16230ecc38bd65ee8367f2d01959c13cdf3eb66ea8b200e46c1,0,0,1.2690911293029785,
0,attn-groups-d128-b1-h12-3,mlx,0.193375,True,0,,2.72924e-05,,,,0.9585928916931152,
0,attn-groups-d128-b1-h18-6,fp16,0.218500005,True,0,0.000453241072,2.60343521e-05,a1323aeac62dec794293b6099344a67e2f74619ba951f7d8375b0b20428bcd3f,0,0,0.9086549282073975,
0,attn-groups-d128-b1-h18-6,previous_fp16,0.217749999,True,0,0.000453241072,2.60343521e-05,a1323aeac62dec794293b6099344a67e2f74619ba951f7d8375b0b20428bcd3f,0,0,0.9097480773925781,
0,attn-groups-d128-b1-h18-6,int8,0.18370834,True,0,0.00456969498,0.000294596228,8d634766c2ab9e892e41f17e2d17ca72dcbe055b9480e07b0601fcd71cdcffcd,0,0,1.4173638820648193,
0,attn-groups-d128-b1-h18-6,previous_int8,0.184625009,True,0,0.00456969498,0.000294596228,8d634766c2ab9e892e41f17e2d17ca72dcbe055b9480e07b0601fcd71cdcffcd,0,0,1.1976690292358398,
0,attn-groups-d128-b1-h18-6,mlx,0.219667,True,0,,2.27262e-05,,,,0.9006891250610352,
0,attn-groups-d128-b1-h56-7,fp16,0.751208325,True,0,0.000462004892,3.20207363e-05,04247c38f707fc479abd9e4164be77be86a61b4137ad18e82e604ddbc5d81936,0,0,0.6992142200469971,
0,attn-groups-d128-b1-h56-7,previous_fp16,0.751,True,0,0.000462004892,3.20207363e-05,04247c38f707fc479abd9e4164be77be86a61b4137ad18e82e604ddbc5d81936,0,0,0.704552173614502,
0,attn-groups-d128-b1-h56-7,int8,0.539500004,True,0,0.00411699416,0.000233914743,004bbd453bca7c6681f7eb31fdc739d5f40765a14316f3e02f7dfdcc2a1925da,0,0,1.2031970024108887,
0,attn-groups-d128-b1-h56-7,previous_int8,0.539833331,True,0,0.00411699416,0.000233914743,004bbd453bca7c6681f7eb31fdc739d5f40765a14316f3e02f7dfdcc2a1925da,0,0,0.9799809455871582,
0,attn-groups-d128-b1-h56-7,mlx,0.775375,True,0,,3.20213e-05,,,,0.6752979755401611,
0,attn-dynamic-d128,fp16,1.50441666,True,0,0.00033287803,1.89236826e-05,f0ce1e3e76b959053d910151b5bb78c686600c7bf9a62e7e6409d34c47e64281,0,0,0.6269848346710205,
0,attn-dynamic-d128,previous_fp16,1.50524999,True,0,0.00033287803,1.89236826e-05,f0ce1e3e76b959053d910151b5bb78c686600c7bf9a62e7e6409d34c47e64281,0,0,0.6330051422119141,
0,attn-dynamic-d128,int8,1.68166666,True,0,0.00456751649,0.000321742012,5eb66332d46ac957a00ca4a07a9d335a395c967e855cba28173164cde5a4fa88,0,0,0.984130859375,
0,attn-dynamic-d128,previous_int8,1.68179166,True,0,0.00456751649,0.000321742012,5eb66332d46ac957a00ca4a07a9d335a395c967e855cba28173164cde5a4fa88,0,0,0.9790561199188232,
0,attn-dynamic-d128,mlx,1.52896,True,0,,1.89218e-05,,,,0.6172561645507812,
0,attn-causal-d128,fp16,0.243208342,True,0,0.000289097683,1.78735539e-05,142a5655542f00b5054be59d37f3bea3bd51448c9878db2f54f697614e4aec4f,0,0,1.327294111251831,
0,attn-causal-d128,previous_fp16,0.243124989,True,0,0.000289097683,1.78735539e-05,142a5655542f00b5054be59d37f3bea3bd51448c9878db2f54f697614e4aec4f,0,0,1.1406018733978271,
0,attn-causal-d128,int8,0.177624999,True,0,0.00424327749,0.000339684098,760a65915386ee78ceecf1d3472bd5b92340fe851f93d4e28e00b2207a45048c,0,0,1.6959919929504395,
0,attn-causal-d128,previous_int8,0.177374997,True,0,0.00424327749,0.000339684098,760a65915386ee78ceecf1d3472bd5b92340fe851f93d4e28e00b2207a45048c,0,0,1.3296699523925781,
0,attn-causal-d128,mlx,0.170833,True,0,,3.50058e-05,,,,1.1493170261383057,
0,attn-d256-r16-c65,fp16,0.0329166651,True,0,0.000206095561,2.63141995e-05,631e04233debc1264374e3dd61e8a737db43dbcd5f444fd69f315e84e231fcb0,0,0,3.4584109783172607,
0,attn-d256-r16-c65,previous_fp16,0.0324166758,True,0,0.000206095561,2.63141995e-05,631e04233debc1264374e3dd61e8a737db43dbcd5f444fd69f315e84e231fcb0,0,0,3.2679443359375,
0,attn-d256-r16-c65,int8,0.0557500025,True,0,0.0027515038,0.000346575839,53ec01f98813c5d530ab627cabe589bb855a70b80b0a7cbfb776b02e86776732,0,0,2.444509983062744,
0,attn-d256-r16-c65,previous_int8,0.0564166694,True,0,0.0027515038,0.000346575839,53ec01f98813c5d530ab627cabe589bb855a70b80b0a7cbfb776b02e86776732,0,0,2.1828320026397705,
0,attn-d256-r16-c65,mlx,0.0270833,True,0,,2.06035e-05,,,,3.6598408222198486,
0,attn-d256-r64-c64,fp16,0.0192500011,True,0,0.000247767703,2.074677e-05,2ce079168eb49d2ad8e7d24176709cf7759337c795327a2bdec4dabe96ecef15,0,0,4.860424757003784,
0,attn-d256-r64-c64,previous_fp16,0.0188750128,True,0,0.000247767703,2.074677e-05,2ce079168eb49d2ad8e7d24176709cf7759337c795327a2bdec4dabe96ecef15,0,0,4.907777786254883,
0,attn-d256-r64-c64,int8,0.0440000003,True,0,0.00569296718,0.000553240816,10e67c3a2a437d6bd603ec245ac7ad97950826979f27dbed8cd7cb9bcdae5284,0,0,2.74471378326416,
0,attn-d256-r64-c64,previous_int8,0.0442500022,True,0,0.00569296718,0.000553240816,10e67c3a2a437d6bd603ec245ac7ad97950826979f27dbed8cd7cb9bcdae5284,0,0,2.5266969203948975,
0,attn-d256-r64-c64,mlx,0.025375,True,0,,2.07485e-05,,,,3.848923921585083,
0,attn-d256-r65-c128,fp16,0.0227916607,True,0,0.000465185191,5.34185066e-05,3daddbd5a2fdfcb987915d7e508d6ec813ee347fb7c414aac191567ebbe73c79,0,0,4.126163959503174,
0,attn-d256-r65-c128,previous_fp16,0.0226249977,True,0,0.000465185191,5.34185066e-05,3daddbd5a2fdfcb987915d7e508d6ec813ee347fb7c414aac191567ebbe73c79,0,0,4.0681750774383545,
0,attn-d256-r65-c128,int8,0.0226666743,True,0,0.000465185191,5.34185066e-05,3daddbd5a2fdfcb987915d7e508d6ec813ee347fb7c414aac191567ebbe73c79,0,1,4.122044086456299,
0,attn-d256-r65-c128,previous_int8,0.0227083365,True,0,0.000465185191,5.34185066e-05,3daddbd5a2fdfcb987915d7e508d6ec813ee347fb7c414aac191567ebbe73c79,0,1,4.114987134933472,
0,attn-d256-r65-c128,mlx,0.0285,True,0,,3.36045e-05,,,,3.4632177352905273,
0,attn-d256-r255-c257,fp16,0.0382916623,True,0,0.000336382519,2.24212571e-05,226df5e867427747ec9ac5b0d42a8c5667c85d5af59026f4b6125a8c6581bfd6,0,0,2.604732036590576,
0,attn-d256-r255-c257,previous_fp16,0.0384166779,True,0,0.000336382519,2.24212571e-05,226df5e867427747ec9ac5b0d42a8c5667c85d5af59026f4b6125a8c6581bfd6,0,0,2.621509075164795,
0,attn-d256-r255-c257,int8,0.0383750012,True,0,0.000336382519,2.24212571e-05,226df5e867427747ec9ac5b0d42a8c5667c85d5af59026f4b6125a8c6581bfd6,0,1,2.5926921367645264,
0,attn-d256-r255-c257,previous_int8,0.0383750012,True,0,0.000336382519,2.24212571e-05,226df5e867427747ec9ac5b0d42a8c5667c85d5af59026f4b6125a8c6581bfd6,0,1,2.5357980728149414,
0,attn-d256-r255-c257,mlx,0.0429583,True,0,,1.18489e-05,,,,2.4763309955596924,
0,attn-d256-r256-c257,fp16,0.0402500009,True,0,0.000307256633,2.33542051e-05,8c4eb1e50759418a816b63e0983b0ea6443dfb8034cb092ab05fa8fd0ef2fce6,0,0,2.5228490829467773,
0,attn-d256-r256-c257,previous_fp16,0.0405416649,True,0,0.000307256633,2.33542051e-05,8c4eb1e50759418a816b63e0983b0ea6443dfb8034cb092ab05fa8fd0ef2fce6,0,0,2.5039620399475098,
0,attn-d256-r256-c257,int8,0.0405833271,True,0,0.000307256633,2.33542051e-05,8c4eb1e50759418a816b63e0983b0ea6443dfb8034cb092ab05fa8fd0ef2fce6,0,1,2.482619047164917,
0,attn-d256-r256-c257,previous_int8,0.0403750018,True,0,0.000307256633,2.33542051e-05,8c4eb1e50759418a816b63e0983b0ea6443dfb8034cb092ab05fa8fd0ef2fce6,0,1,2.4845309257507324,
0,attn-d256-r256-c257,mlx,0.0409167,True,0,,1.8905e-05,,,,2.49162220954895,
0,attn-d256-r257-c257,fp16,0.0383333245,True,0,0.000359601631,4.60622159e-05,add9b82ccdce2cfc8260f4addeddbc1bd7e12524413dc1c20a81fc8c6d5a6e0e,0,0,2.649247169494629,
0,attn-d256-r257-c257,previous_fp16,0.0382083381,True,0,0.000359601631,4.60622159e-05,add9b82ccdce2cfc8260f4addeddbc1bd7e12524413dc1c20a81fc8c6d5a6e0e,0,0,2.503735065460205,
0,attn-d256-r257-c257,int8,0.0381249993,True,0,0.000359601631,4.60622159e-05,add9b82ccdce2cfc8260f4addeddbc1bd7e12524413dc1c20a81fc8c6d5a6e0e,0,1,2.632030963897705,
0,attn-d256-r257-c257,previous_int8,0.0382500002,True,0,0.000359601631,4.60622159e-05,add9b82ccdce2cfc8260f4addeddbc1bd7e12524413dc1c20a81fc8c6d5a6e0e,0,1,2.6278679370880127,
0,attn-d256-r257-c257,mlx,0.046875,True,0,,1.2161e-05,,,,2.327677011489868,
0,attn-d256-r1023-c1025,fp16,0.14441667,True,0,0.000310385911,4.07753648e-05,23a501f34bc0d4617299a386180b0fedc0dcf02b9f1124a94fbd6ca474460c72,0,0,1.0808849334716797,
0,attn-d256-r1023-c1025,previous_fp16,0.143916666,True,0,0.000310385911,4.07753648e-05,23a501f34bc0d4617299a386180b0fedc0dcf02b9f1124a94fbd6ca474460c72,0,0,1.0879452228546143,
0,attn-d256-r1023-c1025,int8,0.143750003,True,0,0.000310385911,4.07753648e-05,23a501f34bc0d4617299a386180b0fedc0dcf02b9f1124a94fbd6ca474460c72,0,1,1.0794398784637451,
0,attn-d256-r1023-c1025,previous_int8,0.144624995,True,0,0.000310385911,4.07753648e-05,23a501f34bc0d4617299a386180b0fedc0dcf02b9f1124a94fbd6ca474460c72,0,1,1.0839641094207764,
0,attn-d256-r1023-c1025,mlx,0.171,True,0,,2.2725e-05,,,,1.0207130908966064,
0,attn-d256-r2048-c4095,fp16,1.07712501,True,0,0.000282605595,3.66307279e-05,d3d8982618676e23f3188a4bd03b993ba28e6710d4efdf0f758d1d655129aaf0,0,0,0.6674208641052246,
0,attn-d256-r2048-c4095,previous_fp16,1.07629168,True,0,0.000282605595,3.66307279e-05,d3d8982618676e23f3188a4bd03b993ba28e6710d4efdf0f758d1d655129aaf0,0,0,0.6649422645568848,
0,attn-d256-r2048-c4095,int8,1.07429166,True,0,0.000282605595,3.66307279e-05,d3d8982618676e23f3188a4bd03b993ba28e6710d4efdf0f758d1d655129aaf0,0,1,0.6686267852783203,
0,attn-d256-r2048-c4095,previous_int8,1.076375,True,0,0.000282605595,3.66307279e-05,d3d8982618676e23f3188a4bd03b993ba28e6710d4efdf0f758d1d655129aaf0,0,1,0.665579080581665,
0,attn-d256-r2048-c4095,mlx,1.19758,True,0,,1.12575e-05,,,,0.6612470149993896,
0,attn-d256-r4095-c4096,fp16,1.99516666,True,0,0.000404740728,4.76368388e-05,7144303c27bb29cd24a82c63a821d1384a30804c2d0611a325fc2e6db876a4b5,0,0,0.6347591876983643,
0,attn-d256-r4095-c4096,previous_fp16,1.99449999,True,0,0.000404740728,4.76368388e-05,7144303c27bb29cd24a82c63a821d1384a30804c2d0611a325fc2e6db876a4b5,0,0,0.6359212398529053,
0,attn-d256-r4095-c4096,int8,1.99812499,True,0,0.000404740728,4.76368388e-05,7144303c27bb29cd24a82c63a821d1384a30804c2d0611a325fc2e6db876a4b5,0,1,0.6354241371154785,
0,attn-d256-r4095-c4096,previous_int8,1.99258333,True,0,0.000404740728,4.76368388e-05,7144303c27bb29cd24a82c63a821d1384a30804c2d0611a325fc2e6db876a4b5,0,1,0.6334340572357178,
0,attn-d256-r4095-c4096,mlx,2.18792,True,0,,3.06244e-05,,,,0.7528867721557617,
0,attn-d256-r4096-c4096,fp16,2.09675,True,0,0.000413948153,5.04327584e-05,a3481a2394000772e279550fcbcd1e8e612d67356178f9120903d11271cbafde,0,0,0.6356837749481201,
0,attn-d256-r4096-c4096,previous_fp16,2.09508334,True,0,0.000413948153,5.04327584e-05,a3481a2394000772e279550fcbcd1e8e612d67356178f9120903d11271cbafde,0,0,0.6321048736572266,
0,attn-d256-r4096-c4096,int8,1.51329166,True,0,0.00481376359,0.000488637578,25c240d6988e54c515ac7cac8ae42ce4111d9f0f10541a87ea52d4092cb31aba,0,0,0.9934592247009277,
0,attn-d256-r4096-c4096,previous_int8,1.51595833,True,0,0.00481376359,0.000488637578,25c240d6988e54c515ac7cac8ae42ce4111d9f0f10541a87ea52d4092cb31aba,0,0,0.8393471240997314,
0,attn-d256-r4096-c4096,mlx,2.17862,True,0,,4.01443e-05,,,,0.6289820671081543,
0,attn-d256-r4097-c4097,fp16,1.90062499,True,0,0.00036536258,3.82109895e-05,f3a0b5ca10e4a5bbfa39e81c42749fd5dbbbe89fc2158580d9e8bd6b6908f0e9,0,0,0.634929895401001,
0,attn-d256-r4097-c4097,previous_fp16,1.900125,True,0,0.00036536258,3.82109895e-05,f3a0b5ca10e4a5bbfa39e81c42749fd5dbbbe89fc2158580d9e8bd6b6908f0e9,0,0,0.6356232166290283,
0,attn-d256-r4097-c4097,int8,1.47287501,True,0,0.00408323477,0.000473310279,c14a7a88658bb2da210f828a6c9f159479460c838f411da93644f091e686c5e2,0,0,1.0474491119384766,
0,attn-d256-r4097-c4097,previous_int8,1.47825001,True,0,0.00408323477,0.000473310279,c14a7a88658bb2da210f828a6c9f159479460c838f411da93644f091e686c5e2,0,0,0.8415563106536865,
0,attn-d256-r4097-c4097,mlx,2.39013,True,0,,2.28235e-05,,,,0.627161979675293,
0,attn-d256-r4096-c8191,fp16,3.99658333,True,0,0.000477635473,4.61577798e-05,cc91a2bbfcf3425359f4f8a189da7a6be0b44079f63f6f95bcd2c3efd533802e,0,0,0.640113115310669,
0,attn-d256-r4096-c8191,previous_fp16,3.99687501,True,0,0.000477635473,4.61577798e-05,cc91a2bbfcf3425359f4f8a189da7a6be0b44079f63f6f95bcd2c3efd533802e,0,0,0.6440830230712891,
0,attn-d256-r4096-c8191,int8,3.05091667,True,0,0.00449073446,0.000494493597,b4430c70a139a30042b2a6f193646175916cdf27ccccbe7cc71bd8b6f69b3940,0,0,0.8387269973754883,
0,attn-d256-r4096-c8191,previous_int8,3.048625,True,0,0.00449073446,0.000494493597,b4430c70a139a30042b2a6f193646175916cdf27ccccbe7cc71bd8b6f69b3940,0,0,0.7093980312347412,
0,attn-d256-r4096-c8191,mlx,4.82829,True,0,,3.01483e-05,,,,0.6476168632507324,
0,attn-d256-r4096-c8192,fp16,4.36124999,True,0,0.000434211166,4.18982125e-05,9bd9bbe2db7e68be064d8ecd10ccf1faea07fb215f825bb1acc7bfa8089f3fc4,0,0,0.6428701877593994,
0,attn-d256-r4096-c8192,previous_fp16,4.32187501,True,0,0.000434211166,4.18982125e-05,9bd9bbe2db7e68be064d8ecd10ccf1faea07fb215f825bb1acc7bfa8089f3fc4,0,0,0.6440458297729492,
0,attn-d256-r4096-c8192,int8,3.017625,True,0,0.00458722336,0.000462448666,78b1f89e079553347fc09c78e122bdf8e2f90f6ce1b8fb2a093c202b7808c9fe,0,0,0.8461639881134033,
0,attn-d256-r4096-c8192,previous_int8,3.01770832,True,0,0.00458722336,0.000462448666,78b1f89e079553347fc09c78e122bdf8e2f90f6ce1b8fb2a093c202b7808c9fe,0,0,0.6542420387268066,
0,attn-d256-r4096-c8192,mlx,4.55575,True,0,,2.3472e-05,,,,0.6550309658050537,
0,attn-d256-r4096-c8193,fp16,4.007875,True,0,0.000351255581,3.75299177e-05,8804119e3c6e2a8e68d496ec10f27942dddff595d7166a1d0b1e6bc2b9728ade,0,0,0.6394948959350586,
0,attn-d256-r4096-c8193,previous_fp16,4.012,True,0,0.000351255581,3.75299177e-05,8804119e3c6e2a8e68d496ec10f27942dddff595d7166a1d0b1e6bc2b9728ade,0,0,0.6388628482818604,
0,attn-d256-r4096-c8193,int8,3.06791667,True,0,0.00475607597,0.000463100617,536ac4be0af41a24ae40219bdd979cf7fe7d88c81f99065686f7b8ba9f711a94,0,0,0.8463799953460693,
0,attn-d256-r4096-c8193,previous_int8,3.0675,True,0,0.00475607597,0.000463100617,536ac4be0af41a24ae40219bdd979cf7fe7d88c81f99065686f7b8ba9f711a94,0,0,0.6476271152496338,
0,attn-d256-r4096-c8193,mlx,4.81879,True,0,,2.96368e-05,,,,0.6479628086090088,
0,attn-d256-r8193-c4097,fp16,3.40045834,True,0,0.000356922913,3.82109895e-05,99ae6f622c3d0286053ac5ca37ae6e1aaf0c5501d5065f1846be8a40e17dabb7,0,0,0.6389069557189941,
0,attn-d256-r8193-c4097,previous_fp16,3.40125,True,0,0.000356922913,3.82109895e-05,99ae6f622c3d0286053ac5ca37ae6e1aaf0c5501d5065f1846be8a40e17dabb7,0,0,0.6362788677215576,
0,attn-d256-r8193-c4097,int8,2.77229167,True,0,0.00390575081,0.000473310279,48b123d481d99ee2ae553cd354f79b5c31b75c967bc72bf7e5cbd98fbc20f936,0,0,0.8767647743225098,
0,attn-d256-r8193-c4097,previous_int8,2.78370833,True,0,0.00390575081,0.000473310279,48b123d481d99ee2ae553cd354f79b5c31b75c967bc72bf7e5cbd98fbc20f936,0,0,0.6468799114227295,
0,attn-d256-r8193-c4097,mlx,4.74629,True,0,,1.49736e-05,,,,0.6471772193908691,
0,attn-groups-d256-b2-h8-8,fp16,0.549374992,True,0,0.00027795388,3.04660302e-05,673900342f2a93c79bb17e45ad46730f0621cdc0358e378f72f70ad9174383e5,0,0,0.7659070491790771,
0,attn-groups-d256-b2-h8-8,previous_fp16,0.548291675,True,0,0.00027795388,3.04660302e-05,673900342f2a93c79bb17e45ad46730f0621cdc0358e378f72f70ad9174383e5,0,0,0.7656292915344238,
0,attn-groups-d256-b2-h8-8,int8,0.548333337,True,0,0.00027795388,3.04660302e-05,673900342f2a93c79bb17e45ad46730f0621cdc0358e378f72f70ad9174383e5,0,1,0.7629549503326416,
0,attn-groups-d256-b2-h8-8,previous_int8,0.54712499,True,0,0.00027795388,3.04660302e-05,673900342f2a93c79bb17e45ad46730f0621cdc0358e378f72f70ad9174383e5,0,1,0.7622828483581543,
0,attn-groups-d256-b2-h8-8,mlx,0.649583,True,0,,4.24606e-05,,,,0.7445769309997559,
0,attn-groups-d256-b1-h12-3,fp16,0.451874992,True,0,0.000360208455,2.85743667e-05,a80b0ed019e24f1b05c5b310afc9a9872ae03cc45243115e13d6acc47f191d64,0,0,0.7983691692352295,
0,attn-groups-d256-b1-h12-3,previous_fp16,0.450874999,True,0,0.000360208455,2.85743667e-05,a80b0ed019e24f1b05c5b310afc9a9872ae03cc45243115e13d6acc47f191d64,0,0,0.7992057800292969,
0,attn-groups-d256-b1-h12-3,int8,0.451166663,True,0,0.000360208455,2.85743667e-05,a80b0ed019e24f1b05c5b310afc9a9872ae03cc45243115e13d6acc47f191d64,0,1,0.7923672199249268,
0,attn-groups-d256-b1-h12-3,previous_int8,0.45162499,True,0,0.000360208455,2.85743667e-05,a80b0ed019e24f1b05c5b310afc9a9872ae03cc45243115e13d6acc47f191d64,0,1,0.7989687919616699,
0,attn-groups-d256-b1-h12-3,mlx,0.443042,True,0,,3.35024e-05,,,,0.8188488483428955,
0,attn-groups-d256-b1-h18-6,fp16,0.526416668,True,0,0.000393911454,3.81317481e-05,989bc687bc40da362ea421145643dd0d46c36dad4da82af967e4c9fd36084a90,0,0,0.760883092880249,
0,attn-groups-d256-b1-h18-6,previous_fp16,0.527124997,True,0,0.000393911454,3.81317481e-05,989bc687bc40da362ea421145643dd0d46c36dad4da82af967e4c9fd36084a90,0,0,0.7632899284362793,
0,attn-groups-d256-b1-h18-6,int8,0.527875003,True,0,0.000393911454,3.81317481e-05,989bc687bc40da362ea421145643dd0d46c36dad4da82af967e4c9fd36084a90,0,1,0.7578639984130859,
0,attn-groups-d256-b1-h18-6,previous_int8,0.528916658,True,0,0.000393911454,3.81317481e-05,989bc687bc40da362ea421145643dd0d46c36dad4da82af967e4c9fd36084a90,0,1,0.7613708972930908,
0,attn-groups-d256-b1-h18-6,mlx,0.685542,True,0,,1.84495e-05,,,,0.7251927852630615,
0,attn-groups-d256-b1-h56-7,fp16,1.6795,True,0,0.000412407579,3.73050739e-05,4c27fab2abf7c7c8094d832907ff818869d9efaeafb7b6547255c78e225c3d3c,0,0,0.6413099765777588,
0,attn-groups-d256-b1-h56-7,previous_fp16,1.684125,True,0,0.000412407579,3.73050739e-05,4c27fab2abf7c7c8094d832907ff818869d9efaeafb7b6547255c78e225c3d3c,0,0,0.6409008502960205,
0,attn-groups-d256-b1-h56-7,int8,1.6855,True,0,0.000412407579,3.73050739e-05,4c27fab2abf7c7c8094d832907ff818869d9efaeafb7b6547255c78e225c3d3c,0,1,0.6441881656646729,
0,attn-groups-d256-b1-h56-7,previous_int8,1.68283333,True,0,0.000412407579,3.73050739e-05,4c27fab2abf7c7c8094d832907ff818869d9efaeafb7b6547255c78e225c3d3c,0,1,0.644172191619873,
0,attn-groups-d256-b1-h56-7,mlx,2.15325,True,0,,3.13525e-05,,,,0.6266529560089111,
0,attn-dynamic-d256,fp16,3.64575,True,0,0.000356446284,4.02739974e-05,4bf0cb8bdd1da70080e33d4d1b9165917dd3d39272214dad60161901b46f90f1,0,0,0.6216061115264893,
0,attn-dynamic-d256,previous_fp16,3.647625,True,0,0.000356446284,4.02739974e-05,4bf0cb8bdd1da70080e33d4d1b9165917dd3d39272214dad60161901b46f90f1,0,0,0.6221499443054199,
0,attn-dynamic-d256,int8,2.81670834,True,0,0.00386778212,0.000409806487,c1789f628639c931d17cc3150cdf0575f38ada92470f1e1b5eaf4d7a55a4fed8,0,0,1.1614739894866943,
0,attn-dynamic-d256,previous_int8,2.81374999,True,0,0.00386778212,0.000409806487,c1789f628639c931d17cc3150cdf0575f38ada92470f1e1b5eaf4d7a55a4fed8,0,0,0.9633438587188721,
0,attn-dynamic-d256,mlx,4.56921,True,0,,1.74422e-05,,,,0.6264219284057617,
0,attn-causal-d256,fp16,0.481875002,True,0,0.000250770333,2.30771141e-05,a9ec4742ac2535b28c94ec36b2f1ff81ea93898640ca13f5e630862aa95d337e,0,0,1.3736577033996582,
0,attn-causal-d256,previous_fp16,0.482416668,True,0,0.000250770333,2.30771141e-05,a9ec4742ac2535b28c94ec36b2f1ff81ea93898640ca13f5e630862aa95d337e,0,0,0.9897170066833496,
0,attn-causal-d256,int8,0.711833331,True,0,0.00605639172,0.000466095677,424446b1c663bb4544aa0b9c5e9d642861217c55610c6c15bef923f015219568,0,0,1.587773084640503,
0,attn-causal-d256,previous_int8,0.723375008,True,0,0.00605639172,0.000466095677,424446b1c663bb4544aa0b9c5e9d642861217c55610c6c15bef923f015219568,0,0,1.046895980834961,
0,attn-causal-d256,mlx,0.153958,True,0,,2.30797e-05,,,,1.123138189315796,
0,attn-partition-r4095-c24576-h48,fp16,25.2891667,True,0,0.000430466996,2.88658371e-05,3037ae96884f4f33b953cd835c411b51ea59eb4ddbb3a9d8e13cdca3cecd7a12,0,0,0.9671390056610107,
0,attn-partition-r4095-c24576-h48,previous_fp16,25.491125,True,0,0.000430466996,2.88658371e-05,3037ae96884f4f33b953cd835c411b51ea59eb4ddbb3a9d8e13cdca3cecd7a12,0,0,0.9619219303131104,
0,attn-partition-r4095-c24576-h48,int8,17.6711667,True,0,0.00430854976,0.0002506478,be655959bf9302d321daeea8bb254cece9e484519b2cb01b03ba9ce51765dcab,0,0,1.323883056640625,
0,attn-partition-r4095-c24576-h48,previous_int8,17.5948333,True,0,0.00430854976,0.0002506478,be655959bf9302d321daeea8bb254cece9e484519b2cb01b03ba9ce51765dcab,0,0,1.1301229000091553,
0,attn-partition-r4095-c24576-h48,mlx,25.0177,True,0,,2.8867e-05,,,,0.9545509815216064,
0,attn-partition-r4096-c24575-h48,fp16,25.2037917,True,0,0.000395868341,3.59827814e-05,0a218ecffdd4b76c976b488381d67b31353fb166c332e54ad3ea78ff8930a84b,0,0,0.9554691314697266,
0,attn-partition-r4096-c24575-h48,previous_fp16,25.3118333,True,0,0.000395868341,3.59827814e-05,0a218ecffdd4b76c976b488381d67b31353fb166c332e54ad3ea78ff8930a84b,0,0,0.9605178833007812,
0,attn-partition-r4096-c24575-h48,int8,15.335875,True,0,0.0044146398,0.000330419414,204c05658c0df056a7e0f026594ef12b882cd252eeed7f1f274537201624760f,0,0,1.3046379089355469,
0,attn-partition-r4096-c24575-h48,previous_int8,15.3281667,True,0,0.0044146398,0.000330419414,204c05658c0df056a7e0f026594ef12b882cd252eeed7f1f274537201624760f,0,0,1.105301856994629,
0,attn-partition-r4096-c24575-h48,mlx,26.8785,True,0,,3.5984e-05,,,,0.9719629287719727,
0,attn-partition-r4096-c24576-h48,fp16,25.084,True,0,0.000362457655,2.88658371e-05,e05bd7ab137f4e9a2c587aa28cb6b3e869614efff8ace5deaab88d397c70aec0,0,0,0.9591102600097656,
0,attn-partition-r4096-c24576-h48,previous_fp16,25.07025,True,0,0.000362457655,2.88658371e-05,e05bd7ab137f4e9a2c587aa28cb6b3e869614efff8ace5deaab88d397c70aec0,0,0,0.9550940990447998,
0,attn-partition-r4096-c24576-h48,int8,15.544625,True,0,0.00441012697,0.000334717539,bd8b9d7bc298bbea492478a09d148ab002de92832c8ab11198c2e59024f5b213,0,0,1.2802362442016602,
0,attn-partition-r4096-c24576-h48,previous_int8,15.54375,True,0,0.00441012697,0.000334717539,bd8b9d7bc298bbea492478a09d148ab002de92832c8ab11198c2e59024f5b213,0,0,1.122384786605835,
0,attn-partition-r4096-c24576-h48,mlx,24.9802,True,0,,2.8867e-05,,,,0.9757781028747559,
0,attn-partition-r4097-c24577-h48,fp16,26.7192917,True,0,0.00032478914,2.00263224e-05,d1f97a8bdafceb6df313a1e4b00401864c5bf38b9327b8dec7b135b06804bb25,0,0,0.9643018245697021,
0,attn-partition-r4097-c24577-h48,previous_fp16,26.5150417,True,0,0.00032478914,2.00263224e-05,d1f97a8bdafceb6df313a1e4b00401864c5bf38b9327b8dec7b135b06804bb25,0,0,0.9651949405670166,
0,attn-partition-r4097-c24577-h48,int8,16.3711667,True,0,0.00533547414,0.000331673289,29a9ea14fb774a41cf2944db423ca22abf5ee5dde464bfcadb6a93d487850ebe,0,0,1.4738879203796387,
0,attn-partition-r4097-c24577-h48,previous_int8,16.369625,True,0,0.00533547414,0.000331673289,29a9ea14fb774a41cf2944db423ca22abf5ee5dde464bfcadb6a93d487850ebe,0,0,1.1215989589691162,
0,attn-partition-r4097-c24577-h48,mlx,27.5516,True,0,,1.39526e-05,,,,0.9965250492095947,
0,attn-partition-r4096-c32767-h32,fp16,22.9740833,True,0,0.000575456805,5.08767601e-05,dc0a62b78e37dce23ea4748281e9682c007c1516c551e7490f6480260ce777c6,0,0,0.9011373519897461,
0,attn-partition-r4096-c32767-h32,previous_fp16,23.3739583,True,0,0.000575456805,5.08767601e-05,dc0a62b78e37dce23ea4748281e9682c007c1516c551e7490f6480260ce777c6,0,0,0.9063518047332764,
0,attn-partition-r4096-c32767-h32,int8,14.62975,True,0,0.00394659249,0.000223781443,d17f7917799f255d22dd7031874a5f7e98833d6e59db5ce983524efcf7c27317,0,0,1.2635860443115234,
0,attn-partition-r4096-c32767-h32,previous_int8,14.674,True,0,0.00394659249,0.000223781443,d17f7917799f255d22dd7031874a5f7e98833d6e59db5ce983524efcf7c27317,0,0,1.0637083053588867,
0,attn-partition-r4096-c32767-h32,mlx,24.234,True,0,,1.5811e-05,,,,0.9202671051025391,
0,attn-partition-r4096-c32768-h32,fp16,22.6994583,True,0,0.000542578381,4.19349043e-05,e566021f89ded71864b9b5576a6b908575fc019857c422f82bdf041baca86999,0,0,0.8946571350097656,
0,attn-partition-r4096-c32768-h32,previous_fp16,22.569,True,0,0.000542578381,4.19349043e-05,e566021f89ded71864b9b5576a6b908575fc019857c422f82bdf041baca86999,0,0,0.8935208320617676,
0,attn-partition-r4096-c32768-h32,int8,14.3705,True,0,0.00437017587,0.000293758455,4435442d946ae30d9e4f85570d10e96185721809b804780027bbd2a310ee96c2,0,0,1.223731279373169,
0,attn-partition-r4096-c32768-h32,previous_int8,14.369,True,0,0.00437017587,0.000293758455,4435442d946ae30d9e4f85570d10e96185721809b804780027bbd2a310ee96c2,0,0,1.0617790222167969,
0,attn-partition-r4096-c32768-h32,mlx,23.4843,True,0,,2.61272e-05,,,,0.9219088554382324,
0,attn-partition-r4096-c32769-h32,fp16,22.915125,True,0,0.000450349032,3.57483816e-05,fd510cbc58e12df83b6163b5076cfd0b59078a3c8dd1a9843fcb1be0d6e16934,0,0,0.9049479961395264,
0,attn-partition-r4096-c32769-h32,previous_fp16,22.9065833,True,0,0.000450349032,3.57483816e-05,fd510cbc58e12df83b6163b5076cfd0b59078a3c8dd1a9843fcb1be0d6e16934,0,0,0.9037160873413086,
0,attn-partition-r4096-c32769-h32,int8,14.28325,True,0,0.00464252553,0.000299944978,5234da2a9fa53b5963ac52ecc1ec57058470966b27d4c1b292b47cd8d522c7cd,0,0,1.26357102394104,
0,attn-partition-r4096-c32769-h32,previous_int8,14.1560417,True,0,0.00464252553,0.000299944978,5234da2a9fa53b5963ac52ecc1ec57058470966b27d4c1b292b47cd8d522c7cd,0,0,1.0717601776123047,
0,attn-partition-r4096-c32769-h32,mlx,24.0846,True,0,,1.87896e-05,,,,0.9244651794433594,
0,attn-partition-r8193-c24576-h56,fp16,60.8965,True,0,0.000339831453,2.52961098e-05,c4b1e520401b2371a5153ff04ff8111454c203fb0c94e3c4f41d6c8275c03ee4,0,0,1.2896580696105957,
0,attn-partition-r8193-c24576-h56,previous_fp16,60.8710417,True,0,0.000339831453,2.52961098e-05,c4b1e520401b2371a5153ff04ff8111454c203fb0c94e3c4f41d6c8275c03ee4,0,0,1.2932839393615723,
0,attn-partition-r8193-c24576-h56,int8,36.0014583,True,0,0.00497125507,0.000306211849,0362d7055757857bcd41fbaa6eed4a64e3c17bd64ca7c100927d327c7c7d3ae5,0,0,1.6471590995788574,
0,attn-partition-r8193-c24576-h56,previous_int8,35.933875,True,0,0.00497125507,0.000306211849,0362d7055757857bcd41fbaa6eed4a64e3c17bd64ca7c100927d327c7c7d3ae5,0,0,1.3276019096374512,
0,attn-partition-r8193-c24576-h56,mlx,60.3335,True,0,,1.69816e-05,,,,1.2732319831848145,
0,smoke-gemm-m512,fp16,0.164708326,True,0,0.000302085613,0.749023438,99f06339768f92a73a0585b1318dfec3fa56b097ce98ee30070cd8fb031f476b,0,0,1.038902997970581,
0,smoke-gemm-m512,previous_fp16,0.165374993,True,0,0.000302085613,0.749023438,99f06339768f92a73a0585b1318dfec3fa56b097ce98ee30070cd8fb031f476b,0,0,1.0362167358398438,
0,smoke-gemm-m512,fp32,0.179374998,True,0,0.000200108219,0.286865234,8eae2df5ae179f3669bbd9ad3a19caeaea01a65fd13c9b57e391ea98a82a2705,0,0,0.996575117111206,
0,smoke-gemm-m512,previous_fp32,0.179250012,True,0,0.000200108219,0.286865234,8eae2df5ae179f3669bbd9ad3a19caeaea01a65fd13c9b57e391ea98a82a2705,0,0,1.0028388500213623,
0,smoke-gemm-m512,int8,0.104124993,True,0,0.00422996076,5.27832031,ecbcd5b864b1ea3a106d6687d594e07d7cab286743f9168ffa25e066b20eb68f,0,0,1.3488702774047852,
0,smoke-gemm-m512,previous_int8,0.104249993,True,0,0.00422996076,5.27832031,ecbcd5b864b1ea3a106d6687d594e07d7cab286743f9168ffa25e066b20eb68f,0,0,1.3431541919708252,
0,smoke-gemm-m512,mlx,0.17875,True,0,0.000297948,0.393555,,,,0.9980878829956055,
0,smoke-gemm-m2048,fp16,0.593583332,True,0,0.000192784717,0.429199219,5d4f8347b987fd733582e3f6ebf73258f4a895baf674fc839d1c0e6341afc8da,0,0,0.7612237930297852,
0,smoke-gemm-m2048,previous_fp16,0.596124999,True,0,0.000192784717,0.429199219,5d4f8347b987fd733582e3f6ebf73258f4a895baf674fc839d1c0e6341afc8da,0,0,0.7677252292633057,
0,smoke-gemm-m2048,fp32,0.598250001,True,0,0.000192784717,0.429199219,5d4f8347b987fd733582e3f6ebf73258f4a895baf674fc839d1c0e6341afc8da,0,0,0.7584402561187744,
0,smoke-gemm-m2048,previous_fp32,0.597499995,True,0,0.000192784717,0.429199219,5d4f8347b987fd733582e3f6ebf73258f4a895baf674fc839d1c0e6341afc8da,0,0,0.7583208084106445,
0,smoke-gemm-m2048,int8,0.328624999,True,0,0.00405805991,5.2746582,9fdbf35633ff251ef924afb5f90b4c6effc85a7c8e8df9b177760ab15783ff05,0,0,0.8504350185394287,
0,smoke-gemm-m2048,previous_int8,0.324791661,True,0,0.00405805991,5.2746582,9fdbf35633ff251ef924afb5f90b4c6effc85a7c8e8df9b177760ab15783ff05,0,0,0.8558518886566162,
0,smoke-gemm-m2048,mlx,0.595417,True,0,0.000210928,0.393555,,,,0.7794070243835449,
1,smoke-gemm-m2048,mlx,0.594083,True,0,0.000210928,0.393555,,,,0.7712230682373047,
1,smoke-gemm-m2048,previous_int8,0.327249989,True,0,0.00405805991,5.2746582,9fdbf35633ff251ef924afb5f90b4c6effc85a7c8e8df9b177760ab15783ff05,0,0,0.8411531448364258,
1,smoke-gemm-m2048,int8,0.328624999,True,0,0.00405805991,5.2746582,9fdbf35633ff251ef924afb5f90b4c6effc85a7c8e8df9b177760ab15783ff05,0,0,0.8460819721221924,
1,smoke-gemm-m2048,previous_fp32,0.570999997,True,0,0.000192784717,0.429199219,5d4f8347b987fd733582e3f6ebf73258f4a895baf674fc839d1c0e6341afc8da,0,0,0.7569198608398438,
1,smoke-gemm-m2048,fp32,0.602874992,True,0,0.000192784717,0.429199219,5d4f8347b987fd733582e3f6ebf73258f4a895baf674fc839d1c0e6341afc8da,0,0,0.7506301403045654,
1,smoke-gemm-m2048,previous_fp16,0.567625,True,0,0.000192784717,0.429199219,5d4f8347b987fd733582e3f6ebf73258f4a895baf674fc839d1c0e6341afc8da,0,0,0.7549312114715576,
1,smoke-gemm-m2048,fp16,0.593499994,True,0,0.000192784717,0.429199219,5d4f8347b987fd733582e3f6ebf73258f4a895baf674fc839d1c0e6341afc8da,0,0,0.7507119178771973,
1,smoke-gemm-m512,mlx,0.17875,True,0,0.000297948,0.393555,,,,0.9792239665985107,
1,smoke-gemm-m512,previous_int8,0.104499995,True,0,0.00422996076,5.27832031,ecbcd5b864b1ea3a106d6687d594e07d7cab286743f9168ffa25e066b20eb68f,0,0,1.3274002075195312,
1,smoke-gemm-m512,int8,0.106749998,True,0,0.00422996076,5.27832031,ecbcd5b864b1ea3a106d6687d594e07d7cab286743f9168ffa25e066b20eb68f,0,0,1.3460948467254639,
1,smoke-gemm-m512,previous_fp32,0.179875002,True,0,0.000200108219,0.286865234,8eae2df5ae179f3669bbd9ad3a19caeaea01a65fd13c9b57e391ea98a82a2705,0,0,0.990487813949585,
1,smoke-gemm-m512,fp32,0.179374998,True,0,0.000200108219,0.286865234,8eae2df5ae179f3669bbd9ad3a19caeaea01a65fd13c9b57e391ea98a82a2705,0,0,0.9885811805725098,
1,smoke-gemm-m512,previous_fp16,0.165083329,True,0,0.000302085613,0.749023438,99f06339768f92a73a0585b1318dfec3fa56b097ce98ee30070cd8fb031f476b,0,0,1.0316879749298096,
1,smoke-gemm-m512,fp16,0.165208345,True,0,0.000302085613,0.749023438,99f06339768f92a73a0585b1318dfec3fa56b097ce98ee30070cd8fb031f476b,0,0,1.033524990081787,
1,attn-partition-r8193-c24576-h56,mlx,60.4481,True,0,,1.69816e-05,,,,1.2305169105529785,
1,attn-partition-r8193-c24576-h56,previous_int8,35.9979167,True,0,0.00497125507,0.000306211849,0362d7055757857bcd41fbaa6eed4a64e3c17bd64ca7c100927d327c7c7d3ae5,0,0,1.1118838787078857,
1,attn-partition-r8193-c24576-h56,int8,35.993625,True,0,0.00497125507,0.000306211849,0362d7055757857bcd41fbaa6eed4a64e3c17bd64ca7c100927d327c7c7d3ae5,0,0,1.1158230304718018,
1,attn-partition-r8193-c24576-h56,previous_fp16,60.8951667,True,0,0.000339831453,2.52961098e-05,c4b1e520401b2371a5153ff04ff8111454c203fb0c94e3c4f41d6c8275c03ee4,0,0,1.2907252311706543,
1,attn-partition-r8193-c24576-h56,fp16,60.6609167,True,0,0.000339831453,2.52961098e-05,c4b1e520401b2371a5153ff04ff8111454c203fb0c94e3c4f41d6c8275c03ee4,0,0,1.2938079833984375,
1,attn-partition-r4096-c32769-h32,mlx,24.2064,True,0,,1.87896e-05,,,,0.9235687255859375,
1,attn-partition-r4096-c32769-h32,previous_int8,14.2030417,True,0,0.00464252553,0.000299944978,5234da2a9fa53b5963ac52ecc1ec57058470966b27d4c1b292b47cd8d522c7cd,0,0,0.8674628734588623,
1,attn-partition-r4096-c32769-h32,int8,14.2018333,True,0,0.00464252553,0.000299944978,5234da2a9fa53b5963ac52ecc1ec57058470966b27d4c1b292b47cd8d522c7cd,0,0,0.869920015335083,
1,attn-partition-r4096-c32769-h32,previous_fp16,22.9522917,True,0,0.000450349032,3.57483816e-05,fd510cbc58e12df83b6163b5076cfd0b59078a3c8dd1a9843fcb1be0d6e16934,0,0,0.903892993927002,
1,attn-partition-r4096-c32769-h32,fp16,23.0032917,True,0,0.000450349032,3.57483816e-05,fd510cbc58e12df83b6163b5076cfd0b59078a3c8dd1a9843fcb1be0d6e16934,0,0,0.901993989944458,
1,attn-partition-r4096-c32768-h32,mlx,23.3437,True,0,,2.61272e-05,,,,0.9223020076751709,
1,attn-partition-r4096-c32768-h32,previous_int8,14.394875,True,0,0.00437017587,0.000293758455,4435442d946ae30d9e4f85570d10e96185721809b804780027bbd2a310ee96c2,0,0,0.8587300777435303,
1,attn-partition-r4096-c32768-h32,int8,14.404625,True,0,0.00437017587,0.000293758455,4435442d946ae30d9e4f85570d10e96185721809b804780027bbd2a310ee96c2,0,0,0.8608720302581787,
1,attn-partition-r4096-c32768-h32,previous_fp16,22.694625,True,0,0.000542578381,4.19349043e-05,e566021f89ded71864b9b5576a6b908575fc019857c422f82bdf041baca86999,0,0,0.8974931240081787,
1,attn-partition-r4096-c32768-h32,fp16,22.70925,True,0,0.000542578381,4.19349043e-05,e566021f89ded71864b9b5576a6b908575fc019857c422f82bdf041baca86999,0,0,0.8947031497955322,
1,attn-partition-r4096-c32767-h32,mlx,24.1573,True,0,,1.5811e-05,,,,0.9249551296234131,
1,attn-partition-r4096-c32767-h32,previous_int8,14.531625,True,0,0.00394659249,0.000223781443,d17f7917799f255d22dd7031874a5f7e98833d6e59db5ce983524efcf7c27317,0,0,0.8681802749633789,
1,attn-partition-r4096-c32767-h32,int8,14.69225,True,0,0.00394659249,0.000223781443,d17f7917799f255d22dd7031874a5f7e98833d6e59db5ce983524efcf7c27317,0,0,0.8689870834350586,
1,attn-partition-r4096-c32767-h32,previous_fp16,22.8595833,True,0,0.000575456805,5.08767601e-05,dc0a62b78e37dce23ea4748281e9682c007c1516c551e7490f6480260ce777c6,0,0,0.9004528522491455,
1,attn-partition-r4096-c32767-h32,fp16,23.09625,True,0,0.000575456805,5.08767601e-05,dc0a62b78e37dce23ea4748281e9682c007c1516c551e7490f6480260ce777c6,0,0,0.904681921005249,
1,attn-partition-r4097-c24577-h48,mlx,27.521,True,0,,1.39526e-05,,,,0.9941492080688477,
1,attn-partition-r4097-c24577-h48,previous_int8,16.4570833,True,0,0.00533547414,0.000331673289,29a9ea14fb774a41cf2944db423ca22abf5ee5dde464bfcadb6a93d487850ebe,0,0,0.9248569011688232,
1,attn-partition-r4097-c24577-h48,int8,16.370625,True,0,0.00533547414,0.000331673289,29a9ea14fb774a41cf2944db423ca22abf5ee5dde464bfcadb6a93d487850ebe,0,0,0.9233639240264893,
1,attn-partition-r4097-c24577-h48,previous_fp16,26.46575,True,0,0.00032478914,2.00263224e-05,d1f97a8bdafceb6df313a1e4b00401864c5bf38b9327b8dec7b135b06804bb25,0,0,0.9634020328521729,
1,attn-partition-r4097-c24577-h48,fp16,26.739375,True,0,0.00032478914,2.00263224e-05,d1f97a8bdafceb6df313a1e4b00401864c5bf38b9327b8dec7b135b06804bb25,0,0,0.9717109203338623,
1,attn-partition-r4096-c24576-h48,mlx,24.9493,True,0,,2.8867e-05,,,,0.9547247886657715,
1,attn-partition-r4096-c24576-h48,previous_int8,15.5900417,True,0,0.00441012697,0.000334717539,bd8b9d7bc298bbea492478a09d148ab002de92832c8ab11198c2e59024f5b213,0,0,0.9237589836120605,
1,attn-partition-r4096-c24576-h48,int8,15.5588333,True,0,0.00441012697,0.000334717539,bd8b9d7bc298bbea492478a09d148ab002de92832c8ab11198c2e59024f5b213,0,0,0.9238231182098389,
1,attn-partition-r4096-c24576-h48,previous_fp16,24.9791667,True,0,0.000362457655,2.88658371e-05,e05bd7ab137f4e9a2c587aa28cb6b3e869614efff8ace5deaab88d397c70aec0,0,0,0.9523561000823975,
1,attn-partition-r4096-c24576-h48,fp16,25.4672917,True,0,0.000362457655,2.88658371e-05,e05bd7ab137f4e9a2c587aa28cb6b3e869614efff8ace5deaab88d397c70aec0,0,0,0.9541020393371582,
1,attn-partition-r4096-c24575-h48,mlx,26.7539,True,0,,3.5984e-05,,,,0.9711151123046875,
1,attn-partition-r4096-c24575-h48,previous_int8,15.551625,True,0,0.0044146398,0.000330419414,204c05658c0df056a7e0f026594ef12b882cd252eeed7f1f274537201624760f,0,0,0.913475751876831,
1,attn-partition-r4096-c24575-h48,int8,15.3996667,True,0,0.0044146398,0.000330419414,204c05658c0df056a7e0f026594ef12b882cd252eeed7f1f274537201624760f,0,0,0.9148769378662109,
1,attn-partition-r4096-c24575-h48,previous_fp16,25.317,True,0,0.000395868341,3.59827814e-05,0a218ecffdd4b76c976b488381d67b31353fb166c332e54ad3ea78ff8930a84b,0,0,0.9617440700531006,
1,attn-partition-r4096-c24575-h48,fp16,25.2938333,True,0,0.000395868341,3.59827814e-05,0a218ecffdd4b76c976b488381d67b31353fb166c332e54ad3ea78ff8930a84b,0,0,0.9608840942382812,
1,attn-partition-r4095-c24576-h48,mlx,25.0065,True,0,,2.8867e-05,,,,0.9545650482177734,
1,attn-partition-r4095-c24576-h48,previous_int8,17.748,True,0,0.00430854976,0.0002506478,be655959bf9302d321daeea8bb254cece9e484519b2cb01b03ba9ce51765dcab,0,0,0.9328787326812744,
1,attn-partition-r4095-c24576-h48,int8,17.818875,True,0,0.00430854976,0.0002506478,be655959bf9302d321daeea8bb254cece9e484519b2cb01b03ba9ce51765dcab,0,0,0.9334099292755127,
1,attn-partition-r4095-c24576-h48,previous_fp16,25.476125,True,0,0.000430466996,2.88658371e-05,3037ae96884f4f33b953cd835c411b51ea59eb4ddbb3a9d8e13cdca3cecd7a12,0,0,0.9599878787994385,
1,attn-partition-r4095-c24576-h48,fp16,25.30675,True,0,0.000430466996,2.88658371e-05,3037ae96884f4f33b953cd835c411b51ea59eb4ddbb3a9d8e13cdca3cecd7a12,0,0,0.9605221748352051,
1,attn-causal-d256,mlx,0.151333,True,0,,2.30797e-05,,,,1.1128661632537842,
1,attn-causal-d256,previous_int8,0.708708336,True,0,0.00605639172,0.000466095677,424446b1c663bb4544aa0b9c5e9d642861217c55610c6c15bef923f015219568,0,0,0.7103931903839111,
1,attn-causal-d256,int8,0.717458344,True,0,0.00605639172,0.000466095677,424446b1c663bb4544aa0b9c5e9d642861217c55610c6c15bef923f015219568,0,0,0.7100522518157959,
1,attn-causal-d256,previous_fp16,0.482624993,True,0,0.000250770333,2.30771141e-05,a9ec4742ac2535b28c94ec36b2f1ff81ea93898640ca13f5e630862aa95d337e,0,0,0.7872629165649414,
1,attn-causal-d256,fp16,0.482375006,True,0,0.000250770333,2.30771141e-05,a9ec4742ac2535b28c94ec36b2f1ff81ea93898640ca13f5e630862aa95d337e,0,0,0.7881948947906494,
1,attn-dynamic-d256,mlx,4.588,True,0,,1.74422e-05,,,,0.6299009323120117,
1,attn-dynamic-d256,previous_int8,2.81562499,True,0,0.00386778212,0.000409806487,c1789f628639c931d17cc3150cdf0575f38ada92470f1e1b5eaf4d7a55a4fed8,0,0,0.6303460597991943,
1,attn-dynamic-d256,int8,2.820125,True,0,0.00386778212,0.000409806487,c1789f628639c931d17cc3150cdf0575f38ada92470f1e1b5eaf4d7a55a4fed8,0,0,0.6325597763061523,
1,attn-dynamic-d256,previous_fp16,3.64362499,True,0,0.000356446284,4.02739974e-05,4bf0cb8bdd1da70080e33d4d1b9165917dd3d39272214dad60161901b46f90f1,0,0,0.6222760677337646,
1,attn-dynamic-d256,fp16,3.648125,True,0,0.000356446284,4.02739974e-05,4bf0cb8bdd1da70080e33d4d1b9165917dd3d39272214dad60161901b46f90f1,0,0,0.6213440895080566,
1,attn-groups-d256-b1-h56-7,mlx,2.16663,True,0,,3.13525e-05,,,,0.6329569816589355,
1,attn-groups-d256-b1-h56-7,previous_int8,1.685,True,0,0.000412407579,3.73050739e-05,4c27fab2abf7c7c8094d832907ff818869d9efaeafb7b6547255c78e225c3d3c,0,1,0.6440818309783936,
1,attn-groups-d256-b1-h56-7,int8,1.69012501,True,0,0.000412407579,3.73050739e-05,4c27fab2abf7c7c8094d832907ff818869d9efaeafb7b6547255c78e225c3d3c,0,1,0.6456539630889893,
1,attn-groups-d256-b1-h56-7,previous_fp16,1.68720834,True,0,0.000412407579,3.73050739e-05,4c27fab2abf7c7c8094d832907ff818869d9efaeafb7b6547255c78e225c3d3c,0,0,0.6453511714935303,
1,attn-groups-d256-b1-h56-7,fp16,1.688125,True,0,0.000412407579,3.73050739e-05,4c27fab2abf7c7c8094d832907ff818869d9efaeafb7b6547255c78e225c3d3c,0,0,0.6477220058441162,
1,attn-groups-d256-b1-h18-6,mlx,0.691625,True,0,,1.84495e-05,,,,0.7269718647003174,
1,attn-groups-d256-b1-h18-6,previous_int8,0.527625001,True,0,0.000393911454,3.81317481e-05,989bc687bc40da362ea421145643dd0d46c36dad4da82af967e4c9fd36084a90,0,1,0.7594659328460693,
1,attn-groups-d256-b1-h18-6,int8,0.528291668,True,0,0.000393911454,3.81317481e-05,989bc687bc40da362ea421145643dd0d46c36dad4da82af967e4c9fd36084a90,0,1,0.7661170959472656,
1,attn-groups-d256-b1-h18-6,previous_fp16,0.526791671,True,0,0.000393911454,3.81317481e-05,989bc687bc40da362ea421145643dd0d46c36dad4da82af967e4c9fd36084a90,0,0,0.7658629417419434,
1,attn-groups-d256-b1-h18-6,fp16,0.526333344,True,0,0.000393911454,3.81317481e-05,989bc687bc40da362ea421145643dd0d46c36dad4da82af967e4c9fd36084a90,0,0,0.7679963111877441,
1,attn-groups-d256-b1-h12-3,mlx,0.441375,True,0,,3.35024e-05,,,,0.8341000080108643,
1,attn-groups-d256-b1-h12-3,previous_int8,0.450624997,True,0,0.000360208455,2.85743667e-05,a80b0ed019e24f1b05c5b310afc9a9872ae03cc45243115e13d6acc47f191d64,0,1,0.806178092956543,
1,attn-groups-d256-b1-h12-3,int8,0.451458342,True,0,0.000360208455,2.85743667e-05,a80b0ed019e24f1b05c5b310afc9a9872ae03cc45243115e13d6acc47f191d64,0,1,0.8063209056854248,
1,attn-groups-d256-b1-h12-3,previous_fp16,0.451999993,True,0,0.000360208455,2.85743667e-05,a80b0ed019e24f1b05c5b310afc9a9872ae03cc45243115e13d6acc47f191d64,0,0,0.8054447174072266,
1,attn-groups-d256-b1-h12-3,fp16,0.450749998,True,0,0.000360208455,2.85743667e-05,a80b0ed019e24f1b05c5b310afc9a9872ae03cc45243115e13d6acc47f191d64,0,0,0.7960927486419678,
1,attn-groups-d256-b2-h8-8,mlx,0.649042,True,0,,4.24606e-05,,,,0.7464430332183838,
1,attn-groups-d256-b2-h8-8,previous_int8,0.546416661,True,0,0.00027795388,3.04660302e-05,673900342f2a93c79bb17e45ad46730f0621cdc0358e378f72f70ad9174383e5,0,1,0.7626900672912598,
1,attn-groups-d256-b2-h8-8,int8,0.548875003,True,0,0.00027795388,3.04660302e-05,673900342f2a93c79bb17e45ad46730f0621cdc0358e378f72f70ad9174383e5,0,1,0.7589118480682373,
1,attn-groups-d256-b2-h8-8,previous_fp16,0.548250013,True,0,0.00027795388,3.04660302e-05,673900342f2a93c79bb17e45ad46730f0621cdc0358e378f72f70ad9174383e5,0,0,0.7622053623199463,
1,attn-groups-d256-b2-h8-8,fp16,0.547333329,True,0,0.00027795388,3.04660302e-05,673900342f2a93c79bb17e45ad46730f0621cdc0358e378f72f70ad9174383e5,0,0,0.760901927947998,
1,attn-d256-r8193-c4097,mlx,4.74121,True,0,,1.49736e-05,,,,0.6401841640472412,
1,attn-d256-r8193-c4097,previous_int8,2.780375,True,0,0.00390575081,0.000473310279,48b123d481d99ee2ae553cd354f79b5c31b75c967bc72bf7e5cbd98fbc20f936,0,0,0.6467099189758301,
1,attn-d256-r8193-c4097,int8,2.782,True,0,0.00390575081,0.000473310279,48b123d481d99ee2ae553cd354f79b5c31b75c967bc72bf7e5cbd98fbc20f936,0,0,0.649932861328125,
1,attn-d256-r8193-c4097,previous_fp16,3.41175,True,0,0.000356922913,3.82109895e-05,99ae6f622c3d0286053ac5ca37ae6e1aaf0c5501d5065f1846be8a40e17dabb7,0,0,0.6367020606994629,
1,attn-d256-r8193-c4097,fp16,3.41525,True,0,0.000356922913,3.82109895e-05,99ae6f622c3d0286053ac5ca37ae6e1aaf0c5501d5065f1846be8a40e17dabb7,0,0,0.6366548538208008,
1,attn-d256-r4096-c8193,mlx,4.8,True,0,,2.96368e-05,,,,0.6557910442352295,
1,attn-d256-r4096-c8193,previous_int8,3.067,True,0,0.00475607597,0.000463100617,536ac4be0af41a24ae40219bdd979cf7fe7d88c81f99065686f7b8ba9f711a94,0,0,0.6461970806121826,
1,attn-d256-r4096-c8193,int8,3.06425001,True,0,0.00475607597,0.000463100617,536ac4be0af41a24ae40219bdd979cf7fe7d88c81f99065686f7b8ba9f711a94,0,0,0.6518521308898926,
1,attn-d256-r4096-c8193,previous_fp16,4.009,True,0,0.000351255581,3.75299177e-05,8804119e3c6e2a8e68d496ec10f27942dddff595d7166a1d0b1e6bc2b9728ade,0,0,0.6412148475646973,
1,attn-d256-r4096-c8193,fp16,4.00791666,True,0,0.000351255581,3.75299177e-05,8804119e3c6e2a8e68d496ec10f27942dddff595d7166a1d0b1e6bc2b9728ade,0,0,0.6427631378173828,
1,attn-d256-r4096-c8192,mlx,4.55904,True,0,,2.3472e-05,,,,0.6531381607055664,
1,attn-d256-r4096-c8192,previous_int8,3.01775,True,0,0.00458722336,0.000462448666,78b1f89e079553347fc09c78e122bdf8e2f90f6ce1b8fb2a093c202b7808c9fe,0,0,0.6494100093841553,
1,attn-d256-r4096-c8192,int8,3.01404166,True,0,0.00458722336,0.000462448666,78b1f89e079553347fc09c78e122bdf8e2f90f6ce1b8fb2a093c202b7808c9fe,0,0,0.6501748561859131,
1,attn-d256-r4096-c8192,previous_fp16,4.30966666,True,0,0.000434211166,4.18982125e-05,9bd9bbe2db7e68be064d8ecd10ccf1faea07fb215f825bb1acc7bfa8089f3fc4,0,0,0.6445059776306152,
1,attn-d256-r4096-c8192,fp16,4.32962499,True,0,0.000434211166,4.18982125e-05,9bd9bbe2db7e68be064d8ecd10ccf1faea07fb215f825bb1acc7bfa8089f3fc4,0,0,0.6417148113250732,
1,attn-d256-r4096-c8191,mlx,4.82087,True,0,,3.01483e-05,,,,0.6503100395202637,
1,attn-d256-r4096-c8191,previous_int8,3.047875,True,0,0.00449073446,0.000494493597,b4430c70a139a30042b2a6f193646175916cdf27ccccbe7cc71bd8b6f69b3940,0,0,0.6478159427642822,
1,attn-d256-r4096-c8191,int8,3.04975,True,0,0.00449073446,0.000494493597,b4430c70a139a30042b2a6f193646175916cdf27ccccbe7cc71bd8b6f69b3940,0,0,0.6515958309173584,
1,attn-d256-r4096-c8191,previous_fp16,3.99766667,True,0,0.000477635473,4.61577798e-05,cc91a2bbfcf3425359f4f8a189da7a6be0b44079f63f6f95bcd2c3efd533802e,0,0,0.6384711265563965,
1,attn-d256-r4096-c8191,fp16,3.996625,True,0,0.000477635473,4.61577798e-05,cc91a2bbfcf3425359f4f8a189da7a6be0b44079f63f6f95bcd2c3efd533802e,0,0,0.6403989791870117,
1,attn-d256-r4097-c4097,mlx,2.3675,True,0,,2.28235e-05,,,,0.630145788192749,
1,attn-d256-r4097-c4097,previous_int8,1.47487501,True,0,0.00408323477,0.000473310279,c14a7a88658bb2da210f828a6c9f159479460c838f411da93644f091e686c5e2,0,0,0.6538710594177246,
1,attn-d256-r4097-c4097,int8,1.4695,True,0,0.00408323477,0.000473310279,c14a7a88658bb2da210f828a6c9f159479460c838f411da93644f091e686c5e2,0,0,0.6579928398132324,
1,attn-d256-r4097-c4097,previous_fp16,1.90170834,True,0,0.00036536258,3.82109895e-05,f3a0b5ca10e4a5bbfa39e81c42749fd5dbbbe89fc2158580d9e8bd6b6908f0e9,0,0,0.6357629299163818,
1,attn-d256-r4097-c4097,fp16,1.90166666,True,0,0.00036536258,3.82109895e-05,f3a0b5ca10e4a5bbfa39e81c42749fd5dbbbe89fc2158580d9e8bd6b6908f0e9,0,0,0.6361839771270752,
1,attn-d256-r4096-c4096,mlx,2.17496,True,0,,4.01443e-05,,,,0.6300852298736572,
1,attn-d256-r4096-c4096,previous_int8,1.51445833,True,0,0.00481376359,0.000488637578,25c240d6988e54c515ac7cac8ae42ce4111d9f0f10541a87ea52d4092cb31aba,0,0,0.6511480808258057,
1,attn-d256-r4096-c4096,int8,1.51799999,True,0,0.00481376359,0.000488637578,25c240d6988e54c515ac7cac8ae42ce4111d9f0f10541a87ea52d4092cb31aba,0,0,0.6571078300476074,
1,attn-d256-r4096-c4096,previous_fp16,2.10208332,True,0,0.000413948153,5.04327584e-05,a3481a2394000772e279550fcbcd1e8e612d67356178f9120903d11271cbafde,0,0,0.631598949432373,
1,attn-d256-r4096-c4096,fp16,2.08525,True,0,0.000413948153,5.04327584e-05,a3481a2394000772e279550fcbcd1e8e612d67356178f9120903d11271cbafde,0,0,0.6308810710906982,
1,attn-d256-r4095-c4096,mlx,2.19808,True,0,,3.06244e-05,,,,0.6312551498413086,
1,attn-d256-r4095-c4096,previous_int8,1.999125,True,0,0.000404740728,4.76368388e-05,7144303c27bb29cd24a82c63a821d1384a30804c2d0611a325fc2e6db876a4b5,0,1,0.6343867778778076,
1,attn-d256-r4095-c4096,int8,1.99629166,True,0,0.000404740728,4.76368388e-05,7144303c27bb29cd24a82c63a821d1384a30804c2d0611a325fc2e6db876a4b5,0,1,0.6320481300354004,
1,attn-d256-r4095-c4096,previous_fp16,1.997,True,0,0.000404740728,4.76368388e-05,7144303c27bb29cd24a82c63a821d1384a30804c2d0611a325fc2e6db876a4b5,0,0,0.6329250335693359,
1,attn-d256-r4095-c4096,fp16,1.99804167,True,0,0.000404740728,4.76368388e-05,7144303c27bb29cd24a82c63a821d1384a30804c2d0611a325fc2e6db876a4b5,0,0,0.6326301097869873,
1,attn-d256-r2048-c4095,mlx,1.20413,True,0,,1.12575e-05,,,,0.6624479293823242,
1,attn-d256-r2048-c4095,previous_int8,1.07837499,True,0,0.000282605595,3.66307279e-05,d3d8982618676e23f3188a4bd03b993ba28e6710d4efdf0f758d1d655129aaf0,0,1,0.6658680438995361,
1,attn-d256-r2048-c4095,int8,1.07883333,True,0,0.000282605595,3.66307279e-05,d3d8982618676e23f3188a4bd03b993ba28e6710d4efdf0f758d1d655129aaf0,0,1,0.6651182174682617,
1,attn-d256-r2048-c4095,previous_fp16,1.077375,True,0,0.000282605595,3.66307279e-05,d3d8982618676e23f3188a4bd03b993ba28e6710d4efdf0f758d1d655129aaf0,0,0,0.6646111011505127,
1,attn-d256-r2048-c4095,fp16,1.07733333,True,0,0.000282605595,3.66307279e-05,d3d8982618676e23f3188a4bd03b993ba28e6710d4efdf0f758d1d655129aaf0,0,0,0.666032075881958,
1,attn-d256-r1023-c1025,mlx,0.170292,True,0,,2.2725e-05,,,,1.0141050815582275,
1,attn-d256-r1023-c1025,previous_int8,0.144749996,True,0,0.000310385911,4.07753648e-05,23a501f34bc0d4617299a386180b0fedc0dcf02b9f1124a94fbd6ca474460c72,0,1,1.078279972076416,
1,attn-d256-r1023-c1025,int8,0.144333346,True,0,0.000310385911,4.07753648e-05,23a501f34bc0d4617299a386180b0fedc0dcf02b9f1124a94fbd6ca474460c72,0,1,1.0782768726348877,
1,attn-d256-r1023-c1025,previous_fp16,0.144000005,True,0,0.000310385911,4.07753648e-05,23a501f34bc0d4617299a386180b0fedc0dcf02b9f1124a94fbd6ca474460c72,0,0,1.0744712352752686,
1,attn-d256-r1023-c1025,fp16,0.144249992,True,0,0.000310385911,4.07753648e-05,23a501f34bc0d4617299a386180b0fedc0dcf02b9f1124a94fbd6ca474460c72,0,0,1.0721120834350586,
1,attn-d256-r257-c257,mlx,0.0474167,True,0,,1.2161e-05,,,,2.2855138778686523,
1,attn-d256-r257-c257,previous_int8,0.0383750012,True,0,0.000359601631,4.60622159e-05,add9b82ccdce2cfc8260f4addeddbc1bd7e12524413dc1c20a81fc8c6d5a6e0e,0,1,2.590924024581909,
1,attn-d256-r257-c257,int8,0.0385000021,True,0,0.000359601631,4.60622159e-05,add9b82ccdce2cfc8260f4addeddbc1bd7e12524413dc1c20a81fc8c6d5a6e0e,0,1,2.5875940322875977,
1,attn-d256-r257-c257,previous_fp16,0.0383750012,True,0,0.000359601631,4.60622159e-05,add9b82ccdce2cfc8260f4addeddbc1bd7e12524413dc1c20a81fc8c6d5a6e0e,0,0,2.5549819469451904,
1,attn-d256-r257-c257,fp16,0.0385000021,True,0,0.000359601631,4.60622159e-05,add9b82ccdce2cfc8260f4addeddbc1bd7e12524413dc1c20a81fc8c6d5a6e0e,0,0,2.5872678756713867,
1,attn-d256-r256-c257,mlx,0.0401667,True,0,,1.8905e-05,,,,2.5471479892730713,
1,attn-d256-r256-c257,previous_int8,0.0403333397,True,0,0.000307256633,2.33542051e-05,8c4eb1e50759418a816b63e0983b0ea6443dfb8034cb092ab05fa8fd0ef2fce6,0,1,2.450944662094116,
1,attn-d256-r256-c257,int8,0.0403333252,True,0,0.000307256633,2.33542051e-05,8c4eb1e50759418a816b63e0983b0ea6443dfb8034cb092ab05fa8fd0ef2fce6,0,1,2.482455253601074,
1,attn-d256-r256-c257,previous_fp16,0.0405000028,True,0,0.000307256633,2.33542051e-05,8c4eb1e50759418a816b63e0983b0ea6443dfb8034cb092ab05fa8fd0ef2fce6,0,0,2.4521291255950928,
1,attn-d256-r256-c257,fp16,0.0405000028,True,0,0.000307256633,2.33542051e-05,8c4eb1e50759418a816b63e0983b0ea6443dfb8034cb092ab05fa8fd0ef2fce6,0,0,2.445329189300537,
1,attn-d256-r255-c257,mlx,0.043,True,0,,1.18489e-05,,,,2.4289121627807617,
1,attn-d256-r255-c257,previous_int8,0.0382916623,True,0,0.000336382519,2.24212571e-05,226df5e867427747ec9ac5b0d42a8c5667c85d5af59026f4b6125a8c6581bfd6,0,1,2.577521800994873,
1,attn-d256-r255-c257,int8,0.03845834,True,0,0.000336382519,2.24212571e-05,226df5e867427747ec9ac5b0d42a8c5667c85d5af59026f4b6125a8c6581bfd6,0,1,2.581279993057251,
1,attn-d256-r255-c257,previous_fp16,0.0382500002,True,0,0.000336382519,2.24212571e-05,226df5e867427747ec9ac5b0d42a8c5667c85d5af59026f4b6125a8c6581bfd6,0,0,2.6011078357696533,
1,attn-d256-r255-c257,fp16,0.0382500002,True,0,0.000336382519,2.24212571e-05,226df5e867427747ec9ac5b0d42a8c5667c85d5af59026f4b6125a8c6581bfd6,0,0,2.5728068351745605,
1,attn-d256-r65-c128,mlx,0.0287917,True,0,,3.36045e-05,,,,3.275668144226074,
1,attn-d256-r65-c128,previous_int8,0.0227083365,True,0,0.000465185191,5.34185066e-05,3daddbd5a2fdfcb987915d7e508d6ec813ee347fb7c414aac191567ebbe73c79,0,1,4.168065071105957,
1,attn-d256-r65-c128,int8,0.0227083365,True,0,0.000465185191,5.34185066e-05,3daddbd5a2fdfcb987915d7e508d6ec813ee347fb7c414aac191567ebbe73c79,0,1,4.1606059074401855,
1,attn-d256-r65-c128,previous_fp16,0.0227083365,True,0,0.000465185191,5.34185066e-05,3daddbd5a2fdfcb987915d7e508d6ec813ee347fb7c414aac191567ebbe73c79,0,0,3.97513484954834,
1,attn-d256-r65-c128,fp16,0.0226666598,True,0,0.000465185191,5.34185066e-05,3daddbd5a2fdfcb987915d7e508d6ec813ee347fb7c414aac191567ebbe73c79,0,0,3.970386028289795,
1,attn-d256-r64-c64,mlx,0.0254167,True,0,,2.07485e-05,,,,3.825805902481079,
1,attn-d256-r64-c64,previous_int8,0.0441250013,True,0,0.00569296718,0.000553240816,10e67c3a2a437d6bd603ec245ac7ad97950826979f27dbed8cd7cb9bcdae5284,0,0,2.288390874862671,
1,attn-d256-r64-c64,int8,0.0437083363,True,0,0.00569296718,0.000553240816,10e67c3a2a437d6bd603ec245ac7ad97950826979f27dbed8cd7cb9bcdae5284,0,0,2.3209660053253174,
1,attn-d256-r64-c64,previous_fp16,0.0192500011,True,0,0.000247767703,2.074677e-05,2ce079168eb49d2ad8e7d24176709cf7759337c795327a2bdec4dabe96ecef15,0,0,4.764101028442383,
1,attn-d256-r64-c64,fp16,0.0192083389,True,0,0.000247767703,2.074677e-05,2ce079168eb49d2ad8e7d24176709cf7759337c795327a2bdec4dabe96ecef15,0,0,4.755211114883423,
1,attn-d256-r16-c65,mlx,0.0267083,True,0,,2.06035e-05,,,,4.406710863113403,
1,attn-d256-r16-c65,previous_int8,0.0568749965,True,0,0.0027515038,0.000346575839,53ec01f98813c5d530ab627cabe589bb855a70b80b0a7cbfb776b02e86776732,0,0,1.9623239040374756,
1,attn-d256-r16-c65,int8,0.0564999937,True,0,0.0027515038,0.000346575839,53ec01f98813c5d530ab627cabe589bb855a70b80b0a7cbfb776b02e86776732,0,0,1.9825289249420166,
1,attn-d256-r16-c65,previous_fp16,0.032625001,True,0,0.000206095561,2.63141995e-05,631e04233debc1264374e3dd61e8a737db43dbcd5f444fd69f315e84e231fcb0,0,0,3.086698293685913,
1,attn-d256-r16-c65,fp16,0.0325000001,True,0,0.000206095561,2.63141995e-05,631e04233debc1264374e3dd61e8a737db43dbcd5f444fd69f315e84e231fcb0,0,0,3.072918176651001,
1,attn-causal-d128,mlx,0.170417,True,0,,3.50058e-05,,,,0.9939470291137695,
1,attn-causal-d128,previous_int8,0.176791669,True,0,0.00424327749,0.000339684098,760a65915386ee78ceecf1d3472bd5b92340fe851f93d4e28e00b2207a45048c,0,0,0.9983198642730713,
1,attn-causal-d128,int8,0.177499998,True,0,0.00424327749,0.000339684098,760a65915386ee78ceecf1d3472bd5b92340fe851f93d4e28e00b2207a45048c,0,0,1.002837896347046,
1,attn-causal-d128,previous_fp16,0.242875001,True,0,0.000289097683,1.78735539e-05,142a5655542f00b5054be59d37f3bea3bd51448c9878db2f54f697614e4aec4f,0,0,0.8816900253295898,
1,attn-causal-d128,fp16,0.242875001,True,0,0.000289097683,1.78735539e-05,142a5655542f00b5054be59d37f3bea3bd51448c9878db2f54f697614e4aec4f,0,0,0.8804001808166504,
1,attn-dynamic-d128,mlx,1.5285,True,0,,1.89218e-05,,,,0.6166226863861084,
1,attn-dynamic-d128,previous_int8,1.68220834,True,0,0.00456751649,0.000321742012,5eb66332d46ac957a00ca4a07a9d335a395c967e855cba28173164cde5a4fa88,0,0,0.6318299770355225,
1,attn-dynamic-d128,int8,1.68300001,True,0,0.00456751649,0.000321742012,5eb66332d46ac957a00ca4a07a9d335a395c967e855cba28173164cde5a4fa88,0,0,0.631375789642334,
1,attn-dynamic-d128,previous_fp16,1.506,True,0,0.00033287803,1.89236826e-05,f0ce1e3e76b959053d910151b5bb78c686600c7bf9a62e7e6409d34c47e64281,0,0,0.6304347515106201,
1,attn-dynamic-d128,fp16,1.510125,True,0,0.00033287803,1.89236826e-05,f0ce1e3e76b959053d910151b5bb78c686600c7bf9a62e7e6409d34c47e64281,0,0,0.6321730613708496,
1,attn-groups-d128-b1-h56-7,mlx,0.787625,True,0,,3.20213e-05,,,,0.6882081031799316,
1,attn-groups-d128-b1-h56-7,previous_int8,0.539374989,True,0,0.00411699416,0.000233914743,004bbd453bca7c6681f7eb31fdc739d5f40765a14316f3e02f7dfdcc2a1925da,0,0,0.7714231014251709,
1,attn-groups-d128-b1-h56-7,int8,0.539875007,True,0,0.00411699416,0.000233914743,004bbd453bca7c6681f7eb31fdc739d5f40765a14316f3e02f7dfdcc2a1925da,0,0,0.7745137214660645,
1,attn-groups-d128-b1-h56-7,previous_fp16,0.752749998,True,0,0.000462004892,3.20207363e-05,04247c38f707fc479abd9e4164be77be86a61b4137ad18e82e604ddbc5d81936,0,0,0.7036170959472656,
1,attn-groups-d128-b1-h56-7,fp16,0.751666666,True,0,0.000462004892,3.20207363e-05,04247c38f707fc479abd9e4164be77be86a61b4137ad18e82e604ddbc5d81936,0,0,0.7053248882293701,
1,attn-groups-d128-b1-h18-6,mlx,0.219833,True,0,,2.27262e-05,,,,0.8986749649047852,
1,attn-groups-d128-b1-h18-6,previous_int8,0.183958342,True,0,0.00456969498,0.000294596228,8d634766c2ab9e892e41f17e2d17ca72dcbe055b9480e07b0601fcd71cdcffcd,0,0,0.9854221343994141,
1,attn-groups-d128-b1-h18-6,int8,0.184125005,True,0,0.00456969498,0.000294596228,8d634766c2ab9e892e41f17e2d17ca72dcbe055b9480e07b0601fcd71cdcffcd,0,0,0.9842100143432617,
1,attn-groups-d128-b1-h18-6,previous_fp16,0.217999986,True,0,0.000453241072,2.60343521e-05,a1323aeac62dec794293b6099344a67e2f74619ba951f7d8375b0b20428bcd3f,0,0,0.9002859592437744,
1,attn-groups-d128-b1-h18-6,fp16,0.218541667,True,0,0.000453241072,2.60343521e-05,a1323aeac62dec794293b6099344a67e2f74619ba951f7d8375b0b20428bcd3f,0,0,0.9021947383880615,
1,attn-groups-d128-b1-h12-3,mlx,0.193375,True,0,,2.72924e-05,,,,0.9501821994781494,
1,attn-groups-d128-b1-h12-3,previous_int8,0.149500003,True,0,0.00444842,0.000352646844,9b94e6e43c2cb16230ecc38bd65ee8367f2d01959c13cdf3eb66ea8b200e46c1,0,0,1.0634028911590576,
1,attn-groups-d128-b1-h12-3,int8,0.149,True,0,0.00444842,0.000352646844,9b94e6e43c2cb16230ecc38bd65ee8367f2d01959c13cdf3eb66ea8b200e46c1,0,0,1.0581371784210205,
1,attn-groups-d128-b1-h12-3,previous_fp16,0.188583334,True,0,0.000437601474,2.7537129e-05,f760cb11d6f3f33cf5f923c72d6d85cbd989c9ae984c87a9bcfe834de1f2833c,0,0,0.9632346630096436,
1,attn-groups-d128-b1-h12-3,fp16,0.189874991,True,0,0.000437601474,2.7537129e-05,f760cb11d6f3f33cf5f923c72d6d85cbd989c9ae984c87a9bcfe834de1f2833c,0,0,0.9670641422271729,
1,attn-groups-d128-b2-h8-8,mlx,0.215167,True,0,,3.47686e-05,,,,0.8847358226776123,
1,attn-groups-d128-b2-h8-8,previous_int8,0.188624996,True,0,0.00425689071,0.000324251524,a392186069ab7b5547c038d66d2c43906336bc8c17bbe19e791521e6ae91717b,0,0,0.9746909141540527,
1,attn-groups-d128-b2-h8-8,int8,0.189375001,True,0,0.00425689071,0.000324251524,a392186069ab7b5547c038d66d2c43906336bc8c17bbe19e791521e6ae91717b,0,0,0.9688770771026611,
1,attn-groups-d128-b2-h8-8,previous_fp16,0.212875006,True,0,0.000506537306,3.47674003e-05,49209f2ed8b00974f357189fb43d0f880816e59941453cc86d6c48c1eddb2f99,0,0,0.9134142398834229,
1,attn-groups-d128-b2-h8-8,fp16,0.21316667,True,0,0.000506537306,3.47674003e-05,49209f2ed8b00974f357189fb43d0f880816e59941453cc86d6c48c1eddb2f99,0,0,0.9123599529266357,
1,attn-d128-r8193-c4097,mlx,1.40771,True,0,,2.58441e-05,,,,0.6247520446777344,
1,attn-d128-r8193-c4097,previous_int8,1.099,True,0,0.00529974716,0.000370884896,edde65bd1dc4fd1021709b048a538f14de5739e96e9c47b86ab8a4a981a51834,0,0,0.6677007675170898,
1,attn-d128-r8193-c4097,int8,1.06,True,0,0.00529974716,0.000370884896,edde65bd1dc4fd1021709b048a538f14de5739e96e9c47b86ab8a4a981a51834,0,0,0.6698598861694336,
1,attn-d128-r8193-c4097,previous_fp16,1.43545834,True,0,0.000359678633,2.58436198e-05,9f79e27add0ef45658202748a7ddf12eb3f94c3d35cc49b26f359caa0f722204,0,0,0.6429681777954102,
1,attn-d128-r8193-c4097,fp16,1.43020833,True,0,0.000359678633,2.58436198e-05,9f79e27add0ef45658202748a7ddf12eb3f94c3d35cc49b26f359caa0f722204,0,0,0.6380298137664795,
1,attn-d128-r4096-c8193,mlx,1.46121,True,0,,2.54873e-05,,,,0.6271097660064697,
1,attn-d128-r4096-c8193,previous_int8,0.932541661,True,0,0.00438830441,0.000258458004,781a10d9cd8a4da9bff617807f92befbbe81103f1c5a3903ec8717af7fffd177,0,0,0.6856632232666016,
1,attn-d128-r4096-c8193,int8,0.934166659,True,0,0.00438830441,0.000258458004,781a10d9cd8a4da9bff617807f92befbbe81103f1c5a3903ec8717af7fffd177,0,0,0.6867010593414307,
1,attn-d128-r4096-c8193,previous_fp16,1.406625,True,0,0.000471552812,3.32151003e-05,8de6e5679a152ed580cc2f71915d7d34018eae19e1317f17e150ec475177fefb,0,0,0.6461868286132812,
1,attn-d128-r4096-c8193,fp16,1.40737501,True,0,0.000471552812,3.32151003e-05,8de6e5679a152ed580cc2f71915d7d34018eae19e1317f17e150ec475177fefb,0,0,0.6452538967132568,
1,attn-d128-r4096-c8192,mlx,1.59013,True,0,,3.47085e-05,,,,0.621819019317627,
1,attn-d128-r4096-c8192,previous_int8,0.963125,True,0,0.00457893027,0.00029518248,68704c61b720fea2df139e15f5f0429089a0ea230aebc60729b4ee05f3e83f18,0,0,0.6844091415405273,
1,attn-d128-r4096-c8192,int8,0.963416664,True,0,0.00457893027,0.00029518248,68704c61b720fea2df139e15f5f0429089a0ea230aebc60729b4ee05f3e83f18,0,0,0.6854598522186279,
1,attn-d128-r4096-c8192,previous_fp16,1.56833333,True,0,0.000415994742,3.47072944e-05,706691dee4ca7de62563fb90007a730f76b5a9da1fe5934a16f8a484312517cf,0,0,0.6389367580413818,
1,attn-d128-r4096-c8192,fp16,1.57079166,True,0,0.000415994742,3.47072944e-05,706691dee4ca7de62563fb90007a730f76b5a9da1fe5934a16f8a484312517cf,0,0,0.6379802227020264,
1,attn-d128-r4096-c8191,mlx,1.45471,True,0,,1.2434e-05,,,,0.6284549236297607,
1,attn-d128-r4096-c8191,previous_int8,0.945000007,True,0,0.00465913627,0.000304324654,c1877a128e7cdea964b218a39eb43d3fe05242ae53c6066e6f083f6c36bb8f62,0,0,0.6861052513122559,
1,attn-d128-r4096-c8191,int8,0.944625004,True,0,0.00465913627,0.000304324654,c1877a128e7cdea964b218a39eb43d3fe05242ae53c6066e6f083f6c36bb8f62,0,0,0.6846902370452881,
1,attn-d128-r4096-c8191,previous_fp16,1.40270834,True,0,0.000321784642,2.21088771e-05,3b7a85adb234d3b52bd1c1989392ae11b741f2c477fb7e232d991b0ca0c08a31,0,0,0.6439318656921387,
1,attn-d128-r4096-c8191,fp16,1.40191667,True,0,0.000321784642,2.21088771e-05,3b7a85adb234d3b52bd1c1989392ae11b741f2c477fb7e232d991b0ca0c08a31,0,0,0.642798900604248,
1,attn-d128-r4097-c4097,mlx,0.778292,True,0,,1.66114e-05,,,,0.6831769943237305,
1,attn-d128-r4097-c4097,previous_int8,0.672374998,True,0,0.00521057173,0.000260244828,64954f36af83d262ea8b59294fa18b482b8afe67c90be76491fc0cbfca8b7edb,0,0,0.7227151393890381,
1,attn-d128-r4097-c4097,int8,0.672875001,True,0,0.00521057173,0.000260244828,64954f36af83d262ea8b59294fa18b482b8afe67c90be76491fc0cbfca8b7edb,0,0,0.7231190204620361,
1,attn-d128-r4097-c4097,previous_fp16,0.95666667,True,0,0.0003288816,2.48688432e-05,3a7f23c2770ef4b5638613105102494456ec4b118b06bd464836725b7fd94ab6,0,0,0.6898751258850098,
1,attn-d128-r4097-c4097,fp16,0.757625006,True,0,0.0003288816,2.48688432e-05,3a7f23c2770ef4b5638613105102494456ec4b118b06bd464836725b7fd94ab6,0,0,0.7010359764099121,
1,attn-d128-r4096-c4096,mlx,0.798375,True,0,,2.87058e-05,,,,0.6810269355773926,
1,attn-d128-r4096-c4096,previous_int8,0.482041665,True,0,0.0043588268,0.000259872806,1e81c925684f00d0012affbb08e5a6812b8a7e7fc6a7d0e7e4b5174a18cb2aa3,0,0,0.7892091274261475,
1,attn-d128-r4096-c4096,int8,0.483458323,True,0,0.0043588268,0.000259872806,1e81c925684f00d0012affbb08e5a6812b8a7e7fc6a7d0e7e4b5174a18cb2aa3,0,0,0.7914338111877441,
1,attn-d128-r4096-c4096,previous_fp16,0.784874996,True,0,0.000345635447,2.87055722e-05,1d0972651194135008cebbcf4fad70e9aab6a057d1723ea38a99a1772920aa5b,0,0,0.693922758102417,
1,attn-d128-r4096-c4096,fp16,0.785958342,True,0,0.000345635447,2.87055722e-05,1d0972651194135008cebbcf4fad70e9aab6a057d1723ea38a99a1772920aa5b,0,0,0.6955499649047852,
1,attn-d128-r4095-c4096,mlx,0.80575,True,0,,3.4132e-05,,,,0.6776330471038818,
1,attn-d128-r4095-c4096,previous_int8,0.537333341,True,0,0.00390010478,0.000215435053,f28e080bab0b413e502dc78b95043f9cf4c6d8af5607f7e6c3f11ac3061260ea,0,0,0.7636783123016357,
1,attn-d128-r4095-c4096,int8,0.537041677,True,0,0.00390010478,0.000215435053,f28e080bab0b413e502dc78b95043f9cf4c6d8af5607f7e6c3f11ac3061260ea,0,0,0.7629776000976562,
1,attn-d128-r4095-c4096,previous_fp16,0.799041678,True,0,0.000461289589,3.41314317e-05,9a2bd781357483619dc66cef76773105b2a61855b09ff8d5610aeafbab91db27,0,0,0.6914300918579102,
1,attn-d128-r4095-c4096,fp16,0.799125002,True,0,0.000461289589,3.41314317e-05,9a2bd781357483619dc66cef76773105b2a61855b09ff8d5610aeafbab91db27,0,0,0.6918160915374756,
1,attn-d128-r2048-c4095,mlx,0.3885,True,0,,2.86564e-05,,,,0.7480220794677734,
1,attn-d128-r2048-c4095,previous_int8,0.285249989,True,0,0.00448937967,0.000317822396,ba397127cc249d1fa1164d2c60dde7b2ee9ad0020fe9aee9f6d4ea438bce36f0,0,0,0.8464710712432861,
1,attn-d128-r2048-c4095,int8,0.285624992,True,0,0.00448937967,0.000317822396,ba397127cc249d1fa1164d2c60dde7b2ee9ad0020fe9aee9f6d4ea438bce36f0,0,0,0.8534021377563477,
1,attn-d128-r2048-c4095,previous_fp16,0.382166676,True,0,0.000402642498,2.86552467e-05,e10abec320cd18d6e3d8619d230960599b9d4d4661d16af89fe95f32e9faf5e1,0,0,0.7671542167663574,
1,attn-d128-r2048-c4095,fp16,0.382166661,True,0,0.000402642498,2.86552467e-05,e10abec320cd18d6e3d8619d230960599b9d4d4661d16af89fe95f32e9faf5e1,0,0,0.771104097366333,
1,attn-d128-r1023-c1025,mlx,0.100167,True,0,,2.95721e-05,,,,1.363337755203247,
1,attn-d128-r1023-c1025,previous_int8,0.0838333362,True,0,0.00514689557,0.000332015403,f9788e9023faebdc95ab377e5c9cf91bd98096c8f84d2fa284c60530c5933c0d,0,0,1.575526237487793,
1,attn-d128-r1023-c1025,int8,0.0834583334,True,0,0.00514689557,0.000332015403,f9788e9023faebdc95ab377e5c9cf91bd98096c8f84d2fa284c60530c5933c0d,0,0,1.404797077178955,
1,attn-d128-r1023-c1025,previous_fp16,0.0909999944,True,0,0.00045928817,3.17929933e-05,57817103d19fdb56c56122f8a23484515683c75dbd7f479374684f08950b347f,0,0,1.4590070247650146,
1,attn-d128-r1023-c1025,fp16,0.0917500001,True,0,0.00045928817,3.17929933e-05,57817103d19fdb56c56122f8a23484515683c75dbd7f479374684f08950b347f,0,0,1.4657649993896484,
1,attn-d128-r257-c257,mlx,0.033375,True,0,,2.60974e-05,,,,2.9978718757629395,
1,attn-d128-r257-c257,previous_int8,0.0427500054,True,0,0.0064779501,0.000401149205,c07b3b771545d9fecd64971643f49298127bf8b63aba9bf7510429d9a10bbc01,0,0,2.4033432006835938,
1,attn-d128-r257-c257,int8,0.0427083287,True,0,0.0064779501,0.000401149205,c07b3b771545d9fecd64971643f49298127bf8b63aba9bf7510429d9a10bbc01,0,0,2.360440969467163,
1,attn-d128-r257-c257,previous_fp16,0.0314583303,True,0,0.000534168964,3.80008861e-05,f9508656b5e90fb16f9d96f96e2c056bfa97ad8d1f701c40e563f3b3da5237ca,0,0,3.1216249465942383,
1,attn-d128-r257-c257,fp16,0.031500007,True,0,0.000534168964,3.80008861e-05,f9508656b5e90fb16f9d96f96e2c056bfa97ad8d1f701c40e563f3b3da5237ca,0,0,3.16629695892334,
1,attn-d128-r256-c257,mlx,0.031875,True,0,,3.56621e-05,,,,3.1076951026916504,
1,attn-d128-r256-c257,previous_int8,0.0412916561,True,0,0.00670602652,0.000447793878,1c542cf5bf8519c8a23de68b7ebe337f9a4d97db7dea4baf239aa9767e983820,0,0,2.4406731128692627,
1,attn-d128-r256-c257,int8,0.0417499978,True,0,0.00670602652,0.000447793878,1c542cf5bf8519c8a23de68b7ebe337f9a4d97db7dea4baf239aa9767e983820,0,0,2.4461069107055664,
1,attn-d128-r256-c257,previous_fp16,0.0289166783,True,0,0.000591716164,3.80008861e-05,d4f99a0b091431ef57901d9a7a031cf4ed34e3ec6d1cb869ca8d2ca4b1fe32f3,0,0,3.239675998687744,
1,attn-d128-r256-c257,fp16,0.0290000025,True,0,0.000591716164,3.80008861e-05,d4f99a0b091431ef57901d9a7a031cf4ed34e3ec6d1cb869ca8d2ca4b1fe32f3,0,0,3.412828207015991,
1,attn-d128-r255-c257,mlx,0.033375,True,0,,2.20505e-05,,,,2.984966278076172,
1,attn-d128-r255-c257,previous_int8,0.0446250051,True,0,0.00761601688,0.000499000426,2f378a0518b82156c2ed116f0de09792e891fd46f746e621bb1e066f9e2a9ec5,0,0,2.395557165145874,
1,attn-d128-r255-c257,int8,0.0443750032,True,0,0.00761601688,0.000499000426,2f378a0518b82156c2ed116f0de09792e891fd46f746e621bb1e066f9e2a9ec5,0,0,2.40913987159729,
1,attn-d128-r255-c257,previous_fp16,0.0647083361,True,0,0.000320159204,1.917747e-05,8066ef31c25bd23c76497ff7d20189b6e4c0f92e22239602b0ab636c96adcc32,0,0,1.8185739517211914,
1,attn-d128-r255-c257,fp16,0.0642083323,True,0,0.000320159204,1.917747e-05,8066ef31c25bd23c76497ff7d20189b6e4c0f92e22239602b0ab636c96adcc32,0,0,1.8291358947753906,
1,attn-d128-r65-c128,mlx,0.018875,True,0,,3.46306e-05,,,,4.755539178848267,
1,attn-d128-r65-c128,previous_int8,0.0337499951,True,0,0.00609890899,0.000494289782,cac83173f794eae5fc20b2bf6cc5fde6b57862c129e54d37e4dae569402c2135,0,0,2.9485461711883545,
1,attn-d128-r65-c128,int8,0.0336249941,True,0,0.00609890899,0.000494289782,cac83173f794eae5fc20b2bf6cc5fde6b57862c129e54d37e4dae569402c2135,0,0,2.9387478828430176,
1,attn-d128-r65-c128,previous_fp16,0.0222916715,True,0,0.000270111409,2.64054715e-05,cc3a34c34d863c0ae21b119a0def2695882eb94f33d348bbdbc7f36a6911c0c3,0,0,4.1646788120269775,
1,attn-d128-r65-c128,fp16,0.0223333336,True,0,0.000270111409,2.64054715e-05,cc3a34c34d863c0ae21b119a0def2695882eb94f33d348bbdbc7f36a6911c0c3,0,0,4.181319952011108,
1,attn-d128-r64-c64,mlx,0.0125833,True,0,,2.63389e-05,,,,6.902949094772339,
1,attn-d128-r64-c64,previous_int8,0.0292500044,True,0,0.00395508566,0.000294387596,d4e88fb482b5f07bab72aa7b28f899cc84f5a7544f994b1d4fee716f0378eef7,0,0,3.3572938442230225,
1,attn-d128-r64-c64,int8,0.0295416685,True,0,0.00395508566,0.000294387596,d4e88fb482b5f07bab72aa7b28f899cc84f5a7544f994b1d4fee716f0378eef7,0,0,3.3638131618499756,
1,attn-d128-r64-c64,previous_fp16,0.0110833353,True,0,0.000276859295,1.98728431e-05,cdd89107d62d74f63ac08e30b519f5d35838feecd9934a908cce00f28db08e62,0,0,7.781928062438965,
1,attn-d128-r64-c64,fp16,0.0231666636,True,0,0.000276859295,1.98728431e-05,cdd89107d62d74f63ac08e30b519f5d35838feecd9934a908cce00f28db08e62,0,0,7.728135824203491,
1,attn-d128-r16-c65,mlx,0.02225,True,0,,2.65543e-05,,,,4.8306779861450195,
1,attn-d128-r16-c65,previous_int8,0.0337499951,True,0,0.00428683341,0.000288369582,be0b5ef8e3d2b48b3139e744b3691870592570aba51198a603352e6f9a23c318,0,0,2.9245188236236572,
1,attn-d128-r16-c65,int8,0.0340000115,True,0,0.00428683341,0.000288369582,be0b5ef8e3d2b48b3139e744b3691870592570aba51198a603352e6f9a23c318,0,0,2.9191389083862305,
1,attn-d128-r16-c65,previous_fp16,0.0220000074,True,0,0.000343658258,2.73973202e-05,6ab21c341302b212eaeb0fb8d17bca7c2f277d68a5deb273c649ae641b97f192,0,0,4.530082941055298,
1,attn-d128-r16-c65,fp16,0.0215000036,True,0,0.000343658258,2.73973202e-05,6ab21c341302b212eaeb0fb8d17bca7c2f277d68a5deb273c649ae641b97f192,0,0,4.524418830871582,
1,attn-causal-d64,mlx,0.08425,True,0,,1.81537e-05,,,,1.559302806854248,
1,attn-causal-d64,previous_int8,0.107208325,True,0,0.00764770813,0.000378572357,1b556c470be76dd5e56d55710c9ceae20bc8a6cffe727f5e82b38c043adc65fc,0,0,1.301400899887085,
1,attn-causal-d64,int8,0.107375003,True,0,0.00764770813,0.000378572357,1b556c470be76dd5e56d55710c9ceae20bc8a6cffe727f5e82b38c043adc65fc,0,0,1.2977769374847412,
1,attn-causal-d64,previous_fp16,0.138624993,True,0,0.000396978596,1.66035186e-05,4e6a978b092ee8345d8bd89260a4cca078b82678bd6aa46504cb5baf39d24e13,0,0,1.0904288291931152,
1,attn-causal-d64,fp16,0.138041665,True,0,0.000396978596,1.66035186e-05,4e6a978b092ee8345d8bd89260a4cca078b82678bd6aa46504cb5baf39d24e13,0,0,1.0917439460754395,
1,attn-dynamic-d64,mlx,0.657875,True,0,,1.63959e-05,,,,0.7015528678894043,
1,attn-dynamic-d64,previous_int8,0.722833327,True,0,0.00560500408,0.000273598245,a882b8cc9bae06dcb4be3b9483142e403b5f708c59962f373b463e143e06256b,0,0,0.700192928314209,
1,attn-dynamic-d64,int8,0.721249991,True,0,0.00560500408,0.000273598245,a882b8cc9bae06dcb4be3b9483142e403b5f708c59962f373b463e143e06256b,0,0,0.701204776763916,
1,attn-dynamic-d64,previous_fp16,1.36120834,True,0,0.000384643007,1.90611175e-05,bda240375d20e9fdac9678761108f42af8c1971609bccc6f8dc1e514d9222d67,0,0,0.6299288272857666,
1,attn-dynamic-d64,fp16,1.36625,True,0,0.000384643007,1.90611175e-05,bda240375d20e9fdac9678761108f42af8c1971609bccc6f8dc1e514d9222d67,0,0,0.6297860145568848,
1,attn-groups-d64-b1-h56-7,mlx,0.3255,True,0,,1.13367e-05,,,,0.7994139194488525,
1,attn-groups-d64-b1-h56-7,previous_int8,0.325458343,True,0,0.00761744753,0.000324825839,66fb07025c805ec1bf06b638d8310098ec319ce9eb03c355efa347f05309ba88,0,0,0.8143711090087891,
1,attn-groups-d64-b1-h56-7,int8,0.79229167,True,0,0.00761744753,0.000324825839,66fb07025c805ec1bf06b638d8310098ec319ce9eb03c355efa347f05309ba88,0,0,0.7893719673156738,
1,attn-groups-d64-b1-h56-7,previous_fp16,0.860125001,True,0,0.000372122028,1.5955144e-05,7e89f12e42fccf234562744591c349c1cd502093019cbba682bac12ed73651eb,0,0,0.6904778480529785,
1,attn-groups-d64-b1-h56-7,fp16,0.86437499,True,0,0.000372122028,1.5955144e-05,7e89f12e42fccf234562744591c349c1cd502093019cbba682bac12ed73651eb,0,0,0.6744630336761475,
1,attn-groups-d64-b1-h18-6,mlx,0.0947083,True,0,,2.05512e-05,,,,1.4213860034942627,
1,attn-groups-d64-b1-h18-6,previous_int8,0.137750001,True,0,0.00608287026,0.000306117599,bde24e9bd1d7003c6a6c76421f511705495480092b01634f644e1e95b299b669,0,0,1.0949440002441406,
1,attn-groups-d64-b1-h18-6,int8,0.136666669,True,0,0.00608287026,0.000306117599,bde24e9bd1d7003c6a6c76421f511705495480092b01634f644e1e95b299b669,0,0,1.0955979824066162,
1,attn-groups-d64-b1-h18-6,previous_fp16,0.29112499,True,0,0.000413649228,2.91351671e-05,f3c466b6e2eefc2a1b95b3ba37038bf03b682eff7c79bb470dd9fe8879fef219,0,0,0.8392469882965088,
1,attn-groups-d64-b1-h18-6,fp16,0.291749995,True,0,0.000413649228,2.91351671e-05,f3c466b6e2eefc2a1b95b3ba37038bf03b682eff7c79bb470dd9fe8879fef219,0,0,0.835745096206665,
1,attn-groups-d64-b1-h12-3,mlx,0.0887917,True,0,,9.33702e-06,,,,1.4909379482269287,
1,attn-groups-d64-b1-h12-3,previous_int8,0.0999166659,True,0,0.00702396079,0.000299254465,e19d90345dad1819dfd4f6733f0861651ffb598a03b79f9d65897d4aee5f06ac,0,0,1.3794360160827637,
1,attn-groups-d64-b1-h12-3,int8,0.100125006,True,0,0.00702396079,0.000299254465,e19d90345dad1819dfd4f6733f0861651ffb598a03b79f9d65897d4aee5f06ac,0,0,1.3728017807006836,
1,attn-groups-d64-b1-h12-3,previous_fp16,0.217249995,True,0,0.000405382647,1.6793293e-05,a67c8c8b1fa656e85cceab5f31c6eacfa7728c705a81d9c41c3b2cacaafeec50,0,0,0.9018669128417969,
1,attn-groups-d64-b1-h12-3,fp16,0.216875007,True,0,0.000405382647,1.6793293e-05,a67c8c8b1fa656e85cceab5f31c6eacfa7728c705a81d9c41c3b2cacaafeec50,0,0,0.8995361328125,
1,attn-groups-d64-b2-h8-8,mlx,0.09375,True,0,,1.96061e-05,,,,1.4391460418701172,
1,attn-groups-d64-b2-h8-8,previous_int8,0.168333339,True,0,0.00663961833,0.00027886819,d2a2c9769381ae1da7ee923fe76b7e1c90bcd59c8dde9cf64ff9df21d89c3867,0,0,1.008336067199707,
1,attn-groups-d64-b2-h8-8,int8,0.168875005,True,0,0.00663961833,0.00027886819,d2a2c9769381ae1da7ee923fe76b7e1c90bcd59c8dde9cf64ff9df21d89c3867,0,0,1.0023488998413086,
1,attn-groups-d64-b2-h8-8,previous_fp16,0.291833334,True,0,0.00027135297,1.53742711e-05,a6ed5698c680c0221ba04817f02a80b41bbf95e0c3a81462c6a796db5ca4b241,0,0,0.8283829689025879,
1,attn-groups-d64-b2-h8-8,fp16,0.293249992,True,0,0.00027135297,1.53742711e-05,a6ed5698c680c0221ba04817f02a80b41bbf95e0c3a81462c6a796db5ca4b241,0,0,0.8286929130554199,
1,attn-d64-r8193-c4097,mlx,0.633375,True,0,,1.6126e-05,,,,0.7123777866363525,
1,attn-d64-r8193-c4097,previous_int8,0.562000001,True,0,0.00551965597,0.000245333481,997327600c29f54c419cd151f6d20bb547bc653647467127f39f5e6cbafa4701,0,0,0.7511532306671143,
1,attn-d64-r8193-c4097,int8,0.565374998,True,0,0.00551965597,0.000245333481,997327600c29f54c419cd151f6d20bb547bc653647467127f39f5e6cbafa4701,0,0,0.7490119934082031,
1,attn-d64-r8193-c4097,previous_fp16,0.960874997,True,0,0.000440089048,2.59691396e-05,91e2f6d3b83a6a1c72ca2041be6778018e0a63cf469393a51c8df8f85fe57808,0,0,0.6658620834350586,
1,attn-d64-r8193-c4097,fp16,0.96262501,True,0,0.000440089048,2.59691396e-05,91e2f6d3b83a6a1c72ca2041be6778018e0a63cf469393a51c8df8f85fe57808,0,0,0.6651849746704102,
1,attn-d64-r4096-c8193,mlx,0.651833,True,0,,1.40324e-05,,,,0.7092728614807129,
1,attn-d64-r4096-c8193,previous_int8,0.541541667,True,0,0.0068733247,0.000267484698,fb8ae65e7e5cb3dd7c8cd1538a3e82dbafcaea9fb6faece05c5ed688e79291ac,0,0,0.7563340663909912,
1,attn-d64-r4096-c8193,int8,0.541750007,True,0,0.0068733247,0.000267484698,fb8ae65e7e5cb3dd7c8cd1538a3e82dbafcaea9fb6faece05c5ed688e79291ac,0,0,0.7571117877960205,
1,attn-d64-r4096-c8193,previous_fp16,1.31345833,True,0,0.000352372834,2.19767215e-05,df56dc192b8f2f36b2b349e6a8024b44545697759a8a24b6805e80f14b7425f2,0,0,0.6381840705871582,
1,attn-d64-r4096-c8193,fp16,1.31433333,True,0,0.000352372834,2.19767215e-05,df56dc192b8f2f36b2b349e6a8024b44545697759a8a24b6805e80f14b7425f2,0,0,0.6387062072753906,
1,attn-d64-r4096-c8192,mlx,0.632542,True,0,,1.27204e-05,,,,0.7152969837188721,
1,attn-d64-r4096-c8192,previous_int8,0.522000002,True,0,0.00754177622,0.000302634848,d7ae95cdfafbde2ca7de43711230b71e64426fe7824c567de538d6bb9a474757,0,0,0.7668530941009521,
1,attn-d64-r4096-c8192,int8,0.521124995,True,0,0.00754177622,0.000302634848,d7ae95cdfafbde2ca7de43711230b71e64426fe7824c567de538d6bb9a474757,0,0,0.7620871067047119,
1,attn-d64-r4096-c8192,previous_fp16,0.738875009,True,0,0.000373838433,1.68764635e-05,0dbb5a455996f844ff2c67e2899eb73cb36f1c6a482a520d1ece0c295f41234b,0,0,0.6999409198760986,
1,attn-d64-r4096-c8192,fp16,0.738208328,True,0,0.000373838433,1.68764635e-05,0dbb5a455996f844ff2c67e2899eb73cb36f1c6a482a520d1ece0c295f41234b,0,0,0.7001023292541504,
1,attn-d64-r4096-c8191,mlx,0.649542,True,0,,1.35981e-05,,,,0.7025678157806396,
1,attn-d64-r4096-c8191,previous_int8,0.538083332,True,0,0.00729101506,0.000294374136,70ad9672fcb99a46e64d3ea434bb330b8c43561f88e5f8370de10b4ad0c808a7,0,0,0.7568509578704834,
1,attn-d64-r4096-c8191,int8,0.537999993,True,0,0.00729101506,0.000294374136,70ad9672fcb99a46e64d3ea434bb330b8c43561f88e5f8370de10b4ad0c808a7,0,0,0.7567760944366455,
1,attn-d64-r4096-c8191,previous_fp16,0.812124999,True,0,0.000340941363,1.66973455e-05,a9198042b6ca08c3187db0bc91ad1a653668f2a4bf6e088ce9ab9ccfecd8cbcc,0,0,0.6861460208892822,
1,attn-d64-r4096-c8191,fp16,0.812375001,True,0,0.000340941363,1.66973455e-05,a9198042b6ca08c3187db0bc91ad1a653668f2a4bf6e088ce9ab9ccfecd8cbcc,0,0,0.6866681575775146,
1,attn-d64-r4097-c4097,mlx,0.331625,True,0,,1.73242e-05,,,,0.8008451461791992,
1,attn-d64-r4097-c4097,previous_int8,0.307666662,True,0,0.0060945042,0.00025919602,35113144677db753fb58d1615146b13d693db114d70c7af8c263c4dbbc518d62,0,0,0.8152837753295898,
1,attn-d64-r4097-c4097,int8,0.308166665,True,0,0.0060945042,0.00025919602,35113144677db753fb58d1615146b13d693db114d70c7af8c263c4dbbc518d62,0,0,0.8163430690765381,
1,attn-d64-r4097-c4097,previous_fp16,0.677999997,True,0,0.000424320486,2.59691396e-05,beeb776afbeb890843f0cf593f6b37752366c5645f630001d3bb36fe159f893e,0,0,0.7081329822540283,
1,attn-d64-r4097-c4097,fp16,0.678874989,True,0,0.000424320486,2.59691396e-05,beeb776afbeb890843f0cf593f6b37752366c5645f630001d3bb36fe159f893e,0,0,0.7100520133972168,
1,attn-d64-r4096-c4096,mlx,0.316625,True,0,,9.9998e-06,,,,0.8006470203399658,
1,attn-d64-r4096-c4096,previous_int8,0.274874998,True,0,0.00701815224,0.00027739124,f667c72fec8affbf948386bc2768b5e7acc74fdc19b69ad496b53dc3ced7fbc4,0,0,0.8510079383850098,
1,attn-d64-r4096-c4096,int8,0.273375001,True,0,0.00701815224,0.00027739124,f667c72fec8affbf948386bc2768b5e7acc74fdc19b69ad496b53dc3ced7fbc4,0,0,0.8513619899749756,
1,attn-d64-r4096-c4096,previous_fp16,0.374499999,True,0,0.000392409747,2.09055213e-05,a40a8869ea4d387906da1877ce9641018a9591dcfc7f1b93d481a342612dc118,0,0,0.773716926574707,
1,attn-d64-r4096-c4096,fp16,0.374374999,True,0,0.000392409747,2.09055213e-05,a40a8869ea4d387906da1877ce9641018a9591dcfc7f1b93d481a342612dc118,0,0,0.7675919532775879,
1,attn-d64-r4095-c4096,mlx,0.317375,True,0,,1.32935e-05,,,,0.8006761074066162,
1,attn-d64-r4095-c4096,previous_int8,0.292041659,True,0,0.00618145273,0.000283614437,73ea06c27c737708da39c9ab34beb1c5f4b5046d53a3d08e4c96278e24dec49e,0,0,0.8432650566101074,
1,attn-d64-r4095-c4096,int8,0.291000004,True,0,0.00618145273,0.000283614437,73ea06c27c737708da39c9ab34beb1c5f4b5046d53a3d08e4c96278e24dec49e,0,0,0.8435609340667725,
1,attn-d64-r4095-c4096,previous_fp16,0.381125006,True,0,0.000300596433,1.72249883e-05,46615a7990a49f755e9cc7298942bcec6bb09a6a1d2f52f93d2e5073177e4246,0,0,0.776209831237793,
1,attn-d64-r4095-c4096,fp16,0.381041667,True,0,0.000300596433,1.72249883e-05,46615a7990a49f755e9cc7298942bcec6bb09a6a1d2f52f93d2e5073177e4246,0,0,0.7730460166931152,
1,attn-d64-r2048-c4095,mlx,0.1745,True,0,,1.34125e-05,,,,0.9907879829406738,
1,attn-d64-r2048-c4095,previous_int8,0.165791673,True,0,0.00564717429,0.000283534225,7ccdf8d5e9b0f281a49af39f8fd868f032e613248f46dc129c7a33a031ce1154,0,0,1.0316040515899658,
1,attn-d64-r2048-c4095,int8,0.166124999,True,0,0.00564717429,0.000283534225,7ccdf8d5e9b0f281a49af39f8fd868f032e613248f46dc129c7a33a031ce1154,0,0,1.0278651714324951,
1,attn-d64-r2048-c4095,previous_fp16,0.224541669,True,0,0.000405390739,2.50919624e-05,741d613621a13776614d22b073491659b9e2b06239e98a5d9e583de84ad7ae51,0,0,0.8249528408050537,
1,attn-d64-r2048-c4095,fp16,0.223791663,True,0,0.000405390739,2.50919624e-05,741d613621a13776614d22b073491659b9e2b06239e98a5d9e583de84ad7ae51,0,0,0.8214077949523926,
1,attn-d64-r1023-c1025,mlx,0.04525,True,0,,2.06307e-05,,,,2.3125979900360107,
1,attn-d64-r1023-c1025,previous_int8,0.0543750066,True,0,0.00794194429,0.000371150857,7fc82bf1ffb86e5f67881bd36bb4fbe8eea88eab8ea6daf2dad70bd29406b47b,0,0,2.0563340187072754,
1,attn-d64-r1023-c1025,int8,0.0546249939,True,0,0.00794194429,0.000371150857,7fc82bf1ffb86e5f67881bd36bb4fbe8eea88eab8ea6daf2dad70bd29406b47b,0,0,2.0350959300994873,
1,attn-d64-r1023-c1025,previous_fp16,0.0763333373,True,0,0.000484413379,2.56749798e-05,d5f019a34b5e056c2f807c46ff17fd0b24fede3a49b661b20d5b6d3b98f24d67,0,0,1.6516187191009521,
1,attn-d64-r1023-c1025,fp16,0.0761666743,True,0,0.000484413379,2.56749798e-05,d5f019a34b5e056c2f807c46ff17fd0b24fede3a49b661b20d5b6d3b98f24d67,0,0,1.6585118770599365,
1,attn-d64-r257-c257,mlx,0.017625,True,0,,1.86537e-05,,,,5.086093187332153,
1,attn-d64-r257-c257,previous_int8,0.0291250035,True,0,0.0230969572,0.00107532489,d3a353d13b217b42b45129ac88d46f3453fcc8285730b2dcda9d2ca77634581e,0,0,3.36811900138855,
1,attn-d64-r257-c257,int8,0.0291250035,True,0,0.0230969572,0.00107532489,d3a353d13b217b42b45129ac88d46f3453fcc8285730b2dcda9d2ca77634581e,0,0,3.4104278087615967,
1,attn-d64-r257-c257,previous_fp16,0.0264583359,True,0,0.00037779687,1.95383945e-05,e8f233b13fe4244403356d22b4860593aeddfcb979db4f63c77284c722e5ecb5,0,0,3.708498954772949,
1,attn-d64-r257-c257,fp16,0.0263749971,True,0,0.00037779687,1.95383945e-05,e8f233b13fe4244403356d22b4860593aeddfcb979db4f63c77284c722e5ecb5,0,0,3.7649850845336914,
1,attn-d64-r256-c257,mlx,0.017,True,0,,2.33842e-05,,,,5.437251091003418,
1,attn-d64-r256-c257,previous_int8,0.0293333287,True,0,0.0252047944,0.00107532489,32639c576720dd596410edcb12482b2bfb03bc0854a660313f98daa7ee88d61e,0,0,3.3658361434936523,
1,attn-d64-r256-c257,int8,0.0288750016,True,0,0.0252047944,0.00107532489,32639c576720dd596410edcb12482b2bfb03bc0854a660313f98daa7ee88d61e,0,0,3.4364519119262695,
1,attn-d64-r256-c257,previous_fp16,0.0272500038,True,0,0.000351231529,1.95383945e-05,1878bc53e3a028c322f9e3aca668923865412dc280fa209d444a20765ae9ad9a,0,0,3.641996145248413,
1,attn-d64-r256-c257,fp16,0.02675,True,0,0.000351231529,1.95383945e-05,1878bc53e3a028c322f9e3aca668923865412dc280fa209d444a20765ae9ad9a,0,0,3.6468429565429688,
1,attn-d64-r255-c257,mlx,0.017875,True,0,,1.64741e-05,,,,5.046237945556641,
1,attn-d64-r255-c257,previous_int8,0.030916679,True,0,0.0251262424,0.000853593545,aca4da6e6e651bf25189fa040218ebb10bc9d24e66fb30e8470888b96e89ddf9,0,0,3.2199647426605225,
1,attn-d64-r255-c257,int8,0.0308333256,True,0,0.0251262424,0.000853593545,aca4da6e6e651bf25189fa040218ebb10bc9d24e66fb30e8470888b96e89ddf9,0,0,3.2073001861572266,
1,attn-d64-r255-c257,previous_fp16,0.0316249934,True,0,0.000437374107,1.86885712e-05,d1948b49a52bf6bc4edd4f25a7628970de4bb63904a0128e982bfeb0ea7817aa,0,0,3.192052125930786,
1,attn-d64-r255-c257,fp16,0.0313749915,True,0,0.000437374107,1.86885712e-05,d1948b49a52bf6bc4edd4f25a7628970de4bb63904a0128e982bfeb0ea7817aa,0,0,2.9415009021759033,
1,attn-d64-r65-c128,mlx,0.00995834,True,0,,1.26455e-05,,,,8.184337854385376,
1,attn-d64-r65-c128,previous_int8,0.0242083333,True,0,0.0073575865,0.000325639268,063858c8725cd33fe876c2d1f406108f57a7aec222f8a225ea88102f781b8aa7,0,0,3.9543240070343018,
1,attn-d64-r65-c128,int8,0.0241249945,True,0,0.0073575865,0.000325639268,063858c8725cd33fe876c2d1f406108f57a7aec222f8a225ea88102f781b8aa7,0,0,3.9665157794952393,
1,attn-d64-r65-c128,previous_fp16,0.0142500066,True,0,0.00046931041,2.92953577e-05,aff64930e9a97458a4acfb2a38903d1ddcefdb9ebb635c2cebca287811bea831,0,0,6.2492711544036865,
1,attn-d64-r65-c128,fp16,0.0145416707,True,0,0.00046931041,2.92953577e-05,aff64930e9a97458a4acfb2a38903d1ddcefdb9ebb635c2cebca287811bea831,0,0,6.196819067001343,
1,attn-d64-r64-c64,mlx,0.00975,True,0,,1.91436e-05,,,,11.514676809310913,
1,attn-d64-r64-c64,previous_int8,0.0219166541,True,0,0.00656013419,0.000283128744,0a4af5a40154264066fa2f5bc5f219e83776174fbb2360c648009c1a18124829,0,0,4.24262809753418,
1,attn-d64-r64-c64,int8,0.0223750103,True,0,0.00656013419,0.000283128744,0a4af5a40154264066fa2f5bc5f219e83776174fbb2360c648009c1a18124829,0,0,4.180524826049805,
1,attn-d64-r64-c64,previous_fp16,0.00745833677,True,0,0.000517367109,2.89856846e-05,28d0d22f07026b5d3558cfa7a6b1633463d0016f1ca343756c8e03dd6bc4c9aa,0,0,10.620163917541504,
1,attn-d64-r64-c64,fp16,0.0112499984,True,0,0.000517367109,2.89856846e-05,28d0d22f07026b5d3558cfa7a6b1633463d0016f1ca343756c8e03dd6bc4c9aa,0,0,10.887897253036499,
1,attn-d64-r16-c65,mlx,0.0114167,True,0,,1.85159e-05,,,,7.714369058609009,
1,attn-d64-r16-c65,previous_int8,0.0242083333,True,0,0.00719186599,0.000299246648,1cad5a00dbe369e1798c1aae38f14c5d8c85410249f04a2f15e1ae41783fca3b,0,0,3.859264850616455,
1,attn-d64-r16-c65,int8,0.0237499917,True,0,0.00719186599,0.000299246648,1cad5a00dbe369e1798c1aae38f14c5d8c85410249f04a2f15e1ae41783fca3b,0,0,3.827097177505493,
1,attn-d64-r16-c65,previous_fp16,0.0169166742,True,0,0.000470684626,2.27706913e-05,7551a1aef7d4553a517b43aadb587685f573ea8e9005c82d17d447e58d257153,0,0,5.853178262710571,
1,attn-d64-r16-c65,fp16,0.0161249918,True,0,0.000470684626,2.27706913e-05,7551a1aef7d4553a517b43aadb587685f573ea8e9005c82d17d447e58d257153,0,0,5.856040000915527,
1,gemm-dynamic-tail-8192,mlx,9.87137,True,0,0.000335768,0.900391,,,,1.0227956771850586,
1,gemm-dynamic-tail-8192,previous_int8,5.55775,True,0,0.0042350793,11.8151855,322520902f1139fb408ad0dde0f4c0fe7bc46d81dae59890eebc8fd929bfa62a,1,0,0.8253192901611328,
1,gemm-dynamic-tail-8192,int8,5.55183334,True,0,0.0042350793,11.8151855,322520902f1139fb408ad0dde0f4c0fe7bc46d81dae59890eebc8fd929bfa62a,1,0,0.8238818645477295,
1,gemm-dynamic-tail-8192,previous_fp32,12.86175,True,0,0.000178541166,0.809326172,9e9af2acf23c258e8ff489b0fc769a57632899b1b81f3ec8dbb37844747e2886,0,0,0.8223819732666016,
1,gemm-dynamic-tail-8192,fp32,12.667,True,0,0.000178541166,0.809326172,9e9af2acf23c258e8ff489b0fc769a57632899b1b81f3ec8dbb37844747e2886,0,0,0.825864315032959,
1,gemm-dynamic-tail-8192,previous_fp16,10.8023333,True,0,0.00175882665,11.5666504,a153a17960c1d5172beb523c61b0b3a385b3f66326183c481f059317917082f9,0,0,0.8106207847595215,
1,gemm-dynamic-tail-8192,fp16,10.794625,True,0,0.00175882665,11.5666504,a153a17960c1d5172beb523c61b0b3a385b3f66326183c481f059317917082f9,0,0,0.8116517066955566,
1,gemm-dynamic-tail-4096,mlx,5.03754,True,0,0.000239718,0.455322,,,,0.8309252262115479,
1,gemm-dynamic-tail-4096,previous_int8,2.974125,True,0,0.00362707273,10.8210449,45672bf1e73eeaeda7d53af171cbdf9154a077035ec885242ee4b4782ac0f9cb,1,0,0.7530319690704346,
1,gemm-dynamic-tail-4096,int8,2.93579166,True,0,0.00362707273,10.8210449,45672bf1e73eeaeda7d53af171cbdf9154a077035ec885242ee4b4782ac0f9cb,1,0,0.7564890384674072,
1,gemm-dynamic-tail-4096,previous_fp32,5.15425,True,0,0.00017022693,0.809326172,e596a514a68f78437f80e59d1cc2aacd7fbc916e43b6b7add8c66d1b9ce007cb,0,0,0.7118840217590332,
1,gemm-dynamic-tail-4096,fp32,5.09516666,True,0,0.00017022693,0.809326172,e596a514a68f78437f80e59d1cc2aacd7fbc916e43b6b7add8c66d1b9ce007cb,0,0,0.7092299461364746,
1,gemm-dynamic-tail-4096,previous_fp16,5.066625,True,0,0.00017022693,0.809326172,e596a514a68f78437f80e59d1cc2aacd7fbc916e43b6b7add8c66d1b9ce007cb,0,0,0.7157599925994873,
1,gemm-dynamic-tail-4096,fp16,5.11033332,True,0,0.00017022693,0.809326172,e596a514a68f78437f80e59d1cc2aacd7fbc916e43b6b7add8c66d1b9ce007cb,0,0,0.713935136795044,
1,gemm-dynamic-tail-2048,mlx,2.56825,True,0,0.000223884,0.630859,,,,0.7539660930633545,
1,gemm-dynamic-tail-2048,previous_int8,1.58670833,True,0,0.0039566862,11.9462891,20aae2c54ca7162fc3e8ef5c531d15b6c60e78be906b9f1896a5009449e75dde,1,0,0.7406790256500244,
1,gemm-dynamic-tail-2048,int8,1.62400001,True,0,0.0039566862,11.9462891,20aae2c54ca7162fc3e8ef5c531d15b6c60e78be906b9f1896a5009449e75dde,1,0,0.7311890125274658,
1,gemm-dynamic-tail-2048,previous_fp32,2.52908333,True,0,0.000178823698,0.707763672,4d67bb822e026ebb53b74379848b8c807333dc3ddbb5bde779b2c2d0aad708ca,0,0,0.6812071800231934,
1,gemm-dynamic-tail-2048,fp32,2.56587499,True,0,0.000178823698,0.707763672,4d67bb822e026ebb53b74379848b8c807333dc3ddbb5bde779b2c2d0aad708ca,0,0,0.6805369853973389,
1,gemm-dynamic-tail-2048,previous_fp16,2.556875,True,0,0.000178823698,0.707763672,4d67bb822e026ebb53b74379848b8c807333dc3ddbb5bde779b2c2d0aad708ca,0,0,0.6787509918212891,
1,gemm-dynamic-tail-2048,fp16,2.52562499,True,0,0.000178823698,0.707763672,4d67bb822e026ebb53b74379848b8c807333dc3ddbb5bde779b2c2d0aad708ca,0,0,0.6934301853179932,
1,gemm-aspect-8192-8192-24576,mlx,37.4711,True,0,0.000182827,1.27148,,,,1.3184969425201416,
1,gemm-aspect-8192-8192-24576,previous_int8,19.122125,True,0,0.00341271219,31.6333008,a87ceca407b1e3dfada3f1db2a96cc2c1cb2083c779602e6af369f2c9b56e88a,0,0,1.0973401069641113,
1,gemm-aspect-8192-8192-24576,int8,19.1674167,True,0,0.00341271219,31.6333008,a87ceca407b1e3dfada3f1db2a96cc2c1cb2083c779602e6af369f2c9b56e88a,0,0,1.1020901203155518,
1,gemm-aspect-8192-8192-24576,previous_fp32,31.567,True,0,0.000377123858,4.33935547,2309b18fd1fff01a71a469cdfa750eda62d53a04db7c5f675fda51b7a2804dff,0,0,1.0743110179901123,
1,gemm-aspect-8192-8192-24576,fp32,31.5763333,True,0,0.000377123858,4.33935547,2309b18fd1fff01a71a469cdfa750eda62d53a04db7c5f675fda51b7a2804dff,0,0,1.0734729766845703,
1,gemm-aspect-8192-8192-24576,previous_fp16,26.9665,True,0,0.000328780189,4.33935547,9323889b5b2e84f7492eda9479d10326823966b6021e7838e918032e63d73398,0,0,1.044842004776001,
1,gemm-aspect-8192-8192-24576,fp16,26.877625,True,0,0.000328780189,4.33935547,9323889b5b2e84f7492eda9479d10326823966b6021e7838e918032e63d73398,0,0,1.0660719871520996,
1,gemm-aspect-8192-6144-16384,mlx,19.5015,True,0,4.22172e-05,0.228027,,,,1.0177478790283203,
1,gemm-aspect-8192-6144-16384,previous_int8,7.97924999,True,0,0.00391592163,21.0302734,b605a06f406d118d307accb9546601fecd790b9812bfcb9cfeb6d20ba51c6359,0,0,0.8683512210845947,
1,gemm-aspect-8192-6144-16384,int8,7.96675,True,0,0.00391592163,21.0302734,b605a06f406d118d307accb9546601fecd790b9812bfcb9cfeb6d20ba51c6359,0,0,0.8678090572357178,
1,gemm-aspect-8192-6144-16384,previous_fp32,15.4575,True,0,0.000238051689,4.015625,9f95d9d36fc324eb1432516bf7a706633ca62963687a277875d161be55ed9d78,0,0,0.8606090545654297,
1,gemm-aspect-8192-6144-16384,fp32,15.4824167,True,0,0.000238051689,4.015625,9f95d9d36fc324eb1432516bf7a706633ca62963687a277875d161be55ed9d78,0,0,0.8618710041046143,
1,gemm-aspect-8192-6144-16384,previous_fp16,17.430875,True,0,0.000280638804,3.74633789,03c550e06e3654779a7b06602fec580ddfdcc4297066dd8a55459464f17ed356,0,0,0.8676090240478516,
1,gemm-aspect-8192-6144-16384,fp16,17.7065,True,0,0.000280638804,3.74633789,03c550e06e3654779a7b06602fec580ddfdcc4297066dd8a55459464f17ed356,0,0,0.8704869747161865,
1,gemm-aspect-8192-4096-12288,mlx,7.97383,True,0,0.000132376,0.493896,,,,0.8462939262390137,
1,gemm-aspect-8192-4096-12288,previous_int8,3.82337499,True,0,0.00405952256,15.8793945,520733b2a38120d3f3bd7170a93cbcc5f5e27d1eb0f361390865a47f141131fe,0,0,0.7680351734161377,
1,gemm-aspect-8192-4096-12288,int8,3.82425,True,0,0.00405952256,15.8793945,520733b2a38120d3f3bd7170a93cbcc5f5e27d1eb0f361390865a47f141131fe,0,0,0.7652442455291748,
1,gemm-aspect-8192-4096-12288,previous_fp32,7.794875,True,0,0.000280050456,1.40136719,7a223ffad42035f8579649be0f2b66ddfc01fdb49fd4e9ff5fe9cf3076e03fad,0,0,0.7431471347808838,
1,gemm-aspect-8192-4096-12288,fp32,7.78270833,True,0,0.000280050456,1.40136719,7a223ffad42035f8579649be0f2b66ddfc01fdb49fd4e9ff5fe9cf3076e03fad,0,0,0.7422430515289307,
1,gemm-aspect-8192-4096-12288,previous_fp16,6.81470834,True,0,0.000322701762,1.83178711,79682c048664d48c961d1dc37e54d06c076ecfc094bf63ccb666fe2eafbc598a,0,0,0.741779088973999,
1,gemm-aspect-8192-4096-12288,fp16,6.80849999,True,0,0.000322701762,1.83178711,79682c048664d48c961d1dc37e54d06c076ecfc094bf63ccb666fe2eafbc598a,0,0,0.7411468029022217,
1,gemm-aspect-8192-2560-9216,mlx,3.28438,True,0,0.000131683,0.250488,,,,0.7601852416992188,
1,gemm-aspect-8192-2560-9216,previous_int8,1.905125,True,0,0.0044602828,11.769043,f91a50609922e4a2bde90cf5992fd63d13a9d0f35650f0db6c01e5c9f4944900,0,0,0.7240676879882812,
1,gemm-aspect-8192-2560-9216,int8,1.903375,True,0,0.0044602828,11.769043,f91a50609922e4a2bde90cf5992fd63d13a9d0f35650f0db6c01e5c9f4944900,0,0,0.7240958213806152,
1,gemm-aspect-8192-2560-9216,previous_fp32,3.839375,True,0,0.000391866843,2.25195312,57ade6a476c486588bf5b47096203b602c2a818509d37edce0ceefd2d7f8d50f,0,0,0.6879959106445312,
1,gemm-aspect-8192-2560-9216,fp32,3.84204167,True,0,0.000391866843,2.25195312,57ade6a476c486588bf5b47096203b602c2a818509d37edce0ceefd2d7f8d50f,0,0,0.6954739093780518,
1,gemm-aspect-8192-2560-9216,previous_fp16,3.44150001,True,0,0.000352106364,1.74804688,b1c2e65794b188d7202f922b0a1ac15e0cee84bb5f9088524654038306bda00b,0,0,0.6983208656311035,
1,gemm-aspect-8192-2560-9216,fp16,3.4305,True,0,0.000352106364,1.74804688,b1c2e65794b188d7202f922b0a1ac15e0cee84bb5f9088524654038306bda00b,0,0,0.6876599788665771,
1,gemm-aspect-8192-2048-8192,mlx,2.253,True,0,0.000155083,0.387451,,,,0.7406163215637207,
1,gemm-aspect-8192-2048-8192,previous_int8,1.38449999,True,0,0.00423279849,10.5275879,90fcd5701377df0784794ab806900ccaf1efa73ef390cba78aaa47099469a50d,0,0,0.7205071449279785,
1,gemm-aspect-8192-2048-8192,int8,1.38283335,True,0,0.00423279849,10.5275879,90fcd5701377df0784794ab806900ccaf1efa73ef390cba78aaa47099469a50d,0,0,0.7179608345031738,
1,gemm-aspect-8192-2048-8192,previous_fp32,2.27041666,True,0,0.000209800178,0.871582031,87ec012348ba60b8949020e05d609f504dae1cd9397d34d1af02a5550461e8f8,0,0,0.675307035446167,
1,gemm-aspect-8192-2048-8192,fp32,2.27216668,True,0,0.000209800178,0.871582031,87ec012348ba60b8949020e05d609f504dae1cd9397d34d1af02a5550461e8f8,0,0,0.6771621704101562,
1,gemm-aspect-8192-2048-8192,previous_fp16,2.25579167,True,0,0.000209800178,0.871582031,87ec012348ba60b8949020e05d609f504dae1cd9397d34d1af02a5550461e8f8,0,0,0.6772720813751221,
1,gemm-aspect-8192-2048-8192,fp16,2.28233333,True,0,0.000209800178,0.871582031,87ec012348ba60b8949020e05d609f504dae1cd9397d34d1af02a5550461e8f8,0,0,0.6758172512054443,
1,gemm-aspect-6144-8192-24576,mlx,20.7974,True,0,0.000148669,0.861572,,,,1.1483078002929688,
1,gemm-aspect-6144-8192-24576,previous_int8,14.712125,True,0,0.00370392206,31.1147461,cb9bb78518bcc1109cd1fe380a88382b4d3cc7efe5c1415be26c882bdeb6ab86,0,0,1.042517900466919,
1,gemm-aspect-6144-8192-24576,int8,14.705,True,0,0.00370392206,31.1147461,cb9bb78518bcc1109cd1fe380a88382b4d3cc7efe5c1415be26c882bdeb6ab86,0,0,1.033776044845581,
1,gemm-aspect-6144-8192-24576,previous_fp32,20.83075,True,0,0.000163969295,1.8972168,16eb4c7f6f522c6725f63898bba61b85a3e504045526ceece8e0be56aa4d8cbb,0,0,0.9663968086242676,
1,gemm-aspect-6144-8192-24576,fp32,20.8315833,True,0,0.000163969295,1.8972168,16eb4c7f6f522c6725f63898bba61b85a3e504045526ceece8e0be56aa4d8cbb,0,0,0.9646990299224854,
1,gemm-aspect-6144-8192-24576,previous_fp16,20.787625,True,0,0.000163969295,1.8972168,16eb4c7f6f522c6725f63898bba61b85a3e504045526ceece8e0be56aa4d8cbb,0,0,0.96510910987854,
1,gemm-aspect-6144-8192-24576,fp16,20.788625,True,0,0.000163969295,1.8972168,16eb4c7f6f522c6725f63898bba61b85a3e504045526ceece8e0be56aa4d8cbb,0,0,0.9673299789428711,
1,gemm-aspect-6144-6144-16384,mlx,13.6956,True,0,5.31838e-05,0.289062,,,,0.9168570041656494,
1,gemm-aspect-6144-6144-16384,previous_int8,6.0885,True,0,0.00471388435,21.185791,862f731088315d3f78e06fff93ae8af08284164c1ccc251394f2f3ec281d1d0c,0,0,0.8290376663208008,
1,gemm-aspect-6144-6144-16384,int8,6.12979167,True,0,0.00471388435,21.185791,862f731088315d3f78e06fff93ae8af08284164c1ccc251394f2f3ec281d1d0c,0,0,0.8295059204101562,
1,gemm-aspect-6144-6144-16384,previous_fp32,11.8600833,True,0,0.000200236617,2.06469727,9984f3bc1acb5ab1f7172723a417802c8f9320153858054bd3f506b5242c217f,0,0,0.8011960983276367,
1,gemm-aspect-6144-6144-16384,fp32,11.93725,True,0,0.000200236617,2.06469727,9984f3bc1acb5ab1f7172723a417802c8f9320153858054bd3f506b5242c217f,0,0,0.8019030094146729,
1,gemm-aspect-6144-6144-16384,previous_fp16,12.527,True,0,0.000272845713,2.92675781,7a23fafd68ea3cb75a768a28276896722b9c8f7f5e20e4cb2aeb8086a134a0bf,0,0,0.810434103012085,
1,gemm-aspect-6144-6144-16384,fp16,12.672375,True,0,0.000272845713,2.92675781,7a23fafd68ea3cb75a768a28276896722b9c8f7f5e20e4cb2aeb8086a134a0bf,0,0,0.8074297904968262,
1,gemm-aspect-6144-4096-12288,mlx,6.469,True,0,0.000203555,0.490234,,,,0.7761149406433105,
1,gemm-aspect-6144-4096-12288,previous_int8,2.94029167,True,0,0.00393846689,15.8679199,79ce9099af3c5d21c80c29c97c5d49d1e5455e9c0e20da74b5a86f89f5fb83e6,0,0,0.7509040832519531,
1,gemm-aspect-6144-4096-12288,int8,2.88283335,True,0,0.00393846689,15.8679199,79ce9099af3c5d21c80c29c97c5d49d1e5455e9c0e20da74b5a86f89f5fb83e6,0,0,0.745833158493042,
1,gemm-aspect-6144-4096-12288,previous_fp32,5.86008333,True,0,0.000283986285,2.19165039,32562aee414e922cd35a8a946daf669df1cc107bfd08a8b65a40efe976fc2b5f,0,0,0.718951940536499,
1,gemm-aspect-6144-4096-12288,fp32,5.86045835,True,0,0.000283986285,2.19165039,32562aee414e922cd35a8a946daf669df1cc107bfd08a8b65a40efe976fc2b5f,0,0,0.7150108814239502,
1,gemm-aspect-6144-4096-12288,previous_fp16,5.288375,True,0,0.000249880174,1.22363281,a43cd8ee6a0d78710bdae53ee56b8edf9cced0e7d0b36d1d89395bc89210df99,0,0,0.7263531684875488,
1,gemm-aspect-6144-4096-12288,fp16,5.18708333,True,0,0.000249880174,1.22363281,a43cd8ee6a0d78710bdae53ee56b8edf9cced0e7d0b36d1d89395bc89210df99,0,0,0.7158288955688477,
1,gemm-aspect-6144-2560-9216,mlx,2.54079,True,0,0.000189222,0.375732,,,,0.7310261726379395,
1,gemm-aspect-6144-2560-9216,previous_int8,1.45345833,True,0,0.00484268212,11.9431152,9dfd3a995fd22ac833990c572128601d1f753ce1a069ca866a83f02bba13a427,0,0,0.718782901763916,
1,gemm-aspect-6144-2560-9216,int8,1.450125,True,0,0.00484268212,11.9431152,9dfd3a995fd22ac833990c572128601d1f753ce1a069ca866a83f02bba13a427,0,0,0.7227442264556885,
1,gemm-aspect-6144-2560-9216,previous_fp32,3.0215,True,0,0.000306962726,1,764a6d3d458c0eec915822a2bd2da14651bdc63daeee814e039bb9e5a44aed3e,0,0,0.6776509284973145,
1,gemm-aspect-6144-2560-9216,fp32,3.02654167,True,0,0.000306962726,1,764a6d3d458c0eec915822a2bd2da14651bdc63daeee814e039bb9e5a44aed3e,0,0,0.6777849197387695,
1,gemm-aspect-6144-2560-9216,previous_fp16,2.67033334,True,0,0.000269028068,1.16381836,21a43a35093c0a66ea7369f84f6493e3bb2d43bf35f0c69427763b72146b8be4,0,0,0.6803488731384277,
1,gemm-aspect-6144-2560-9216,fp16,2.671625,True,0,0.000269028068,1.16381836,21a43a35093c0a66ea7369f84f6493e3bb2d43bf35f0c69427763b72146b8be4,0,0,0.679844856262207,
1,gemm-aspect-6144-2048-8192,mlx,1.7685,True,0,0.000197127,0.354736,,,,0.7173268795013428,
1,gemm-aspect-6144-2048-8192,previous_int8,1.07229166,True,0,0.00470307944,10.5983887,a8fead71b80557e6813e8f148bccdb545a19b22d0b7a623ec2b427195f39439e,0,0,0.7291510105133057,
1,gemm-aspect-6144-2048-8192,int8,1.07720833,True,0,0.00470307944,10.5983887,a8fead71b80557e6813e8f148bccdb545a19b22d0b7a623ec2b427195f39439e,0,0,0.7267067432403564,
1,gemm-aspect-6144-2048-8192,previous_fp32,1.795125,True,0,0.000163148196,0.78125,a6b8ac61247cd683fe33560c0b6ca4878d54b21762f0cd2698f0474b705be86a,0,0,0.676750659942627,
1,gemm-aspect-6144-2048-8192,fp32,1.77779167,True,0,0.000163148196,0.78125,a6b8ac61247cd683fe33560c0b6ca4878d54b21762f0cd2698f0474b705be86a,0,0,0.6754870414733887,
1,gemm-aspect-6144-2048-8192,previous_fp16,1.79537501,True,0,0.000163148196,0.78125,a6b8ac61247cd683fe33560c0b6ca4878d54b21762f0cd2698f0474b705be86a,0,0,0.6693551540374756,
1,gemm-aspect-6144-2048-8192,fp16,1.78075,True,0,0.000163148196,0.78125,a6b8ac61247cd683fe33560c0b6ca4878d54b21762f0cd2698f0474b705be86a,0,0,0.6713800430297852,
1,gemm-aspect-4096-8192-24576,mlx,13.8884,True,0,0.000130345,0.861572,,,,1.0114669799804688,
1,gemm-aspect-4096-8192-24576,previous_int8,9.85237499,True,0,0.00297038051,31.8029785,eb0223ff1ef942766f44fd39ee8df8f8a19d713b60d727da4cb9e8a496dfe1f1,0,0,0.9634692668914795,
1,gemm-aspect-4096-8192-24576,int8,9.77854167,True,0,0.00297038051,31.8029785,eb0223ff1ef942766f44fd39ee8df8f8a19d713b60d727da4cb9e8a496dfe1f1,0,0,0.9630112648010254,
1,gemm-aspect-4096-8192-24576,previous_fp32,13.906,True,0,0.000139332307,1.8972168,dab4260c6d807f63a4285aa5039d7aae5de9d37d0bb8df14ded37443991580b3,0,0,0.8768618106842041,
1,gemm-aspect-4096-8192-24576,fp32,13.88875,True,0,0.000139332307,1.8972168,dab4260c6d807f63a4285aa5039d7aae5de9d37d0bb8df14ded37443991580b3,0,0,0.8770837783813477,
1,gemm-aspect-4096-8192-24576,previous_fp16,13.8989583,True,0,0.000139332307,1.8972168,dab4260c6d807f63a4285aa5039d7aae5de9d37d0bb8df14ded37443991580b3,0,0,0.8748600482940674,
1,gemm-aspect-4096-8192-24576,fp16,13.8959167,True,0,0.000139332307,1.8972168,dab4260c6d807f63a4285aa5039d7aae5de9d37d0bb8df14ded37443991580b3,0,0,0.8783907890319824,
1,gemm-aspect-4096-6144-16384,mlx,7.76662,True,0,3.87542e-05,0.166992,,,,0.8253800868988037,
1,gemm-aspect-4096-6144-16384,previous_int8,4.13875,True,0,0.00410424913,21.0302734,54010cb6a96672d2ddefef96df63ee540e8cba38034dc100640c3e0ce7f79c89,0,0,0.7995138168334961,
1,gemm-aspect-4096-6144-16384,int8,4.15554167,True,0,0.00410424913,21.0302734,54010cb6a96672d2ddefef96df63ee540e8cba38034dc100640c3e0ce7f79c89,0,0,0.7920329570770264,
1,gemm-aspect-4096-6144-16384,previous_fp32,6.90250001,True,0,9.94158247e-05,0.938232422,ffdd8645f30fbdfa62c85cb30f8c4b1cbdeea90b4490d1181460c4f7ea7ea1c6,0,0,0.7523510456085205,
1,gemm-aspect-4096-6144-16384,fp32,6.90149999,True,0,9.94158247e-05,0.938232422,ffdd8645f30fbdfa62c85cb30f8c4b1cbdeea90b4490d1181460c4f7ea7ea1c6,0,0,0.7492201328277588,
1,gemm-aspect-4096-6144-16384,previous_fp16,6.90070834,True,0,9.94158247e-05,0.938232422,ffdd8645f30fbdfa62c85cb30f8c4b1cbdeea90b4490d1181460c4f7ea7ea1c6,0,0,0.7518210411071777,
1,gemm-aspect-4096-6144-16384,fp16,6.90374999,True,0,9.94158247e-05,0.938232422,ffdd8645f30fbdfa62c85cb30f8c4b1cbdeea90b4490d1181460c4f7ea7ea1c6,0,0,0.7486391067504883,
1,gemm-aspect-4096-2560-9216,mlx,1.71329,True,0,0.000266309,0.932129,,,,0.7029879093170166,
1,gemm-aspect-4096-2560-9216,previous_int8,1.001125,True,0,0.00463417155,11.9431152,601a01a23cc605d374becca73e161536129792f672198917b030b13b2a70f7bb,0,0,0.7403209209442139,
1,gemm-aspect-4096-2560-9216,int8,0.991958339,True,0,0.00463417155,11.9431152,601a01a23cc605d374becca73e161536129792f672198917b030b13b2a70f7bb,0,0,0.7344217300415039,
1,gemm-aspect-4096-2560-9216,previous_fp32,1.95600001,True,0,0.000315047942,0.992431641,cc7e2ae468fa7fd5cf82dd2eae92467b07b1b210e50aa7995bbe5605deab4f51,0,0,0.6757309436798096,
1,gemm-aspect-4096-2560-9216,fp32,1.91633333,True,0,0.000315047942,0.992431641,cc7e2ae468fa7fd5cf82dd2eae92467b07b1b210e50aa7995bbe5605deab4f51,0,0,0.6693260669708252,
1,gemm-aspect-4096-2560-9216,previous_fp16,1.80795832,True,0,0.000351090641,1.46289062,df4efaf09571c5ca688fe2efa9dd826368c1e79c07a851968807f15d921ed8a7,0,0,0.6773717403411865,
1,gemm-aspect-4096-2560-9216,fp16,1.79858334,True,0,0.000351090641,1.46289062,df4efaf09571c5ca688fe2efa9dd826368c1e79c07a851968807f15d921ed8a7,0,0,0.6750731468200684,
1,gemm-aspect-4096-2048-8192,mlx,1.18717,True,0,0.000218158,0.217041,,,,0.7130270004272461,
1,gemm-aspect-4096-2048-8192,previous_int8,0.727749997,True,0,0.00425042609,10.5275879,3c339f011c1c02df3a59b499dbd0bbf8a6fdfdd1ee736e97f27ece24f217c2bf,0,0,0.7667691707611084,
1,gemm-aspect-4096-2048-8192,int8,0.736166679,True,0,0.00425042609,10.5275879,3c339f011c1c02df3a59b499dbd0bbf8a6fdfdd1ee736e97f27ece24f217c2bf,0,0,0.7616970539093018,
1,gemm-aspect-4096-2048-8192,previous_fp32,1.18637501,True,0,0.000210648354,0.871582031,1ba0ecd76eb092513e0f648cfdf075f1a4cc5fb1ad6afb64c7be5e3535e70f40,0,0,0.6847929954528809,
1,gemm-aspect-4096-2048-8192,fp32,1.188875,True,0,0.000210648354,0.871582031,1ba0ecd76eb092513e0f648cfdf075f1a4cc5fb1ad6afb64c7be5e3535e70f40,0,0,0.6844148635864258,
1,gemm-aspect-4096-2048-8192,previous_fp16,1.185,True,0,0.000210648354,0.871582031,1ba0ecd76eb092513e0f648cfdf075f1a4cc5fb1ad6afb64c7be5e3535e70f40,0,0,0.6823973655700684,
1,gemm-aspect-4096-2048-8192,fp16,1.198375,True,0,0.000210648354,0.871582031,1ba0ecd76eb092513e0f648cfdf075f1a4cc5fb1ad6afb64c7be5e3535e70f40,0,0,0.682197093963623,
1,gemm-aspect-3072-8192-24576,mlx,10.4613,True,0,0.000198797,1.4751,,,,0.9412081241607666,
1,gemm-aspect-3072-8192-24576,previous_int8,8.169375,True,0,0.00397092073,31.8146973,0e1686009844c20182efbd627b4150772b948f782ace2862f60779a2994cd24d,0,0,0.9311301708221436,
1,gemm-aspect-3072-8192-24576,int8,8.142625,True,0,0.00397092073,31.8146973,0e1686009844c20182efbd627b4150772b948f782ace2862f60779a2994cd24d,0,0,0.9364140033721924,
1,gemm-aspect-3072-8192-24576,previous_fp32,10.48675,True,0,0.000175592259,1.97851562,07f3651143ead26e6afd4af836d40c353f99b6e1ddb7f51f917d4b7ce3fd35d0,0,0,0.835658073425293,
1,gemm-aspect-3072-8192-24576,fp32,10.4905417,True,0,0.000175592259,1.97851562,07f3651143ead26e6afd4af836d40c353f99b6e1ddb7f51f917d4b7ce3fd35d0,0,0,0.8378047943115234,
1,gemm-aspect-3072-8192-24576,previous_fp16,10.4645,True,0,0.000175592259,1.97851562,07f3651143ead26e6afd4af836d40c353f99b6e1ddb7f51f917d4b7ce3fd35d0,0,0,0.833853006362915,
1,gemm-aspect-3072-8192-24576,fp16,10.486125,True,0,0.000175592259,1.97851562,07f3651143ead26e6afd4af836d40c353f99b6e1ddb7f51f917d4b7ce3fd35d0,0,0,0.8337311744689941,
1,gemm-aspect-3072-6144-16384,mlx,5.83804,True,0,4.51864e-05,0.174561,,,,0.7893738746643066,
1,gemm-aspect-3072-6144-16384,previous_int8,3.25987501,True,0,0.00344488698,18.9814453,f87b223fc6df44a57cfaa4e9003054b53d5f822cc757a3e9064114b7ea0e9b7a,0,0,0.7831771373748779,
1,gemm-aspect-3072-6144-16384,int8,3.25270832,True,0,0.00344488698,18.9814453,f87b223fc6df44a57cfaa4e9003054b53d5f822cc757a3e9064114b7ea0e9b7a,0,0,0.7830190658569336,
1,gemm-aspect-3072-6144-16384,previous_fp32,5.20625,True,0,0.000101453768,0.926757812,f625aa02c4a7ae11fb48d9e3e80d365c7ade2781e1f1b6df75e539411a1a3f42,0,0,0.7232639789581299,
1,gemm-aspect-3072-6144-16384,fp32,5.20629168,True,0,0.000101453768,0.926757812,f625aa02c4a7ae11fb48d9e3e80d365c7ade2781e1f1b6df75e539411a1a3f42,0,0,0.725898027420044,
1,gemm-aspect-3072-6144-16384,previous_fp16,5.20604166,True,0,0.000101453768,0.926757812,f625aa02c4a7ae11fb48d9e3e80d365c7ade2781e1f1b6df75e539411a1a3f42,0,0,0.736015796661377,
1,gemm-aspect-3072-6144-16384,fp16,5.20975,True,0,0.000101453768,0.926757812,f625aa02c4a7ae11fb48d9e3e80d365c7ade2781e1f1b6df75e539411a1a3f42,0,0,0.7236940860748291,
1,gemm-aspect-3072-4096-12288,mlx,2.63446,True,0,0.000165976,0.859863,,,,0.7277390956878662,
1,gemm-aspect-3072-4096-12288,previous_int8,1.55674999,True,0,0.00404025758,14.253418,4fc5f6b7c29abc40608b3aad803a80c7a0494e83b24d23d2026ff9187a416080,0,0,0.7329108715057373,
1,gemm-aspect-3072-4096-12288,int8,1.52412501,True,0,0.00404025758,14.253418,4fc5f6b7c29abc40608b3aad803a80c7a0494e83b24d23d2026ff9187a416080,0,0,0.7317788600921631,
1,gemm-aspect-3072-4096-12288,previous_fp32,2.629625,True,0,0.000152012368,0.788330078,3dbae3e3f3efd94656295c11ccce8a9da7cb08c594cea8e8971f1661d19d5914,0,0,0.6808712482452393,
1,gemm-aspect-3072-4096-12288,fp32,2.63112501,True,0,0.000152012368,0.788330078,3dbae3e3f3efd94656295c11ccce8a9da7cb08c594cea8e8971f1661d19d5914,0,0,0.6897768974304199,
1,gemm-aspect-3072-4096-12288,previous_fp16,2.630125,True,0,0.000152012368,0.788330078,3dbae3e3f3efd94656295c11ccce8a9da7cb08c594cea8e8971f1661d19d5914,0,0,0.6835060119628906,
1,gemm-aspect-3072-4096-12288,fp16,2.632125,True,0,0.000152012368,0.788330078,3dbae3e3f3efd94656295c11ccce8a9da7cb08c594cea8e8971f1661d19d5914,0,0,0.6819350719451904,
1,gemm-aspect-3072-2560-9216,mlx,1.33162,True,0,0.0002498,0.82373,,,,0.6996610164642334,
1,gemm-aspect-3072-2560-9216,previous_int8,0.754125009,True,0,0.00503058517,11.8439941,934821d914c64cc120e86dacd34b4d2be05b6bd5e312fa4ecca80b5783a5a191,0,0,0.7571797370910645,
1,gemm-aspect-3072-2560-9216,int8,0.753374989,True,0,0.00503058517,11.8439941,934821d914c64cc120e86dacd34b4d2be05b6bd5e312fa4ecca80b5783a5a191,0,0,0.7535438537597656,
1,gemm-aspect-3072-2560-9216,previous_fp32,1.52904166,True,0,0.000330774408,1.63354492,57754f5ef001f8dfeef5234afd98b53f660fa79a04fdffdf358d5e1764462669,0,0,0.671069860458374,
1,gemm-aspect-3072-2560-9216,fp32,1.54791666,True,0,0.000330774408,1.63354492,57754f5ef001f8dfeef5234afd98b53f660fa79a04fdffdf358d5e1764462669,0,0,0.6696021556854248,
1,gemm-aspect-3072-2560-9216,previous_fp16,1.481625,True,0,0.000288414074,0.87890625,1ee1d236c254be8481b61013fa82b7e105b76fa778358e2f8100b8916a4aae56,0,0,0.6719560623168945,
1,gemm-aspect-3072-2560-9216,fp16,1.44920833,True,0,0.000288414074,0.87890625,1ee1d236c254be8481b61013fa82b7e105b76fa778358e2f8100b8916a4aae56,0,0,0.6715500354766846,
1,gemm-aspect-3072-2048-8192,mlx,0.923375,True,0,0.000362979,0.967529,,,,0.7118427753448486,
1,gemm-aspect-3072-2048-8192,previous_int8,0.530583333,True,0,0.00440997614,10.5983887,6a05353c788c2249062701d743a2910e975810b5125183caa5d6662c5fa37fe1,0,0,0.8108248710632324,
1,gemm-aspect-3072-2048-8192,int8,0.532875012,True,0,0.00440997614,10.5983887,6a05353c788c2249062701d743a2910e975810b5125183caa5d6662c5fa37fe1,0,0,0.8029630184173584,
1,gemm-aspect-3072-2048-8192,previous_fp32,0.909499999,True,0,0.000174899002,0.78125,d63c271c909b1ef1fe1ea801e1dc89fe521653f738aad8959a90c55aae95269f,0,0,0.6972973346710205,
1,gemm-aspect-3072-2048-8192,fp32,0.95716666,True,0,0.000174899002,0.78125,d63c271c909b1ef1fe1ea801e1dc89fe521653f738aad8959a90c55aae95269f,0,0,0.6938948631286621,
1,gemm-aspect-3072-2048-8192,previous_fp16,0.854291662,True,0,0.000559756443,1.73022461,d297fd6502c26c6e817c9b029df8e37e9b5a539991577b487ecf1ef00087ec4d,0,0,0.7089550495147705,
1,gemm-aspect-3072-2048-8192,fp16,0.854624988,True,0,0.000559756443,1.73022461,d297fd6502c26c6e817c9b029df8e37e9b5a539991577b487ecf1ef00087ec4d,0,0,0.7089979648590088,
1,gemm-aspect-2048-8192-24576,mlx,6.97062,True,0,0.00019356,0.861572,,,,0.8701519966125488,
1,gemm-aspect-2048-8192-24576,previous_int8,5.37779166,True,0,0.00345568013,31.8869629,0eb5293ac9305dcc3d9c85512c092596177e9b4ad628082e3c7f1a412ed33fe8,0,0,0.9004862308502197,
1,gemm-aspect-2048-8192-24576,int8,5.53145833,True,0,0.00345568013,31.8869629,0eb5293ac9305dcc3d9c85512c092596177e9b4ad628082e3c7f1a412ed33fe8,0,0,0.9011242389678955,
1,gemm-aspect-2048-8192-24576,previous_fp32,6.97516666,True,0,0.000158589,1.8972168,211671e1864a78adf8c34e0a0996523f35441cdc9e495de7b2e052ba1b5ef808,0,0,0.7921297550201416,
1,gemm-aspect-2048-8192-24576,fp32,6.97308333,True,0,0.000158589,1.8972168,211671e1864a78adf8c34e0a0996523f35441cdc9e495de7b2e052ba1b5ef808,0,0,0.792417049407959,
1,gemm-aspect-2048-8192-24576,previous_fp16,6.97408334,True,0,0.000158589,1.8972168,211671e1864a78adf8c34e0a0996523f35441cdc9e495de7b2e052ba1b5ef808,0,0,0.7918651103973389,
1,gemm-aspect-2048-8192-24576,fp16,6.97441665,True,0,0.000158589,1.8972168,211671e1864a78adf8c34e0a0996523f35441cdc9e495de7b2e052ba1b5ef808,0,0,0.7929768562316895,
1,gemm-aspect-2048-6144-16384,mlx,4.02837,True,0,2.69941e-05,0.102295,,,,0.7568418979644775,
1,gemm-aspect-2048-6144-16384,previous_int8,2.30974999,True,0,0.00407469285,21.0302734,e10615ad7832ff3c215b3abc9d6c1ee72a21095e7c65bfe733e96224ea3b2942,0,0,0.7778608798980713,
1,gemm-aspect-2048-6144-16384,int8,2.31212501,True,0,0.00407469285,21.0302734,e10615ad7832ff3c215b3abc9d6c1ee72a21095e7c65bfe733e96224ea3b2942,0,0,0.774928092956543,
1,gemm-aspect-2048-6144-16384,previous_fp32,3.47370833,True,0,9.13614504e-05,0.926757812,fcb12ceacd6e54c5df93fa78e7430029d00dbc54d4dbf3bbc7755cc1eb92ec1b,0,0,0.7062821388244629,
1,gemm-aspect-2048-6144-16384,fp32,3.47504167,True,0,9.13614504e-05,0.926757812,fcb12ceacd6e54c5df93fa78e7430029d00dbc54d4dbf3bbc7755cc1eb92ec1b,0,0,0.7083320617675781,
1,gemm-aspect-2048-6144-16384,previous_fp16,3.47537499,True,0,9.13614504e-05,0.926757812,fcb12ceacd6e54c5df93fa78e7430029d00dbc54d4dbf3bbc7755cc1eb92ec1b,0,0,0.7345559597015381,
1,gemm-aspect-2048-6144-16384,fp16,3.47375,True,0,9.13614504e-05,0.926757812,fcb12ceacd6e54c5df93fa78e7430029d00dbc54d4dbf3bbc7755cc1eb92ec1b,0,0,0.7165861129760742,
1,gemm-aspect-2048-4096-12288,mlx,1.77471,True,0,4.76615e-05,0.186035,,,,0.7107279300689697,
1,gemm-aspect-2048-4096-12288,previous_int8,1.05679166,True,0,0.00378208061,15.9504395,af3ca4a47cbcfecd4178a2942ad0583d55e9392c4928c3d85fce8581f853101d,0,0,0.7508759498596191,
1,gemm-aspect-2048-4096-12288,int8,1.05554167,True,0,0.00378208061,15.9504395,af3ca4a47cbcfecd4178a2942ad0583d55e9392c4928c3d85fce8581f853101d,0,0,0.752518892288208,
1,gemm-aspect-2048-4096-12288,previous_fp32,1.864875,True,0,0.000173155314,0.83203125,8dc248dfe15222c0f2d3f336a9ef074531d2bb3e1b5b4cff0f5ae37c8edca39e,0,0,0.6799759864807129,
1,gemm-aspect-2048-4096-12288,fp32,1.94754166,True,0,0.000173155314,0.83203125,8dc248dfe15222c0f2d3f336a9ef074531d2bb3e1b5b4cff0f5ae37c8edca39e,0,0,0.683373212814331,
1,gemm-aspect-2048-4096-12288,previous_fp16,1.90812501,True,0,0.000173155314,0.83203125,8dc248dfe15222c0f2d3f336a9ef074531d2bb3e1b5b4cff0f5ae37c8edca39e,0,0,0.6861021518707275,
1,gemm-aspect-2048-4096-12288,fp16,1.94929168,True,0,0.000173155314,0.83203125,8dc248dfe15222c0f2d3f336a9ef074531d2bb3e1b5b4cff0f5ae37c8edca39e,0,0,0.690864086151123,
1,gemm-aspect-2048-2560-9216,mlx,0.910625,True,0,0.000130812,0.250488,,,,0.7326047420501709,
1,gemm-aspect-2048-2560-9216,previous_int8,0.686125,True,0,0.00419017985,10.7080078,8a01adacfc9dc9e1ff3d7290f49fca34d71a79479165e237ee0a97cacab4a0da,0,0,0.7625188827514648,
1,gemm-aspect-2048-2560-9216,int8,0.687124993,True,0,0.00419017985,10.7080078,8a01adacfc9dc9e1ff3d7290f49fca34d71a79479165e237ee0a97cacab4a0da,0,0,0.7668230533599854,
1,gemm-aspect-2048-2560-9216,previous_fp32,0.888708339,True,0,0.0002424584,0.962646484,7e9cf2fc2a9a0fbf328c6d30b86dd53b23c56559ec41dc885b257332d4cc62c1,0,0,0.7122890949249268,
1,gemm-aspect-2048-2560-9216,fp32,0.877874991,True,0,0.0002424584,0.962646484,7e9cf2fc2a9a0fbf328c6d30b86dd53b23c56559ec41dc885b257332d4cc62c1,0,0,0.7118229866027832,
1,gemm-aspect-2048-2560-9216,previous_fp16,1.05562501,True,0,0.000328781878,1.46289062,75175f336ee155a4e8481bd3601249e1f2a32a0f219bdd21326f51e52f409ba9,0,0,0.687913179397583,
1,gemm-aspect-2048-2560-9216,fp16,1.03783334,True,0,0.000328781878,1.46289062,75175f336ee155a4e8481bd3601249e1f2a32a0f219bdd21326f51e52f409ba9,0,0,0.6878519058227539,
1,gemm-aspect-2048-2048-8192,mlx,0.6135,True,0,0.000240488,0.234375,,,,0.7715721130371094,
1,gemm-aspect-2048-2048-8192,previous_int8,0.370208334,True,0,0.00397484676,9.6640625,dec7f9ac1f5bc18863c58678215f728f7388806d24a0f79dd017ad631ff672e1,0,0,0.8123900890350342,
1,gemm-aspect-2048-2048-8192,int8,0.372875002,True,0,0.00397484676,9.6640625,dec7f9ac1f5bc18863c58678215f728f7388806d24a0f79dd017ad631ff672e1,0,0,0.8066492080688477,
1,gemm-aspect-2048-2048-8192,previous_fp32,0.619125014,True,0,0.00021580214,0.80859375,875650905c9f8dd72327479ac15b4a699a89444dac8a7724059d91e1620c93a3,0,0,0.7465641498565674,
1,gemm-aspect-2048-2048-8192,fp32,0.622374995,True,0,0.00021580214,0.80859375,875650905c9f8dd72327479ac15b4a699a89444dac8a7724059d91e1620c93a3,0,0,0.7465660572052002,
1,gemm-aspect-2048-2048-8192,previous_fp16,0.599583334,True,0,0.000590483621,2.80859375,09fce5fd9b11ef3a795167882f8d9fc57124a00b75c9dc6f573c6be243fb8c11,0,0,0.7503108978271484,
1,gemm-aspect-2048-2048-8192,fp16,0.600500003,True,0,0.000590483621,2.80859375,09fce5fd9b11ef3a795167882f8d9fc57124a00b75c9dc6f573c6be243fb8c11,0,0,0.7544119358062744,
1,gemm-edges-n4097-k32769,mlx,17.0867,True,0,3.71587e-05,0.186768,,,,0.92746901512146,
1,gemm-edges-n4097-k32769,previous_int8,9.42570833,True,0,0.0051577037,42.2753906,e35b34092609edd0a1e938c3077f7e697076e989bc88213b38c221463d880be7,0,0,0.8840858936309814,
1,gemm-edges-n4097-k32769,int8,9.17858334,True,0,0.0051577037,42.2753906,e35b34092609edd0a1e938c3077f7e697076e989bc88213b38c221463d880be7,0,0,0.8904707431793213,
1,gemm-edges-n4097-k32769,previous_fp32,14.8495,True,0,9.62145419e-05,1.52392578,5e50a030bd410f9dd109609e716ee403be67ae08e2f91179a6466cd99b0294e5,0,0,0.8352251052856445,
1,gemm-edges-n4097-k32769,fp32,14.8635417,True,0,9.62145419e-05,1.52392578,5e50a030bd410f9dd109609e716ee403be67ae08e2f91179a6466cd99b0294e5,0,0,0.8375940322875977,
1,gemm-edges-n4097-k32768,mlx,17.5901,True,0,5.71565e-05,0.480957,,,,0.9288759231567383,
1,gemm-edges-n4097-k32768,previous_int8,7.514125,True,0,0.00355669896,42.0725098,7902e856fad886eeb45bfe164ef3a0642911208ce409b43560f17f67e716d61b,0,0,0.8845489025115967,
1,gemm-edges-n4097-k32768,int8,7.85920833,True,0,0.00355669896,42.0725098,7902e856fad886eeb45bfe164ef3a0642911208ce409b43560f17f67e716d61b,0,0,0.8850080966949463,
1,gemm-edges-n4097-k32768,previous_fp32,12.4845,True,0,7.53382583e-05,1.07128906,cabf6c7dc19cb0c3a63b1be4c4932aa559ade37b163aa7bfaf438f50109cb0c6,0,0,0.8194539546966553,
1,gemm-edges-n4097-k32768,fp32,12.6357083,True,0,7.53382583e-05,1.07128906,cabf6c7dc19cb0c3a63b1be4c4932aa559ade37b163aa7bfaf438f50109cb0c6,0,0,0.8262729644775391,
1,gemm-edges-n4097-k32767,mlx,16.7286,True,0,5.11072e-05,0.453613,,,,0.9135258197784424,
1,gemm-edges-n4097-k32767,previous_int8,10.971,True,0,0.00409599163,38.5087891,c5d4d6953148147a8e536cf7eacb23f3ace11fb38958d1087adc193f4fd74328,0,0,0.8925261497497559,
1,gemm-edges-n4097-k32767,int8,11.0951667,True,0,0.00409599163,38.5087891,c5d4d6953148147a8e536cf7eacb23f3ace11fb38958d1087adc193f4fd74328,0,0,0.8997471332550049,
1,gemm-edges-n4097-k32767,previous_fp32,14.856375,True,0,5.75958208e-05,1.08544922,5b10c4b6ddb401afaaa5ee8a80524c8e29444a2005fa3256b4463c9ee33173b9,0,0,0.8355088233947754,
1,gemm-edges-n4097-k32767,fp32,15.1393333,True,0,5.75958208e-05,1.08544922,5b10c4b6ddb401afaaa5ee8a80524c8e29444a2005fa3256b4463c9ee33173b9,0,0,0.8434648513793945,
1,gemm-edges-n4097-k16385,mlx,7.99796,True,0,0.00012271,0.706543,,,,0.769402027130127,
1,gemm-edges-n4097-k16385,previous_int8,4.83424999,True,0,0.00352076582,21.029541,cd15bbebd75925dc94aadf3be66289c5e7ea82f11ba8140b4c1f77d3a17e9a79,0,0,0.7505419254302979,
1,gemm-edges-n4097-k16385,int8,4.73645833,True,0,0.00352076582,21.029541,cd15bbebd75925dc94aadf3be66289c5e7ea82f11ba8140b4c1f77d3a17e9a79,0,0,0.7482218742370605,
1,gemm-edges-n4097-k16385,previous_fp32,7.348375,True,0,0.000162788911,1.14624023,d1e1957bc4525bcd0c6386f3b66fca8e6e7d6ad4fe946cb12e9f845d47e23d0f,0,0,0.71592116355896,
1,gemm-edges-n4097-k16385,fp32,7.350125,True,0,0.000162788911,1.14624023,d1e1957bc4525bcd0c6386f3b66fca8e6e7d6ad4fe946cb12e9f845d47e23d0f,0,0,0.7150509357452393,
1,gemm-edges-n4097-k16384,mlx,7.32412,True,0,5.05091e-05,0.228027,,,,0.7617559432983398,
1,gemm-edges-n4097-k16384,previous_int8,4.14454167,True,0,0.00406754237,19.1965332,f57064cb65cb61e11eff1238c2e3b1310546a7185e793610e29bd576c0a8e733,0,0,0.7514431476593018,
1,gemm-edges-n4097-k16384,int8,4.101125,True,0,0.00406754237,19.1965332,f57064cb65cb61e11eff1238c2e3b1310546a7185e793610e29bd576c0a8e733,0,0,0.7470660209655762,
1,gemm-edges-n4097-k16384,previous_fp32,6.06462501,True,0,8.95181831e-05,0.938232422,cd0b42699265dce5a4ecf8f4c3cb2f02a05055070d6c660614f0411b497dfc8e,0,0,0.7100589275360107,
1,gemm-edges-n4097-k16384,fp32,6.13195833,True,0,8.95181831e-05,0.938232422,cd0b42699265dce5a4ecf8f4c3cb2f02a05055070d6c660614f0411b497dfc8e,0,0,0.7094972133636475,
1,gemm-edges-n4097-k16383,mlx,7.597,True,0,6.10389e-05,0.0187988,,,,0.7666270732879639,
1,gemm-edges-n4097-k16383,previous_int8,5.03241667,True,0,0.0495770481,15.2687988,356c39e0ba309637ca28c6890256bf04a28c831572994c87d78af6cd09b34b2e,0,0,0.7460308074951172,
1,gemm-edges-n4097-k16383,int8,5.05429167,True,0,0.0495770481,15.2687988,356c39e0ba309637ca28c6890256bf04a28c831572994c87d78af6cd09b34b2e,0,0,0.7475399971008301,
1,gemm-edges-n4097-k16383,previous_fp32,7.509,True,0,6.10388818e-05,0.0187988281,261a2ceb9dc68c954d70cf31bc354334ce519bd48fe3f1ce02aa4ca374a90c7b,0,0,0.7152011394500732,
1,gemm-edges-n4097-k16383,fp32,7.52495833,True,0,6.10388818e-05,0.0187988281,261a2ceb9dc68c954d70cf31bc354334ce519bd48fe3f1ce02aa4ca374a90c7b,0,0,0.7125420570373535,
1,gemm-edges-n4097-k8193,mlx,2.89625,True,0,0.000305396,0.979004,,,,0.7162702083587646,
1,gemm-edges-n4097-k8193,previous_int8,2.27,True,0,0.00411347646,9.57739258,db8eff65d3fdb25292f3e0daddb7d4e12a0b680602130c461b2c632242029046,0,0,0.6958332061767578,
1,gemm-edges-n4097-k8193,int8,2.29433333,True,0,0.00411347646,9.57739258,db8eff65d3fdb25292f3e0daddb7d4e12a0b680602130c461b2c632242029046,0,0,0.6997811794281006,
1,gemm-edges-n4097-k8193,previous_fp32,4.381875,True,0,0.000231179209,0.932373047,df80dc906b8c6c8bbe16d6f18a2b2d3fb39da4ff357de83456224e17b12bc535,0,0,0.6593317985534668,
1,gemm-edges-n4097-k8193,fp32,4.31212499,True,0,0.000231179209,0.932373047,df80dc906b8c6c8bbe16d6f18a2b2d3fb39da4ff357de83456224e17b12bc535,0,0,0.6648950576782227,
1,gemm-edges-n4097-k8192,mlx,2.59063,True,0,0.000200018,0.317383,,,,0.7080638408660889,
1,gemm-edges-n4097-k8192,previous_int8,2.03045833,True,0,0.00377964635,10.5898438,75de53b034032b764235d184b0f85f641e22efdf2be791fc015a5d161ff93d24,0,0,0.7044761180877686,
1,gemm-edges-n4097-k8192,int8,2.02129167,True,0,0.00377964635,10.5898438,75de53b034032b764235d184b0f85f641e22efdf2be791fc015a5d161ff93d24,0,0,0.7069320678710938,
1,gemm-edges-n4097-k8192,previous_fp32,2.55075,True,0,0.000196782577,0.96484375,9cf0d28b2c76da7fdcfcd9d011e21ef6358329ed5b5ed0b9eb894c26cac5bdc6,0,0,0.6714386940002441,
1,gemm-edges-n4097-k8192,fp32,2.573875,True,0,0.000196782577,0.96484375,9cf0d28b2c76da7fdcfcd9d011e21ef6358329ed5b5ed0b9eb894c26cac5bdc6,0,0,0.6686482429504395,
1,gemm-edges-n4097-k8191,mlx,3.02879,True,0,0.000178204,0.230957,,,,0.6994631290435791,
1,gemm-edges-n4097-k8191,previous_int8,2.799875,True,0,0.00394601738,10.6367188,6936a214bfe737ef5b01d69561cbde480fedfec6a5cebf13267a98281dbac185,0,0,0.6810259819030762,
1,gemm-edges-n4097-k8191,int8,2.75833334,True,0,0.00394601738,10.6367188,6936a214bfe737ef5b01d69561cbde480fedfec6a5cebf13267a98281dbac185,0,0,0.6887547969818115,
1,gemm-edges-n4097-k8191,previous_fp32,2.94158333,True,0,0.000232013298,0.986816406,901c0bcfb3154300d45cd37bbb6d1ac15850bd8ba2b4a98723f26a75186e1324,0,0,0.6593599319458008,
1,gemm-edges-n4097-k8191,fp32,2.92687501,True,0,0.000232013298,0.986816406,901c0bcfb3154300d45cd37bbb6d1ac15850bd8ba2b4a98723f26a75186e1324,0,0,0.6628322601318359,
1,gemm-edges-n4097-k2049,mlx,0.699958,True,0,0.000226363,0.121094,,,,0.7724521160125732,
1,gemm-edges-n4097-k2049,previous_int8,0.577083323,True,0,0.00419359362,2.64819336,0d1c78e3a668bcb112bda96e5997b49f521d4cbeeef547ff99fc10b87f06ea6e,0,0,0.7716529369354248,
1,gemm-edges-n4097-k2049,int8,0.583374989,True,0,0.00419359362,2.64819336,0d1c78e3a668bcb112bda96e5997b49f521d4cbeeef547ff99fc10b87f06ea6e,0,0,0.772629976272583,
1,gemm-edges-n4097-k2049,previous_fp32,0.687708336,True,0,0.000211210433,0.227783203,8e3e013488221ea871f49b9a5311a887aae98cd5750662eb50309b98e6a8cfce,0,0,0.733057975769043,
1,gemm-edges-n4097-k2049,fp32,0.689208333,True,0,0.000211210433,0.227783203,8e3e013488221ea871f49b9a5311a887aae98cd5750662eb50309b98e6a8cfce,0,0,0.72896409034729,
1,gemm-edges-n4097-k2048,mlx,0.599833,True,0,0.000297024,0.243408,,,,0.7949008941650391,
1,gemm-edges-n4097-k2048,previous_int8,0.4835,True,0,0.00400990202,2.6328125,0e1661e197a5a234ee52280ea22a9e431314b1d5d2a903f821dc93ff95c3fb22,0,0,0.8046178817749023,
1,gemm-edges-n4097-k2048,int8,0.497625006,True,0,0.00400990202,2.6328125,0e1661e197a5a234ee52280ea22a9e431314b1d5d2a903f821dc93ff95c3fb22,0,0,0.8100481033325195,
1,gemm-edges-n4097-k2048,previous_fp32,0.594833327,True,0,0.000227525907,0.215332031,00920ed9a3ddf6c90433d8acaec45851292fd7543a8759fb1d27a92d7c6ed67d,0,0,0.7561910152435303,
1,gemm-edges-n4097-k2048,fp32,0.588124996,True,0,0.000227525907,0.215332031,00920ed9a3ddf6c90433d8acaec45851292fd7543a8759fb1d27a92d7c6ed67d,0,0,0.7550551891326904,
1,gemm-edges-n4097-k2047,mlx,0.824167,True,0,0.000166559,0.0888672,,,,0.7398979663848877,
1,gemm-edges-n4097-k2047,previous_int8,0.643750012,True,0,0.00407106518,2.61621094,3f35f3dda54212c2c495b02f668c6b2d652951cd498651fed8624ac764222e5f,0,0,0.7464661598205566,
1,gemm-edges-n4097-k2047,int8,0.652250004,True,0,0.00407106518,2.61621094,3f35f3dda54212c2c495b02f668c6b2d652951cd498651fed8624ac764222e5f,0,0,0.7444899082183838,
1,gemm-edges-n4097-k2047,previous_fp32,0.930499999,True,0,0.000244257624,0.247802734,ec9c4fcacaf56acad0e8cf724a6bbc1b4e07198323a39b32537636dd74983c3c,0,0,0.7015640735626221,
1,gemm-edges-n4097-k2047,fp32,0.924916676,True,0,0.000244257624,0.247802734,ec9c4fcacaf56acad0e8cf724a6bbc1b4e07198323a39b32537636dd74983c3c,0,0,0.6987299919128418,
1,gemm-edges-n4096-k32769,mlx,17.8645,True,0,4.99287e-05,0.275391,,,,0.9280679225921631,
1,gemm-edges-n4096-k32769,previous_int8,8.35545834,True,0,0.00371456726,38.0957031,8fc50de32c39644099d6488c32d27e7f650d2abc3e49a0048711ee6b91fca87e,0,0,0.8802580833435059,
1,gemm-edges-n4096-k32769,int8,8.4455,True,0,0.00371456726,38.0957031,8fc50de32c39644099d6488c32d27e7f650d2abc3e49a0048711ee6b91fca87e,0,0,0.8811757564544678,
1,gemm-edges-n4096-k32769,previous_fp32,13.7569583,True,0,0.000342119945,4.19140625,53fdc089fc8e6df233dd3cbb63c0cd594284d06a770291e26d7220d1b49959d4,0,0,0.8393261432647705,
1,gemm-edges-n4096-k32769,fp32,13.7003333,True,0,0.000342119945,4.19140625,53fdc089fc8e6df233dd3cbb63c0cd594284d06a770291e26d7220d1b49959d4,0,0,0.8410580158233643,
1,gemm-edges-n4096-k32768,mlx,18.4511,True,0,6.05122e-05,0.480957,,,,0.9406991004943848,
1,gemm-edges-n4096-k32768,previous_int8,7.38233332,True,0,0.004082327,38.0053711,d617762f4c669297edcce7cdb596568d287d025601713eb431824167205396a7,0,0,0.8748681545257568,
1,gemm-edges-n4096-k32768,int8,7.40037501,True,0,0.004082327,38.0053711,d617762f4c669297edcce7cdb596568d287d025601713eb431824167205396a7,0,0,0.8747639656066895,
1,gemm-edges-n4096-k32768,previous_fp32,12.1495,True,0,0.000336207182,4.15258789,f448495d23ce5f7b269c3d4d26215fbff3bf717b2289dd038e478b3117706881,0,0,0.8239119052886963,
1,gemm-edges-n4096-k32768,fp32,12.12425,True,0,0.000336207182,4.15258789,f448495d23ce5f7b269c3d4d26215fbff3bf717b2289dd038e478b3117706881,0,0,0.8271708488464355,
1,gemm-edges-n4096-k32767,mlx,17.8781,True,0,5.58255e-05,0.453613,,,,0.9203710556030273,
1,gemm-edges-n4096-k32767,previous_int8,10.6697917,True,0,0.00392044733,42.201416,c6a647bd81a3319739bf103b40f129c837523532f792f2b71bf41e9910d62bc4,0,0,0.8951170444488525,
1,gemm-edges-n4096-k32767,int8,10.8311667,True,0,0.00392044733,42.201416,c6a647bd81a3319739bf103b40f129c837523532f792f2b71bf41e9910d62bc4,0,0,0.8976359367370605,
1,gemm-edges-n4096-k32767,previous_fp32,13.628625,True,0,0.000470126227,7.72412109,5b81735989e86fe71d06eebc9d2ac3c737e133bfae28a4e39e1bfbffc8283fe7,0,0,0.8353140354156494,
1,gemm-edges-n4096-k32767,fp32,13.587375,True,0,0.000470126227,7.72412109,5b81735989e86fe71d06eebc9d2ac3c737e133bfae28a4e39e1bfbffc8283fe7,0,0,0.836803674697876,
1,gemm-edges-n4096-k16385,mlx,8.33692,True,0,0.00014598,0.723877,,,,0.7683038711547852,
1,gemm-edges-n4096-k16385,previous_int8,4.21750001,True,0,0.00407980481,18.954834,29786e6ffcb5d586e2f71f620280465646eae863318fde1fa00819855b885bd0,0,0,0.7416577339172363,
1,gemm-edges-n4096-k16385,int8,4.26616667,True,0,0.00407980481,18.954834,29786e6ffcb5d586e2f71f620280465646eae863318fde1fa00819855b885bd0,0,0,0.7541906833648682,
1,gemm-edges-n4096-k16385,previous_fp32,6.50983334,True,0,0.000159731089,1.26147461,48ba602713c08e064a9f8aa641e2be443747c60141d2317a5aa2c9b7f7cb5419,0,0,0.7090277671813965,
1,gemm-edges-n4096-k16385,fp32,6.4505,True,0,0.000159731089,1.26147461,48ba602713c08e064a9f8aa641e2be443747c60141d2317a5aa2c9b7f7cb5419,0,0,0.7198519706726074,
1,gemm-edges-n4096-k16384,mlx,7.38675,True,0,5.35037e-05,0.228027,,,,0.7613010406494141,
1,gemm-edges-n4096-k16384,previous_int8,3.567375,True,0,0.00393303138,21.1584473,fb3802ac6155473c8329d7d35a1d7d2de04996882435d87adc203d51c2965c9c,0,0,0.7415180206298828,
1,gemm-edges-n4096-k16384,int8,3.545625,True,0,0.00393303138,21.1584473,fb3802ac6155473c8329d7d35a1d7d2de04996882435d87adc203d51c2965c9c,0,0,0.7481069564819336,
1,gemm-edges-n4096-k16384,previous_fp32,5.5905,True,0,0.000237345293,3.7434082,cba54af869a941115439ea70df5304cc81baf0ff21f7a450e0ad4706cbe1920a,0,0,0.7077059745788574,
1,gemm-edges-n4096-k16384,fp32,5.566875,True,0,0.000237345293,3.7434082,cba54af869a941115439ea70df5304cc81baf0ff21f7a450e0ad4706cbe1920a,0,0,0.7127900123596191,
1,gemm-edges-n4096-k16383,mlx,7.74296,True,0,6.10389e-05,0.0187988,,,,0.7688918113708496,
1,gemm-edges-n4096-k16383,previous_int8,4.48266666,True,0,0.0495770481,15.2687988,97af8b537c8781b1df8b050b96e2be19572a6667a5748fb72107f5495dea3212,0,0,0.742764949798584,
1,gemm-edges-n4096-k16383,int8,4.50708333,True,0,0.0495770481,15.2687988,97af8b537c8781b1df8b050b96e2be19572a6667a5748fb72107f5495dea3212,0,0,0.7483069896697998,
1,gemm-edges-n4096-k16383,previous_fp32,6.92875001,True,0,6.10388818e-05,0.0187988281,65b2e0f41427d3e39f84e84a9d1b4b63b72c9a28e61893d3c83004a1c9547311,0,0,0.7185690402984619,
1,gemm-edges-n4096-k16383,fp32,7.10279167,True,0,6.10388818e-05,0.0187988281,65b2e0f41427d3e39f84e84a9d1b4b63b72c9a28e61893d3c83004a1c9547311,0,0,0.7154269218444824,
1,gemm-edges-n4096-k8193,mlx,2.69525,True,0,0.000289069,0.979004,,,,0.7139499187469482,
1,gemm-edges-n4096-k8193,previous_int8,2.19425,True,0,0.00377822212,9.56152344,ee347aefa5bad8051b556560cd185854e6288efe83a0ac41bdced0f8422963a4,0,0,0.6984272003173828,
1,gemm-edges-n4096-k8193,int8,2.14270833,True,0,0.00377822212,9.56152344,ee347aefa5bad8051b556560cd185854e6288efe83a0ac41bdced0f8422963a4,0,0,0.6948850154876709,
1,gemm-edges-n4096-k8193,previous_fp32,3.31529166,True,0,0.000312437096,1.43139648,2048b560a5cb8a75932df926597951d37fd17da1b35eaa6c4c9f94d54c500c54,0,0,0.6714479923248291,
1,gemm-edges-n4096-k8193,fp32,3.36774999,True,0,0.000312437096,1.43139648,2048b560a5cb8a75932df926597951d37fd17da1b35eaa6c4c9f94d54c500c54,0,0,0.6628460884094238,
1,gemm-edges-n4096-k8192,mlx,2.44283,True,0,0.000186014,0.317383,,,,0.7197198867797852,
1,gemm-edges-n4096-k8192,previous_int8,1.387875,True,0,0.0039816461,10.5898438,c27571743a119a0b46b284cc14b163ebb75d0c96daf2db5d7d60162520f72515,0,0,0.7138569355010986,
1,gemm-edges-n4096-k8192,int8,1.39224999,True,0,0.0039816461,10.5898438,c27571743a119a0b46b284cc14b163ebb75d0c96daf2db5d7d60162520f72515,0,0,0.7127950191497803,
1,gemm-edges-n4096-k8192,previous_fp32,2.45133333,True,0,0.000196079051,0.984375,86734ff912daf2883ee5a7ca8cc7aca5016b3e60708b7dbf0b295e049049523f,0,0,0.6672449111938477,
1,gemm-edges-n4096-k8192,fp32,2.46525,True,0,0.000196079051,0.984375,86734ff912daf2883ee5a7ca8cc7aca5016b3e60708b7dbf0b295e049049523f,0,0,0.6636569499969482,
1,gemm-edges-n4096-k8191,mlx,2.70975,True,0,0.000186396,0.230957,,,,0.7003669738769531,
1,gemm-edges-n4096-k8191,previous_int8,2.009125,True,0,0.00377172966,10.4484863,693632bd8cb80fa143cd85b4bd4f1919faca9a9a3c1c7e6f2240cdee1d8ca7bb,0,0,0.6969301700592041,
1,gemm-edges-n4096-k8191,int8,2.09200001,True,0,0.00377172966,10.4484863,693632bd8cb80fa143cd85b4bd4f1919faca9a9a3c1c7e6f2240cdee1d8ca7bb,0,0,0.7016618251800537,
1,gemm-edges-n4096-k8191,previous_fp32,2.738625,True,0,0.000196063838,0.656005859,6f9d9894602e2b16bcec2e89f2ea6e3decd18e01bdbe0f69f9f2fa212ff43d1a,0,0,0.6594719886779785,
1,gemm-edges-n4096-k8191,fp32,2.716,True,0,0.000196063838,0.656005859,6f9d9894602e2b16bcec2e89f2ea6e3decd18e01bdbe0f69f9f2fa212ff43d1a,0,0,0.6623218059539795,
1,gemm-edges-n4096-k2049,mlx,0.606875,True,0,0.000247136,0.100586,,,,0.7897827625274658,
1,gemm-edges-n4096-k2049,previous_int8,0.372333336,True,0,0.0042270787,2.64477539,7c3858bc11d87c383fc20d553552db607b703badaf9f7592d672ede854420615,0,0,0.796217679977417,
1,gemm-edges-n4096-k2049,int8,0.36749999,True,0,0.0042270787,2.64477539,7c3858bc11d87c383fc20d553552db607b703badaf9f7592d672ede854420615,0,0,0.8116469383239746,
1,gemm-edges-n4096-k2049,previous_fp32,0.607416674,True,0,0.000195341507,0.241699219,f1ce026263142c70ab5d38f184cf01ab7bf39f4809cc530e1888d9e5f1ba63fc,0,0,0.7518310546875,
1,gemm-edges-n4096-k2049,fp32,0.610000003,True,0,0.000195341507,0.241699219,f1ce026263142c70ab5d38f184cf01ab7bf39f4809cc530e1888d9e5f1ba63fc,0,0,0.7463140487670898,
1,gemm-edges-n4096-k2048,mlx,0.566417,True,0,0.000289301,0.243408,,,,0.8028268814086914,
1,gemm-edges-n4096-k2048,previous_int8,0.3345,True,0,0.00430754661,2.60473633,5b9a6d7721e4b7c15dbe1f403885db86189f048a229b8e2dfc928e8152020c9e,0,0,0.8393347263336182,
1,gemm-edges-n4096-k2048,int8,0.334041673,True,0,0.00430754661,2.60473633,5b9a6d7721e4b7c15dbe1f403885db86189f048a229b8e2dfc928e8152020c9e,0,0,0.8494012355804443,
1,gemm-edges-n4096-k2048,previous_fp32,0.569208336,True,0,0.000208481186,0.181640625,c0baec95d2781248eeae06d7033d498e06ae793e27609629db7f577d5130c815,0,0,0.7633719444274902,
1,gemm-edges-n4096-k2048,fp32,0.568125004,True,0,0.000208481186,0.181640625,c0baec95d2781248eeae06d7033d498e06ae793e27609629db7f577d5130c815,0,0,0.760465145111084,
1,gemm-edges-n4096-k2047,mlx,0.701292,True,0,0.000181311,0.101807,,,,0.7653758525848389,
1,gemm-edges-n4096-k2047,previous_int8,0.376124997,True,0,0.00461578383,2.62451172,fe9841685d1106eeb7cad836673f52f56e111d8e19015a324bf49f1fb49edfca,0,0,0.794978141784668,
1,gemm-edges-n4096-k2047,int8,0.377041666,True,0,0.00461578383,2.62451172,fe9841685d1106eeb7cad836673f52f56e111d8e19015a324bf49f1fb49edfca,0,0,0.8045697212219238,
1,gemm-edges-n4096-k2047,previous_fp32,0.909833339,True,0,0.000231836892,0.247558594,df04e01dd85382fcfc6d07f7eaf7420434e9f52e08d5cfd73ba38b98bde943ff,0,0,0.7039389610290527,
1,gemm-edges-n4096-k2047,fp32,0.912500007,True,0,0.000231836892,0.247558594,df04e01dd85382fcfc6d07f7eaf7420434e9f52e08d5cfd73ba38b98bde943ff,0,0,0.7022559642791748,
1,gemm-edges-n4095-k32769,mlx,18.833,True,0,7.36881e-05,0.473633,,,,0.9254579544067383,
1,gemm-edges-n4095-k32769,previous_int8,9.02133333,True,0,0.00386530471,42.098877,d6e9d4ca0230bfd66f4a47981fbb5cf9c952bae320a9a9bdec071ddf23c643bd,0,0,0.8775701522827148,
1,gemm-edges-n4095-k32769,int8,9.52445832,True,0,0.00386530471,42.098877,d6e9d4ca0230bfd66f4a47981fbb5cf9c952bae320a9a9bdec071ddf23c643bd,0,0,0.8862619400024414,
1,gemm-edges-n4095-k32769,previous_fp32,13.7990417,True,0,7.83624241e-05,1.44726562,a996daaedd696ecc450c8cd8b662ee31abc27c5ae136c7cbefe7885e41329fd4,0,0,0.8331859111785889,
1,gemm-edges-n4095-k32769,fp32,13.77225,True,0,7.83624241e-05,1.44726562,a996daaedd696ecc450c8cd8b662ee31abc27c5ae136c7cbefe7885e41329fd4,0,0,0.8329942226409912,
1,gemm-edges-n4095-k32768,mlx,19.2775,True,0,6.35356e-05,0.491699,,,,0.9278039932250977,
1,gemm-edges-n4095-k32768,previous_int8,7.266375,True,0,0.00423840407,42.5441895,5db41db5847db3799107e0fc0e9a403b69f9ea46dbaf2fa053175db8cf410c69,0,0,0.8689479827880859,
1,gemm-edges-n4095-k32768,int8,7.12383333,True,0,0.00423840407,42.5441895,5db41db5847db3799107e0fc0e9a403b69f9ea46dbaf2fa053175db8cf410c69,0,0,0.8719921112060547,
1,gemm-edges-n4095-k32768,previous_fp32,11.867625,True,0,7.17424911e-05,1.07128906,f03660486b50fd2784f9528911d2aa2de3a6745502ddcf41e7d645160b422902,0,0,0.8139340877532959,
1,gemm-edges-n4095-k32768,fp32,11.7998333,True,0,7.17424911e-05,1.07128906,f03660486b50fd2784f9528911d2aa2de3a6745502ddcf41e7d645160b422902,0,0,0.8156883716583252,
1,gemm-edges-n4095-k32767,mlx,18.6894,True,0,6.07246e-05,0.508789,,,,0.9281647205352783,
1,gemm-edges-n4095-k32767,previous_int8,11.878625,True,0,0.00423010811,42.3398438,8cd3df0d60aafcf4115bf1baed7ca8a0d8b7f884e4132f5b0861e0797686cd1e,0,0,0.8980951309204102,
1,gemm-edges-n4095-k32767,int8,11.8729583,True,0,0.00423010811,42.3398438,8cd3df0d60aafcf4115bf1baed7ca8a0d8b7f884e4132f5b0861e0797686cd1e,0,0,0.898716926574707,
1,gemm-edges-n4095-k32767,previous_fp32,14.167625,True,0,6.01118081e-05,1.37255859,78f0dc6b5bbe8cb17cc84315f3506846ae2307e208d475cf22dfbeab7ad5c927,0,0,0.835845947265625,
1,gemm-edges-n4095-k32767,fp32,14.061875,True,0,6.01118081e-05,1.37255859,78f0dc6b5bbe8cb17cc84315f3506846ae2307e208d475cf22dfbeab7ad5c927,0,0,0.8365702629089355,
1,gemm-edges-n4095-k16385,mlx,8.63625,True,0,7.16824e-05,0.296387,,,,0.7699339389801025,
1,gemm-edges-n4095-k16385,previous_int8,4.74116667,True,0,0.00424052299,21.177002,8790967480824f69c63d90bd8ca863840bf53538db655bc595dbc96978095f15,0,0,0.7435441017150879,
1,gemm-edges-n4095-k16385,int8,4.71008333,True,0,0.00424052299,21.177002,8790967480824f69c63d90bd8ca863840bf53538db655bc595dbc96978095f15,0,0,0.7468311786651611,
1,gemm-edges-n4095-k16385,previous_fp32,6.84491667,True,0,0.000117383086,0.730224609,eb1b025cd3822ca47bcc2dc8316418b3438fa46f2544995d9ffc747165fce659,0,0,0.7112300395965576,
1,gemm-edges-n4095-k16385,fp32,6.59358333,True,0,0.000117383086,0.730224609,eb1b025cd3822ca47bcc2dc8316418b3438fa46f2544995d9ffc747165fce659,0,0,0.7088449001312256,
1,gemm-edges-n4095-k16384,mlx,7.75413,True,0,6.06666e-05,0.255127,,,,0.763181209564209,
1,gemm-edges-n4095-k16384,previous_int8,3.810875,True,0,0.00420490881,21.1455078,430137dc3df082b30b53210a746107f9459b5bd15b8bbf9fdc45df9f938fb2b0,0,0,0.7421531677246094,
1,gemm-edges-n4095-k16384,int8,3.856375,True,0,0.00420490881,21.1455078,430137dc3df082b30b53210a746107f9459b5bd15b8bbf9fdc45df9f938fb2b0,0,0,0.7504918575286865,
1,gemm-edges-n4095-k16384,previous_fp32,5.83275,True,0,9.02795114e-05,0.866943359,cb4d8722e737c7536fc19119b4e4c9f7047184f170c935c585dde5a1b16c966f,0,0,0.7073800563812256,
1,gemm-edges-n4095-k16384,fp32,5.935875,True,0,9.02795114e-05,0.866943359,cb4d8722e737c7536fc19119b4e4c9f7047184f170c935c585dde5a1b16c966f,0,0,0.7090969085693359,
1,gemm-edges-n4095-k16383,mlx,8.0595,True,0,6.10389e-05,0.0187988,,,,0.7630822658538818,
1,gemm-edges-n4095-k16383,previous_int8,5.13295834,True,0,0.0495770481,15.2687988,5b86662932bba45ce012ba0aad847e11ec24e80c9abf92b8678ebe61c334ecc9,0,0,0.7458140850067139,
1,gemm-edges-n4095-k16383,int8,4.987375,True,0,0.0495770481,15.2687988,5b86662932bba45ce012ba0aad847e11ec24e80c9abf92b8678ebe61c334ecc9,0,0,0.7435588836669922,
1,gemm-edges-n4095-k16383,previous_fp32,7.35100001,True,0,6.10388818e-05,0.0187988281,8538583f9eacad1dc5d2a4476617d3da308e542d247ddeebed5bedadc0e649b6,0,0,0.712817907333374,
1,gemm-edges-n4095-k16383,fp32,7.47191667,True,0,6.10388818e-05,0.0187988281,8538583f9eacad1dc5d2a4476617d3da308e542d247ddeebed5bedadc0e649b6,0,0,0.7145400047302246,
1,gemm-edges-n4095-k8193,mlx,2.81137,True,0,0.000205513,0.583984,,,,0.7002298831939697,
1,gemm-edges-n4095-k8193,previous_int8,2.23375,True,0,0.00409556611,10.5751953,2a02db1b1685ab215b06f56bddd406b20f42798cd8bf45616292895a3b1aab79,0,0,0.69405198097229,
1,gemm-edges-n4095-k8193,int8,2.18233334,True,0,0.00409556611,10.5751953,2a02db1b1685ab215b06f56bddd406b20f42798cd8bf45616292895a3b1aab79,0,0,0.6970369815826416,
1,gemm-edges-n4095-k8193,previous_fp32,3.92850001,True,0,0.000225058443,0.930664062,c38520a652307ac436068674b8cb7a84dd54c78f56af7e09544a584408008320,0,0,0.6602029800415039,
1,gemm-edges-n4095-k8193,fp32,3.91079167,True,0,0.000225058443,0.930664062,c38520a652307ac436068674b8cb7a84dd54c78f56af7e09544a584408008320,0,0,0.6659479141235352,
1,gemm-edges-n4095-k8192,mlx,2.47304,True,0,0.000157414,0.317383,,,,0.7110340595245361,
1,gemm-edges-n4095-k8192,previous_int8,1.72066667,True,0,0.00382480176,9.61157227,1a6da6601e43e276081129b6f31452bcfcc1d6998004157c09464d48efc7500d,0,0,0.7051222324371338,
1,gemm-edges-n4095-k8192,int8,1.769375,True,0,0.00382480176,9.61157227,1a6da6601e43e276081129b6f31452bcfcc1d6998004157c09464d48efc7500d,0,0,0.7121758460998535,
1,gemm-edges-n4095-k8192,previous_fp32,2.47795833,True,0,0.000230386238,0.975585938,d8b79debbead5912a02fa4d7b98956ed93436713ac4971f714e3bb43cc625789,0,0,0.667672872543335,
1,gemm-edges-n4095-k8192,fp32,2.50008334,True,0,0.000230386238,0.975585938,d8b79debbead5912a02fa4d7b98956ed93436713ac4971f714e3bb43cc625789,0,0,0.6610329151153564,
1,gemm-edges-n4095-k8191,mlx,2.91542,True,0,0.000174281,0.214111,,,,0.7103657722473145,
1,gemm-edges-n4095-k8191,previous_int8,2.541625,True,0,0.00371028579,10.5114746,c757767940905575187934fb1812b329c90ccb97301afa93e08fe39dee12e710,0,0,0.6938247680664062,
1,gemm-edges-n4095-k8191,int8,2.55800001,True,0,0.00371028579,10.5114746,c757767940905575187934fb1812b329c90ccb97301afa93e08fe39dee12e710,0,0,0.6944468021392822,
1,gemm-edges-n4095-k8191,previous_fp32,2.89129168,True,0,0.000214779015,0.908447266,c5d3c5ca83ceac33c9796819d6b7604253b155fc29b30ffe4497ee6bc032d4a5,0,0,0.6568958759307861,
1,gemm-edges-n4095-k8191,fp32,2.8875,True,0,0.000214779015,0.908447266,c5d3c5ca83ceac33c9796819d6b7604253b155fc29b30ffe4497ee6bc032d4a5,0,0,0.6614809036254883,
1,gemm-edges-n4095-k2049,mlx,0.682417,True,0,0.000226831,0.113037,,,,0.769923210144043,
1,gemm-edges-n4095-k2049,previous_int8,0.475791661,True,0,0.0028161665,1.92626953,3eb87177030680f61b2403d2882e9165fc15f75dc6d5201e0d12ab9b1a789276,0,0,0.8125100135803223,
1,gemm-edges-n4095-k2049,int8,0.482750009,True,0,0.0028161665,1.92626953,3eb87177030680f61b2403d2882e9165fc15f75dc6d5201e0d12ab9b1a789276,0,0,0.815608024597168,
1,gemm-edges-n4095-k2049,previous_fp32,0.685541672,True,0,0.000200371982,0.244384766,629cf46d698dc14b23f70007afc5c807d5b050e399db566beb5b081936da966a,0,0,0.7337720394134521,
1,gemm-edges-n4095-k2049,fp32,0.683749997,True,0,0.000200371982,0.244384766,629cf46d698dc14b23f70007afc5c807d5b050e399db566beb5b081936da966a,0,0,0.7297458648681641,
1,gemm-edges-n4095-k2048,mlx,0.58275,True,0,0.000128459,0.0656738,,,,0.8008241653442383,
1,gemm-edges-n4095-k2048,previous_int8,0.412624999,True,0,0.00406920553,2.38916016,552979df6c74e9b706a7f5c121ac6bfb77b9713ced40a5fe47e7f20152e0d3cc,0,0,0.7947790622711182,
1,gemm-edges-n4095-k2048,int8,0.405708328,True,0,0.00406920553,2.38916016,552979df6c74e9b706a7f5c121ac6bfb77b9713ced40a5fe47e7f20152e0d3cc,0,0,0.7938079833984375,
1,gemm-edges-n4095-k2048,previous_fp32,0.584166672,True,0,0.000213754039,0.131347656,c53224b4a57a8b98ea3c57985b251896f3743f62957d68e8432d1d2816d0244b,0,0,0.747279167175293,
1,gemm-edges-n4095-k2048,fp32,0.580874999,True,0,0.000213754039,0.131347656,c53224b4a57a8b98ea3c57985b251896f3743f62957d68e8432d1d2816d0244b,0,0,0.743847131729126,
1,gemm-edges-n4095-k2047,mlx,0.794208,True,0,0.000162673,0.118652,,,,0.7333431243896484,
1,gemm-edges-n4095-k2047,previous_int8,0.570458345,True,0,0.00391695576,2.63964844,6b59a16327a681bbace71c7decb6a6228ef9344907d040cefc1626d4c4db9419,0,0,0.7599477767944336,
1,gemm-edges-n4095-k2047,int8,0.578291671,True,0,0.00391695576,2.63964844,6b59a16327a681bbace71c7decb6a6228ef9344907d040cefc1626d4c4db9419,0,0,0.761462926864624,
1,gemm-edges-n4095-k2047,previous_fp32,0.909375012,True,0,0.000246722365,0.247558594,ab61c387d6f065180d628b5448a3522aa795f6bf9ad58e5d5bb7ab36c34f67f4,0,0,0.693748950958252,
1,gemm-edges-n4095-k2047,fp32,0.909875002,True,0,0.000246722365,0.247558594,ab61c387d6f065180d628b5448a3522aa795f6bf9ad58e5d5bb7ab36c34f67f4,0,0,0.6979939937591553,
1,gemm-edges-n1537-k32769,mlx,4.96571,True,0,2.80458e-05,0.200928,,,,0.7724261283874512,
1,gemm-edges-n1537-k32769,previous_int8,4.64025,True,0,0.00416304549,42.2470703,41b64df27499741de1f0b29d8fd5e6bda8640ea21d63660e695297640c083530,0,0,0.7603709697723389,
1,gemm-edges-n1537-k32769,int8,4.668875,True,0,0.00416304549,42.2470703,41b64df27499741de1f0b29d8fd5e6bda8640ea21d63660e695297640c083530,0,0,0.755734920501709,
1,gemm-edges-n1537-k32769,previous_fp32,6.478625,True,0,9.15471403e-05,1.43652344,c0c43d0e39fbdd04c82d0e8001bc053d0bae5535fcff5e4b97f261980834ee07,0,0,0.7325170040130615,
1,gemm-edges-n1537-k32769,fp32,6.51041666,True,0,9.15471403e-05,1.43652344,c0c43d0e39fbdd04c82d0e8001bc053d0bae5535fcff5e4b97f261980834ee07,0,0,0.7307720184326172,
1,gemm-edges-n1537-k32768,mlx,5.10787,True,0,7.38933e-05,0.505127,,,,0.774885892868042,
1,gemm-edges-n1537-k32768,previous_int8,3.96116666,True,0,0.00409983163,42.0236816,9508a67a6addb5b2d71a3abf5671cbac05204a174fae55fdeb41ceeae492f556,0,0,0.7584280967712402,
1,gemm-edges-n1537-k32768,int8,3.94529167,True,0,0.00409983163,42.0236816,9508a67a6addb5b2d71a3abf5671cbac05204a174fae55fdeb41ceeae492f556,0,0,0.7577788829803467,
1,gemm-edges-n1537-k32768,previous_fp32,5.50662501,True,0,6.31483886e-05,1.07324219,987bdeabc3cebeaafd7be88fa47cb32aa853cb47af269d5d6f2bf26b7653d4e1,0,0,0.7250690460205078,
1,gemm-edges-n1537-k32768,fp32,5.471375,True,0,6.31483886e-05,1.07324219,987bdeabc3cebeaafd7be88fa47cb32aa853cb47af269d5d6f2bf26b7653d4e1,0,0,0.7340469360351562,
1,gemm-edges-n1537-k32767,mlx,4.90988,True,0,5.92048e-05,0.453613,,,,0.7801189422607422,
1,gemm-edges-n1537-k32767,previous_int8,4.628125,True,0,0.00456429368,42.1210938,be27dec2daa0de623cc9ca5d6d0186fd747210a8a0014da3566496ffa2701860,0,0,0.7584929466247559,
1,gemm-edges-n1537-k32767,int8,4.53212501,True,0,0.00456429368,42.1210938,be27dec2daa0de623cc9ca5d6d0186fd747210a8a0014da3566496ffa2701860,0,0,0.759145975112915,
1,gemm-edges-n1537-k32767,previous_fp32,6.65562499,True,0,6.40167622e-05,1.24658203,00a2b2e13fa81c938d817d1a78ed344d2d9033deef20b5e402f4f65c030bd706,0,0,0.7289068698883057,
1,gemm-edges-n1537-k32767,fp32,6.69033334,True,0,6.40167622e-05,1.24658203,00a2b2e13fa81c938d817d1a78ed344d2d9033deef20b5e402f4f65c030bd706,0,0,0.7365360260009766,
1,gemm-edges-n1537-k16385,mlx,2.41912,True,0,8.8075e-05,0.383545,,,,0.703826904296875,
1,gemm-edges-n1537-k16385,previous_int8,2.49499999,True,0,0.00409356957,20.9807129,5980afd3801801b42cf96c71b300a97ae053498230e31666f7db0d85b0051839,0,0,0.6929872035980225,
1,gemm-edges-n1537-k16385,int8,2.51387501,True,0,0.00409356957,20.9807129,5980afd3801801b42cf96c71b300a97ae053498230e31666f7db0d85b0051839,0,0,0.6927030086517334,
1,gemm-edges-n1537-k16385,previous_fp32,3.121,True,0,0.000111279457,0.893066406,fd27065556e8b7dffa6b2d7943ebbf2b602fd8499e06e9a5f51a8de3565075a7,0,0,0.681964635848999,
1,gemm-edges-n1537-k16385,fp32,3.16283332,True,0,0.000111279457,0.893066406,fd27065556e8b7dffa6b2d7943ebbf2b602fd8499e06e9a5f51a8de3565075a7,0,0,0.6709690093994141,
1,gemm-edges-n1537-k16384,mlx,1.96788,True,0,5.9823e-05,0.305664,,,,0.7174482345581055,
1,gemm-edges-n1537-k16384,previous_int8,1.90166666,True,0,0.00455678606,21.078125,5cd2b3261ee4c16739a161765ae6b6e659f50a8475230b5a32ca435d9adc5982,0,0,0.7015969753265381,
1,gemm-edges-n1537-k16384,int8,1.91512499,True,0,0.00455678606,21.078125,5cd2b3261ee4c16739a161765ae6b6e659f50a8475230b5a32ca435d9adc5982,0,0,0.707413911819458,
1,gemm-edges-n1537-k16384,previous_fp32,2.70008334,True,0,0.000105826169,0.951904297,8efa31b10ceea26142266274d441a6ae4db3c2bb9958241b8dc2be984c9af73f,0,0,0.6732800006866455,
1,gemm-edges-n1537-k16384,fp32,2.6415,True,0,0.000105826169,0.951904297,8efa31b10ceea26142266274d441a6ae4db3c2bb9958241b8dc2be984c9af73f,0,0,0.6724927425384521,
1,gemm-edges-n1537-k16383,mlx,2.293,True,0,6.10389e-05,0.0187988,,,,0.7103159427642822,
1,gemm-edges-n1537-k16383,previous_int8,2.55424999,True,0,0.0495770481,15.2687988,bb9f5ccadbdd9fc8635569d82fb87b33e8e915a7ca8bfe64ca11471db68ebc62,0,0,0.6889021396636963,
1,gemm-edges-n1537-k16383,int8,2.56308333,True,0,0.0495770481,15.2687988,bb9f5ccadbdd9fc8635569d82fb87b33e8e915a7ca8bfe64ca11471db68ebc62,0,0,0.6943032741546631,
1,gemm-edges-n1537-k16383,previous_fp32,3.38045832,True,0,6.10388818e-05,0.0187988281,c769d83296b144f131a9f37c054ca29799bf930070e48b07df4827ba492e9389,0,0,0.668856143951416,
1,gemm-edges-n1537-k16383,fp32,3.34512501,True,0,6.10388818e-05,0.0187988281,c769d83296b144f131a9f37c054ca29799bf930070e48b07df4827ba492e9389,0,0,0.667651891708374,
1,gemm-edges-n1537-k8193,mlx,1.15654,True,0,0.000190603,0.583984,,,,0.6991958618164062,
1,gemm-edges-n1537-k8193,previous_int8,1.10854166,True,0,0.0043677654,10.6455078,886c12e6af7d931c2303569124cf9987d87aca1e726747872e74bf53fa251473,0,0,0.7010228633880615,
1,gemm-edges-n1537-k8193,int8,1.127125,True,0,0.0043677654,10.6455078,886c12e6af7d931c2303569124cf9987d87aca1e726747872e74bf53fa251473,0,0,0.7033169269561768,
1,gemm-edges-n1537-k8193,previous_fp32,1.767375,True,0,0.000208716331,0.990966797,91af91c24159701661c5382cbed9dd545b2635d521c20c4e6cd0e32cba793ec6,0,0,0.6556100845336914,
1,gemm-edges-n1537-k8193,fp32,1.76779166,True,0,0.000208716331,0.990966797,91af91c24159701661c5382cbed9dd545b2635d521c20c4e6cd0e32cba793ec6,0,0,0.6569461822509766,
1,gemm-edges-n1537-k8192,mlx,1.0035,True,0,0.000234311,0.596191,,,,0.7130520343780518,
1,gemm-edges-n1537-k8192,previous_int8,0.794916676,True,0,0.00433829526,10.5686035,57a7a840ce08585fdbb274d3ea0ff6b7aa484473ebd5909c9900770a8b0b09c9,0,0,0.7380237579345703,
1,gemm-edges-n1537-k8192,int8,0.780666669,True,0,0.00433829526,10.5686035,57a7a840ce08585fdbb274d3ea0ff6b7aa484473ebd5909c9900770a8b0b09c9,0,0,0.7433631420135498,
1,gemm-edges-n1537-k8192,previous_fp32,1.01429167,True,0,0.00023098405,0.989257812,6b9a339defb65b24864c2ec4de6dd7ca79c92db08f085736ea9de6424aa135d5,0,0,0.689141035079956,
1,gemm-edges-n1537-k8192,fp32,1.01154167,True,0,0.00023098405,0.989257812,6b9a339defb65b24864c2ec4de6dd7ca79c92db08f085736ea9de6424aa135d5,0,0,0.693943977355957,
1,gemm-edges-n1537-k8191,mlx,1.19404,True,0,0.000114333,0.342041,,,,0.6948740482330322,
1,gemm-edges-n1537-k8191,previous_int8,1.04650001,True,0,0.00376666861,10.5234375,782a0d575eb5ab5e31db6f51b8bcd5ae96d3d51f07504b4aca8c090aceaa837b,0,0,0.7030007839202881,
1,gemm-edges-n1537-k8191,int8,1.05366667,True,0,0.00376666861,10.5234375,782a0d575eb5ab5e31db6f51b8bcd5ae96d3d51f07504b4aca8c090aceaa837b,0,0,0.7003710269927979,
1,gemm-edges-n1537-k8191,previous_fp32,1.19375001,True,0,0.000201522977,0.872070312,197a2bbc6b0a8a4f35d9f85e27275b5dacb5942875cf31b142442010b6e7a3dc,0,0,0.6799829006195068,
1,gemm-edges-n1537-k8191,fp32,1.17799999,True,0,0.000201522977,0.872070312,197a2bbc6b0a8a4f35d9f85e27275b5dacb5942875cf31b142442010b6e7a3dc,0,0,0.677426815032959,
1,gemm-edges-n1537-k2049,mlx,0.28275,True,0,0.000231219,0.0927734,,,,0.8603098392486572,
1,gemm-edges-n1537-k2049,previous_int8,0.260999994,True,0,0.00363907178,2.61108398,f66e7df60211f638c2cef844e055b7d6d8a2b85993da72bc76d157d2e595a0ac,0,0,0.8524439334869385,
1,gemm-edges-n1537-k2049,int8,0.258958331,True,0,0.00363907178,2.61108398,f66e7df60211f638c2cef844e055b7d6d8a2b85993da72bc76d157d2e595a0ac,0,0,0.8268139362335205,
1,gemm-edges-n1537-k2049,previous_fp32,0.287624993,True,0,0.000166606511,0.152099609,2ed5aac09c50d3501d52cd4b07e109d4dc622fba3dc5d9e1fcfb9bfe1f6b23ea,0,0,0.8548688888549805,
1,gemm-edges-n1537-k2049,fp32,0.285874994,True,0,0.000166606511,0.152099609,2ed5aac09c50d3501d52cd4b07e109d4dc622fba3dc5d9e1fcfb9bfe1f6b23ea,0,0,0.8544440269470215,
1,gemm-edges-n1537-k2048,mlx,0.244,True,0,0.000103322,0.0827637,,,,0.8871691226959229,
1,gemm-edges-n1537-k2048,previous_int8,0.207624995,True,0,0.00372880391,2.14575195,c394b70c0f06fec5d4cf4dc58119c64838d0526a86afbbc61bde00cbb8a50105,0,0,0.9318790435791016,
1,gemm-edges-n1537-k2048,int8,0.212624989,True,0,0.00372880391,2.14575195,c394b70c0f06fec5d4cf4dc58119c64838d0526a86afbbc61bde00cbb8a50105,0,0,0.9235451221466064,
1,gemm-edges-n1537-k2048,previous_fp32,0.243874994,True,0,0.000252553689,0.247314453,3923317449b7714e2afe6d4befb3f5d952e64bd406285de4ddc2f75846e875ed,0,0,0.8850498199462891,
1,gemm-edges-n1537-k2048,fp32,0.244875002,True,0,0.000252553689,0.247314453,3923317449b7714e2afe6d4befb3f5d952e64bd406285de4ddc2f75846e875ed,0,0,0.883502721786499,
1,gemm-edges-n1537-k2047,mlx,0.331458,True,0,0.000205702,0.14209,,,,0.8238530158996582,
1,gemm-edges-n1537-k2047,previous_int8,0.272916659,True,0,0.00338558646,2.171875,cc67e784c0bca83861f8bd5ff97399c1748634b02791758ac6deb86a91bdafe3,0,0,0.8591511249542236,
1,gemm-edges-n1537-k2047,int8,0.278249994,True,0,0.00338558646,2.171875,cc67e784c0bca83861f8bd5ff97399c1748634b02791758ac6deb86a91bdafe3,0,0,0.8636379241943359,
1,gemm-edges-n1537-k2047,previous_fp32,0.413999995,True,0,0.000246773813,0.249267578,e0dc741c88e37485a198a30882b79c3dfca6f0f2492f0e23a58b44672b39357c,0,0,0.7928831577301025,
1,gemm-edges-n1537-k2047,fp32,0.418875003,True,0,0.000246773813,0.249267578,e0dc741c88e37485a198a30882b79c3dfca6f0f2492f0e23a58b44672b39357c,0,0,0.7862272262573242,
1,gemm-edges-n1536-k32769,mlx,4.31446,True,0,3.08256e-05,0.124756,,,,0.7683110237121582,
1,gemm-edges-n1536-k32769,previous_int8,4.31058333,True,0,0.00415457879,42.4614258,30321589013defc4c72cbd5c2993d72f8977778b383ccfc7e3838cda583c1bbb,0,0,0.765200138092041,
1,gemm-edges-n1536-k32769,int8,4.22470833,True,0,0.00415457879,42.4614258,30321589013defc4c72cbd5c2993d72f8977778b383ccfc7e3838cda583c1bbb,0,0,0.75701904296875,
1,gemm-edges-n1536-k32769,previous_fp32,5.80337501,True,0,0.000407405713,8.2043457,fbf6c1dd2eac8143e9b418b4e0f4fe867c87c910d04d8d6c2aa12b7c8fefdf17,0,0,0.7282748222351074,
1,gemm-edges-n1536-k32769,fp32,5.869375,True,0,0.000407405713,8.2043457,fbf6c1dd2eac8143e9b418b4e0f4fe867c87c910d04d8d6c2aa12b7c8fefdf17,0,0,0.73091721534729,
1,gemm-edges-n1536-k32768,mlx,4.48704,True,0,6.75393e-05,0.498535,,,,0.7782077789306641,
1,gemm-edges-n1536-k32768,previous_int8,3.932625,True,0,0.00404343477,42.0371094,870be99e993a1ba76676af0e9dbc129f619c5758b4eac0478aa2912b76e0994e,0,0,0.7640669345855713,
1,gemm-edges-n1536-k32768,int8,3.93041666,True,0,0.00404343477,42.0371094,870be99e993a1ba76676af0e9dbc129f619c5758b4eac0478aa2912b76e0994e,0,0,0.7528440952301025,
1,gemm-edges-n1536-k32768,previous_fp32,5.15108334,True,0,0.000429713001,8.10986328,7076e6fe638f4ecf4af97984cb296762cb6f58faf88d4b6fb24c5be54fd34209,0,0,0.7279119491577148,
1,gemm-edges-n1536-k32768,fp32,5.23425,True,0,0.000429713001,8.10986328,7076e6fe638f4ecf4af97984cb296762cb6f58faf88d4b6fb24c5be54fd34209,0,0,0.7301409244537354,
1,gemm-edges-n1536-k32767,mlx,4.3095,True,0,5.07356e-05,0.453613,,,,0.7730729579925537,
1,gemm-edges-n1536-k32767,previous_int8,4.54950001,True,0,0.00467761013,42.201416,5ae4cd5c6fbeab2f4ed4abce401ee6c914579a00a41c936142e5dcb8d080fe01,0,0,0.7597818374633789,
1,gemm-edges-n1536-k32767,int8,4.57104166,True,0,0.00467761013,42.201416,5ae4cd5c6fbeab2f4ed4abce401ee6c914579a00a41c936142e5dcb8d080fe01,0,0,0.7619640827178955,
1,gemm-edges-n1536-k32767,previous_fp32,5.75899999,True,0,0.000476754248,7.90966797,9189cedac3842bf2fe123c22b1a08f51947d6a62e54da4763350c8f525fd8521,0,0,0.7277512550354004,
1,gemm-edges-n1536-k32767,fp32,5.59112499,True,0,0.000476754248,7.90966797,9189cedac3842bf2fe123c22b1a08f51947d6a62e54da4763350c8f525fd8521,0,0,0.722822904586792,
1,gemm-edges-n1536-k16385,mlx,2.07388,True,0,5.5525e-05,0.227539,,,,0.7067310810089111,
1,gemm-edges-n1536-k16385,previous_int8,2.45745834,True,0,0.00402819169,20.9941406,7eaa742c030ea957207ba17262c1d2d9e7d1f172ad53224547494ddfe13ff700,0,0,0.6928820610046387,
1,gemm-edges-n1536-k16385,int8,2.45170834,True,0,0.00402819169,20.9941406,7eaa742c030ea957207ba17262c1d2d9e7d1f172ad53224547494ddfe13ff700,0,0,0.6886899471282959,
1,gemm-edges-n1536-k16385,previous_fp32,2.84666667,True,0,0.000179773191,1.93066406,1d3a1e1abc46bfa049e7928c3daa29afdf6bfffbe5025f292ff28061fa0557a1,0,0,0.6684708595275879,
1,gemm-edges-n1536-k16385,fp32,2.84520834,True,0,0.000179773191,1.93066406,1d3a1e1abc46bfa049e7928c3daa29afdf6bfffbe5025f292ff28061fa0557a1,0,0,0.6699478626251221,
1,gemm-edges-n1536-k16384,mlx,1.81638,True,0,6.444e-05,0.371826,,,,0.7082490921020508,
1,gemm-edges-n1536-k16384,previous_int8,1.91875,True,0,0.0046298537,21.1584473,48b54d2cfba3d6388d50b403edd5aad31cc269a9c1fbc7e25a50754ce6debdc5,0,0,0.6978607177734375,
1,gemm-edges-n1536-k16384,int8,1.92362499,True,0,0.0046298537,21.1584473,48b54d2cfba3d6388d50b403edd5aad31cc269a9c1fbc7e25a50754ce6debdc5,0,0,0.6965208053588867,
1,gemm-edges-n1536-k16384,previous_fp32,2.41420834,True,0,0.000111178998,1.22094727,f00e6d4607717ec87f2e6aade25629983ae8a5a20ca8b852cfe0be2860968ae4,0,0,0.6839268207550049,
1,gemm-edges-n1536-k16384,fp32,2.47412499,True,0,0.000111178998,1.22094727,f00e6d4607717ec87f2e6aade25629983ae8a5a20ca8b852cfe0be2860968ae4,0,0,0.6757240295410156,
1,gemm-edges-n1536-k16383,mlx,1.96171,True,0,6.10389e-05,0.0187988,,,,0.7052350044250488,
1,gemm-edges-n1536-k16383,previous_int8,2.46329166,True,0,0.0495770481,15.2687988,86bc8ba9ac8429316f2293de9f0c3c0cbc5ae4250533f4fbe100b3076e70e154,0,0,0.6955630779266357,
1,gemm-edges-n1536-k16383,int8,2.52275,True,0,0.0495770481,15.2687988,86bc8ba9ac8429316f2293de9f0c3c0cbc5ae4250533f4fbe100b3076e70e154,0,0,0.6885318756103516,
1,gemm-edges-n1536-k16383,previous_fp32,2.94154166,True,0,6.10388818e-05,0.0187988281,b8bce4ec4c3f963cbabee4c458a621678fa22db3145549cbf86e3efc56308cb3,0,0,0.6726992130279541,
1,gemm-edges-n1536-k16383,fp32,3.01537501,True,0,6.10388818e-05,0.0187988281,b8bce4ec4c3f963cbabee4c458a621678fa22db3145549cbf86e3efc56308cb3,0,0,0.6731369495391846,
1,gemm-edges-n1536-k8193,mlx,1.02425,True,0,0.000197475,0.583984,,,,0.7104732990264893,
1,gemm-edges-n1536-k8193,previous_int8,1.11425,True,0,0.00393170053,9.56811523,07c54d4dc07e00b7ced63aebefa7056b981e7bb7b8e6cc16524ab25cc0e66677,0,0,0.691256046295166,
1,gemm-edges-n1536-k8193,int8,1.12083333,True,0,0.00393170053,9.56811523,07c54d4dc07e00b7ced63aebefa7056b981e7bb7b8e6cc16524ab25cc0e66677,0,0,0.6936933994293213,
1,gemm-edges-n1536-k8193,previous_fp32,1.393,True,0,0.00031275099,1.21728516,2f86cd9521ffbc0f76af1f3196355a786613a0aad1bf0b5f323cfe1bb599e1a2,0,0,0.6758010387420654,
1,gemm-edges-n1536-k8193,fp32,1.429375,True,0,0.00031275099,1.21728516,2f86cd9521ffbc0f76af1f3196355a786613a0aad1bf0b5f323cfe1bb599e1a2,0,0,0.6683247089385986,
1,gemm-edges-n1536-k8192,mlx,0.903625,True,0,0.000182131,0.466064,,,,0.7215800285339355,
1,gemm-edges-n1536-k8192,previous_int8,0.734375004,True,0,0.00415822108,10.6398926,c57400086165458dc2b40197f6e44a670a66ac2dd0cdaf8611f0f282dcfc2425,0,0,0.7467072010040283,
1,gemm-edges-n1536-k8192,int8,0.725874997,True,0,0.00415822108,10.6398926,c57400086165458dc2b40197f6e44a670a66ac2dd0cdaf8611f0f282dcfc2425,0,0,0.7505772113800049,
1,gemm-edges-n1536-k8192,previous_fp32,0.909249997,True,0,0.000250192097,0.967529297,d8599a60398a791dbce225911cfddb065f25db6ed06529b4c03ed2449730ee32,0,0,0.7052159309387207,
1,gemm-edges-n1536-k8192,fp32,0.908458329,True,0,0.000250192097,0.967529297,d8599a60398a791dbce225911cfddb065f25db6ed06529b4c03ed2449730ee32,0,0,0.6824860572814941,
1,gemm-edges-n1536-k8191,mlx,1.0505,True,0,9.97787e-05,0.342041,,,,0.7057127952575684,
1,gemm-edges-n1536-k8191,previous_int8,0.814375002,True,0,0.00417984065,10.6367188,9d928c9917e1bfef388ae737d477301de226f34702f7c6f83d6add46f2f8a17b,0,0,0.7263748645782471,
1,gemm-edges-n1536-k8191,int8,0.836749998,True,0,0.00417984065,10.6367188,9d928c9917e1bfef388ae737d477301de226f34702f7c6f83d6add46f2f8a17b,0,0,0.7290511131286621,
1,gemm-edges-n1536-k8191,previous_fp32,1.04470833,True,0,0.000180328574,0.627685547,dd4c668b0ccdb576e53106f59b3588c0b331aeae0153d08599d139237895d4bd,0,0,0.6865510940551758,
1,gemm-edges-n1536-k8191,fp32,1.04237501,True,0,0.000180328574,0.627685547,dd4c668b0ccdb576e53106f59b3588c0b331aeae0153d08599d139237895d4bd,0,0,0.6866610050201416,
1,gemm-edges-n1536-k2049,mlx,0.24125,True,0,0.000216929,0.0922852,,,,0.8950638771057129,
1,gemm-edges-n1536-k2049,previous_int8,0.205083343,True,0,0.0042488066,2.64672852,b0255d5442cc0b47614a8f098215a5c3a7b943b161920a709228cd3a4925c746,0,0,0.9445240497589111,
1,gemm-edges-n1536-k2049,int8,0.203500007,True,0,0.0042488066,2.64672852,b0255d5442cc0b47614a8f098215a5c3a7b943b161920a709228cd3a4925c746,0,0,0.9404082298278809,
1,gemm-edges-n1536-k2049,previous_fp32,0.244250012,True,0,0.000191018342,0.136230469,6cd052195a0a705958dde63e933de6304acf34d340c96b4ed9d694b1ee257bf1,0,0,0.8831691741943359,
1,gemm-edges-n1536-k2049,fp32,0.245291667,True,0,0.000191018342,0.136230469,6cd052195a0a705958dde63e933de6304acf34d340c96b4ed9d694b1ee257bf1,0,0,0.8812758922576904,
1,gemm-edges-n1536-k2048,mlx,0.217875,True,0,0.00015574,0.0895996,,,,0.9260129928588867,
1,gemm-edges-n1536-k2048,previous_int8,0.184500008,True,0,0.00395680308,2.41918945,db6d771218efdbfe2eb7ebac5d4bf81fc58cc4f34dfb21d6d4afba4d3eac6ce9,0,0,0.9997811317443848,
1,gemm-edges-n1536-k2048,int8,0.18287501,True,0,0.00395680308,2.41918945,db6d771218efdbfe2eb7ebac5d4bf81fc58cc4f34dfb21d6d4afba4d3eac6ce9,0,0,0.9967231750488281,
1,gemm-edges-n1536-k2048,previous_fp32,0.218958347,True,0,0.000243982494,0.212646484,fe3c632063355c13e0829e44deb2c103f5d7eaadec12c7ac11d08bebb91e71cc,0,0,0.9082329273223877,
1,gemm-edges-n1536-k2048,fp32,0.219041671,True,0,0.000243982494,0.212646484,fe3c632063355c13e0829e44deb2c103f5d7eaadec12c7ac11d08bebb91e71cc,0,0,0.9371418952941895,
1,gemm-edges-n1536-k2047,mlx,0.283833,True,0,0.000180635,0.14209,,,,0.9250459671020508,
1,gemm-edges-n1536-k2047,previous_int8,0.203624993,True,0,0.00404788469,2.65014648,2107d966b01a714f9cb297b84003b1167b7bb94520688de6336552dc0328c7d4,0,0,1.010241985321045,
1,gemm-edges-n1536-k2047,int8,0.200916664,True,0,0.00404788469,2.65014648,2107d966b01a714f9cb297b84003b1167b7bb94520688de6336552dc0328c7d4,0,0,1.0119831562042236,
1,gemm-edges-n1536-k2047,previous_fp32,0.359875005,True,0,0.00022918248,0.231933594,b5bb166cd1130ddb8b80c44752da58ad8386b2d494215a81254084b197baf883,0,0,0.8109302520751953,
1,gemm-edges-n1536-k2047,fp32,0.361208324,True,0,0.00022918248,0.231933594,b5bb166cd1130ddb8b80c44752da58ad8386b2d494215a81254084b197baf883,0,0,0.7873427867889404,
1,gemm-edges-n1535-k32769,mlx,4.62275,True,0,5.87495e-05,0.448242,,,,0.768355131149292,
1,gemm-edges-n1535-k32769,previous_int8,4.60299999,True,0,0.0043733531,42.2470703,aa6f985bc1f5d0ca43c99dd1d1d855654af5d76ef3bfac7856d4c79717792c16,0,0,0.7557618618011475,
1,gemm-edges-n1535-k32769,int8,4.58199999,True,0,0.0043733531,42.2470703,aa6f985bc1f5d0ca43c99dd1d1d855654af5d76ef3bfac7856d4c79717792c16,0,0,0.754854679107666,
1,gemm-edges-n1535-k32769,previous_fp32,5.42904167,True,0,0.000102526578,1.47998047,566a0ca105bb7efbdc48a196653129796a132c0c2673e7bb8f681c16d73cd5fc,0,0,0.720952033996582,
1,gemm-edges-n1535-k32769,fp32,5.511375,True,0,0.000102526578,1.47998047,566a0ca105bb7efbdc48a196653129796a132c0c2673e7bb8f681c16d73cd5fc,0,0,0.7282440662384033,
1,gemm-edges-n1535-k32768,mlx,4.76263,True,0,6.27413e-05,0.590576,,,,0.7748579978942871,
1,gemm-edges-n1535-k32768,previous_int8,3.78887501,True,0,0.00405860207,42.201416,ea2cde60d1f163c00b1b6c433177cd139b9f908333782022cff1182e47a06b2f,0,0,0.7532100677490234,
1,gemm-edges-n1535-k32768,int8,3.79012499,True,0,0.00405860207,42.201416,ea2cde60d1f163c00b1b6c433177cd139b9f908333782022cff1182e47a06b2f,0,0,0.7641627788543701,
1,gemm-edges-n1535-k32768,previous_fp32,4.676375,True,0,7.47355573e-05,0.911621094,f66c245bddc356ee823f6176c486ef9d59e84f26dcf18fdb8928cab98ca086bf,0,0,0.7189910411834717,
1,gemm-edges-n1535-k32768,fp32,4.708375,True,0,7.47355573e-05,0.911621094,f66c245bddc356ee823f6176c486ef9d59e84f26dcf18fdb8928cab98ca086bf,0,0,0.7261288166046143,
1,gemm-edges-n1535-k32767,mlx,4.66633,True,0,5.18424e-05,0.453613,,,,0.7705709934234619,
1,gemm-edges-n1535-k32767,previous_int8,4.56691666,True,0,0.0041480875,42.5178223,a0703d2708bd63cc005bc2941504831a0878f845e4ab4cb71c9ce33966e5aee2,0,0,0.7528481483459473,
1,gemm-edges-n1535-k32767,int8,4.55395834,True,0,0.0041480875,42.5178223,a0703d2708bd63cc005bc2941504831a0878f845e4ab4cb71c9ce33966e5aee2,0,0,0.7611300945281982,
1,gemm-edges-n1535-k32767,previous_fp32,5.373375,True,0,6.9200483e-05,1.45898438,877c3f2d3f5e728ea239bd2cafab682a999faeaf8d32f33bc78d4c1d12458e1c,0,0,0.728452205657959,
1,gemm-edges-n1535-k32767,fp32,5.31825001,True,0,6.9200483e-05,1.45898438,877c3f2d3f5e728ea239bd2cafab682a999faeaf8d32f33bc78d4c1d12458e1c,0,0,0.7229611873626709,
1,gemm-edges-n1535-k16385,mlx,2.323,True,0,0.000128453,0.762939,,,,0.7045528888702393,
1,gemm-edges-n1535-k16385,previous_int8,2.462125,True,0,0.00406338538,21.1584473,f96d41e52bdefc7990214946a122a6a5198784c5f9ac5fb85eb1cbb20708b3fd,0,0,0.6929380893707275,
1,gemm-edges-n1535-k16385,int8,2.47745833,True,0,0.00406338538,21.1584473,f96d41e52bdefc7990214946a122a6a5198784c5f9ac5fb85eb1cbb20708b3fd,0,0,0.6886179447174072,
1,gemm-edges-n1535-k16385,previous_fp32,2.66337501,True,0,0.000127109433,1.19433594,01a64128b2da6aa02f712d432b397eef5a623e690cad0d49776d8e0c679515c8,0,0,0.6716771125793457,
1,gemm-edges-n1535-k16385,fp32,2.64454166,True,0,0.000127109433,1.19433594,01a64128b2da6aa02f712d432b397eef5a623e690cad0d49776d8e0c679515c8,0,0,0.6699709892272949,
1,gemm-edges-n1535-k16384,mlx,1.87367,True,0,7.02873e-05,0.24292,,,,0.7131650447845459,
1,gemm-edges-n1535-k16384,previous_int8,1.89733332,True,0,0.00414905095,20.9748535,79327f5dd45a4b28918d2177d8d9dc79ba76781ee300b11e9c791681afc593b7,0,0,0.7033810615539551,
1,gemm-edges-n1535-k16384,int8,1.89287499,True,0,0.00414905095,20.9748535,79327f5dd45a4b28918d2177d8d9dc79ba76781ee300b11e9c791681afc593b7,0,0,0.711773157119751,
1,gemm-edges-n1535-k16384,previous_fp32,2.27687499,True,0,9.31111171e-05,1.19091797,b4dec0ee94948a1fd807d1061c6f0443fc2037530533622292c0574612ee2420,0,0,0.6740939617156982,
1,gemm-edges-n1535-k16384,fp32,2.308375,True,0,9.31111171e-05,1.19091797,b4dec0ee94948a1fd807d1061c6f0443fc2037530533622292c0574612ee2420,0,0,0.6794779300689697,
1,gemm-edges-n1535-k16383,mlx,2.21563,True,0,6.10389e-05,0.0187988,,,,0.7201261520385742,
1,gemm-edges-n1535-k16383,previous_int8,2.533875,True,0,0.0495770481,15.2687988,13b2952e3f2b322f35be5cd90053ee44d2e15efd6986b9399ddbd6d6a0f1b967,0,0,0.6927738189697266,
1,gemm-edges-n1535-k16383,int8,2.549125,True,0,0.0495770481,15.2687988,13b2952e3f2b322f35be5cd90053ee44d2e15efd6986b9399ddbd6d6a0f1b967,0,0,0.6911852359771729,
1,gemm-edges-n1535-k16383,previous_fp32,2.993375,True,0,6.10388818e-05,0.0187988281,41132afa1b84e77bf26e5f2b39d0dfbb35f1ae0cabaebdfc54883e2cb98d1c5a,0,0,0.6650137901306152,
1,gemm-edges-n1535-k16383,fp32,3.00687501,True,0,6.10388818e-05,0.0187988281,41132afa1b84e77bf26e5f2b39d0dfbb35f1ae0cabaebdfc54883e2cb98d1c5a,0,0,0.6705291271209717,
1,gemm-edges-n1535-k8193,mlx,1.08058,True,0,0.00018114,0.583984,,,,0.703139066696167,
1,gemm-edges-n1535-k8193,previous_int8,1.11075,True,0,0.00419250567,10.498291,75fd2e6a0b1444a6ddbd7ac838055a6c7653a9e1bcd20fb71e5e78741a225090,0,0,0.6990320682525635,
1,gemm-edges-n1535-k8193,int8,1.111875,True,0,0.00419250567,10.498291,75fd2e6a0b1444a6ddbd7ac838055a6c7653a9e1bcd20fb71e5e78741a225090,0,0,0.7004601955413818,
1,gemm-edges-n1535-k8193,previous_fp32,1.63645834,True,0,0.000231452342,0.958496094,ace3442922c033e04297ff4d6c2d3d99e1f15ec67fde5f7daebb999308b6c724,0,0,0.6616520881652832,
1,gemm-edges-n1535-k8193,fp32,1.61408333,True,0,0.000231452342,0.958496094,ace3442922c033e04297ff4d6c2d3d99e1f15ec67fde5f7daebb999308b6c724,0,0,0.6563920974731445,
1,gemm-edges-n1535-k8192,mlx,0.940333,True,0,0.000116077,0.317383,,,,0.7165570259094238,
1,gemm-edges-n1535-k8192,previous_int8,0.816458341,True,0,0.00376958058,10.5444336,7d0d7dfd7ec4b2afa9b9bfea8df438bf26edaa3d6c142bac1802cc595e4eaa7b,0,0,0.7311699390411377,
1,gemm-edges-n1535-k8192,int8,0.821833324,True,0,0.00376958058,10.5444336,7d0d7dfd7ec4b2afa9b9bfea8df438bf26edaa3d6c142bac1802cc595e4eaa7b,0,0,0.7356858253479004,
1,gemm-edges-n1535-k8192,previous_fp32,1.26987499,True,0,0.000215405316,0.989257812,4e04830f49d14ce5129e149fd4f862048a387505b8577a6476be61aa7842e97d,0,0,0.6798028945922852,
1,gemm-edges-n1535-k8192,fp32,1.18041667,True,0,0.000215405316,0.989257812,4e04830f49d14ce5129e149fd4f862048a387505b8577a6476be61aa7842e97d,0,0,0.6777999401092529,
1,gemm-edges-n1535-k8191,mlx,1.14133,True,0,0.000232534,0.488281,,,,0.6940808296203613,
1,gemm-edges-n1535-k8191,previous_int8,1.07816666,True,0,0.00404562244,10.619873,a4bc5590b9210c922d8ba91b26097a2252e3fcd058c72cd1bf9d28280c1d24bb,0,0,0.697152853012085,
1,gemm-edges-n1535-k8191,int8,1.054875,True,0,0.00404562244,10.619873,a4bc5590b9210c922d8ba91b26097a2252e3fcd058c72cd1bf9d28280c1d24bb,0,0,0.697796106338501,
1,gemm-edges-n1535-k8191,previous_fp32,1.46975,True,0,0.000182278791,0.728515625,0a6a2108058fd6a10351558346e5c81101e856eba93058d3d59a47a83c6ef920,0,0,0.6609461307525635,
1,gemm-edges-n1535-k8191,fp32,1.44425,True,0,0.000182278791,0.728515625,0a6a2108058fd6a10351558346e5c81101e856eba93058d3d59a47a83c6ef920,0,0,0.6640000343322754,
1,gemm-edges-n1535-k2049,mlx,0.265625,True,0,0.000142173,0.0922852,,,,0.8612339496612549,
1,gemm-edges-n1535-k2049,previous_int8,0.267958341,True,0,0.0039726476,2.63842773,dd5b84a09f124d3de425d34b31edce3dfc018bb510ba293a4c3932397d122f77,0,0,0.8618738651275635,
1,gemm-edges-n1535-k2049,int8,0.266000003,True,0,0.0039726476,2.63842773,dd5b84a09f124d3de425d34b31edce3dfc018bb510ba293a4c3932397d122f77,0,0,0.8627080917358398,
1,gemm-edges-n1535-k2049,previous_fp32,0.364749998,True,0,0.000227995872,0.243652344,17e73880978f382cd0177004ca84df1baa98037901637099128ef538b6902a44,0,0,0.7881679534912109,
1,gemm-edges-n1535-k2049,fp32,0.371000002,True,0,0.000227995872,0.243652344,17e73880978f382cd0177004ca84df1baa98037901637099128ef538b6902a44,0,0,0.783574104309082,
1,gemm-edges-n1535-k2048,mlx,0.22925,True,0,8.53958e-05,0.0510254,,,,0.9105021953582764,
1,gemm-edges-n1535-k2048,previous_int8,0.208875004,True,0,0.00398152043,2.62304688,1669351cc91216b199ae65a23c28f14bd35cbae3fdd25ce58901be9ec899109d,0,0,0.9164962768554688,
1,gemm-edges-n1535-k2048,int8,0.209125006,True,0,0.00398152043,2.62304688,1669351cc91216b199ae65a23c28f14bd35cbae3fdd25ce58901be9ec899109d,0,0,0.9288270473480225,
1,gemm-edges-n1535-k2048,previous_fp32,0.330041672,True,0,0.000232990469,0.229980469,61587770f1202310d7762ad69b7b6dd205bebce2315ac4966459f8c03d91fcbd,0,0,0.8374097347259521,
1,gemm-edges-n1535-k2048,fp32,0.297374994,True,0,0.000232990469,0.229980469,61587770f1202310d7762ad69b7b6dd205bebce2315ac4966459f8c03d91fcbd,0,0,0.838799238204956,
1,gemm-edges-n1535-k2047,mlx,0.314125,True,0,0.000159071,0.125244,,,,0.8268377780914307,
1,gemm-edges-n1535-k2047,previous_int8,0.277458341,True,0,0.00402980849,2.6159668,f69dedadeb1db2ced2f68a4d299a13c00c30f6fd56b53d945ad9c71e527da83c,0,0,0.8626158237457275,
1,gemm-edges-n1535-k2047,int8,0.279875007,True,0,0.00402980849,2.6159668,f69dedadeb1db2ced2f68a4d299a13c00c30f6fd56b53d945ad9c71e527da83c,0,0,0.8569729328155518,
1,gemm-edges-n1535-k2047,previous_fp32,0.39112501,True,0,0.000232965182,0.203125,31728c1c728587298b85eda24b379e70ff17481e4eddfdb4def867930c5c9f1d,0,0,0.7855038642883301,
1,gemm-edges-n1535-k2047,fp32,0.354624994,True,0,0.000232965182,0.203125,31728c1c728587298b85eda24b379e70ff17481e4eddfdb4def867930c5c9f1d,0,0,0.8061432838439941,
1,gemm-rows-8193-12288-8192,mlx,14.4368,True,0,0.000187988,0.368408,,,,1.1020262241363525,
1,gemm-rows-8193-12288-8192,previous_int8,7.36425001,True,0,0.00385567703,10.5944824,850e2bf3a00646b25e28d4222197279575de8f91e1615ac83da49832193c8719,0,0,0.8634281158447266,
1,gemm-rows-8193-12288-8192,int8,7.34075,True,0,0.00385567703,10.5944824,850e2bf3a00646b25e28d4222197279575de8f91e1615ac83da49832193c8719,0,0,0.8606278896331787,
1,gemm-rows-8193-12288-8192,previous_fp32,14.4739167,True,0,0.000216611869,0.953613281,5b5796121c7512264ed77e801366a03b0662a3fee0378d32381ed97629146c0d,0,0,0.84139084815979,
1,gemm-rows-8193-12288-8192,fp32,14.527875,True,0,0.000216611869,0.953613281,5b5796121c7512264ed77e801366a03b0662a3fee0378d32381ed97629146c0d,0,0,0.8438079357147217,
1,gemm-rows-8193-12288-8192,previous_fp16,14.551125,True,0,0.000216611869,0.953613281,5b5796121c7512264ed77e801366a03b0662a3fee0378d32381ed97629146c0d,0,0,0.8434097766876221,
1,gemm-rows-8193-12288-8192,fp16,14.50675,True,0,0.000216611869,0.953613281,5b5796121c7512264ed77e801366a03b0662a3fee0378d32381ed97629146c0d,0,0,0.8416869640350342,
1,gemm-rows-8193-6144-18432,mlx,27.9629,True,0,0.000272032,1.66455,,,,1.0818510055541992,
1,gemm-rows-8193-6144-18432,previous_int8,9.78399999,True,0,0.00447407453,23.8415527,83734f48fad355d40259b07224dfed245c0c0f0e10811c7da5d7287fc5f60641,0,0,0.9019279479980469,
1,gemm-rows-8193-6144-18432,int8,9.85370834,True,0,0.00447407453,23.8415527,83734f48fad355d40259b07224dfed245c0c0f0e10811c7da5d7287fc5f60641,0,0,0.9015798568725586,
1,gemm-rows-8193-6144-18432,previous_fp32,18.5870417,True,0,0.000370356583,2.51855469,caf58eef94fe9c2c704cb5881d40f74d843619b5511192a194434062daf7582f,0,0,0.8866331577301025,
1,gemm-rows-8193-6144-18432,fp32,18.5925,True,0,0.000370356583,2.51855469,caf58eef94fe9c2c704cb5881d40f74d843619b5511192a194434062daf7582f,0,0,0.8873729705810547,
1,gemm-rows-8193-6144-18432,previous_fp16,20.661625,True,0,0.00037918911,2.51855469,f413f99be503ccedafaa94002a90f902ef9072da7493f685c6c5b1d8a596b5dc,0,0,0.9091789722442627,
1,gemm-rows-8193-6144-18432,fp16,20.77975,True,0,0.00037918911,2.51855469,f413f99be503ccedafaa94002a90f902ef9072da7493f685c6c5b1d8a596b5dc,0,0,0.8961081504821777,
1,gemm-rows-8193-6144-6144,mlx,4.96825,True,0,0.000191081,0.420898,,,,0.8294341564178467,
1,gemm-rows-8193-6144-6144,previous_int8,2.89054167,True,0,0.00422712168,7.90356445,18141ced870a8d145dd432f6c81833b6a100a5754785d0b239abfc001f8398c2,0,0,0.738335132598877,
1,gemm-rows-8193-6144-6144,int8,2.893875,True,0,0.00422712168,7.90356445,18141ced870a8d145dd432f6c81833b6a100a5754785d0b239abfc001f8398c2,0,0,0.7279071807861328,
1,gemm-rows-8193-6144-6144,previous_fp32,4.9865,True,0,0.000197852668,0.489501953,5c9b487b45f48a05702ea2de1a4525e7081a6e413b7de5199ffc7c857f7d2240,0,0,0.7029170989990234,
1,gemm-rows-8193-6144-6144,fp32,4.98558333,True,0,0.000197852668,0.489501953,5c9b487b45f48a05702ea2de1a4525e7081a6e413b7de5199ffc7c857f7d2240,0,0,0.7043051719665527,
1,gemm-rows-8193-6144-6144,previous_fp16,4.98375,True,0,0.000197852668,0.489501953,5c9b487b45f48a05702ea2de1a4525e7081a6e413b7de5199ffc7c857f7d2240,0,0,0.7025790214538574,
1,gemm-rows-8193-6144-6144,fp16,4.977,True,0,0.000197852668,0.489501953,5c9b487b45f48a05702ea2de1a4525e7081a6e413b7de5199ffc7c857f7d2240,0,0,0.7028801441192627,
1,gemm-rows-8193-1536-4096,mlx,0.843583,True,0,0.000182094,0.209717,,,,0.753925085067749,
1,gemm-rows-8193-1536-4096,previous_int8,0.619750004,True,0,0.0038569556,4.36035156,bb2ca488c84594156dbf00a13662f16401d416da75cdc0f1689524536670aa45,0,0,0.7840471267700195,
1,gemm-rows-8193-1536-4096,int8,0.618999999,True,0,0.0038569556,4.36035156,bb2ca488c84594156dbf00a13662f16401d416da75cdc0f1689524536670aa45,0,0,0.7810959815979004,
1,gemm-rows-8193-1536-4096,previous_fp32,0.848583339,True,0,0.000255350841,0.454101562,88292b2b0784e783e275cab7bf0bc7bd5444d78fda063a626c0f11ab463a3ee9,0,0,0.7190208435058594,
1,gemm-rows-8193-1536-4096,fp32,0.851249992,True,0,0.000255350841,0.454101562,88292b2b0784e783e275cab7bf0bc7bd5444d78fda063a626c0f11ab463a3ee9,0,0,0.7156898975372314,
1,gemm-rows-8193-1536-4096,previous_fp16,0.847333329,True,0,0.000255350841,0.454101562,88292b2b0784e783e275cab7bf0bc7bd5444d78fda063a626c0f11ab463a3ee9,0,0,0.7145512104034424,
1,gemm-rows-8193-1536-4096,fp16,0.847250005,True,0,0.000255350841,0.454101562,88292b2b0784e783e275cab7bf0bc7bd5444d78fda063a626c0f11ab463a3ee9,0,0,0.715101957321167,
1,gemm-rows-8192-12288-8192,mlx,13.9946,True,0,0.00019169,0.368408,,,,1.0871529579162598,
1,gemm-rows-8192-12288-8192,previous_int8,7.16970833,True,0,0.00347764862,9.66943359,bffdd9e505f884699629aa88b472a37a34dbf5c3b3992e7c4ceb1e0c16f2e5bc,0,0,0.8677690029144287,
1,gemm-rows-8192-12288-8192,int8,7.170125,True,0,0.00347764862,9.66943359,bffdd9e505f884699629aa88b472a37a34dbf5c3b3992e7c4ceb1e0c16f2e5bc,0,0,0.8627758026123047,
1,gemm-rows-8192-12288-8192,previous_fp32,14.089375,True,0,0.000238739142,0.884033203,4090223719e257696da265ae5ab78745ac3bb05d6248ed2738377bd198663fc1,0,0,0.8406939506530762,
1,gemm-rows-8192-12288-8192,fp32,14.1241667,True,0,0.000238739142,0.884033203,4090223719e257696da265ae5ab78745ac3bb05d6248ed2738377bd198663fc1,0,0,0.8450589179992676,
1,gemm-rows-8192-12288-8192,previous_fp16,14.079,True,0,0.000238739142,0.884033203,4090223719e257696da265ae5ab78745ac3bb05d6248ed2738377bd198663fc1,0,0,0.8427269458770752,
1,gemm-rows-8192-12288-8192,fp16,14.097125,True,0,0.000238739142,0.884033203,4090223719e257696da265ae5ab78745ac3bb05d6248ed2738377bd198663fc1,0,0,0.8461310863494873,
1,gemm-rows-8192-6144-18432,mlx,27.2538,True,0,0.000274386,1.66455,,,,1.0913290977478027,
1,gemm-rows-8192-6144-18432,previous_int8,9.2895,True,0,0.00388667296,23.817627,cbf6a5c581246e588c61557323e55545184a3a70b0895f73332e56adde652abb,0,0,0.8940529823303223,
1,gemm-rows-8192-6144-18432,int8,9.23929167,True,0,0.00388667296,23.817627,cbf6a5c581246e588c61557323e55545184a3a70b0895f73332e56adde652abb,0,0,0.8939390182495117,
1,gemm-rows-8192-6144-18432,previous_fp32,17.9155,True,0,0.000280554012,3.10400391,445cdfdab051b538cff55e49b38ec881ea8436d35aeef4d73593213d116d5998,0,0,0.8842239379882812,
1,gemm-rows-8192-6144-18432,fp32,17.9932083,True,0,0.000280554012,3.10400391,445cdfdab051b538cff55e49b38ec881ea8436d35aeef4d73593213d116d5998,0,0,0.8856639862060547,
1,gemm-rows-8192-6144-18432,previous_fp16,18.526375,True,0,0.000367172359,4.46508789,9fcfa9afd2c1f7dc06297028642d9cf872bba4eaec3919876d1d0ad9c27dec2e,0,0,0.8857161998748779,
1,gemm-rows-8192-6144-18432,fp16,18.547125,True,0,0.000367172359,4.46508789,9fcfa9afd2c1f7dc06297028642d9cf872bba4eaec3919876d1d0ad9c27dec2e,0,0,0.884674072265625,
1,gemm-rows-8192-6144-6144,mlx,4.945,True,0,0.00019244,0.22583,,,,0.8347208499908447,
1,gemm-rows-8192-6144-6144,previous_int8,2.73937501,True,0,0.00423990068,7.78662109,5366655fa678a3253667fee20dcb7aa74ec7680dd9427a573dcae07934b153e8,0,0,0.7346799373626709,
1,gemm-rows-8192-6144-6144,int8,2.73770833,True,0,0.00423990068,7.78662109,5366655fa678a3253667fee20dcb7aa74ec7680dd9427a573dcae07934b153e8,0,0,0.733112096786499,
1,gemm-rows-8192-6144-6144,previous_fp32,4.94462501,True,0,0.000182040506,0.401367188,5360e5b96e07a6456cfa20622804f832832461f57e3f1fae6737eccf603262ff,0,0,0.7073519229888916,
1,gemm-rows-8192-6144-6144,fp32,4.94904167,True,0,0.000182040506,0.401367188,5360e5b96e07a6456cfa20622804f832832461f57e3f1fae6737eccf603262ff,0,0,0.6992959976196289,
1,gemm-rows-8192-6144-6144,previous_fp16,4.94487501,True,0,0.000182040506,0.401367188,5360e5b96e07a6456cfa20622804f832832461f57e3f1fae6737eccf603262ff,0,0,0.702646017074585,
1,gemm-rows-8192-6144-6144,fp16,4.95049999,True,0,0.000182040506,0.401367188,5360e5b96e07a6456cfa20622804f832832461f57e3f1fae6737eccf603262ff,0,0,0.7150721549987793,
1,gemm-rows-8192-1536-4096,mlx,0.843167,True,0,0.000206097,0.230957,,,,0.7600336074829102,
1,gemm-rows-8192-1536-4096,previous_int8,0.543874994,True,0,0.00438140524,5.31152344,6b2f2ff3b1a3a4287e7b1051e1cd757c577779765f4e255f2e019a71fa1c6f40,0,0,0.8018240928649902,
1,gemm-rows-8192-1536-4096,int8,0.544249997,True,0,0.00438140524,5.31152344,6b2f2ff3b1a3a4287e7b1051e1cd757c577779765f4e255f2e019a71fa1c6f40,0,0,0.8020951747894287,
1,gemm-rows-8192-1536-4096,previous_fp32,0.848249998,True,0,0.000254279153,0.488525391,c1d9f9d2899eafef14bdaa3609fde1cc48ab83aecbcc95254adbc390e4e809ce,0,0,0.7140240669250488,
1,gemm-rows-8192-1536-4096,fp32,0.842916677,True,0,0.000254279153,0.488525391,c1d9f9d2899eafef14bdaa3609fde1cc48ab83aecbcc95254adbc390e4e809ce,0,0,0.7140369415283203,
1,gemm-rows-8192-1536-4096,previous_fp16,0.847958334,True,0,0.000254279153,0.488525391,c1d9f9d2899eafef14bdaa3609fde1cc48ab83aecbcc95254adbc390e4e809ce,0,0,0.7177369594573975,
1,gemm-rows-8192-1536-4096,fp16,0.845416667,True,0,0.000254279153,0.488525391,c1d9f9d2899eafef14bdaa3609fde1cc48ab83aecbcc95254adbc390e4e809ce,0,0,0.7156729698181152,
1,gemm-rows-8191-12288-8192,mlx,14.0431,True,0,0.000221375,0.491699,,,,1.1043241024017334,
1,gemm-rows-8191-12288-8192,previous_int8,8.44620833,True,0,0.00447142143,10.5646973,8f7376f274aac61438acba65421db927a5fee45f5042573e84329e26280247e6,0,0,0.8714890480041504,
1,gemm-rows-8191-12288-8192,int8,8.49758333,True,0,0.00447142143,10.5646973,8f7376f274aac61438acba65421db927a5fee45f5042573e84329e26280247e6,0,0,0.8709690570831299,
1,gemm-rows-8191-12288-8192,previous_fp32,14.1537917,True,0,0.000210202626,0.8515625,2df05346b14bbb5fecd7f6231eea8bbe48a11a9d64f5835f00bb809f96dad8f5,0,0,0.8440189361572266,
1,gemm-rows-8191-12288-8192,fp32,14.1259167,True,0,0.000210202626,0.8515625,2df05346b14bbb5fecd7f6231eea8bbe48a11a9d64f5835f00bb809f96dad8f5,0,0,0.8436059951782227,
1,gemm-rows-8191-12288-8192,previous_fp16,14.1220833,True,0,0.000210202626,0.8515625,2df05346b14bbb5fecd7f6231eea8bbe48a11a9d64f5835f00bb809f96dad8f5,0,0,0.8422122001647949,
1,gemm-rows-8191-12288-8192,fp16,14.1134583,True,0,0.000210202626,0.8515625,2df05346b14bbb5fecd7f6231eea8bbe48a11a9d64f5835f00bb809f96dad8f5,0,0,0.8449592590332031,
1,gemm-rows-8191-6144-18432,mlx,27.454,True,0,0.000236007,0.969238,,,,1.096318006515503,
1,gemm-rows-8191-6144-18432,previous_int8,11.84775,True,0,0.00446525866,21.5085449,d67d7df5bfc7c3f3a0c40c4d08603343e01fc936762772254f7ab10235899bbc,0,0,0.9085240364074707,
1,gemm-rows-8191-6144-18432,int8,11.8402083,True,0,0.00446525866,21.5085449,d67d7df5bfc7c3f3a0c40c4d08603343e01fc936762772254f7ab10235899bbc,0,0,0.9094958305358887,
1,gemm-rows-8191-6144-18432,previous_fp32,18.2356667,True,0,0.00035410091,2.43115234,d50d368269e72f42587e4c9ae35a193cc4035c560b3a19fbfc3cc7f8917344dd,0,0,0.8961288928985596,
1,gemm-rows-8191-6144-18432,fp32,18.15675,True,0,0.00035410091,2.43115234,d50d368269e72f42587e4c9ae35a193cc4035c560b3a19fbfc3cc7f8917344dd,0,0,0.8990778923034668,
1,gemm-rows-8191-6144-18432,previous_fp16,19.8885,True,0,0.000400924879,4.55053711,12a373c9999611990465acca9828c9a03a9544d29e22280e5a389e5378519f54,0,0,0.8956549167633057,
1,gemm-rows-8191-6144-18432,fp16,19.8520417,True,0,0.000400924879,4.55053711,12a373c9999611990465acca9828c9a03a9544d29e22280e5a389e5378519f54,0,0,0.9090909957885742,
1,gemm-rows-8191-6144-6144,mlx,4.96533,True,0,0.000193275,0.374268,,,,0.8294141292572021,
1,gemm-rows-8191-6144-6144,previous_int8,3.22054166,True,0,0.00403636149,7.9050293,3f072a133923d2d90b217699ce49e6c50849f98e6da1d7d3d2dfbd1c1bef60b1,0,0,0.7290928363800049,
1,gemm-rows-8191-6144-6144,int8,3.25762499,True,0,0.00403636149,7.9050293,3f072a133923d2d90b217699ce49e6c50849f98e6da1d7d3d2dfbd1c1bef60b1,0,0,0.7299561500549316,
1,gemm-rows-8191-6144-6144,previous_fp32,4.980375,True,0,0.000198324922,0.494140625,4d34d2ad495c3a03d64da8fb475519412da7978823f4f1c7e2899ee75bbd0112,0,0,0.7067499160766602,
1,gemm-rows-8191-6144-6144,fp32,4.96574999,True,0,0.000198324922,0.494140625,4d34d2ad495c3a03d64da8fb475519412da7978823f4f1c7e2899ee75bbd0112,0,0,0.7075791358947754,
1,gemm-rows-8191-6144-6144,previous_fp16,4.97104166,True,0,0.000198324922,0.494140625,4d34d2ad495c3a03d64da8fb475519412da7978823f4f1c7e2899ee75bbd0112,0,0,0.7062110900878906,
1,gemm-rows-8191-6144-6144,fp16,4.9665,True,0,0.000198324922,0.494140625,4d34d2ad495c3a03d64da8fb475519412da7978823f4f1c7e2899ee75bbd0112,0,0,0.7062208652496338,
1,gemm-rows-8191-1536-4096,mlx,0.859,True,0,0.000225157,0.209717,,,,0.7637639045715332,
1,gemm-rows-8191-1536-4096,previous_int8,0.613208336,True,0,0.00356255167,4.83154297,cf97e5cf3ec962060b5f72c866fecd17395e82b57468e4fd37a5bf147a4dc911,0,0,0.7882609367370605,
1,gemm-rows-8191-1536-4096,int8,0.593499994,True,0,0.00356255167,4.83154297,cf97e5cf3ec962060b5f72c866fecd17395e82b57468e4fd37a5bf147a4dc911,0,0,0.7913432121276855,
1,gemm-rows-8191-1536-4096,previous_fp32,0.862250003,True,0,0.00022042839,0.454101562,8981a8b3a48ff03168b063a7a5d3af3861083b91c054e5b5132916bf2e8284f9,0,0,0.715062141418457,
1,gemm-rows-8191-1536-4096,fp32,0.859874999,True,0,0.00022042839,0.454101562,8981a8b3a48ff03168b063a7a5d3af3861083b91c054e5b5132916bf2e8284f9,0,0,0.7138717174530029,
1,gemm-rows-8191-1536-4096,previous_fp16,0.86062499,True,0,0.00022042839,0.454101562,8981a8b3a48ff03168b063a7a5d3af3861083b91c054e5b5132916bf2e8284f9,0,0,0.7183589935302734,
1,gemm-rows-8191-1536-4096,fp16,0.860749991,True,0,0.00022042839,0.454101562,8981a8b3a48ff03168b063a7a5d3af3861083b91c054e5b5132916bf2e8284f9,0,0,0.7112240791320801,
1,gemm-rows-4097-12288-8192,mlx,6.98296,True,0,0.000253632,0.813232,,,,0.8844869136810303,
1,gemm-rows-4097-12288-8192,previous_int8,4.38658333,True,0,0.00410996643,10.5898438,fa3592f4ac25034a7400e71bd8be6a30fd809499ccd097047e924ade5046d37e,0,0,0.7889699935913086,
1,gemm-rows-4097-12288-8192,int8,4.2995,True,0,0.00410996643,10.5898438,fa3592f4ac25034a7400e71bd8be6a30fd809499ccd097047e924ade5046d37e,0,0,0.7940890789031982,
1,gemm-rows-4097-12288-8192,previous_fp32,7.02433333,True,0,0.00021007046,0.989257812,ca24dc98ac80ebd41729e5064a9eb0e99f270a8d525c15cac153c5afb517f11a,0,0,0.7344377040863037,
1,gemm-rows-4097-12288-8192,fp32,7.04108333,True,0,0.00021007046,0.989257812,ca24dc98ac80ebd41729e5064a9eb0e99f270a8d525c15cac153c5afb517f11a,0,0,0.7343018054962158,
1,gemm-rows-4097-12288-8192,previous_fp16,7.04662499,True,0,0.00021007046,0.989257812,ca24dc98ac80ebd41729e5064a9eb0e99f270a8d525c15cac153c5afb517f11a,0,0,0.7348439693450928,
1,gemm-rows-4097-12288-8192,fp16,7.035,True,0,0.00021007046,0.989257812,ca24dc98ac80ebd41729e5064a9eb0e99f270a8d525c15cac153c5afb517f11a,0,0,0.7366080284118652,
1,gemm-rows-4097-6144-18432,mlx,8.18442,True,0,0.000269995,1.66455,,,,0.8493483066558838,
1,gemm-rows-4097-6144-18432,previous_int8,7.52862501,True,0,0.00388426143,23.6877441,8997772f9c27d8e581f9a6930122bfed94a50b79d741c9b8fbed6413b2cf43a6,0,0,0.821613073348999,
1,gemm-rows-4097-6144-18432,int8,7.53074999,True,0,0.00388426143,23.6877441,8997772f9c27d8e581f9a6930122bfed94a50b79d741c9b8fbed6413b2cf43a6,0,0,0.8242142200469971,
1,gemm-rows-4097-6144-18432,previous_fp32,8.18691666,True,0,0.000242176082,1.92626953,1b56af649887247e7fb268b9c8eaa5a3b81aaafed9c7c250c82d5d7517708525,0,0,0.7588851451873779,
1,gemm-rows-4097-6144-18432,fp32,8.18258333,True,0,0.000242176082,1.92626953,1b56af649887247e7fb268b9c8eaa5a3b81aaafed9c7c250c82d5d7517708525,0,0,0.7579951286315918,
1,gemm-rows-4097-6144-18432,previous_fp16,8.18575,True,0,0.000242176082,1.92626953,1b56af649887247e7fb268b9c8eaa5a3b81aaafed9c7c250c82d5d7517708525,0,0,0.7592320442199707,
1,gemm-rows-4097-6144-18432,fp16,8.182625,True,0,0.000242176082,1.92626953,1b56af649887247e7fb268b9c8eaa5a3b81aaafed9c7c250c82d5d7517708525,0,0,0.7591586112976074,
1,gemm-rows-4097-6144-6144,mlx,2.58867,True,0,0.000198504,0.238525,,,,0.7420580387115479,
1,gemm-rows-4097-6144-6144,previous_int8,1.65366667,True,0,0.0039378006,7.19970703,dec4ec1422728923d1509d41e2d10634ba96df2410520a76627887472ca5571e,0,0,0.7133121490478516,
1,gemm-rows-4097-6144-6144,int8,1.61566667,True,0,0.0039378006,7.19970703,dec4ec1422728923d1509d41e2d10634ba96df2410520a76627887472ca5571e,0,0,0.714608907699585,
1,gemm-rows-4097-6144-6144,previous_fp32,2.59400001,True,0,0.000148134097,0.464111328,66dda0d54d476a3ea08c745ff9a060461ca1bd430ec981fe2daef488bc7b1064,0,0,0.6708621978759766,
1,gemm-rows-4097-6144-6144,fp32,2.60104166,True,0,0.000148134097,0.464111328,66dda0d54d476a3ea08c745ff9a060461ca1bd430ec981fe2daef488bc7b1064,0,0,0.6708459854125977,
1,gemm-rows-4097-6144-6144,previous_fp16,2.60008333,True,0,0.000148134097,0.464111328,66dda0d54d476a3ea08c745ff9a060461ca1bd430ec981fe2daef488bc7b1064,0,0,0.669511079788208,
1,gemm-rows-4097-6144-6144,fp16,2.59454166,True,0,0.000148134097,0.464111328,66dda0d54d476a3ea08c745ff9a060461ca1bd430ec981fe2daef488bc7b1064,0,0,0.6688809394836426,
1,gemm-rows-4097-1536-4096,mlx,0.43475,True,0,0.000182477,0.209717,,,,0.8294510841369629,
1,gemm-rows-4097-1536-4096,previous_int8,0.355249998,True,0,0.0040857094,5.30566406,8c525213437ea5e5326b3104213d5179894a6e3c41a5ccf0e3b7f412e5f0cd5e,0,0,0.8244011402130127,
1,gemm-rows-4097-1536-4096,int8,0.349249996,True,0,0.0040857094,5.30566406,8c525213437ea5e5326b3104213d5179894a6e3c41a5ccf0e3b7f412e5f0cd5e,0,0,0.8353390693664551,
1,gemm-rows-4097-1536-4096,previous_fp32,0.436999995,True,0,0.000177424044,0.404052734,43836379013115c032c1a578c5c91288542992f9b6c5d6209e1309bb6c5d737c,0,0,0.8199551105499268,
1,gemm-rows-4097-1536-4096,fp32,0.438874995,True,0,0.000177424044,0.404052734,43836379013115c032c1a578c5c91288542992f9b6c5d6209e1309bb6c5d737c,0,0,0.8228437900543213,
1,gemm-rows-4097-1536-4096,previous_fp16,0.433208334,True,0,0.000177424044,0.404052734,43836379013115c032c1a578c5c91288542992f9b6c5d6209e1309bb6c5d737c,0,0,0.8242218494415283,
1,gemm-rows-4097-1536-4096,fp16,0.436833332,True,0,0.000177424044,0.404052734,43836379013115c032c1a578c5c91288542992f9b6c5d6209e1309bb6c5d737c,0,0,0.8223178386688232,
1,gemm-rows-4096-12288-8192,mlx,6.71812,True,0,0.000261886,0.813232,,,,0.8766169548034668,
1,gemm-rows-4096-12288-8192,previous_int8,3.618,True,0,0.003404026,9.65209961,94568e3e6dd329e2860de26d19eccba0b06be8c2402bcb7b23dec16f22c15d6c,0,0,0.7936499118804932,
1,gemm-rows-4096-12288-8192,int8,3.61700001,True,0,0.003404026,9.65209961,94568e3e6dd329e2860de26d19eccba0b06be8c2402bcb7b23dec16f22c15d6c,0,0,0.7950599193572998,
1,gemm-rows-4096-12288-8192,previous_fp32,6.728375,True,0,0.000230615901,0.871582031,f00d837ba1a4ec6403acce62387157491c3d29d338fb0bc8e37559cc744b7a2e,0,0,0.7402222156524658,
1,gemm-rows-4096-12288-8192,fp32,6.76975001,True,0,0.000230615901,0.871582031,f00d837ba1a4ec6403acce62387157491c3d29d338fb0bc8e37559cc744b7a2e,0,0,0.7395980358123779,
1,gemm-rows-4096-12288-8192,previous_fp16,6.74375,True,0,0.000230615901,0.871582031,f00d837ba1a4ec6403acce62387157491c3d29d338fb0bc8e37559cc744b7a2e,0,0,0.7378621101379395,
1,gemm-rows-4096-12288-8192,fp16,6.71525,True,0,0.000230615901,0.871582031,f00d837ba1a4ec6403acce62387157491c3d29d338fb0bc8e37559cc744b7a2e,0,0,0.740670919418335,
1,gemm-rows-4096-1536-4096,mlx,0.43325,True,0,0.00021733,0.209717,,,,0.831139087677002,
1,gemm-rows-4096-1536-4096,previous_int8,0.267750002,True,0,0.00411439478,5.25219727,39d6728839a3ebf02c7c0f3f3838042c6154180efb9185873f351f4bc2f80dd2,0,0,0.8672990798950195,
1,gemm-rows-4096-1536-4096,int8,0.271208337,True,0,0.00411439478,5.25219727,39d6728839a3ebf02c7c0f3f3838042c6154180efb9185873f351f4bc2f80dd2,0,0,0.8637661933898926,
1,gemm-rows-4096-1536-4096,previous_fp32,0.435999988,True,0,0.000225335182,0.46875,a495d470e434800212814a96a508af27f11f7c41f5061fe7584a12d9d5bda194,0,0,0.8076720237731934,
1,gemm-rows-4096-1536-4096,fp32,0.437875002,True,0,0.000225335182,0.46875,a495d470e434800212814a96a508af27f11f7c41f5061fe7584a12d9d5bda194,0,0,0.806250810623169,
1,gemm-rows-4096-1536-4096,previous_fp16,0.436125003,True,0,0.000225335182,0.46875,a495d470e434800212814a96a508af27f11f7c41f5061fe7584a12d9d5bda194,0,0,0.8089091777801514,
1,gemm-rows-4096-1536-4096,fp16,0.436250004,True,0,0.000225335182,0.46875,a495d470e434800212814a96a508af27f11f7c41f5061fe7584a12d9d5bda194,0,0,0.8089869022369385,
1,gemm-rows-4095-12288-8192,mlx,6.7095,True,0,0.000198896,0.427246,,,,0.8732080459594727,
1,gemm-rows-4095-12288-8192,previous_int8,4.30408333,True,0,0.00423314699,10.5583496,e76995cd1bc7c438eaa149708c34ed2106086ece59d711b64fa848ca7142b6a5,0,0,0.7902181148529053,
1,gemm-rows-4095-12288-8192,int8,4.57295832,True,0,0.00423314699,10.5583496,e76995cd1bc7c438eaa149708c34ed2106086ece59d711b64fa848ca7142b6a5,0,0,0.7910079956054688,
1,gemm-rows-4095-12288-8192,previous_fp32,6.75820833,True,0,0.000220279523,0.875,6b662bd718618f108a44232b4c30c17693cfa333e0fc6e41820ae8dd0d73484b,0,0,0.7343099117279053,
1,gemm-rows-4095-12288-8192,fp32,6.73066668,True,0,0.000220279523,0.875,6b662bd718618f108a44232b4c30c17693cfa333e0fc6e41820ae8dd0d73484b,0,0,0.732417106628418,
1,gemm-rows-4095-12288-8192,previous_fp16,6.76104166,True,0,0.000220279523,0.875,6b662bd718618f108a44232b4c30c17693cfa333e0fc6e41820ae8dd0d73484b,0,0,0.7351369857788086,
1,gemm-rows-4095-12288-8192,fp16,6.723625,True,0,0.000220279523,0.875,6b662bd718618f108a44232b4c30c17693cfa333e0fc6e41820ae8dd0d73484b,0,0,0.7377729415893555,
1,gemm-rows-4095-6144-18432,mlx,7.88033,True,0,0.000310459,1.70361,,,,0.8481781482696533,
1,gemm-rows-4095-6144-18432,previous_int8,6.1895,True,0,0.00396938857,21.3164062,b3de9f888326a6843c034d481054822fa610affa0aef1fe99922a138105c9cb6,0,0,0.8174638748168945,
1,gemm-rows-4095-6144-18432,int8,6.13395833,True,0,0.00396938857,21.3164062,b3de9f888326a6843c034d481054822fa610affa0aef1fe99922a138105c9cb6,0,0,0.8147127628326416,
1,gemm-rows-4095-6144-18432,previous_fp32,7.88258333,True,0,0.000200869008,1.18383789,2f8dbf8d2117af5c58b7fbd2ecc378ef1db6aec6bc871bf3f78c9872f0e0658b,0,0,0.7664167881011963,
1,gemm-rows-4095-6144-18432,fp32,7.88062499,True,0,0.000200869008,1.18383789,2f8dbf8d2117af5c58b7fbd2ecc378ef1db6aec6bc871bf3f78c9872f0e0658b,0,0,0.7661988735198975,
1,gemm-rows-4095-6144-18432,previous_fp16,7.88616666,True,0,0.000200869008,1.18383789,2f8dbf8d2117af5c58b7fbd2ecc378ef1db6aec6bc871bf3f78c9872f0e0658b,0,0,0.7666049003601074,
1,gemm-rows-4095-6144-18432,fp16,7.88450001,True,0,0.000200869008,1.18383789,2f8dbf8d2117af5c58b7fbd2ecc378ef1db6aec6bc871bf3f78c9872f0e0658b,0,0,0.7648262977600098,
1,gemm-rows-4095-6144-6144,mlx,2.49217,True,0,0.000261967,0.474121,,,,0.7512478828430176,
1,gemm-rows-4095-6144-6144,previous_int8,1.47933334,True,0,0.00446173135,7.83154297,8357e3983e6b659f5edaf11cc3a1e86b775829d6fb00cc645695934df78d8076,0,0,0.7121179103851318,
1,gemm-rows-4095-6144-6144,int8,1.50091667,True,0,0.00446173135,7.83154297,8357e3983e6b659f5edaf11cc3a1e86b775829d6fb00cc645695934df78d8076,0,0,0.7131218910217285,
1,gemm-rows-4095-6144-6144,previous_fp32,2.50229167,True,0,0.000195755859,0.460449219,c5cb98bab8973ab4f7c3dd75fed502a488cbe4cd5a9424ef7eb8cd200716a95a,0,0,0.6784498691558838,
1,gemm-rows-4095-6144-6144,fp32,2.50208333,True,0,0.000195755859,0.460449219,c5cb98bab8973ab4f7c3dd75fed502a488cbe4cd5a9424ef7eb8cd200716a95a,0,0,0.6620039939880371,
1,gemm-rows-4095-6144-6144,previous_fp16,2.49687501,True,0,0.000195755859,0.460449219,c5cb98bab8973ab4f7c3dd75fed502a488cbe4cd5a9424ef7eb8cd200716a95a,0,0,0.672321081161499,
1,gemm-rows-4095-6144-6144,fp16,2.505375,True,0,0.000195755859,0.460449219,c5cb98bab8973ab4f7c3dd75fed502a488cbe4cd5a9424ef7eb8cd200716a95a,0,0,0.6680021286010742,
1,gemm-rows-4095-1536-4096,mlx,0.449542,True,0,0.000160447,0.209717,,,,0.8138349056243896,
1,gemm-rows-4095-1536-4096,previous_int8,0.350499991,True,0,0.00331135692,5.30566406,a9e444ff21263e19616f43bdd1ea9b77a8d1b89a2d355b3eb0023623e678ad12,0,0,0.8198158740997314,
1,gemm-rows-4095-1536-4096,int8,0.344958331,True,0,0.00331135692,5.30566406,a9e444ff21263e19616f43bdd1ea9b77a8d1b89a2d355b3eb0023623e678ad12,0,0,0.8202700614929199,
1,gemm-rows-4095-1536-4096,previous_fp32,0.44691666,True,0,0.000246362963,0.465820312,343dfc5aa0242549ad2584c47ef04852f6319d71e4eaa66ddb78fe6f312b415a,0,0,0.7930901050567627,
1,gemm-rows-4095-1536-4096,fp32,0.443500001,True,0,0.000246362963,0.465820312,343dfc5aa0242549ad2584c47ef04852f6319d71e4eaa66ddb78fe6f312b415a,0,0,0.7911181449890137,
1,gemm-rows-4095-1536-4096,previous_fp16,0.587083327,True,0,0.000355732131,0.645019531,9d8ff4d6e17406df107bf251d66fa5de9cd0c2f3e65b93f9a10f945ee8fd833d,0,0,0.7293260097503662,
1,gemm-rows-4095-1536-4096,fp16,0.58475,True,0,0.000355732131,0.645019531,9d8ff4d6e17406df107bf251d66fa5de9cd0c2f3e65b93f9a10f945ee8fd833d,0,0,0.7316269874572754,
1,gemm-rows-3072-12288-8192,mlx,5.03788,True,0,0.000207273,0.455078,,,,0.8182320594787598,
1,gemm-rows-3072-12288-8192,previous_int8,2.74975,True,0,0.00380007527,9.60302734,12414e57442b39ff5b0276af6f200cab6a0fcdd7807340ab2f94cd0b88511ca8,0,0,0.7832221984863281,
1,gemm-rows-3072-12288-8192,int8,2.75229168,True,0,0.00380007527,9.60302734,12414e57442b39ff5b0276af6f200cab6a0fcdd7807340ab2f94cd0b88511ca8,0,0,0.7805538177490234,
1,gemm-rows-3072-12288-8192,previous_fp32,5.057125,True,0,0.000212157752,0.701171875,8109e54069e6946d3a8913f5568a732cbd32ffbd1b6267b5754891b4a7b18695,0,0,0.718358039855957,
1,gemm-rows-3072-12288-8192,fp32,5.05708333,True,0,0.000212157752,0.701171875,8109e54069e6946d3a8913f5568a732cbd32ffbd1b6267b5754891b4a7b18695,0,0,0.7155380249023438,
1,gemm-rows-3072-12288-8192,previous_fp16,5.06858334,True,0,0.000212157752,0.701171875,8109e54069e6946d3a8913f5568a732cbd32ffbd1b6267b5754891b4a7b18695,0,0,0.7164721488952637,
1,gemm-rows-3072-12288-8192,fp16,5.06962501,True,0,0.000212157752,0.701171875,8109e54069e6946d3a8913f5568a732cbd32ffbd1b6267b5754891b4a7b18695,0,0,0.7174279689788818,
1,gemm-rows-3072-6144-18432,mlx,5.92971,True,0,0.000169827,0.946533,,,,0.8062460422515869,
1,gemm-rows-3072-6144-18432,previous_int8,3.78616666,True,0,0.00425770886,23.8161621,ebd361b7436a6d4e55881ce3a4b84076fc0c1d855cded2a622ab83c4fdc42df5,0,0,0.790665864944458,
1,gemm-rows-3072-6144-18432,int8,3.80958333,True,0,0.00425770886,23.8161621,ebd361b7436a6d4e55881ce3a4b84076fc0c1d855cded2a622ab83c4fdc42df5,0,0,0.7913460731506348,
1,gemm-rows-3072-6144-18432,previous_fp32,5.92174999,True,0,0.000211726685,1.74780273,816edea36f327244617b16877bfc188e80faba3e53267a002a16378f77d85673,0,0,0.7432961463928223,
1,gemm-rows-3072-6144-18432,fp32,5.92070832,True,0,0.000211726685,1.74780273,816edea36f327244617b16877bfc188e80faba3e53267a002a16378f77d85673,0,0,0.7398526668548584,
1,gemm-rows-3072-6144-18432,previous_fp16,5.92170833,True,0,0.000211726685,1.74780273,816edea36f327244617b16877bfc188e80faba3e53267a002a16378f77d85673,0,0,0.7419390678405762,
1,gemm-rows-3072-6144-18432,fp16,5.919875,True,0,0.000211726685,1.74780273,816edea36f327244617b16877bfc188e80faba3e53267a002a16378f77d85673,0,0,0.739919900894165,
1,gemm-rows-3072-6144-6144,mlx,1.86475,True,0,0.000227935,0.24292,,,,0.723736047744751,
1,gemm-rows-3072-6144-6144,previous_int8,1.07095834,True,0,0.00394948531,7.93041992,e9c25c68accf113be3f5b6aba905e0bba1a6399eee315bf2b45f2a31be97d8d0,0,0,0.7336220741271973,
1,gemm-rows-3072-6144-6144,int8,1.06912501,True,0,0.00394948531,7.93041992,e9c25c68accf113be3f5b6aba905e0bba1a6399eee315bf2b45f2a31be97d8d0,0,0,0.7371671199798584,
1,gemm-rows-3072-6144-6144,previous_fp32,1.86504168,True,0,0.000179332058,0.426025391,a5ffc5da26e544376cbd134f2545e22bdf025ce98b26cedf4678c658cb6057b4,0,0,0.6678807735443115,
1,gemm-rows-3072-6144-6144,fp32,1.86908334,True,0,0.000179332058,0.426025391,a5ffc5da26e544376cbd134f2545e22bdf025ce98b26cedf4678c658cb6057b4,0,0,0.6656429767608643,
1,gemm-rows-3072-6144-6144,previous_fp16,1.86175,True,0,0.000179332058,0.426025391,a5ffc5da26e544376cbd134f2545e22bdf025ce98b26cedf4678c658cb6057b4,0,0,0.6673758029937744,
1,gemm-rows-3072-6144-6144,fp16,1.86541668,True,0,0.000179332058,0.426025391,a5ffc5da26e544376cbd134f2545e22bdf025ce98b26cedf4678c658cb6057b4,0,0,0.6618828773498535,
1,gemm-rows-3072-1536-4096,mlx,0.352625,True,0,0.000237062,0.227295,,,,0.8115718364715576,
1,gemm-rows-3072-1536-4096,previous_int8,0.260000001,True,0,0.00462180448,5.25219727,388504e556c4777c6b8074ac87bcf2ef261ec537ac51a51251530d642136e605,0,0,0.8778302669525146,
1,gemm-rows-3072-1536-4096,int8,0.255541672,True,0,0.00462180448,5.25219727,388504e556c4777c6b8074ac87bcf2ef261ec537ac51a51251530d642136e605,0,0,0.8670682907104492,
1,gemm-rows-3072-1536-4096,previous_fp32,0.352000003,True,0,0.000175700145,0.286865234,3ce39a5dbd6f6986d8e17b101d70388e2a1359b2aaa33d659406913c77d05424,0,0,0.7984340190887451,
1,gemm-rows-3072-1536-4096,fp32,0.355333337,True,0,0.000175700145,0.286865234,3ce39a5dbd6f6986d8e17b101d70388e2a1359b2aaa33d659406913c77d05424,0,0,0.7984540462493896,
1,gemm-rows-3072-1536-4096,previous_fp16,0.433249996,True,0,0.000306394071,0.525146484,ec1dd289e501a44a80e923809bed9eac051d359ea27e011a684c13530530a6ca,0,0,0.8017489910125732,
1,gemm-rows-3072-1536-4096,fp16,0.434000001,True,0,0.000306394071,0.525146484,ec1dd289e501a44a80e923809bed9eac051d359ea27e011a684c13530530a6ca,0,0,0.805656909942627,
1,gemm-rows-2049-12288-8192,mlx,3.61363,True,0,0.000281285,0.813232,,,,0.78383469581604,
1,gemm-rows-2049-12288-8192,previous_int8,2.48683334,True,0,0.0041209402,9.64868164,d19a5663c4f94b2001b731933f6ba71439eb9ef219387975f8f0cb0b2362abc2,0,0,0.7653567790985107,
1,gemm-rows-2049-12288-8192,int8,2.53899999,True,0,0.0041209402,9.64868164,d19a5663c4f94b2001b731933f6ba71439eb9ef219387975f8f0cb0b2362abc2,0,0,0.7685778141021729,
1,gemm-rows-2049-12288-8192,previous_fp32,3.655625,True,0,0.000236460601,1,98c33fbd3347d1e27778980e45ba7e3525661ec573f89405addf51cd1cf3834c,0,0,0.7020153999328613,
1,gemm-rows-2049-12288-8192,fp32,3.64020834,True,0,0.000236460601,1,98c33fbd3347d1e27778980e45ba7e3525661ec573f89405addf51cd1cf3834c,0,0,0.703026294708252,
1,gemm-rows-2049-12288-8192,previous_fp16,3.65441667,True,0,0.000236460601,1,98c33fbd3347d1e27778980e45ba7e3525661ec573f89405addf51cd1cf3834c,0,0,0.6952531337738037,
1,gemm-rows-2049-12288-8192,fp16,3.65499999,True,0,0.000236460601,1,98c33fbd3347d1e27778980e45ba7e3525661ec573f89405addf51cd1cf3834c,0,0,0.7054972648620605,
1,gemm-rows-2049-6144-18432,mlx,4.29925,True,0,0.000197342,0.992676,,,,0.7598569393157959,
1,gemm-rows-2049-6144-18432,previous_int8,4.16191666,True,0,0.00392408451,23.8000488,8972fb2d48f60248c721aff5c06fdc6d7f6656ddfa5399206888947502dac3f1,0,0,0.7836012840270996,
1,gemm-rows-2049-6144-18432,int8,4.208375,True,0,0.00392408451,23.8000488,8972fb2d48f60248c721aff5c06fdc6d7f6656ddfa5399206888947502dac3f1,0,0,0.7783129215240479,
1,gemm-rows-2049-6144-18432,previous_fp32,4.31116666,True,0,0.000241425254,1.94897461,d3e4845cc1d170a7eb6532459cddbfc2c813d77036a7da39359b47ec466fe986,0,0,0.7139630317687988,
1,gemm-rows-2049-6144-18432,fp32,4.307125,True,0,0.000241425254,1.94897461,d3e4845cc1d170a7eb6532459cddbfc2c813d77036a7da39359b47ec466fe986,0,0,0.7157149314880371,
1,gemm-rows-2049-6144-18432,previous_fp16,4.30204166,True,0,0.000241425254,1.94897461,d3e4845cc1d170a7eb6532459cddbfc2c813d77036a7da39359b47ec466fe986,0,0,0.712536096572876,
1,gemm-rows-2049-6144-18432,fp16,4.30083333,True,0,0.000241425254,1.94897461,d3e4845cc1d170a7eb6532459cddbfc2c813d77036a7da39359b47ec466fe986,0,0,0.7221300601959229,
1,gemm-rows-2049-6144-6144,mlx,1.38883,True,0,0.000242937,0.480225,,,,0.7272226810455322,
1,gemm-rows-2049-6144-6144,previous_int8,1.01212499,True,0,0.00395372774,7.94921875,fc3a05d0f1d37f52aafca7cd25c726fe9e2c64393a58c8890adcb9591b34a998,0,0,0.7320141792297363,
1,gemm-rows-2049-6144-6144,int8,0.990749992,True,0,0.00395372774,7.94921875,fc3a05d0f1d37f52aafca7cd25c726fe9e2c64393a58c8890adcb9591b34a998,0,0,0.7345280647277832,
1,gemm-rows-2049-6144-6144,previous_fp32,1.39729168,True,0,0.000189763123,0.494140625,65a00fc24cba67d0a0f41088f1c5109c2636812530752a72b990f95e77bb12e4,0,0,0.6782069206237793,
1,gemm-rows-2049-6144-6144,fp32,1.39520832,True,0,0.000189763123,0.494140625,65a00fc24cba67d0a0f41088f1c5109c2636812530752a72b990f95e77bb12e4,0,0,0.6780750751495361,
1,gemm-rows-2049-6144-6144,previous_fp16,1.39212501,True,0,0.000189763123,0.494140625,65a00fc24cba67d0a0f41088f1c5109c2636812530752a72b990f95e77bb12e4,0,0,0.6750872135162354,
1,gemm-rows-2049-6144-6144,fp16,1.38520834,True,0,0.000189763123,0.494140625,65a00fc24cba67d0a0f41088f1c5109c2636812530752a72b990f95e77bb12e4,0,0,0.6731808185577393,
1,gemm-rows-2049-1536-4096,mlx,0.260833,True,0,0.000178679,0.209717,,,,0.8558158874511719,
1,gemm-rows-2049-1536-4096,previous_int8,0.18066667,True,0,0.00449600103,5.28710938,2384bbb20d7d84140e511a7cf8da011d2e1e9fa62b058823f202ecb704ace0a3,0,0,0.9999330043792725,
1,gemm-rows-2049-1536-4096,int8,0.181166673,True,0,0.00449600103,5.28710938,2384bbb20d7d84140e511a7cf8da011d2e1e9fa62b058823f202ecb704ace0a3,0,0,1.0005838871002197,
1,gemm-rows-2049-1536-4096,previous_fp32,0.268000003,True,0,0.000237828504,0.4765625,2bfbafc39abac3da2b7600f434e22434abaa7e8c0f11095fc0619fd5e91ff129,0,0,0.8637959957122803,
1,gemm-rows-2049-1536-4096,fp32,0.269124997,True,0,0.000237828504,0.4765625,2bfbafc39abac3da2b7600f434e22434abaa7e8c0f11095fc0619fd5e91ff129,0,0,0.8613460063934326,
1,gemm-rows-2049-1536-4096,previous_fp16,0.33333333,True,0,0.000279520793,0.5234375,de8dfae3a58ee4881d88268b16bee790725f6d04e980a76a343d4fef6258e4db,0,0,0.812481164932251,
1,gemm-rows-2049-1536-4096,fp16,0.320958337,True,0,0.000279520793,0.5234375,de8dfae3a58ee4881d88268b16bee790725f6d04e980a76a343d4fef6258e4db,0,0,0.8146429061889648,
1,gemm-rows-2048-12288-8192,mlx,3.40679,True,0,0.000234067,0.431885,,,,0.777108907699585,
1,gemm-rows-2048-12288-8192,previous_int8,1.89274999,True,0,0.00387544227,10.4707031,e0d389cb4bff588247a7c9ea968ad44a60174aab4a39f8ca8d7c58e74e8dc3dd,0,0,0.7828490734100342,
1,gemm-rows-2048-12288-8192,int8,1.92433334,True,0,0.00387544227,10.4707031,e0d389cb4bff588247a7c9ea968ad44a60174aab4a39f8ca8d7c58e74e8dc3dd,0,0,0.783484935760498,
1,gemm-rows-2048-12288-8192,previous_fp32,3.417625,True,0,0.000199361505,0.80859375,7de3952cbe0d1cc80ec1eec4b89d8ba338fcdf0f3aa4c5aa99bfe2eb7081deb9,0,0,0.7420268058776855,
1,gemm-rows-2048-12288-8192,fp32,3.41425001,True,0,0.000199361505,0.80859375,7de3952cbe0d1cc80ec1eec4b89d8ba338fcdf0f3aa4c5aa99bfe2eb7081deb9,0,0,0.7085270881652832,
1,gemm-rows-2048-12288-8192,previous_fp16,3.41841667,True,0,0.000199361505,0.80859375,7de3952cbe0d1cc80ec1eec4b89d8ba338fcdf0f3aa4c5aa99bfe2eb7081deb9,0,0,0.7085938453674316,
1,gemm-rows-2048-12288-8192,fp16,3.44525001,True,0,0.000199361505,0.80859375,7de3952cbe0d1cc80ec1eec4b89d8ba338fcdf0f3aa4c5aa99bfe2eb7081deb9,0,0,0.7110311985015869,
1,gemm-rows-2048-6144-18432,mlx,3.99125,True,0,0.000240374,1.51611,,,,0.7760469913482666,
1,gemm-rows-2048-6144-18432,previous_int8,2.721625,True,0,0.00381162087,23.8161621,3937e8190578084a0d1957ab31ff3bfa1ddd0990ca18bf3750ad6f720cfb612e,0,0,0.7816121578216553,
1,gemm-rows-2048-6144-18432,int8,2.69179167,True,0,0.00381162087,23.8161621,3937e8190578084a0d1957ab31ff3bfa1ddd0990ca18bf3750ad6f720cfb612e,0,0,0.7809040546417236,
1,gemm-rows-2048-6144-18432,previous_fp32,3.98574999,True,0,0.000216943821,1.99511719,51d44e14d944643e1d2307c4cc7c8b75ec530ee09d0261f3c59179baaf35a123,0,0,0.7149181365966797,
1,gemm-rows-2048-6144-18432,fp32,3.990125,True,0,0.000216943821,1.99511719,51d44e14d944643e1d2307c4cc7c8b75ec530ee09d0261f3c59179baaf35a123,0,0,0.7100799083709717,
1,gemm-rows-2048-6144-18432,previous_fp16,3.98358333,True,0,0.000216943821,1.99511719,51d44e14d944643e1d2307c4cc7c8b75ec530ee09d0261f3c59179baaf35a123,0,0,0.715034008026123,
1,gemm-rows-2048-6144-18432,fp16,3.98958333,True,0,0.000216943821,1.99511719,51d44e14d944643e1d2307c4cc7c8b75ec530ee09d0261f3c59179baaf35a123,0,0,0.7107760906219482,
1,gemm-rows-2048-6144-6144,mlx,1.28925,True,0,0.000297614,0.480225,,,,0.712090253829956,
1,gemm-rows-2048-6144-6144,previous_int8,0.718625,True,0,0.00442027037,7.94921875,32feab94c4cda563a5f1d5062d7bd26e55c8466ef1da0764faa23c25023b5e40,0,0,0.7803161144256592,
1,gemm-rows-2048-6144-6144,int8,0.718875002,True,0,0.00442027037,7.94921875,32feab94c4cda563a5f1d5062d7bd26e55c8466ef1da0764faa23c25023b5e40,0,0,0.7748019695281982,
1,gemm-rows-2048-6144-6144,previous_fp32,1.287875,True,0,0.000193999589,0.483398438,f143104030ab28322f95fedb5e0135ba169d6062b46f37cebb874c0ba100454e,0,0,0.6820950508117676,
1,gemm-rows-2048-6144-6144,fp32,1.28858333,True,0,0.000193999589,0.483398438,f143104030ab28322f95fedb5e0135ba169d6062b46f37cebb874c0ba100454e,0,0,0.6789650917053223,
1,gemm-rows-2048-6144-6144,previous_fp16,1.29375,True,0,0.000193999589,0.483398438,f143104030ab28322f95fedb5e0135ba169d6062b46f37cebb874c0ba100454e,0,0,0.6848039627075195,
1,gemm-rows-2048-6144-6144,fp16,1.29225,True,0,0.000193999589,0.483398438,f143104030ab28322f95fedb5e0135ba169d6062b46f37cebb874c0ba100454e,0,0,0.6824579238891602,
1,gemm-rows-2048-1536-4096,mlx,0.226292,True,0,0.000162388,0.209717,,,,0.9091529846191406,
1,gemm-rows-2048-1536-4096,previous_int8,0.180333343,True,0,0.00477483431,5.25219727,80ae551c77b34934269c4cd0a91a6caae2d41d44ff299f93e56a5741f6ddb613,0,0,0.9959228038787842,
1,gemm-rows-2048-1536-4096,int8,0.181374999,True,0,0.00477483431,5.25219727,80ae551c77b34934269c4cd0a91a6caae2d41d44ff299f93e56a5741f6ddb613,0,0,0.9988648891448975,
1,gemm-rows-2048-1536-4096,previous_fp32,0.228958335,True,0,0.000218444465,0.236083984,b0daa6019af574a7e417b586c2fe9bc11444265cf3897d9c30ec7f398a58b291,0,0,0.9085359573364258,
1,gemm-rows-2048-1536-4096,fp32,0.228999997,True,0,0.000218444465,0.236083984,b0daa6019af574a7e417b586c2fe9bc11444265cf3897d9c30ec7f398a58b291,0,0,0.90659499168396,
1,gemm-rows-2048-1536-4096,previous_fp16,0.306416667,True,0,0.000332703592,0.598632812,59819cf465712d85a2ef1f4c7a2c51dbc6515d88349611fbfae012fb5311e075,0,0,0.8323121070861816,
1,gemm-rows-2048-1536-4096,fp16,0.308250004,True,0,0.000332703592,0.598632812,59819cf465712d85a2ef1f4c7a2c51dbc6515d88349611fbfae012fb5311e075,0,0,0.8258218765258789,
1,gemm-rows-2047-12288-8192,mlx,3.45425,True,0,0.000169592,0.368408,,,,0.7710769176483154,
1,gemm-rows-2047-12288-8192,previous_int8,2.11520832,True,0,0.00410639006,10.6398926,355033f7a5dab410b4d20339055d3f7c61dbb5346eeef6d07f33cab46ef86407,0,0,0.7809829711914062,
1,gemm-rows-2047-12288-8192,int8,2.17291666,True,0,0.00410639006,10.6398926,355033f7a5dab410b4d20339055d3f7c61dbb5346eeef6d07f33cab46ef86407,0,0,0.7808780670166016,
1,gemm-rows-2047-12288-8192,previous_fp32,3.42533333,True,0,0.000205225149,0.993652344,ecc154db151552ef57c87753ff17c272d170933afcc1a4f61d3b9b701f8c6481,0,0,0.6942651271820068,
1,gemm-rows-2047-12288-8192,fp32,3.416625,True,0,0.000205225149,0.993652344,ecc154db151552ef57c87753ff17c272d170933afcc1a4f61d3b9b701f8c6481,0,0,0.6971678733825684,
1,gemm-rows-2047-12288-8192,previous_fp16,3.27333334,True,0,0.000525634984,3.00634766,202229971a2d36a0ff10126c175935640aec1022ca3e89e6eea458f57dfbbe35,0,0,0.6987419128417969,
1,gemm-rows-2047-12288-8192,fp16,3.33974999,True,0,0.000525634984,3.00634766,202229971a2d36a0ff10126c175935640aec1022ca3e89e6eea458f57dfbbe35,0,0,0.6979579925537109,
1,gemm-rows-2047-6144-18432,mlx,4.00375,True,0,0.000239367,1.65405,,,,0.7784919738769531,
1,gemm-rows-2047-6144-18432,previous_int8,3.04195833,True,0,0.00447430082,23.8122559,fe0396dd524a53fb142a4e471bef4f557880f92ca7f1185502123ac3baf6e51c,0,0,0.7882380485534668,
1,gemm-rows-2047-6144-18432,int8,2.993125,True,0,0.00447430082,23.8122559,fe0396dd524a53fb142a4e471bef4f557880f92ca7f1185502123ac3baf6e51c,0,0,0.7792479991912842,
1,gemm-rows-2047-6144-18432,previous_fp32,4.00112501,True,0,0.000208530015,1.98486328,217ffc8feb7c054b7014b777c1da35ed0c768538cb6969a108186e8a65f26106,0,0,0.7183680534362793,
1,gemm-rows-2047-6144-18432,fp32,4.00233333,True,0,0.000208530015,1.98486328,217ffc8feb7c054b7014b777c1da35ed0c768538cb6969a108186e8a65f26106,0,0,0.7148048877716064,
1,gemm-rows-2047-6144-18432,previous_fp16,5.31574999,True,0,0.000400265285,3.97949219,0ba2d147d40c4b3f6b1ebf57460d77eae9ae5824d26c7707f8c2c5de15a7ca6c,0,0,0.7147431373596191,
1,gemm-rows-2047-6144-18432,fp16,5.20779168,True,0,0.000400265285,3.97949219,0ba2d147d40c4b3f6b1ebf57460d77eae9ae5824d26c7707f8c2c5de15a7ca6c,0,0,0.7104558944702148,
1,gemm-rows-2047-6144-6144,mlx,1.30154,True,0,0.000148689,0.22583,,,,0.725222110748291,
1,gemm-rows-2047-6144-6144,previous_int8,0.733125009,True,0,0.00423644216,7.94921875,fef8e4d5afb4c62dde2cc52d82ee0958ad060c3f4b757f2bd450bc244976f607,0,0,0.7729880809783936,
1,gemm-rows-2047-6144-6144,int8,0.735291658,True,0,0.00423644216,7.94921875,fef8e4d5afb4c62dde2cc52d82ee0958ad060c3f4b757f2bd450bc244976f607,0,0,0.7780437469482422,
1,gemm-rows-2047-6144-6144,previous_fp32,1.30974999,True,0,0.000157358107,0.362060547,f4e76906a08beeaf5e6d7cdde8904df3c8e0fb159815cbea6e082b387d5abf79,0,0,0.6865730285644531,
1,gemm-rows-2047-6144-6144,fp32,1.30116666,True,0,0.000157358107,0.362060547,f4e76906a08beeaf5e6d7cdde8904df3c8e0fb159815cbea6e082b387d5abf79,0,0,0.6820743083953857,
1,gemm-rows-2047-6144-6144,previous_fp16,1.258875,True,0,0.000363433415,0.979003906,e3cc582dc4d8d18afeeb0570bfed8e23a4b3942595e972f3553a219aa0b2907b,0,0,0.6805868148803711,
1,gemm-rows-2047-6144-6144,fp16,1.25845833,True,0,0.000363433415,0.979003906,e3cc582dc4d8d18afeeb0570bfed8e23a4b3942595e972f3553a219aa0b2907b,0,0,0.6842000484466553,
1,gemm-rows-2047-1536-4096,mlx,0.242458,True,0,0.000314441,0.498779,,,,0.8845939636230469,
1,gemm-rows-2047-1536-4096,previous_int8,0.184291668,True,0,0.00380621901,5.31396484,7f16f41913f75abea3bc6c202d6e18495ab256ea47e31251e046c07a3286b428,0,0,0.9896702766418457,
1,gemm-rows-2047-1536-4096,int8,0.18475001,True,0,0.00380621901,5.31396484,7f16f41913f75abea3bc6c202d6e18495ab256ea47e31251e046c07a3286b428,0,0,0.9894006252288818,
1,gemm-rows-2047-1536-4096,previous_fp32,0.243625007,True,0,0.00023272064,0.419189453,bd0295071650bc89ec8fac4bf9ae028739d9e441c2fca80385e1b0e6dcb4989d,0,0,0.8876149654388428,
1,gemm-rows-2047-1536-4096,fp32,0.243208327,True,0,0.00023272064,0.419189453,bd0295071650bc89ec8fac4bf9ae028739d9e441c2fca80385e1b0e6dcb4989d,0,0,0.8851978778839111,
1,gemm-rows-2047-1536-4096,previous_fp16,0.318999999,True,0,0.000298497281,0.710205078,e2f0c7f8d07d4343c4476665f814752a66754839285bec8609f6a4d37d6f73bb,0,0,0.8162918090820312,
1,gemm-rows-2047-1536-4096,fp16,0.318250008,True,0,0.000298497281,0.710205078,e2f0c7f8d07d4343c4476665f814752a66754839285bec8609f6a4d37d6f73bb,0,0,0.8223180770874023,
1,gemm-rows-1536-12288-8192,mlx,2.57871,True,0,0.000218849,0.660889,,,,0.7576618194580078,
1,gemm-rows-1536-12288-8192,previous_int8,1.534875,True,0,0.0040364924,10.5898438,b4c9a33741fbe642df7a2442524d2dd4ac74ba655b8f4015abb2f1eeba9fde36,0,0,0.7845768928527832,
1,gemm-rows-1536-12288-8192,int8,1.66375001,True,0,0.0040364924,10.5898438,b4c9a33741fbe642df7a2442524d2dd4ac74ba655b8f4015abb2f1eeba9fde36,0,0,0.7753081321716309,
1,gemm-rows-1536-12288-8192,previous_fp32,2.58108335,True,0,0.000185295223,0.701171875,43a34a45bf273f6e26e2a2197b110202bd5ffd9f34a79de4f370f0c5f3c0d31f,0,0,0.6951067447662354,
1,gemm-rows-1536-12288-8192,fp32,2.57420834,True,0,0.000185295223,0.701171875,43a34a45bf273f6e26e2a2197b110202bd5ffd9f34a79de4f370f0c5f3c0d31f,0,0,0.704108715057373,
1,gemm-rows-1536-12288-8192,previous_fp16,2.61737499,True,0,0.000513938254,1.33911133,9c2e681f44b9de7c30d6f9be64714a3488a3d9ee1d5bae7a841a873360bbb5f5,0,0,0.7040877342224121,
1,gemm-rows-1536-12288-8192,fp16,2.664,True,0,0.000513938254,1.33911133,9c2e681f44b9de7c30d6f9be64714a3488a3d9ee1d5bae7a841a873360bbb5f5,0,0,0.7020840644836426,
1,gemm-rows-1536-6144-18432,mlx,3.04612,True,0,0.000221708,0.905029,,,,0.7620859146118164,
1,gemm-rows-1536-6144-18432,previous_int8,2.43058334,True,0,0.0042600532,23.8161621,00a2ec17f6e8985e8fa62ca8d741e3651dd3b8e8b4b17557dede79a479f3ff28,0,0,0.775968074798584,
1,gemm-rows-1536-6144-18432,int8,2.44020834,True,0,0.0042600532,23.8161621,00a2ec17f6e8985e8fa62ca8d741e3651dd3b8e8b4b17557dede79a479f3ff28,0,0,0.786189079284668,
1,gemm-rows-1536-6144-18432,previous_fp32,3.03604167,True,0,0.000206264626,1.74780273,99c27e6e3db667de6d4c6cf13e213730133df11ea1b76bd41ff16f6952cce7ad,0,0,0.7132079601287842,
1,gemm-rows-1536-6144-18432,fp32,3.033125,True,0,0.000206264626,1.74780273,99c27e6e3db667de6d4c6cf13e213730133df11ea1b76bd41ff16f6952cce7ad,0,0,0.7120242118835449,
1,gemm-rows-1536-6144-18432,previous_fp16,4.088,True,0,0.000303536323,2.30224609,813ad1a6305ff51b6ba069b7d52efbcf6ec4817eeaaf41f5da7186c6e934e468,0,0,0.7085287570953369,
1,gemm-rows-1536-6144-18432,fp16,4.04591666,True,0,0.000303536323,2.30224609,813ad1a6305ff51b6ba069b7d52efbcf6ec4817eeaaf41f5da7186c6e934e468,0,0,0.7002251148223877,
1,gemm-rows-1536-6144-6144,mlx,0.984,True,0,0.000178007,0.232666,,,,0.7292180061340332,
1,gemm-rows-1536-6144-6144,previous_int8,0.612000003,True,0,0.00397138122,7.93041992,43c5d24527d6727f4f189f44a35fd6d64df700dd71fd5d10fef8cc3a8a98fd6f,0,0,0.8044319152832031,
1,gemm-rows-1536-6144-6144,int8,0.611458323,True,0,0.00397138122,7.93041992,43c5d24527d6727f4f189f44a35fd6d64df700dd71fd5d10fef8cc3a8a98fd6f,0,0,0.7964539527893066,
1,gemm-rows-1536-6144-6144,previous_fp32,1.0075,True,0,0.00018968501,0.489501953,295c5717a4a6994bd73c88ced833d8360bcf9eead3bdacb0a5750e80a2622f67,0,0,0.701796293258667,
1,gemm-rows-1536-6144-6144,fp32,0.996499992,True,0,0.00018968501,0.489501953,295c5717a4a6994bd73c88ced833d8360bcf9eead3bdacb0a5750e80a2622f67,0,0,0.6983091831207275,
1,gemm-rows-1536-6144-6144,previous_fp16,1.00620835,True,0,0.000396455492,0.936035156,64613b8eb5d3714882f499bcce92298ad0f56cf9180c213e5aa32395c00cafc5,0,0,0.699146032333374,
1,gemm-rows-1536-6144-6144,fp16,1.00812501,True,0,0.000396455492,0.936035156,64613b8eb5d3714882f499bcce92298ad0f56cf9180c213e5aa32395c00cafc5,0,0,0.6949381828308105,
1,gemm-rows-1536-1536-4096,mlx,0.179083,True,0,0.00021779,0.209717,,,,0.9875059127807617,
1,gemm-rows-1536-1536-4096,previous_int8,0.143249999,True,0,0.00476527629,5.31152344,1bb97ad1633a7cd8d11ffbedd0d0e29fc3d7b0cc2b502f7391225efb5db6365e,0,0,1.0864911079406738,
1,gemm-rows-1536-1536-4096,int8,0.143750003,True,0,0.00476527629,5.31152344,1bb97ad1633a7cd8d11ffbedd0d0e29fc3d7b0cc2b502f7391225efb5db6365e,0,0,1.090435266494751,
1,gemm-rows-1536-1536-4096,previous_fp32,0.17900001,True,0,0.000190935699,0.355224609,a72afa8176b9cba060038b77f285f0558a190b93009a1b2a59ca0f8d07a197c4,0,0,0.9933629035949707,
1,gemm-rows-1536-1536-4096,fp32,0.179291674,True,0,0.000190935699,0.355224609,a72afa8176b9cba060038b77f285f0558a190b93009a1b2a59ca0f8d07a197c4,0,0,0.9893488883972168,
1,gemm-rows-1536-1536-4096,previous_fp16,0.230333331,True,0,0.000272791401,0.598632812,889b388a60d53d54845c94f6ba93422b26a557e8f160cdbf1b1a4e8ca246506a,0,0,0.9090681076049805,
1,gemm-rows-1536-1536-4096,fp16,0.230250007,True,0,0.000272791401,0.598632812,889b388a60d53d54845c94f6ba93422b26a557e8f160cdbf1b1a4e8ca246506a,0,0,0.9121298789978027,
1,gemm-rows-1024-12288-8192,mlx,1.76529,True,0,0.000205395,0.484131,,,,0.7496061325073242,
1,gemm-rows-1024-12288-8192,previous_int8,0.997458337,True,0,0.00400497315,10.5588379,28e9e1ec9e5932925fc62170c9aaa8cbe1bbbf496584dc943dcbf4bc57641846,0,0,0.803318977355957,
1,gemm-rows-1024-12288-8192,int8,1.01054166,True,0,0.00400497315,10.5588379,28e9e1ec9e5932925fc62170c9aaa8cbe1bbbf496584dc943dcbf4bc57641846,0,0,0.8015687465667725,
1,gemm-rows-1024-12288-8192,previous_fp32,1.77783334,True,0,0.000218694124,0.80859375,48008760a8a6b23714485032cc354a4bedd61d0d07ec484f7676bbb9ab7bda4f,0,0,0.6970658302307129,
1,gemm-rows-1024-12288-8192,fp32,1.77016667,True,0,0.000218694124,0.80859375,48008760a8a6b23714485032cc354a4bedd61d0d07ec484f7676bbb9ab7bda4f,0,0,0.6962177753448486,
1,gemm-rows-1024-12288-8192,previous_fp16,1.66475,True,0,0.000582116267,2.80859375,9678bd6bca156605a78a93fac3942f5f5164dbe971c00f382543faa3177f5c67,0,0,0.7120788097381592,
1,gemm-rows-1024-12288-8192,fp16,1.66474999,True,0,0.000582116267,2.80859375,9678bd6bca156605a78a93fac3942f5f5164dbe971c00f382543faa3177f5c67,0,0,0.702427864074707,
1,gemm-rows-1024-1536-4096,mlx,0.138875,True,0,0.000164898,0.209717,,,,1.0970749855041504,
1,gemm-rows-1024-1536-4096,previous_int8,0.0830833305,True,0,0.00409619904,5.25219727,5085ecfadce8394291e7463a45057e645a06b307dabdbb02395db16c62778d0c,0,0,1.599043846130371,
1,gemm-rows-1024-1536-4096,int8,0.0830416684,True,0,0.00409619904,5.25219727,5085ecfadce8394291e7463a45057e645a06b307dabdbb02395db16c62778d0c,0,0,1.604598045349121,
1,gemm-rows-1024-1536-4096,previous_fp32,0.148958337,True,0,0.000223033984,0.444335938,e1267fbf78deb2dd0749b4bfa942e0bb16498c9ca4570ca4f0e38b5b1ea1ca55,0,0,1.0747599601745605,
1,gemm-rows-1024-1536-4096,fp32,0.149125,True,0,0.000223033984,0.444335938,e1267fbf78deb2dd0749b4bfa942e0bb16498c9ca4570ca4f0e38b5b1ea1ca55,0,0,1.075772762298584,
1,gemm-rows-1024-1536-4096,previous_fp16,0.158875002,True,0,0.000320652203,0.598632812,c78071bbbf0c520c57b5a928132ab53936266c04f1fe92b0b1d7addbef8b1334,0,0,1.0547702312469482,
1,gemm-rows-1024-1536-4096,fp16,0.158791663,True,0,0.000320652203,0.598632812,c78071bbbf0c520c57b5a928132ab53936266c04f1fe92b0b1d7addbef8b1334,0,0,1.048081874847412,
1,gemm-rows-513-12288-8192,mlx,1.15108,True,0,0.000185604,0.484131,,,,0.7609846591949463,
1,gemm-rows-513-12288-8192,previous_int8,0.750083345,True,0,0.00384290007,10.5588379,8c449603bb231efad613bb34fca9cfdecc85d6cc3b40ac691535149550a62378,0,0,0.8302450180053711,
1,gemm-rows-513-12288-8192,int8,0.741958342,True,0,0.00384290007,10.5588379,8c449603bb231efad613bb34fca9cfdecc85d6cc3b40ac691535149550a62378,0,0,0.832413911819458,
1,gemm-rows-513-12288-8192,previous_fp32,1.17729168,True,0,0.000225621653,0.875488281,72614d7e7ac359e4e39267e6637b8dec349cde4bd49e84d7611d1784578828e1,0,0,0.718256950378418,
1,gemm-rows-513-12288-8192,fp32,1.17129166,True,0,0.000225621653,0.875488281,72614d7e7ac359e4e39267e6637b8dec349cde4bd49e84d7611d1784578828e1,0,0,0.7164669036865234,
1,gemm-rows-513-12288-8192,previous_fp16,1.3525,True,0,0.000423087384,1.20410156,1840e946465d025cf3a9ee9538a715cf9a51fee5a284fdc452311f9f942696f8,0,0,0.7058486938476562,
1,gemm-rows-513-12288-8192,fp16,1.35858334,True,0,0.000423087384,1.20410156,1840e946465d025cf3a9ee9538a715cf9a51fee5a284fdc452311f9f942696f8,0,0,0.7073769569396973,
1,gemm-rows-513-6144-18432,mlx,1.43163,True,0,0.000222866,0.884521,,,,0.741736888885498,
1,gemm-rows-513-6144-18432,previous_int8,1.31245833,True,0,0.0040489508,21.5046387,2ec794ce7ec51c1ae265e94275ebdaf7f607f72e2734ed5477ff00b92414bd6e,0,0,0.7920389175415039,
1,gemm-rows-513-6144-18432,int8,1.31479168,True,0,0.0040489508,21.5046387,2ec794ce7ec51c1ae265e94275ebdaf7f607f72e2734ed5477ff00b92414bd6e,0,0,0.787409782409668,
1,gemm-rows-513-6144-18432,previous_fp32,1.42175,True,0,0.000216457058,1.6105957,861c6ae45433148df5aab4ef5cc0cbc92dbe70730cfb795953d841d0ba951093,0,0,0.7122209072113037,
1,gemm-rows-513-6144-18432,fp32,1.43570834,True,0,0.000216457058,1.6105957,861c6ae45433148df5aab4ef5cc0cbc92dbe70730cfb795953d841d0ba951093,0,0,0.7105908393859863,
1,gemm-rows-513-6144-18432,previous_fp16,1.89687501,True,0,0.000356486115,3.17895508,7bc174193e5936f3857d6e64dfd76e2ed51bbeff198dbdc80e2f8b2288418f82,0,0,0.6990480422973633,
1,gemm-rows-513-6144-18432,fp16,1.91220833,True,0,0.000356486115,3.17895508,7bc174193e5936f3857d6e64dfd76e2ed51bbeff198dbdc80e2f8b2288418f82,0,0,0.710669755935669,
1,gemm-rows-513-6144-6144,mlx,0.451667,True,0,0.00016085,0.227539,,,,0.8334579467773438,
1,gemm-rows-513-6144-6144,previous_int8,0.275750004,True,0,0.00423607245,7.97119141,1afd17a6603c8332c843096560a835b40628a5b6c994c7b82174f788bd239f34,0,0,0.9016299247741699,
1,gemm-rows-513-6144-6144,int8,0.276166655,True,0,0.00423607245,7.97119141,1afd17a6603c8332c843096560a835b40628a5b6c994c7b82174f788bd239f34,0,0,0.9080047607421875,
1,gemm-rows-513-6144-6144,previous_fp32,0.460875002,True,0,0.000182347025,0.458740234,d7f4bc28073d8d624aee8500e8b14a43b813032babe7ca4f959e5ed7b9763d3c,0,0,0.8301711082458496,
1,gemm-rows-513-6144-6144,fp32,0.460791663,True,0,0.000182347025,0.458740234,d7f4bc28073d8d624aee8500e8b14a43b813032babe7ca4f959e5ed7b9763d3c,0,0,0.819572925567627,
1,gemm-rows-513-6144-6144,previous_fp16,0.604750006,True,0,0.000320365366,1.05493164,170bb29ee6d2b1303f779edc5e200e0688da357b4d8465084709bd56d0dd5ff9,0,0,0.7683310508728027,
1,gemm-rows-513-6144-6144,fp16,0.590416676,True,0,0.000320365366,1.05493164,170bb29ee6d2b1303f779edc5e200e0688da357b4d8465084709bd56d0dd5ff9,0,0,0.7729740142822266,
1,gemm-rows-513-1536-4096,mlx,0.114,True,0,0.000188786,0.209717,,,,1.2424919605255127,
1,gemm-rows-513-1536-4096,previous_int8,0.0704583363,True,0,0.00398810688,5.30004883,5d2169b99f2c992fcfba8044eadd0a52d7d442f1d8dc11ce71a75777f305623a,0,0,1.7682139873504639,
1,gemm-rows-513-1536-4096,int8,0.0699999946,True,0,0.00398810688,5.30004883,5d2169b99f2c992fcfba8044eadd0a52d7d442f1d8dc11ce71a75777f305623a,0,0,1.7475101947784424,
1,gemm-rows-513-1536-4096,previous_fp32,0.107625005,True,0,0.000227235556,0.472900391,25018e2961ac2208be24f52e41c84ee1916c32d78786dcecd3a7ddda1c6e44e5,0,0,1.2973592281341553,
1,gemm-rows-513-1536-4096,fp32,0.10783333,True,0,0.000227235556,0.472900391,25018e2961ac2208be24f52e41c84ee1916c32d78786dcecd3a7ddda1c6e44e5,0,0,1.2847061157226562,
1,gemm-rows-513-1536-4096,previous_fp16,0.147874991,True,0,0.000311778383,0.702148438,8a3d96df4f6c87e7df851c0d3abd39c049440a27b7ea90062cf896dc81157302,0,0,1.0659430027008057,
1,gemm-rows-513-1536-4096,fp16,0.148624997,True,0,0.000311778383,0.702148438,8a3d96df4f6c87e7df851c0d3abd39c049440a27b7ea90062cf896dc81157302,0,0,1.0611028671264648,
1,gemm-rows-512-12288-8192,mlx,0.924875,True,0,0.000180311,0.388672,,,,0.7828929424285889,
1,gemm-rows-512-12288-8192,previous_int8,0.518374989,True,0,0.00410013191,10.5686035,50966051d99520165783ba3f84f86fc34beb5c38e64c7ffbb30c187da1bcd4fc,0,0,0.9013240337371826,
1,gemm-rows-512-12288-8192,int8,0.525666677,True,0,0.00410013191,10.5686035,50966051d99520165783ba3f84f86fc34beb5c38e64c7ffbb30c187da1bcd4fc,0,0,0.906541109085083,
1,gemm-rows-512-12288-8192,previous_fp32,0.935999997,True,0,0.000225401616,0.990966797,f5171eb7b6d50310129532bea12ed59c31de1d0f717386f7f2fc60fe43c70072,0,0,0.7479338645935059,
1,gemm-rows-512-12288-8192,fp32,0.929125003,True,0,0.000225401616,0.990966797,f5171eb7b6d50310129532bea12ed59c31de1d0f717386f7f2fc60fe43c70072,0,0,0.747905969619751,
1,gemm-rows-512-12288-8192,previous_fp16,0.872749995,True,0,0.000605310201,2.80859375,1164dc4f3dfc8e5dc66027d0ea12ca46ebd60795608a0635da7a113966096218,0,0,0.7546091079711914,
1,gemm-rows-512-12288-8192,fp16,0.873541678,True,0,0.000605310201,2.80859375,1164dc4f3dfc8e5dc66027d0ea12ca46ebd60795608a0635da7a113966096218,0,0,0.7587330341339111,
1,gemm-rows-512-6144-18432,mlx,1.05779,True,0,0.000166921,0.727539,,,,0.7739651203155518,
1,gemm-rows-512-6144-18432,previous_int8,1.103,True,0,0.00414090087,23.5932617,f0066e9155b02889415cb8658589623bc5b972e15bbec23750d11c480480d596,0,0,0.8070199489593506,
1,gemm-rows-512-6144-18432,int8,1.09104166,True,0,0.00414090087,23.5932617,f0066e9155b02889415cb8658589623bc5b972e15bbec23750d11c480480d596,0,0,0.8001351356506348,
1,gemm-rows-512-6144-18432,previous_fp32,1.053125,True,0,0.00018832557,1.85571289,63a7f8b74935e9319cdc4734b0975a57ca11eccaf58bd9ad8d922d49af758120,0,0,0.7380988597869873,
1,gemm-rows-512-6144-18432,fp32,1.06116667,True,0,0.00018832557,1.85571289,63a7f8b74935e9319cdc4734b0975a57ca11eccaf58bd9ad8d922d49af758120,0,0,0.7362608909606934,
1,gemm-rows-512-6144-18432,previous_fp16,1.05354167,True,0,0.000380113179,3.08569336,89a2e604a5f68fbd4b28f322b4a153bef03b69d1fe4be99dae8a2cf028d22e9c,0,0,0.7334752082824707,
1,gemm-rows-512-6144-18432,fp16,1.05495832,True,0,0.000380113179,3.08569336,89a2e604a5f68fbd4b28f322b4a153bef03b69d1fe4be99dae8a2cf028d22e9c,0,0,0.7352628707885742,
1,gemm-rows-512-6144-6144,mlx,0.341375,True,0,0.000207575,0.393311,,,,0.8460960388183594,
1,gemm-rows-512-6144-6144,previous_int8,0.198791677,True,0,0.0042238677,7.93041992,aebd4c7aecd9052743c761fc9d1901c34eef7a17cbffa17ba7a2fbd1b5c20330,0,0,0.9850969314575195,
1,gemm-rows-512-6144-6144,int8,0.198499998,True,0,0.0042238677,7.93041992,aebd4c7aecd9052743c761fc9d1901c34eef7a17cbffa17ba7a2fbd1b5c20330,0,0,0.9987409114837646,
1,gemm-rows-512-6144-6144,previous_fp32,0.345000008,True,0,0.000192185918,0.482666016,f62e8248be56a915f543500c03c62afedf491fda80b953cdd0f6a2c45a8b94e3,0,0,0.8426680564880371,
1,gemm-rows-512-6144-6144,fp32,0.346916655,True,0,0.000192185918,0.482666016,f62e8248be56a915f543500c03c62afedf491fda80b953cdd0f6a2c45a8b94e3,0,0,0.8344430923461914,
1,gemm-rows-512-6144-6144,previous_fp16,0.350000002,True,0,0.00026458075,0.642822266,98df8b58bbbb7742b757f419c01168e07db7dd6a9a20872b570c9698d914c288,0,0,0.8327021598815918,
1,gemm-rows-512-6144-6144,fp16,0.349499998,True,0,0.00026458075,0.642822266,98df8b58bbbb7742b757f419c01168e07db7dd6a9a20872b570c9698d914c288,0,0,0.8373382091522217,
1,gemm-rows-512-1536-4096,mlx,0.0904167,True,0,0.000167178,0.209717,,,,1.480889081954956,
1,gemm-rows-512-1536-4096,previous_int8,0.0633750024,True,0,0.00374742735,5.25219727,8f2dae136140520211a1af00a184f8baa97655e9718ebdfc7b833fd566d87a00,0,0,1.8500900268554688,
1,gemm-rows-512-1536-4096,int8,0.0633750024,True,0,0.00374742735,5.25219727,8f2dae136140520211a1af00a184f8baa97655e9718ebdfc7b833fd566d87a00,0,0,1.8537840843200684,
1,gemm-rows-512-1536-4096,previous_fp32,0.101125013,True,0,0.000230558694,0.4765625,09baad01d26acb31e2d75e2c24d9809b51bdd5695a60b573c0a548e5a56d7306,0,0,1.3544747829437256,
1,gemm-rows-512-1536-4096,fp32,0.101124999,True,0,0.000230558694,0.4765625,09baad01d26acb31e2d75e2c24d9809b51bdd5695a60b573c0a548e5a56d7306,0,0,1.3593289852142334,
1,gemm-rows-512-1536-4096,previous_fp16,0.0730000029,True,0,0.00030515158,0.598632812,c717f32abe54a323399c2a02c3ba306a1d064983188f313345783b16909d672d,0,0,1.7394709587097168,
1,gemm-rows-512-1536-4096,fp16,0.0725833379,True,0,0.00030515158,0.598632812,c717f32abe54a323399c2a02c3ba306a1d064983188f313345783b16909d672d,0,0,1.750006914138794,
1,gemm-rows-511-12288-8192,mlx,0.923583,True,0,0.000149234,0.368408,,,,0.7703840732574463,
1,gemm-rows-511-12288-8192,previous_int8,0.519666675,True,0,0.00399509892,10.6398926,1cf5608609ec0ecb0326910fe1ad782e762dc41112548633d10376c94368d151,0,0,0.9043910503387451,
1,gemm-rows-511-12288-8192,int8,0.52875001,True,0,0.00399509892,10.6398926,1cf5608609ec0ecb0326910fe1ad782e762dc41112548633d10376c94368d151,0,0,0.9028370380401611,
1,gemm-rows-511-12288-8192,previous_fp32,1.1465,True,0,0.000271605627,1.65429688,336d3c4f68a6cdc5bb58bc8cf68788db416b25ad2cb5701233866c3192a02e63,0,0,0.7242419719696045,
1,gemm-rows-511-12288-8192,fp32,1.170125,True,0,0.000271605627,1.65429688,336d3c4f68a6cdc5bb58bc8cf68788db416b25ad2cb5701233866c3192a02e63,0,0,0.7192530632019043,
1,gemm-rows-511-12288-8192,previous_fp16,0.877875005,True,0,0.00041451306,1.67431641,c94b387fee4d30309a91f65fcfbf6e58068afce2898ff4253c8c090b3bc65a2d,0,0,0.7526469230651855,
1,gemm-rows-511-12288-8192,fp16,0.878375009,True,0,0.00041451306,1.67431641,c94b387fee4d30309a91f65fcfbf6e58068afce2898ff4253c8c090b3bc65a2d,0,0,0.7492890357971191,
1,gemm-rows-511-6144-18432,mlx,1.07625,True,0,0.000257883,1.55371,,,,0.7681357860565186,
1,gemm-rows-511-6144-18432,previous_int8,0.944625004,True,0,0.00410135105,21.6791992,25f2f6cfe149085c75faf8483ebdd79b34294a0474f9af20e4e8fbaf2a425e0c,0,0,0.8260188102722168,
1,gemm-rows-511-6144-18432,int8,0.958458331,True,0,0.00410135105,21.6791992,25f2f6cfe149085c75faf8483ebdd79b34294a0474f9af20e4e8fbaf2a425e0c,0,0,0.8250939846038818,
1,gemm-rows-511-6144-18432,previous_fp32,1.37870833,True,0,0.000324352205,2.44018555,feb15baf34d4e36af94b89ba3cfc1eac7f26cb89b7a0476d990c03b4861f7953,0,0,0.7198340892791748,
1,gemm-rows-511-6144-18432,fp32,1.402875,True,0,0.000324352205,2.44018555,feb15baf34d4e36af94b89ba3cfc1eac7f26cb89b7a0476d990c03b4861f7953,0,0,0.7254660129547119,
1,gemm-rows-511-6144-18432,previous_fp16,1.39895834,True,0,0.000346582061,2.84692383,73de77276f8293ecabbbef912a8d5a00138b3b8e01bc0d150ec2e4fe8962ca26,0,0,0.7132799625396729,
1,gemm-rows-511-6144-18432,fp16,1.31145833,True,0,0.000346582061,2.84692383,73de77276f8293ecabbbef912a8d5a00138b3b8e01bc0d150ec2e4fe8962ca26,0,0,0.7117822170257568,
1,gemm-rows-511-6144-6144,mlx,0.350375,True,0,0.000193172,0.357178,,,,0.8371691703796387,
1,gemm-rows-511-6144-6144,previous_int8,0.204125012,True,0,0.0039967838,7.81640625,ab66e8ed46d1c64fcc4e6bb37aa143c186b718e70580734b745bab99c0a68de8,0,0,0.978632926940918,
1,gemm-rows-511-6144-6144,int8,0.203958334,True,0,0.0039967838,7.81640625,ab66e8ed46d1c64fcc4e6bb37aa143c186b718e70580734b745bab99c0a68de8,0,0,0.9816811084747314,
1,gemm-rows-511-6144-6144,previous_fp32,0.43491667,True,0,0.000180435732,0.487792969,387d8186e0001e04b4741d2046eb81c3a90c7586dd48890573c6a39877857142,0,0,0.837554931640625,
1,gemm-rows-511-6144-6144,fp32,0.450458334,True,0,0.000180435732,0.487792969,387d8186e0001e04b4741d2046eb81c3a90c7586dd48890573c6a39877857142,0,0,0.8363759517669678,
1,gemm-rows-511-6144-6144,previous_fp16,0.408624997,True,0,0.00025624569,1.04443359,5bec84fa5f61422b88e320ff6f253b194b54c686c84c8688a44df4546255ad39,0,0,0.8147220611572266,
1,gemm-rows-511-6144-6144,fp16,0.407541665,True,0,0.00025624569,1.04443359,5bec84fa5f61422b88e320ff6f253b194b54c686c84c8688a44df4546255ad39,0,0,0.8223562240600586,
1,gemm-rows-511-1536-4096,mlx,0.104958,True,0,0.000187732,0.223877,,,,1.3178598880767822,
1,gemm-rows-511-1536-4096,previous_int8,0.0695833296,True,0,0.00404466937,5.30004883,7b21882d98323d7ad86bcab84ed2646f5f037207d0d1252b8405dcd991fd54cf,0,0,1.7710189819335938,
1,gemm-rows-511-1536-4096,int8,0.0692500034,True,0,0.00404466937,5.30004883,7b21882d98323d7ad86bcab84ed2646f5f037207d0d1252b8405dcd991fd54cf,0,0,1.7800030708312988,
1,gemm-rows-511-1536-4096,previous_fp32,0.124375001,True,0,0.000255057388,0.573242188,03fe24415f98e5e95a3d18574621d34f263f14317c35798f55c7c3244cd06554,0,0,1.153878927230835,
1,gemm-rows-511-1536-4096,fp32,0.124458325,True,0,0.000255057388,0.573242188,03fe24415f98e5e95a3d18574621d34f263f14317c35798f55c7c3244cd06554,0,0,1.1595449447631836,
1,gemm-rows-511-1536-4096,previous_fp16,0.120124998,True,0,0.00026813512,0.573242188,9667ec70fe9fb401f28ee6f7196fd09449cfc0d962484b6054964816cf3d18d4,0,0,1.1826119422912598,
1,gemm-rows-511-1536-4096,fp16,0.119499993,True,0,0.00026813512,0.573242188,9667ec70fe9fb401f28ee6f7196fd09449cfc0d962484b6054964816cf3d18d4,0,0,1.1843011379241943,
1,local-gqa-r2048-c8192,mlx,3.38446,True,0,,3.92329e-05,,,,0.6031322479248047,
1,local-gqa-r2048-c8192,previous_int8,5.77233333,True,0,0.00464573163,0.000466477647,6e3ce4e70fa1134d9c562c0174d6a594ecc2497225436e688a89acfa1a835c34,0,0,0.6382019519805908,
1,local-gqa-r2048-c8192,int8,5.7675,True,0,0.00464573163,0.000466477647,6e3ce4e70fa1134d9c562c0174d6a594ecc2497225436e688a89acfa1a835c34,0,0,0.6357719898223877,
1,local-gqa-r2048-c8192,previous_fp16,5.97808334,True,0,0.00028341533,3.57047643e-05,778006be278e25c0fa9a526371547820f3a6b9262718702d01931c29a45e0541,0,0,0.6312158107757568,
1,local-gqa-r2048-c8192,fp16,5.98225,True,0,0.00028341533,3.57047643e-05,778006be278e25c0fa9a526371547820f3a6b9262718702d01931c29a45e0541,0,0,0.6364459991455078,
1,local-gqa-r2048-c2048,mlx,0.683375,True,0,,3.08046e-05,,,,0.7085630893707275,
1,local-gqa-r2048-c2048,previous_int8,1.11108333,True,0,0.0037328581,0.0009765625,c3f4ed3ffb69540c911db401ab5c4def852e8906898166001d426826a48a07c6,0,0,0.669482946395874,
1,local-gqa-r2048-c2048,int8,1.098625,True,0,0.0037328581,0.0009765625,c3f4ed3ffb69540c911db401ab5c4def852e8906898166001d426826a48a07c6,0,0,0.6703660488128662,
1,local-gqa-r2048-c2048,previous_fp16,0.974708324,True,0,0.000107036204,3.08059164e-05,1bcb24a10ac6c1b8a761cbe44dbd4de3b4bf0e4deda72ff763ce68b8015cf8bc,0,0,0.6797618865966797,
1,local-gqa-r2048-c2048,fp16,0.95141666,True,0,0.000107036204,3.08059164e-05,1bcb24a10ac6c1b8a761cbe44dbd4de3b4bf0e4deda72ff763ce68b8015cf8bc,0,0,0.677772045135498,
1,local-gqa-r512-c8192,mlx,1.35883,True,0,,2.78261e-05,,,,0.6526248455047607,
1,local-gqa-r512-c8192,previous_int8,2.80891666,True,0,0.00387194754,0.000408666518,339057f6291f820479770eec2ee53e666a0ba9d99acdb6a30f06ec1ed0ffff21,0,0,0.6305201053619385,
1,local-gqa-r512-c8192,int8,2.80999999,True,0,0.00387194754,0.000408666518,339057f6291f820479770eec2ee53e666a0ba9d99acdb6a30f06ec1ed0ffff21,0,0,0.6301281452178955,
1,local-gqa-r512-c8192,previous_fp16,2.44258334,True,0,0.00032323893,3.20468607e-05,e1b1945aca0e2592d208c167298fdd117d3232a06e59844c488e0dfef071345b,0,0,0.631723165512085,
1,local-gqa-r512-c8192,fp16,1.76512499,True,0,0.00032323893,3.20468607e-05,e1b1945aca0e2592d208c167298fdd117d3232a06e59844c488e0dfef071345b,0,0,0.6300239562988281,
1,local-gqa-r512-c2048,mlx,0.31075,True,0,,3.7381e-05,,,,0.8534018993377686,
1,local-gqa-r512-c2048,previous_int8,0.70262501,True,0,0.00409363954,0.000407377301,161c2afdba90447a5baf9229652b68caa180466ed1366b367cf8e0fc7ad348f3,0,0,0.7199480533599854,
1,local-gqa-r512-c2048,int8,0.70837501,True,0,0.00409363954,0.000407377301,161c2afdba90447a5baf9229652b68caa180466ed1366b367cf8e0fc7ad348f3,0,0,0.723397970199585,
1,local-gqa-r512-c2048,previous_fp16,0.450124993,True,0,0.000331602804,2.85617411e-05,6010b946364f1f8e4fb2b7fb0a5b36c67944e33a4a3861fea64661d3c3d33575,0,0,0.7710368633270264,
1,local-gqa-r512-c2048,fp16,0.449916668,True,0,0.000331602804,2.85617411e-05,6010b946364f1f8e4fb2b7fb0a5b36c67944e33a4a3861fea64661d3c3d33575,0,0,0.7695419788360596,
1,local-gqa-r128-c8192,mlx,0.611208,True,0,,3.64123e-05,,,,0.7596940994262695,
1,local-gqa-r128-c8192,previous_int8,1.33,True,0,0.00760010658,0.000624519722,d416bc00c5e56aad62b1729933d7ae2f57104f6d108c90fb9a207a341174f287,0,0,0.6548850536346436,
1,local-gqa-r128-c8192,int8,1.34154166,True,0,0.00760010658,0.000624519722,d416bc00c5e56aad62b1729933d7ae2f57104f6d108c90fb9a207a341174f287,0,0,0.652778148651123,
1,local-gqa-r128-c8192,previous_fp16,1.80225,True,0,0.000405942511,2.90547609e-05,3aa71d397db1c138e889c550db3612034e558becd6f3822797850709d38ddb16,0,0,0.6302347183227539,
1,local-gqa-r128-c8192,fp16,1.801875,True,0,0.000405942511,2.90547609e-05,3aa71d397db1c138e889c550db3612034e558becd6f3822797850709d38ddb16,0,0,0.6316792964935303,
1,local-gqa-r128-c2048,mlx,0.170708,True,0,,1.44284e-05,,,,1.039553165435791,
1,local-gqa-r128-c2048,previous_int8,0.357791665,True,0,0.00775993079,0.000623225617,13ed557e90d50b73eddaa6d4cfedc8f0bb18a277492421e6273bd06ad33c0227,0,0,0.7968449592590332,
1,local-gqa-r128-c2048,int8,0.357041659,True,0,0.00775993079,0.000623225617,13ed557e90d50b73eddaa6d4cfedc8f0bb18a277492421e6273bd06ad33c0227,0,0,0.7984659671783447,
1,local-gqa-r128-c2048,previous_fp16,0.458750001,True,0,0.00028839374,2.15321953e-05,49ed85752cbf0c9c7e167ec8c81caf980550481c2ac6ac1f09bfaaffc790239c,0,0,0.8002848625183105,
1,local-gqa-r128-c2048,fp16,0.458625,True,0,0.00028839374,2.15321953e-05,49ed85752cbf0c9c7e167ec8c81caf980550481c2ac6ac1f09bfaaffc790239c,0,0,0.7982349395751953,
1,local-gqa-r8-c8192,mlx,0.139708,True,0,,2.84039e-05,,,,1.10701584815979,
1,local-gqa-r8-c8192,previous_int8,0.914958335,True,0,0.0044161411,0.000472868386,1f942dabfaf74c74de66b04a5e1a199d4b0a305e2f8e3d738169302fe82c7993,0,0,0.6870579719543457,
1,local-gqa-r8-c8192,int8,0.917875004,True,0,0.0044161411,0.000472868386,1f942dabfaf74c74de66b04a5e1a199d4b0a305e2f8e3d738169302fe82c7993,0,0,0.6863858699798584,
1,local-gqa-r8-c8192,previous_fp16,0.322875014,True,0,0.000271733346,2.8402339e-05,8aeab6250ce5a15222299cd37d13ac4f6f1e69fe2f1d77a4587c7701410a7f23,0,0,0.8319013118743896,
1,local-gqa-r8-c8192,fp16,0.323166678,True,0,0.000271733346,2.8402339e-05,8aeab6250ce5a15222299cd37d13ac4f6f1e69fe2f1d77a4587c7701410a7f23,0,0,0.8328261375427246,
1,local-gqa-r8-c2048,mlx,0.052,True,0,,1.91392e-05,,,,2.1220180988311768,
1,local-gqa-r8-c2048,previous_int8,0.262166679,True,0,0.00464960399,0.000507419251,6a853317552ed6b820f647b4616be9b72908b14d428c353846bfd1ebd8f3de4e,0,0,0.8501889705657959,
1,local-gqa-r8-c2048,int8,0.263499998,True,0,0.00464960399,0.000507419251,6a853317552ed6b820f647b4616be9b72908b14d428c353846bfd1ebd8f3de4e,0,0,0.8483400344848633,
1,local-gqa-r8-c2048,previous_fp16,0.425333332,True,0,0.000248708465,2.35494226e-05,b527bd742ef271ebb988c8147b06e1153e4a87ab79e22e58dfe4d2ed10590eb0,0,0,0.7860841751098633,
1,local-gqa-r8-c2048,fp16,0.424958329,True,0,0.000248708465,2.35494226e-05,b527bd742ef271ebb988c8147b06e1153e4a87ab79e22e58dfe4d2ed10590eb0,0,0,0.7955939769744873,
1,local-gqa-r1-c8192,mlx,0.037625,True,0,,1.24857e-05,,,,2.6848931312561035,
1,local-gqa-r1-c8192,previous_int8,0.920999999,True,0,0.00467329909,0.000292193277,9b9e67a99ee812f972481dd17353ee9a892dc2b699080c1a1d4f89d0af46e6ea,0,0,0.6839759349822998,
1,local-gqa-r1-c8192,int8,0.919750004,True,0,0.00467329909,0.000292193277,9b9e67a99ee812f972481dd17353ee9a892dc2b699080c1a1d4f89d0af46e6ea,0,0,0.6867361068725586,
1,local-gqa-r1-c8192,previous_fp16,0.084041676,True,0,0.000216342053,1.24836152e-05,71ed76cb1275aa895e5c4cf9d681b2cbb2a15649381ac1dfa4af3d3ac7e4cadb,0,0,1.5794827938079834,
1,local-gqa-r1-c8192,fp16,0.0842500012,True,0,0.000216342053,1.24836152e-05,71ed76cb1275aa895e5c4cf9d681b2cbb2a15649381ac1dfa4af3d3ac7e4cadb,0,0,1.5899860858917236,
1,local-gqa-r1-c2048,mlx,0.0207083,True,0,,6.54895e-06,,,,4.477436065673828,
1,local-gqa-r1-c2048,previous_int8,0.257874999,True,0,0.00524561614,0.000341117454,5175faeefb152ac4b5a3572e784e6c633fca51cc25a8d4cca143bcb4e6c511eb,0,0,0.8660857677459717,
1,local-gqa-r1-c2048,int8,0.256250001,True,0,0.00524561614,0.000341117454,5175faeefb152ac4b5a3572e784e6c633fca51cc25a8d4cca143bcb4e6c511eb,0,0,0.8600208759307861,
1,local-gqa-r1-c2048,previous_fp16,0.0359999976,True,0,0.000138800397,6.54683401e-06,c1f7d139dccd5cb67dc172b964d1ed344204c06084d7dd61a1142f750416c73e,0,0,2.7862229347229004,
1,local-gqa-r1-c2048,fp16,0.0361249986,True,0,0.000138800397,6.54683401e-06,c1f7d139dccd5cb67dc172b964d1ed344204c06084d7dd61a1142f750416c73e,0,0,2.7763381004333496,
1,local-qwen35-27b-m4096-down,mlx,6.24254,True,0,0.000242191,1.52124,,,,0.800980806350708,
1,local-qwen35-27b-m4096-down,previous_int8,3.79004168,True,0,0.00401986232,20.4379883,4265d24d7ca7fc3bcea346f530f6f21b00842b72ab63c1405743af6bc8db1a35,0,0,0.7766358852386475,
1,local-qwen35-27b-m4096-down,int8,3.79120834,True,0,0.00401986232,20.4379883,4265d24d7ca7fc3bcea346f530f6f21b00842b72ab63c1405743af6bc8db1a35,0,0,0.7762160301208496,
1,local-qwen35-27b-m4096-down,previous_fp32,6.24141666,True,0,0.000218528972,1.83129883,799b3587266376bd0db6aa12754af5b426884852225251387ef86c91b1fcb307,0,0,0.730064868927002,
1,local-qwen35-27b-m4096-down,fp32,6.24654167,True,0,0.000218528972,1.83129883,799b3587266376bd0db6aa12754af5b426884852225251387ef86c91b1fcb307,0,0,0.729280948638916,
1,local-qwen35-27b-m4096-down,previous_fp16,6.24191666,True,0,0.000218528972,1.83129883,799b3587266376bd0db6aa12754af5b426884852225251387ef86c91b1fcb307,0,0,0.7331209182739258,
1,local-qwen35-27b-m4096-down,fp16,6.24316667,True,0,0.000218528972,1.83129883,799b3587266376bd0db6aa12754af5b426884852225251387ef86c91b1fcb307,0,0,0.7365288734436035,
1,local-qwen35-27b-m4096-up,mlx,5.76125,True,0,0.000219561,0.251221,,,,0.9091041088104248,
1,local-qwen35-27b-m4096-up,previous_int8,3.13725001,True,0,0.00411549015,5.49414062,45326df09badd96567f3b400c643e9eee47af5bf95403a20432bd1a581436512,0,0,0.796942949295044,
1,local-qwen35-27b-m4096-up,int8,3.13683334,True,0,0.00411549015,5.49414062,45326df09badd96567f3b400c643e9eee47af5bf95403a20432bd1a581436512,0,0,0.7918877601623535,
1,local-qwen35-27b-m4096-up,previous_fp32,5.76062499,True,0,0.000199193412,0.401123047,61ce48203388384c5fb550346dee79038b4215c2cbb610c88c5a86e0942db8b8,0,0,0.7407588958740234,
1,local-qwen35-27b-m4096-up,fp32,5.763375,True,0,0.000199193412,0.401123047,61ce48203388384c5fb550346dee79038b4215c2cbb610c88c5a86e0942db8b8,0,0,0.7356970310211182,
1,local-qwen35-27b-m4096-up,previous_fp16,5.762,True,0,0.000199193412,0.401123047,61ce48203388384c5fb550346dee79038b4215c2cbb610c88c5a86e0942db8b8,0,0,0.7439439296722412,
1,local-qwen35-27b-m4096-up,fp16,5.76154166,True,0,0.000199193412,0.401123047,61ce48203388384c5fb550346dee79038b4215c2cbb610c88c5a86e0942db8b8,0,0,0.7343590259552002,
1,local-qwen35-27b-m4096-projection,mlx,1.70138,True,0,0.000271004,0.41626,,,,0.7250039577484131,
1,local-qwen35-27b-m4096-projection,previous_int8,0.968250009,True,0,0.00414360134,6.54272461,0968d31f8ca59cb0f641f1271f3249e0dd13166169b09988a5ae6fa64a603416,0,0,0.7375459671020508,
1,local-qwen35-27b-m4096-projection,int8,0.972208334,True,0,0.00414360134,6.54272461,0968d31f8ca59cb0f641f1271f3249e0dd13166169b09988a5ae6fa64a603416,0,0,0.7372610569000244,
1,local-qwen35-27b-m4096-projection,previous_fp32,1.69787501,True,0,0.000218431798,0.4765625,8bf6ddcd9d3a33e93296811204de2f48c5eb284d4a53d2f9c7fb12e3f228d370,0,0,0.6692178249359131,
1,local-qwen35-27b-m4096-projection,fp32,1.7445,True,0,0.000218431798,0.4765625,8bf6ddcd9d3a33e93296811204de2f48c5eb284d4a53d2f9c7fb12e3f228d370,0,0,0.6682429313659668,
1,local-qwen35-27b-m4096-projection,previous_fp16,1.705125,True,0,0.000218431798,0.4765625,8bf6ddcd9d3a33e93296811204de2f48c5eb284d4a53d2f9c7fb12e3f228d370,0,0,0.6703119277954102,
1,local-qwen35-27b-m4096-projection,fp16,1.70475,True,0,0.000218431798,0.4765625,8bf6ddcd9d3a33e93296811204de2f48c5eb284d4a53d2f9c7fb12e3f228d370,0,0,0.6683700084686279,
1,local-qwen35-27b-m3072-down,mlx,4.74638,True,0,0.000190188,0.860107,,,,0.7731177806854248,
1,local-qwen35-27b-m3072-down,previous_int8,2.81024999,True,0,0.00434814101,22.3620605,6ac0ef63d387e6f9e0d8e95a95e97942e7dac7bd0d7b515e8cf3ed6787854ab9,0,0,0.7732160091400146,
1,local-qwen35-27b-m3072-down,int8,2.76849999,True,0,0.00434814101,22.3620605,6ac0ef63d387e6f9e0d8e95a95e97942e7dac7bd0d7b515e8cf3ed6787854ab9,0,0,0.7614331245422363,
1,local-qwen35-27b-m3072-down,previous_fp32,4.73745834,True,0,0.000240240672,1.81396484,95812e680c5953b97084bf1ec72d36fa556e7e47869c912976f5f13bae24d285,0,0,0.721027135848999,
1,local-qwen35-27b-m3072-down,fp32,4.7305,True,0,0.000240240672,1.81396484,95812e680c5953b97084bf1ec72d36fa556e7e47869c912976f5f13bae24d285,0,0,0.7144088745117188,
1,local-qwen35-27b-m3072-down,previous_fp16,4.73629167,True,0,0.000240240672,1.81396484,95812e680c5953b97084bf1ec72d36fa556e7e47869c912976f5f13bae24d285,0,0,0.7198541164398193,
1,local-qwen35-27b-m3072-down,fp16,4.73270834,True,0,0.000240240672,1.81396484,95812e680c5953b97084bf1ec72d36fa556e7e47869c912976f5f13bae24d285,0,0,0.7092292308807373,
1,local-qwen35-27b-m3072-up,mlx,4.34479,True,0,0.000171283,0.269287,,,,0.8642408847808838,
1,local-qwen35-27b-m3072-up,previous_int8,2.36899999,True,0,0.00412946779,6.63769531,89b23ba2bed5f0083ee48082e526c4b7a5f56e336cac801aeeddb1da24f8ec48,0,0,0.7859809398651123,
1,local-qwen35-27b-m3072-up,int8,2.39025001,True,0,0.00412946779,6.63769531,89b23ba2bed5f0083ee48082e526c4b7a5f56e336cac801aeeddb1da24f8ec48,0,0,0.7754309177398682,
1,local-qwen35-27b-m3072-up,previous_fp32,4.3415,True,0,0.000188349297,0.474609375,7b1c038950fcbb4f48830ac529086aafcd982e96b7919807dcf02b34d3d48286,0,0,0.722912073135376,
1,local-qwen35-27b-m3072-up,fp32,4.344,True,0,0.000188349297,0.474609375,7b1c038950fcbb4f48830ac529086aafcd982e96b7919807dcf02b34d3d48286,0,0,0.7179100513458252,
1,local-qwen35-27b-m3072-up,previous_fp16,4.34404166,True,0,0.000188349297,0.474609375,7b1c038950fcbb4f48830ac529086aafcd982e96b7919807dcf02b34d3d48286,0,0,0.7147259712219238,
1,local-qwen35-27b-m3072-up,fp16,4.34270834,True,0,0.000188349297,0.474609375,7b1c038950fcbb4f48830ac529086aafcd982e96b7919807dcf02b34d3d48286,0,0,0.7200000286102295,
1,local-qwen35-27b-m3072-projection,mlx,1.27975,True,0,0.000245612,0.41626,,,,0.7175500392913818,
1,local-qwen35-27b-m3072-projection,previous_int8,0.736375005,True,0,0.00401012099,6.58081055,4362a590fb2813c93658da349e30d6d1ff2a5111011a773f8f6b2baa724f898c,0,0,0.7626128196716309,
1,local-qwen35-27b-m3072-projection,int8,0.735666676,True,0,0.00401012099,6.58081055,4362a590fb2813c93658da349e30d6d1ff2a5111011a773f8f6b2baa724f898c,0,0,0.758944034576416,
1,local-qwen35-27b-m3072-projection,previous_fp32,1.28954167,True,0,0.000191671004,0.350341797,3f9fdae360fb9d9fe6e6a735c4ddfcfd80c443d1428cf13c84a5c76db65762ff,0,0,0.6774327754974365,
1,local-qwen35-27b-m3072-projection,fp32,1.29420833,True,0,0.000191671004,0.350341797,3f9fdae360fb9d9fe6e6a735c4ddfcfd80c443d1428cf13c84a5c76db65762ff,0,0,0.674717903137207,
1,local-qwen35-27b-m3072-projection,previous_fp16,1.29858333,True,0,0.000191671004,0.350341797,3f9fdae360fb9d9fe6e6a735c4ddfcfd80c443d1428cf13c84a5c76db65762ff,0,0,0.6771678924560547,
1,local-qwen35-27b-m3072-projection,fp16,1.28337499,True,0,0.000191671004,0.350341797,3f9fdae360fb9d9fe6e6a735c4ddfcfd80c443d1428cf13c84a5c76db65762ff,0,0,0.677354097366333,
1,local-qwen35-27b-m2048-down,mlx,3.20875,True,0,0.000219666,0.74707,,,,0.7348840236663818,
1,local-qwen35-27b-m2048-down,previous_int8,1.99104166,True,0,0.00444261504,22.3620605,fe2a198210cad38f07cebdfc6ba985e70e8db06885adc93864444a254c2ff782,0,0,0.7602579593658447,
1,local-qwen35-27b-m2048-down,int8,1.97733333,True,0,0.00444261504,22.3620605,fe2a198210cad38f07cebdfc6ba985e70e8db06885adc93864444a254c2ff782,0,0,0.7656610012054443,
1,local-qwen35-27b-m2048-down,previous_fp32,3.19925,True,0,0.000238465312,1.83129883,aff70bfa91700bb7dad2ea74b69b6a7431b42d24fa4d5cc958269858a9c81e8c,0,0,0.6965808868408203,
1,local-qwen35-27b-m2048-down,fp32,3.19970833,True,0,0.000238465312,1.83129883,aff70bfa91700bb7dad2ea74b69b6a7431b42d24fa4d5cc958269858a9c81e8c,0,0,0.6918520927429199,
1,local-qwen35-27b-m2048-down,previous_fp16,3.20191667,True,0,0.000238465312,1.83129883,aff70bfa91700bb7dad2ea74b69b6a7431b42d24fa4d5cc958269858a9c81e8c,0,0,0.6940569877624512,
1,local-qwen35-27b-m2048-down,fp16,3.20304166,True,0,0.000238465312,1.83129883,aff70bfa91700bb7dad2ea74b69b6a7431b42d24fa4d5cc958269858a9c81e8c,0,0,0.7065541744232178,
1,local-qwen35-27b-m2048-up,mlx,2.92608,True,0,0.00021472,0.303223,,,,0.8098869323730469,
1,local-qwen35-27b-m2048-up,previous_int8,1.61916667,True,0,0.00403478797,5.96850586,bde09c50c75286f9ade99734863f3504a3d31ee2f467b6e2063befdb0663f579,0,0,0.7896339893341064,
1,local-qwen35-27b-m2048-up,int8,1.62120834,True,0,0.00403478797,5.96850586,bde09c50c75286f9ade99734863f3504a3d31ee2f467b6e2063befdb0663f579,0,0,0.7833778858184814,
1,local-qwen35-27b-m2048-up,previous_fp32,2.92512501,True,0,0.000210218819,0.459960938,d2563d977a86606805d33b1704c8faa3edae27e9eab595f3ed2ca47b60d205ff,0,0,0.7033951282501221,
1,local-qwen35-27b-m2048-up,fp32,2.92454167,True,0,0.000210218819,0.459960938,d2563d977a86606805d33b1704c8faa3edae27e9eab595f3ed2ca47b60d205ff,0,0,0.7035901546478271,
1,local-qwen35-27b-m2048-up,previous_fp16,2.92475001,True,0,0.000210218819,0.459960938,d2563d977a86606805d33b1704c8faa3edae27e9eab595f3ed2ca47b60d205ff,0,0,0.7015092372894287,
1,local-qwen35-27b-m2048-up,fp16,2.92404168,True,0,0.000210218819,0.459960938,d2563d977a86606805d33b1704c8faa3edae27e9eab595f3ed2ca47b60d205ff,0,0,0.7061781883239746,
1,local-qwen35-27b-m2048-projection,mlx,0.861708,True,0,0.000259167,0.428711,,,,0.7430751323699951,
1,local-qwen35-27b-m2048-projection,previous_int8,0.509999998,True,0,0.00364161353,6.52929688,e6d7d17040d229067b0c4a6e3b15344a0d31a787a4a613d0999e7bac6fd166bf,0,0,0.8279049396514893,
1,local-qwen35-27b-m2048-projection,int8,0.512708328,True,0,0.00364161353,6.52929688,e6d7d17040d229067b0c4a6e3b15344a0d31a787a4a613d0999e7bac6fd166bf,0,0,0.8153769969940186,
1,local-qwen35-27b-m2048-projection,previous_fp32,0.896291676,True,0,0.000182789465,0.358154297,9dc9757c5bc35431ec82bfab1a44e6f2b3fbd0464cb2b4d814c5f3b4a0b3ed2f,0,0,0.7076489925384521,
1,local-qwen35-27b-m2048-projection,fp32,0.865833339,True,0,0.000182789465,0.358154297,9dc9757c5bc35431ec82bfab1a44e6f2b3fbd0464cb2b4d814c5f3b4a0b3ed2f,0,0,0.7034380435943604,
1,local-qwen35-27b-m2048-projection,previous_fp16,0.870624994,True,0,0.000182789465,0.358154297,9dc9757c5bc35431ec82bfab1a44e6f2b3fbd0464cb2b4d814c5f3b4a0b3ed2f,0,0,0.7045631408691406,
1,local-qwen35-27b-m2048-projection,fp16,0.866000002,True,0,0.000182789465,0.358154297,9dc9757c5bc35431ec82bfab1a44e6f2b3fbd0464cb2b4d814c5f3b4a0b3ed2f,0,0,0.7047412395477295,
1,local-qwen35-27b-m1024-down,mlx,1.65475,True,0,0.000248733,0.962891,,,,0.7234020233154297,
1,local-qwen35-27b-m1024-down,previous_int8,1.12645834,True,0,0.0044617695,22.3620605,41a9a112b17f2342a11d6cdbc1f359adf3ae76d1a0acf29ce87f24e8bd582948,0,0,0.7872211933135986,
1,local-qwen35-27b-m1024-down,int8,1.12083333,True,0,0.0044617695,22.3620605,41a9a112b17f2342a11d6cdbc1f359adf3ae76d1a0acf29ce87f24e8bd582948,0,0,0.7828390598297119,
1,local-qwen35-27b-m1024-down,previous_fp32,1.65191667,True,0,0.000221248267,1.83129883,6afb3192ceb63698906736ad53383a9238c29d3cbb9854094450d03fa1f6bd7f,0,0,0.7033631801605225,
1,local-qwen35-27b-m1024-down,fp32,1.66041667,True,0,0.000221248267,1.83129883,6afb3192ceb63698906736ad53383a9238c29d3cbb9854094450d03fa1f6bd7f,0,0,0.6949377059936523,
1,local-qwen35-27b-m1024-down,previous_fp16,1.72450001,True,0,0.000351345675,4.01733398,84a06c65c4831a9033e6e3202743480cbd9f8ec11860fb2158f1a5215ccd078c,0,0,0.6912031173706055,
1,local-qwen35-27b-m1024-down,fp16,1.69870834,True,0,0.000351345675,4.01733398,84a06c65c4831a9033e6e3202743480cbd9f8ec11860fb2158f1a5215ccd078c,0,0,0.7019891738891602,
1,local-qwen35-27b-m1024-up,mlx,1.49942,True,0,0.000195179,0.251221,,,,0.7683227062225342,
1,local-qwen35-27b-m1024-up,previous_int8,0.918374993,True,0,0.00398986668,5.95996094,de871292d4b1fd1d06a315e47664ee89430390a9375aa1a35b560bd3dab40730,0,0,0.8140130043029785,
1,local-qwen35-27b-m1024-up,int8,0.91925,True,0,0.00398986668,5.95996094,de871292d4b1fd1d06a315e47664ee89430390a9375aa1a35b560bd3dab40730,0,0,0.8065099716186523,
1,local-qwen35-27b-m1024-up,previous_fp32,1.49924999,True,0,0.0001830841,0.459960938,b874e59355f6eb6a2e0b02676fbbde6f1e566c271e036cba0c4433774329c8e7,0,0,0.7032871246337891,
1,local-qwen35-27b-m1024-up,fp32,1.50124999,True,0,0.0001830841,0.459960938,b874e59355f6eb6a2e0b02676fbbde6f1e566c271e036cba0c4433774329c8e7,0,0,0.7028179168701172,
1,local-qwen35-27b-m1024-up,previous_fp16,1.59087501,True,0,0.000355887794,1.09667969,44d4ba600b9cb6b835c242c12664064f6a6f2d159508fb9ac817eb390120e8f3,0,0,0.7045540809631348,
1,local-qwen35-27b-m1024-up,fp16,1.592375,True,0,0.000355887794,1.09667969,44d4ba600b9cb6b835c242c12664064f6a6f2d159508fb9ac817eb390120e8f3,0,0,0.7053260803222656,
1,local-qwen35-27b-m1024-projection,mlx,0.450375,True,0,0.000246429,0.41626,,,,0.8419833183288574,
1,local-qwen35-27b-m1024-projection,previous_int8,0.316291669,True,0,0.00399510478,6.58081055,2589ac1968352816805558506dfc19fab6195321d4995e26f67985f8f78cec40,0,0,0.8472950458526611,
1,local-qwen35-27b-m1024-projection,int8,0.315083336,True,0,0.00399510478,6.58081055,2589ac1968352816805558506dfc19fab6195321d4995e26f67985f8f78cec40,0,0,0.8564138412475586,
1,local-qwen35-27b-m1024-projection,previous_fp32,0.45404167,True,0,0.000183560774,0.337402344,99910e245800d1b67875e643f1c1649bafe8341ff2ca549c87fb8aea802d0500,0,0,0.817512035369873,
1,local-qwen35-27b-m1024-projection,fp32,0.450208332,True,0,0.000183560774,0.337402344,99910e245800d1b67875e643f1c1649bafe8341ff2ca549c87fb8aea802d0500,0,0,0.8168818950653076,
1,local-qwen35-27b-m1024-projection,previous_fp16,0.540749999,True,0,0.000407711474,1.00610352,84eb1e637136853ab74eb29240821a2cf15549a825a3ff2138e3d0fbf929dbb2,0,0,0.7726616859436035,
1,local-qwen35-27b-m1024-projection,fp16,0.541333327,True,0,0.000407711474,1.00610352,84eb1e637136853ab74eb29240821a2cf15549a825a3ff2138e3d0fbf929dbb2,0,0,0.773139238357544,
1,local-qwen35-27b-m512-down,mlx,0.8595,True,0,0.0001557,0.459229,,,,0.7789208889007568,
1,local-qwen35-27b-m512-down,previous_int8,0.574833335,True,0,0.00390197371,22.3620605,5ce72b3c3ea025089504a703cbb32768b20a1b29aa8de4031862a7e290868da5,0,0,0.8758549690246582,
1,local-qwen35-27b-m512-down,int8,0.575291662,True,0,0.00390197371,22.3620605,5ce72b3c3ea025089504a703cbb32768b20a1b29aa8de4031862a7e290868da5,0,0,0.8757181167602539,
1,local-qwen35-27b-m512-down,previous_fp32,0.856541665,True,0,0.000202967944,1.76806641,ffa29a10ab75521e5ff66ab54be6e8927c32ef20798e9140367a3bc31ce338a4,0,0,0.7568609714508057,
1,local-qwen35-27b-m512-down,fp32,0.858583342,True,0,0.000202967944,1.76806641,ffa29a10ab75521e5ff66ab54be6e8927c32ef20798e9140367a3bc31ce338a4,0,0,0.746492862701416,
1,local-qwen35-27b-m512-down,previous_fp16,0.84308334,True,0,0.000366388646,4.01733398,97b1eae772fe23c368b786f3b83e4be978d669a1f7e6020749d28b8b8bee0f92,0,0,0.7493100166320801,
1,local-qwen35-27b-m512-down,fp16,0.850750002,True,0,0.000366388646,4.01733398,97b1eae772fe23c368b786f3b83e4be978d669a1f7e6020749d28b8b8bee0f92,0,0,0.7458171844482422,
1,local-qwen35-27b-m512-up,mlx,0.807875,True,0,0.000206493,0.285156,,,,0.8001117706298828,
1,local-qwen35-27b-m512-up,previous_int8,0.435333335,True,0,0.00372502068,6.00366211,44b97ad5e89b405a81621c57d39e029bb206a53afebef2e13bb58085d39ee10b,0,0,0.9442448616027832,
1,local-qwen35-27b-m512-up,int8,0.434291665,True,0,0.00372502068,6.00366211,44b97ad5e89b405a81621c57d39e029bb206a53afebef2e13bb58085d39ee10b,0,0,0.939054012298584,
1,local-qwen35-27b-m512-up,previous_fp32,0.77316667,True,0,0.000200265222,0.459960938,f959e246f115805a5a0cff336f3672b4324e721439f47ab87aee77e7bc5da097,0,0,0.7680740356445312,
1,local-qwen35-27b-m512-up,fp32,0.77775,True,0,0.000200265222,0.459960938,f959e246f115805a5a0cff336f3672b4324e721439f47ab87aee77e7bc5da097,0,0,0.7569379806518555,
1,local-qwen35-27b-m512-up,previous_fp16,0.794874999,True,0,0.000341749487,0.685302734,b4c1a25a5d1f6e8a81adcaf3c6700349bc0dc0bf54063e80fbcb39f6bcb8e95b,0,0,0.7586450576782227,
1,local-qwen35-27b-m512-up,fp16,0.795791668,True,0,0.000341749487,0.685302734,b4c1a25a5d1f6e8a81adcaf3c6700349bc0dc0bf54063e80fbcb39f6bcb8e95b,0,0,0.7595961093902588,
1,local-qwen35-27b-m512-projection,mlx,0.232083,True,0,0.000232162,0.41626,,,,0.9246230125427246,
1,local-qwen35-27b-m512-projection,previous_int8,0.122500001,True,0,0.00365369161,5.95776367,295022843d7814c9133d18d5df3980c145c194a84388bd53c7613f3fa895a110,0,0,1.2129721641540527,
1,local-qwen35-27b-m512-projection,int8,0.122791665,True,0,0.00365369161,5.95776367,295022843d7814c9133d18d5df3980c145c194a84388bd53c7613f3fa895a110,0,0,1.2052209377288818,
1,local-qwen35-27b-m512-projection,previous_fp32,0.232624996,True,0,0.000173436905,0.486083984,6b3a4d62c7d88ef62e1f12bed9b3595a1a527a752391947581e6c1469d383e1d,0,0,0.9285650253295898,
1,local-qwen35-27b-m512-projection,fp32,0.233125,True,0,0.000173436905,0.486083984,6b3a4d62c7d88ef62e1f12bed9b3595a1a527a752391947581e6c1469d383e1d,0,0,0.9302258491516113,
1,local-qwen35-27b-m512-projection,previous_fp16,0.282624998,True,0,0.00031590235,1.00610352,5ba33e0501b24d5125be660bb2c80c99cbab0f6f35a76d38834df2933777f6a3,0,0,0.8698811531066895,
1,local-qwen35-27b-m512-projection,fp16,0.283208326,True,0,0.00031590235,1.00610352,5ba33e0501b24d5125be660bb2c80c99cbab0f6f35a76d38834df2933777f6a3,0,0,0.8793342113494873,
1,local-qwen35-27b-m128-down,mlx,0.389875,True,0,0.00023556,0.617676,,,,0.8993089199066162,
1,local-qwen35-27b-m128-down,previous_int8,0.462750002,True,0,0.00337637755,20.4379883,cd2cad28685a021eaaa29fa5fbdd74429d061fbb196b2e85b0bcd338f572a1d0,0,0,0.9193692207336426,
1,local-qwen35-27b-m128-down,int8,0.469124992,True,0,0.00337637755,20.4379883,cd2cad28685a021eaaa29fa5fbdd74429d061fbb196b2e85b0bcd338f572a1d0,0,0,0.9169261455535889,
1,local-qwen35-27b-m128-down,previous_fp32,0.421749995,True,0,0.000417776008,4.01733398,9ab0fe94fb846311838d97431343c91c06c0ec35ec536d67e0a5e626232b37eb,0,0,0.8915960788726807,
1,local-qwen35-27b-m128-down,fp32,0.422916666,True,0,0.000417776008,4.01733398,9ab0fe94fb846311838d97431343c91c06c0ec35ec536d67e0a5e626232b37eb,0,0,0.8815741539001465,
1,local-qwen35-27b-m128-down,previous_fp16,0.362249993,True,0,0.000383711891,4.01733398,6ec2bd00e79892df61a52ee0811c95a5c5ba03998661a1ca6757a7d7b925bf27,0,0,0.8543648719787598,
1,local-qwen35-27b-m128-down,fp16,0.360249993,True,0,0.000383711891,4.01733398,6ec2bd00e79892df61a52ee0811c95a5c5ba03998661a1ca6757a7d7b925bf27,0,0,0.8560550212860107,
1,local-qwen35-27b-m128-up,mlx,0.391167,True,0,0.000221655,0.251221,,,,0.8810350894927979,
1,local-qwen35-27b-m128-up,previous_int8,0.126250001,True,0,0.00397728648,6.03076172,0c51606d432dc39543da9be536a8a8fff0bbbc246472a82537e3ef270c5227da,0,0,1.3545200824737549,
1,local-qwen35-27b-m128-up,int8,0.128291664,True,0,0.00397728648,6.03076172,0c51606d432dc39543da9be536a8a8fff0bbbc246472a82537e3ef270c5227da,0,0,1.3310630321502686,
1,local-qwen35-27b-m128-up,previous_fp32,0.336625002,True,0,0.000285365733,0.849365234,f0b425b065ffccbfe5d281f1a6cd0764292b7b20ff47b35fefad7f21141c33e3,0,0,0.8998100757598877,
1,local-qwen35-27b-m128-up,fp32,0.339666658,True,0,0.000285365733,0.849365234,f0b425b065ffccbfe5d281f1a6cd0764292b7b20ff47b35fefad7f21141c33e3,0,0,0.8961598873138428,
1,local-qwen35-27b-m128-up,previous_fp16,0.307625,True,0,0.000313051661,0.944335938,70477414914a435ccbc6cad40293d8e1748cf7ad106667dd8c0bb1c1da45d740,0,0,0.9317338466644287,
1,local-qwen35-27b-m128-up,fp16,0.300250002,True,0,0.000313051661,0.944335938,70477414914a435ccbc6cad40293d8e1748cf7ad106667dd8c0bb1c1da45d740,0,0,0.9289219379425049,
1,local-qwen35-27b-m128-projection,mlx,0.234375,True,0,0.000294253,0.41626,,,,0.9042079448699951,
1,local-qwen35-27b-m128-projection,previous_int8,0.0768333266,True,0,0.00378558493,6.62792969,2a89ad829c6785ba0165ea20d58a928d9414fe631e3b6ba5b3648b1b2ba135b2,0,0,1.6972100734710693,
1,local-qwen35-27b-m128-projection,int8,0.0770000042,True,0,0.00378558493,6.62792969,2a89ad829c6785ba0165ea20d58a928d9414fe631e3b6ba5b3648b1b2ba135b2,0,0,1.696441888809204,
1,local-qwen35-27b-m128-projection,previous_fp32,0.116333336,True,0,0.0003235444,0.804199219,c6729be875b3ae4b701a168e059522cdc21f42c9d512714405c3a7ede9bb31fe,0,0,1.233036756515503,
1,local-qwen35-27b-m128-projection,fp32,0.116958341,True,0,0.0003235444,0.804199219,c6729be875b3ae4b701a168e059522cdc21f42c9d512714405c3a7ede9bb31fe,0,0,1.2295589447021484,
1,local-qwen35-27b-m128-projection,previous_fp16,0.0997500028,True,0,0.000328560522,0.761474609,fcc156423cb0beb5462b0d07939786d77b41b355f92249d73dfcb647dbe6de59,0,0,1.3888399600982666,
1,local-qwen35-27b-m128-projection,fp16,0.100124991,True,0,0.000328560522,0.761474609,fcc156423cb0beb5462b0d07939786d77b41b355f92249d73dfcb647dbe6de59,0,0,1.3880410194396973,
1,local-qwen35-27b-m32-down,mlx,0.29025,True,0,0.000242191,1.52124,,,,0.9429519176483154,
1,local-qwen35-27b-m32-down,previous_int8,0.309875002,True,0,0.00349149019,18.4431152,6e49e8a1851989c42ffc03ab9e9043534fa6b9ef40e679278732f5e196c965f7,0,0,0.9740660190582275,
1,local-qwen35-27b-m32-down,int8,0.309208321,True,0,0.00349149019,18.4431152,6e49e8a1851989c42ffc03ab9e9043534fa6b9ef40e679278732f5e196c965f7,0,0,0.9642758369445801,
1,local-qwen35-27b-m32-down,previous_fp32,0.484624994,True,0,0.000204567915,1.76806641,e40cfae591d4473aba2c6958e6368f534be66221c954bc0a568a47a63c7cf91a,0,0,0.8445649147033691,
1,local-qwen35-27b-m32-down,fp32,0.486041667,True,0,0.000204567915,1.76806641,e40cfae591d4473aba2c6958e6368f534be66221c954bc0a568a47a63c7cf91a,0,0,0.847548246383667,
1,local-qwen35-27b-m32-down,previous_fp16,0.464249999,True,0,0.000204567915,1.76806641,e40cfae591d4473aba2c6958e6368f534be66221c954bc0a568a47a63c7cf91a,0,0,0.8519330024719238,
1,local-qwen35-27b-m32-down,fp16,0.464416662,True,0,0.000204567915,1.76806641,e40cfae591d4473aba2c6958e6368f534be66221c954bc0a568a47a63c7cf91a,0,0,0.8547718524932861,
1,local-qwen35-27b-m32-up,mlx,0.283167,True,0,0.000219561,0.251221,,,,0.9188458919525146,
1,local-qwen35-27b-m32-up,previous_int8,0.103999992,True,0,0.00409227875,6.58349609,3af63876e1aff5fd480bb4d99ddcc3b9f800547d72844aca823ff8bdd3fa112a,0,0,1.4729936122894287,
1,local-qwen35-27b-m32-up,int8,0.102666672,True,0,0.00409227875,6.58349609,3af63876e1aff5fd480bb4d99ddcc3b9f800547d72844aca823ff8bdd3fa112a,0,0,1.5068588256835938,
1,local-qwen35-27b-m32-up,previous_fp32,0.546249998,True,0,0.000227681208,0.504638672,32f569b865f8ba7ac88a9179b4860640b91ee7a8e19cdb3839df64d111af0b5c,0,0,0.8176510334014893,
1,local-qwen35-27b-m32-up,fp32,0.55287499,True,0,0.000227681208,0.504638672,32f569b865f8ba7ac88a9179b4860640b91ee7a8e19cdb3839df64d111af0b5c,0,0,0.8155069351196289,
1,local-qwen35-27b-m32-up,previous_fp16,0.552500002,True,0,0.000227681208,0.504638672,32f569b865f8ba7ac88a9179b4860640b91ee7a8e19cdb3839df64d111af0b5c,0,0,0.8187332153320312,
1,local-qwen35-27b-m32-up,fp16,0.540791661,True,0,0.000227681208,0.504638672,32f569b865f8ba7ac88a9179b4860640b91ee7a8e19cdb3839df64d111af0b5c,0,0,0.8186399936676025,
1,local-qwen35-27b-m32-projection,mlx,0.0954583,True,0,0.000271004,0.41626,,,,1.4436681270599365,
1,local-qwen35-27b-m32-projection,previous_int8,0.0757083326,True,0,0.00377496697,6.57348633,471863a25363520286dd93d76efeeaf61de6cf8f9d330b89a82b453f9189d07a,0,0,1.5760581493377686,
1,local-qwen35-27b-m32-projection,int8,0.0759999966,True,0,0.00377496697,6.57348633,471863a25363520286dd93d76efeeaf61de6cf8f9d330b89a82b453f9189d07a,0,0,1.7144100666046143,
1,local-qwen35-27b-m32-projection,previous_fp32,0.142624995,True,0,0.000298577265,0.777099609,67f6c5fa39b1a8a33c5e75d1d29c3bd995af9dde1f3f2fcf3db50c9d7b39dbbf,0,0,1.1021671295166016,
1,local-qwen35-27b-m32-projection,fp32,0.141750003,True,0,0.000298577265,0.777099609,67f6c5fa39b1a8a33c5e75d1d29c3bd995af9dde1f3f2fcf3db50c9d7b39dbbf,0,0,1.1028721332550049,
1,local-qwen35-27b-m32-projection,previous_fp16,0.142416669,True,0,0.000298577265,0.777099609,67f6c5fa39b1a8a33c5e75d1d29c3bd995af9dde1f3f2fcf3db50c9d7b39dbbf,0,0,1.1050519943237305,
1,local-qwen35-27b-m32-projection,fp16,0.141416662,True,0,0.000298577265,0.777099609,67f6c5fa39b1a8a33c5e75d1d29c3bd995af9dde1f3f2fcf3db50c9d7b39dbbf,0,0,1.1077101230621338,
1,local-qwen35-27b-m8-down,mlx,0.180667,True,0,0.000248733,0.962891,,,,1.129316806793213,
1,local-qwen35-27b-m8-down,previous_int8,0.0930416718,True,0,0.00392293192,22.1647949,8c1507082732d5266ae9b796ccea784f28e4d05c8a2ae179635eac4359f20159,0,0,1.6007730960845947,
1,local-qwen35-27b-m8-down,int8,0.0955833384,True,0,0.00392293192,22.1647949,8c1507082732d5266ae9b796ccea784f28e4d05c8a2ae179635eac4359f20159,0,0,1.586695909500122,
1,local-qwen35-27b-m8-down,previous_fp32,0.252124999,True,0,0.000423675146,4.08813477,83ddba17d465a11c758a5cff332bc3c928e0bc5fafaa996bacc4e379264b7ad9,0,0,1.0451149940490723,
1,local-qwen35-27b-m8-down,fp32,0.246083335,True,0,0.000423675146,4.08813477,83ddba17d465a11c758a5cff332bc3c928e0bc5fafaa996bacc4e379264b7ad9,0,0,0.9779071807861328,
1,local-qwen35-27b-m8-down,previous_fp16,0.25633334,True,0,0.000423675146,4.08813477,83ddba17d465a11c758a5cff332bc3c928e0bc5fafaa996bacc4e379264b7ad9,0,0,0.981010913848877,
1,local-qwen35-27b-m8-down,fp16,0.249749995,True,0,0.000423675146,4.08813477,83ddba17d465a11c758a5cff332bc3c928e0bc5fafaa996bacc4e379264b7ad9,0,0,0.9836320877075195,
1,local-qwen35-27b-m8-up,mlx,0.21275,True,0,0.000195179,0.251221,,,,1.0893208980560303,
1,local-qwen35-27b-m8-up,previous_int8,0.0914999982,True,0,0.00381543623,6.61352539,cbdec3ca26a50eb6227a4bcd7399f570eca3f5fbbca14820c2dfcc4800bf1c0e,0,0,1.6180570125579834,
1,local-qwen35-27b-m8-up,int8,0.0928750087,True,0,0.00381543623,6.61352539,cbdec3ca26a50eb6227a4bcd7399f570eca3f5fbbca14820c2dfcc4800bf1c0e,0,0,1.5798897743225098,
1,local-qwen35-27b-m8-up,previous_fp32,0.22875001,True,0,0.000291193713,0.975097656,d25f581f94da1f784077236339dfaab049c243e8aafc8af80862fe936b6b9941,0,0,0.9991953372955322,
1,local-qwen35-27b-m8-up,fp32,0.230708334,True,0,0.000291193713,0.975097656,d25f581f94da1f784077236339dfaab049c243e8aafc8af80862fe936b6b9941,0,0,0.9953668117523193,
1,local-qwen35-27b-m8-up,previous_fp16,0.22820833,True,0,0.000291193713,0.975097656,d25f581f94da1f784077236339dfaab049c243e8aafc8af80862fe936b6b9941,0,0,1.000535011291504,
1,local-qwen35-27b-m8-up,fp16,0.228958335,True,0,0.000291193713,0.975097656,d25f581f94da1f784077236339dfaab049c243e8aafc8af80862fe936b6b9941,0,0,0.995046854019165,
1,local-qwen35-27b-m8-projection,mlx,0.042875,True,0,0.000246429,0.41626,,,,2.452254056930542,
1,local-qwen35-27b-m8-projection,previous_int8,0.0347499881,True,0,0.00376848441,6.53344727,f6cfacd1472e03f17d67f961c71823c67b2751e57529f8405ff9354b68fce7c1,0,0,2.9260361194610596,
1,local-qwen35-27b-m8-projection,int8,0.0346250017,True,0,0.00376848441,6.53344727,f6cfacd1472e03f17d67f961c71823c67b2751e57529f8405ff9354b68fce7c1,0,0,2.908473014831543,
1,local-qwen35-27b-m8-projection,previous_fp32,0.0487500074,True,0,0.000250911787,0.71484375,8c530e4e3ec268526816cfc45a83c70f83f447916b835e1e2a75e711922d1064,0,0,2.197721004486084,
1,local-qwen35-27b-m8-projection,fp32,0.0514583371,True,0,0.000250911787,0.71484375,8c530e4e3ec268526816cfc45a83c70f83f447916b835e1e2a75e711922d1064,0,0,2.182241916656494,
1,local-qwen35-27b-m8-projection,previous_fp16,0.0497083383,True,0,0.000250911787,0.71484375,8c530e4e3ec268526816cfc45a83c70f83f447916b835e1e2a75e711922d1064,0,0,2.2356059551239014,
1,local-qwen35-27b-m8-projection,fp16,0.0483750046,True,0,0.000250911787,0.71484375,8c530e4e3ec268526816cfc45a83c70f83f447916b835e1e2a75e711922d1064,0,0,2.203640937805176,
1,local-qwen35-27b-m2-down,mlx,0.157917,True,0,0.000197871,1.44873,,,,1.1809520721435547,
1,local-qwen35-27b-m2-down,previous_int8,0.0539999892,True,0,0.00208792511,10.9389648,1fe8e61439281390b0ca7e5ac98b95edafd64728f7c43c72f3bc44b48d1e336f,0,0,2.354404926300049,
1,local-qwen35-27b-m2-down,int8,0.054499993,True,0,0.00208792511,10.9389648,1fe8e61439281390b0ca7e5ac98b95edafd64728f7c43c72f3bc44b48d1e336f,0,0,2.330435037612915,
1,local-qwen35-27b-m2-down,previous_fp32,0.180874995,True,0,0.000210660568,1.47412109,c71e756d6dba022cde5d3acde4c7364eb56125d7f695415a4e95473c2cdb90bf,0,0,1.092993974685669,
1,local-qwen35-27b-m2-down,fp32,0.182916672,True,0,0.000210660568,1.47412109,c71e756d6dba022cde5d3acde4c7364eb56125d7f695415a4e95473c2cdb90bf,0,0,1.0963420867919922,
1,local-qwen35-27b-m2-down,previous_fp16,0.181875002,True,0,0.000210660568,1.47412109,c71e756d6dba022cde5d3acde4c7364eb56125d7f695415a4e95473c2cdb90bf,0,0,1.0989007949829102,
1,local-qwen35-27b-m2-down,fp16,0.179458322,True,0,0.000210660568,1.47412109,c71e756d6dba022cde5d3acde4c7364eb56125d7f695415a4e95473c2cdb90bf,0,0,1.1058578491210938,
1,local-qwen35-27b-m2-up,mlx,0.152625,True,0,0.000276285,0.424805,,,,1.199087142944336,
1,local-qwen35-27b-m2-up,previous_int8,0.0467499922,True,0,0.00199916115,3.25170898,992afa32785e4bbf12f975835f29b24c1ecdf9da3842d8d14148042fe7e03268,0,0,2.527512788772583,
1,local-qwen35-27b-m2-up,int8,0.0470000086,True,0,0.00199916115,3.25170898,992afa32785e4bbf12f975835f29b24c1ecdf9da3842d8d14148042fe7e03268,0,0,2.5761799812316895,
1,local-qwen35-27b-m2-up,previous_fp32,0.160041673,True,0,0.000211732651,0.457763672,c9fc7e7e9ebc04ba671dd4a93228239439e3803ee4dba697aa4a6f6bd3dad564,0,0,1.1513431072235107,
1,local-qwen35-27b-m2-up,fp32,0.159916657,True,0,0.000211732651,0.457763672,c9fc7e7e9ebc04ba671dd4a93228239439e3803ee4dba697aa4a6f6bd3dad564,0,0,1.163196086883545,
1,local-qwen35-27b-m2-up,previous_fp16,0.160666677,True,0,0.000211732651,0.457763672,c9fc7e7e9ebc04ba671dd4a93228239439e3803ee4dba697aa4a6f6bd3dad564,0,0,1.1652989387512207,
1,local-qwen35-27b-m2-up,fp16,0.160958327,True,0,0.000211732651,0.457763672,c9fc7e7e9ebc04ba671dd4a93228239439e3803ee4dba697aa4a6f6bd3dad564,0,0,1.1508088111877441,
1,local-qwen35-27b-m2-projection,mlx,0.0285,True,0,0.000278736,0.41626,,,,3.464607000350952,
1,local-qwen35-27b-m2-projection,previous_int8,0.0181249925,True,0,0.00188408641,2.97729492,1e3de2f8458b32c929e0ac627a56a737ff9597316df75cb4be806e38727be98c,0,0,4.845189094543457,
1,local-qwen35-27b-m2-projection,int8,0.018125007,True,0,0.00188408641,2.97729492,1e3de2f8458b32c929e0ac627a56a737ff9597316df75cb4be806e38727be98c,0,0,5.01450514793396,
1,local-qwen35-27b-m2-projection,previous_fp32,0.0412083318,True,0,0.000212995184,0.4765625,caeab5229f6904a5e8fc535a337ecc45cdd9cd0b22692cef02fec9afc7442593,0,0,2.489765167236328,
1,local-qwen35-27b-m2-projection,fp32,0.0410416542,True,0,0.000212995184,0.4765625,caeab5229f6904a5e8fc535a337ecc45cdd9cd0b22692cef02fec9afc7442593,0,0,2.5149707794189453,
1,local-qwen35-27b-m2-projection,previous_fp16,0.0409999921,True,0,0.000212995184,0.4765625,caeab5229f6904a5e8fc535a337ecc45cdd9cd0b22692cef02fec9afc7442593,0,0,2.489689826965332,
1,local-qwen35-27b-m2-projection,fp16,0.0409999921,True,0,0.000212995184,0.4765625,caeab5229f6904a5e8fc535a337ecc45cdd9cd0b22692cef02fec9afc7442593,0,0,2.482896089553833,
1,local-qwen35-27b-m1-down,mlx,0.158375,True,0,0.000248161,0.441895,,,,1.1886918544769287,
1,local-qwen35-27b-m1-down,previous_int8,0.0526250078,True,0,0.00216791359,10.9389648,00cd019efe5aeaff18e7490081acdf478a919d4e001994703a931e0a941531c5,0,0,2.4716339111328125,
1,local-qwen35-27b-m1-down,int8,0.0521249895,True,0,0.00216791359,10.9389648,00cd019efe5aeaff18e7490081acdf478a919d4e001994703a931e0a941531c5,0,0,2.3256218433380127,
1,local-qwen35-27b-m1-down,previous_fp32,0.175624999,True,0,0.000196611269,1.78417969,1fccb3927564cf513820bee8fd3b2641ea3f47e4680d92772e2c40d0ec855577,0,0,1.112818956375122,
1,local-qwen35-27b-m1-down,fp32,0.176208341,True,0,0.000196611269,1.78417969,1fccb3927564cf513820bee8fd3b2641ea3f47e4680d92772e2c40d0ec855577,0,0,1.11393404006958,
1,local-qwen35-27b-m1-down,previous_fp16,0.178166665,True,0,0.000196611269,1.78417969,1fccb3927564cf513820bee8fd3b2641ea3f47e4680d92772e2c40d0ec855577,0,0,1.109405755996704,
1,local-qwen35-27b-m1-down,fp16,0.174999994,True,0,0.000196611269,1.78417969,1fccb3927564cf513820bee8fd3b2641ea3f47e4680d92772e2c40d0ec855577,0,0,1.1176903247833252,
1,local-qwen35-27b-m1-up,mlx,0.154125,True,0,0.000251135,0.251221,,,,1.1845901012420654,
1,local-qwen35-27b-m1-up,previous_int8,0.046125002,True,0,0.00207648175,3.03344727,2003cbb37a1a49f67540da16e4cd684a017436c9f99c0e17385c0c113f78ea67,0,0,2.650691032409668,
1,local-qwen35-27b-m1-up,int8,0.0457499991,True,0,0.00207648175,3.03344727,2003cbb37a1a49f67540da16e4cd684a017436c9f99c0e17385c0c113f78ea67,0,0,2.582308053970337,
1,local-qwen35-27b-m1-up,previous_fp32,0.158291659,True,0,0.000209434276,0.457763672,641e8d81856a42664a2cad52a36e71fe5da2d4bb1682f5bbeffe339a6b9d6a99,0,0,1.1622159481048584,
1,local-qwen35-27b-m1-up,fp32,0.158125011,True,0,0.000209434276,0.457763672,641e8d81856a42664a2cad52a36e71fe5da2d4bb1682f5bbeffe339a6b9d6a99,0,0,1.2008380889892578,
1,local-qwen35-27b-m1-up,previous_fp16,0.159166666,True,0,0.000209434276,0.457763672,641e8d81856a42664a2cad52a36e71fe5da2d4bb1682f5bbeffe339a6b9d6a99,0,0,1.2155299186706543,
1,local-qwen35-27b-m1-up,fp16,0.159291667,True,0,0.000209434276,0.457763672,641e8d81856a42664a2cad52a36e71fe5da2d4bb1682f5bbeffe339a6b9d6a99,0,0,1.1735141277313232,
1,local-qwen35-27b-m1-projection,mlx,0.02625,True,0,0.000325984,0.41626,,,,3.722299814224243,
1,local-qwen35-27b-m1-projection,previous_int8,0.0173750013,True,0,0.00197033392,2.97729492,9492174a9a6ef0a93e9eba8f1ddd4c8e30729458b7a8c7fb43d6ce54c8918fdd,0,0,5.11044979095459,
1,local-qwen35-27b-m1-projection,int8,0.0173750013,True,0,0.00197033392,2.97729492,9492174a9a6ef0a93e9eba8f1ddd4c8e30729458b7a8c7fb43d6ce54c8918fdd,0,0,5.143193960189819,
1,local-qwen35-27b-m1-projection,previous_fp32,0.0395416573,True,0,0.000210415967,0.457763672,561e6b251094fd9b68eade0a30e203599b2043162649a1cdfc7a25bc69c61af6,0,0,2.544877052307129,
1,local-qwen35-27b-m1-projection,fp32,0.0402500009,True,0,0.000210415967,0.457763672,561e6b251094fd9b68eade0a30e203599b2043162649a1cdfc7a25bc69c61af6,0,0,2.572572946548462,
1,local-qwen35-27b-m1-projection,previous_fp16,0.0407499901,True,0,0.000210415967,0.457763672,561e6b251094fd9b68eade0a30e203599b2043162649a1cdfc7a25bc69c61af6,0,0,2.495429277420044,
1,local-qwen35-27b-m1-projection,fp16,0.0405833271,True,0,0.000210415967,0.457763672,561e6b251094fd9b68eade0a30e203599b2043162649a1cdfc7a25bc69c61af6,0,0,2.516522169113159,
1,local-qwen35-9b-m4096-down,mlx,5.44758,True,0,0.000102363,0.376709,,,,0.7358260154724121,
1,local-qwen35-9b-m4096-down,previous_int8,1.93375,True,0,0.00356405594,15.8679199,779a148409efb7bb2af62d28d443e63f2b780b01ef15cc6eb87ae0a2e08e9e74,0,0,0.7270851135253906,
1,local-qwen35-9b-m4096-down,int8,1.9495,True,0,0.00356405594,15.8679199,779a148409efb7bb2af62d28d443e63f2b780b01ef15cc6eb87ae0a2e08e9e74,0,0,0.7307107448577881,
1,local-qwen35-9b-m4096-down,previous_fp32,3.99499999,True,0,0.000307669286,1.44580078,056497784d0f977323ed4b8c5bf077203fc2e7265b0a8ab89799bb5e71c6606f,0,0,0.6830198764801025,
1,local-qwen35-9b-m4096-down,fp32,3.99141667,True,0,0.000307669286,1.44580078,056497784d0f977323ed4b8c5bf077203fc2e7265b0a8ab89799bb5e71c6606f,0,0,0.6844632625579834,
1,local-qwen35-9b-m4096-down,previous_fp16,3.5035,True,0,0.000311226981,1.44580078,8174478b12204f7945821fec78a6d9cd176716063cd1bbf32309c3b7e3f61241,0,0,0.6836609840393066,
1,local-qwen35-9b-m4096-down,fp16,3.49100001,True,0,0.000311226981,1.44580078,8174478b12204f7945821fec78a6d9cd176716063cd1bbf32309c3b7e3f61241,0,0,0.6843130588531494,
1,local-qwen35-9b-m4096-up,mlx,3.24604,True,0,0.000203526,0.199707,,,,0.827427864074707,
1,local-qwen35-9b-m4096-up,previous_int8,1.79379167,True,0,0.0040584335,5.23535156,521aa026f4698744f2e5ea3f121e00b7bc3a69392756483f7f630f5d45b8d682,0,0,0.7478110790252686,
1,local-qwen35-9b-m4096-up,int8,1.79441668,True,0,0.0040584335,5.23535156,521aa026f4698744f2e5ea3f121e00b7bc3a69392756483f7f630f5d45b8d682,0,0,0.739389181137085,
1,local-qwen35-9b-m4096-up,previous_fp32,3.24624999,True,0,0.000188390145,0.299316406,f123e11447a6330e1e62e68488529924e7ccd5109a826f878b6fe5d05ab99f48,0,0,0.6941633224487305,
1,local-qwen35-9b-m4096-up,fp32,3.24758333,True,0,0.000188390145,0.299316406,f123e11447a6330e1e62e68488529924e7ccd5109a826f878b6fe5d05ab99f48,0,0,0.6998410224914551,
1,local-qwen35-9b-m4096-up,previous_fp16,3.24616667,True,0,0.000188390145,0.299316406,f123e11447a6330e1e62e68488529924e7ccd5109a826f878b6fe5d05ab99f48,0,0,0.6982111930847168,
1,local-qwen35-9b-m4096-up,fp16,3.24737499,True,0,0.000188390145,0.299316406,f123e11447a6330e1e62e68488529924e7ccd5109a826f878b6fe5d05ab99f48,0,0,0.693007230758667,
1,local-qwen35-9b-m4096-projection,mlx,1.09158,True,0,0.000279972,0.393555,,,,0.7326850891113281,
1,local-qwen35-9b-m4096-projection,previous_int8,0.627541667,True,0,0.00385180616,4.32373047,e4b5306e4af4713229a557fb85b81a0026a2032e2b86c9f5bd74fe30659730a1,0,0,0.7901999950408936,
1,local-qwen35-9b-m4096-projection,int8,0.627875008,True,0,0.00385180616,4.32373047,e4b5306e4af4713229a557fb85b81a0026a2032e2b86c9f5bd74fe30659730a1,0,0,0.7787380218505859,
1,local-qwen35-9b-m4096-projection,previous_fp32,1.09458333,True,0,0.000208710424,0.429199219,438aed6e8f0a39e48a59fade7eba2ce5dddab1a794b9c131dc7b556b07cf8c64,0,0,0.6897048950195312,
1,local-qwen35-9b-m4096-projection,fp32,1.09600001,True,0,0.000208710424,0.429199219,438aed6e8f0a39e48a59fade7eba2ce5dddab1a794b9c131dc7b556b07cf8c64,0,0,0.686424970626831,
1,local-qwen35-9b-m4096-projection,previous_fp16,1.09691666,True,0,0.000208710424,0.429199219,438aed6e8f0a39e48a59fade7eba2ce5dddab1a794b9c131dc7b556b07cf8c64,0,0,0.6907851696014404,
1,local-qwen35-9b-m4096-projection,fp16,1.095625,True,0,0.000208710424,0.429199219,438aed6e8f0a39e48a59fade7eba2ce5dddab1a794b9c131dc7b556b07cf8c64,0,0,0.6831276416778564,
1,local-qwen35-9b-m3072-down,mlx,2.63379,True,0,0.000165976,0.859863,,,,0.710564136505127,
1,local-qwen35-9b-m3072-down,previous_int8,1.546125,True,0,0.00404025758,14.253418,4fc5f6b7c29abc40608b3aad803a80c7a0494e83b24d23d2026ff9187a416080,0,0,0.7341501712799072,
1,local-qwen35-9b-m3072-down,int8,1.56554168,True,0,0.00404025758,14.253418,4fc5f6b7c29abc40608b3aad803a80c7a0494e83b24d23d2026ff9187a416080,0,0,0.7276411056518555,
1,local-qwen35-9b-m3072-down,previous_fp32,2.62820834,True,0,0.000152012368,0.788330078,3dbae3e3f3efd94656295c11ccce8a9da7cb08c594cea8e8971f1661d19d5914,0,0,0.6813340187072754,
1,local-qwen35-9b-m3072-down,fp32,2.63125,True,0,0.000152012368,0.788330078,3dbae3e3f3efd94656295c11ccce8a9da7cb08c594cea8e8971f1661d19d5914,0,0,0.6865479946136475,
1,local-qwen35-9b-m3072-down,previous_fp16,2.63325,True,0,0.000152012368,0.788330078,3dbae3e3f3efd94656295c11ccce8a9da7cb08c594cea8e8971f1661d19d5914,0,0,0.6826200485229492,
1,local-qwen35-9b-m3072-down,fp16,2.63354166,True,0,0.000152012368,0.788330078,3dbae3e3f3efd94656295c11ccce8a9da7cb08c594cea8e8971f1661d19d5914,0,0,0.6814041137695312,
1,local-qwen35-9b-m3072-up,mlx,2.4885,True,0,0.000183456,0.140381,,,,0.781134843826294,
1,local-qwen35-9b-m3072-up,previous_int8,1.37100001,True,0,0.00391097979,5.31152344,99feb0f3a70f89eefa4b0db1f708021b2c4e3f4e6c36c96e6367ea44afe6f2d6,0,0,0.7424509525299072,
1,local-qwen35-9b-m3072-up,int8,1.37075,True,0,0.00391097979,5.31152344,99feb0f3a70f89eefa4b0db1f708021b2c4e3f4e6c36c96e6367ea44afe6f2d6,0,0,0.7471029758453369,
1,local-qwen35-9b-m3072-up,previous_fp32,2.45366668,True,0,0.000212270398,0.458984375,8921a96d6391ecce93d967d1f2c8fb3f1f5c7a49eec54aee5c13b4360435d587,0,0,0.6821949481964111,
1,local-qwen35-9b-m3072-up,fp32,2.4925,True,0,0.000212270398,0.458984375,8921a96d6391ecce93d967d1f2c8fb3f1f5c7a49eec54aee5c13b4360435d587,0,0,0.6792588233947754,
1,local-qwen35-9b-m3072-up,previous_fp16,2.45383332,True,0,0.000212270398,0.458984375,8921a96d6391ecce93d967d1f2c8fb3f1f5c7a49eec54aee5c13b4360435d587,0,0,0.6940011978149414,
1,local-qwen35-9b-m3072-up,fp16,2.45175,True,0,0.000212270398,0.458984375,8921a96d6391ecce93d967d1f2c8fb3f1f5c7a49eec54aee5c13b4360435d587,0,0,0.6860370635986328,
1,local-qwen35-9b-m3072-projection,mlx,0.845792,True,0,0.000270747,0.393555,,,,0.7527737617492676,
1,local-qwen35-9b-m3072-projection,previous_int8,0.484624994,True,0,0.0044770311,5.31152344,b14955ef0090e269c523c105585db07bff81b4643c3a8f46b231feab4281aa0f,0,0,0.8256800174713135,
1,local-qwen35-9b-m3072-projection,int8,0.480499992,True,0,0.0044770311,5.31152344,b14955ef0090e269c523c105585db07bff81b4643c3a8f46b231feab4281aa0f,0,0,0.8253870010375977,
1,local-qwen35-9b-m3072-projection,previous_fp32,0.851250006,True,0,0.000197340469,0.286865234,0cf54298c3548abd3c27b043e769c405babe05607a59808fadcaa9f1eee5be4b,0,0,0.7090070247650146,
1,local-qwen35-9b-m3072-projection,fp32,0.851124991,True,0,0.000197340469,0.286865234,0cf54298c3548abd3c27b043e769c405babe05607a59808fadcaa9f1eee5be4b,0,0,0.7059886455535889,
1,local-qwen35-9b-m3072-projection,previous_fp16,0.850291675,True,0,0.000197340469,0.286865234,0cf54298c3548abd3c27b043e769c405babe05607a59808fadcaa9f1eee5be4b,0,0,0.7062621116638184,
1,local-qwen35-9b-m3072-projection,fp16,0.848124997,True,0,0.000197340469,0.286865234,0cf54298c3548abd3c27b043e769c405babe05607a59808fadcaa9f1eee5be4b,0,0,0.7047910690307617,
1,local-qwen35-9b-m2048-down,mlx,1.77821,True,0,4.76615e-05,0.186035,,,,0.7066550254821777,
1,local-qwen35-9b-m2048-down,previous_int8,1.04824999,True,0,0.00378208061,15.9504395,af3ca4a47cbcfecd4178a2942ad0583d55e9392c4928c3d85fce8581f853101d,0,0,0.7268033027648926,
1,local-qwen35-9b-m2048-down,int8,1.05870834,True,0,0.00378208061,15.9504395,af3ca4a47cbcfecd4178a2942ad0583d55e9392c4928c3d85fce8581f853101d,0,0,0.7421908378601074,
1,local-qwen35-9b-m2048-down,previous_fp32,1.774,True,0,0.000173155314,0.83203125,8dc248dfe15222c0f2d3f336a9ef074531d2bb3e1b5b4cff0f5ae37c8edca39e,0,0,0.6731679439544678,
1,local-qwen35-9b-m2048-down,fp32,1.77591668,True,0,0.000173155314,0.83203125,8dc248dfe15222c0f2d3f336a9ef074531d2bb3e1b5b4cff0f5ae37c8edca39e,0,0,0.6800708770751953,
1,local-qwen35-9b-m2048-down,previous_fp16,1.775,True,0,0.000173155314,0.83203125,8dc248dfe15222c0f2d3f336a9ef074531d2bb3e1b5b4cff0f5ae37c8edca39e,0,0,0.6768581867218018,
1,local-qwen35-9b-m2048-down,fp16,1.77445833,True,0,0.000173155314,0.83203125,8dc248dfe15222c0f2d3f336a9ef074531d2bb3e1b5b4cff0f5ae37c8edca39e,0,0,0.6779887676239014,
1,local-qwen35-9b-m2048-up,mlx,1.65904,True,0,0.000163212,0.207764,,,,0.7540590763092041,
1,local-qwen35-9b-m2048-up,previous_int8,0.924416658,True,0,0.0039220115,5.28491211,a20612a919aa5ff5ee87f5a51d0802a6ddb73e52fdf2591ba2c7db8b9cb2f939,0,0,0.7698829174041748,
1,local-qwen35-9b-m2048-up,int8,0.922874999,True,0,0.0039220115,5.28491211,a20612a919aa5ff5ee87f5a51d0802a6ddb73e52fdf2591ba2c7db8b9cb2f939,0,0,0.7719662189483643,
1,local-qwen35-9b-m2048-up,previous_fp32,1.65995833,True,0,0.000184528702,0.247314453,eecd320673740ae600a6153c9f1cb491f2518180f405b1c28679405d7d23f263,0,0,0.6826138496398926,
1,local-qwen35-9b-m2048-up,fp32,1.6605,True,0,0.000184528702,0.247314453,eecd320673740ae600a6153c9f1cb491f2518180f405b1c28679405d7d23f263,0,0,0.6842138767242432,
1,local-qwen35-9b-m2048-up,previous_fp16,1.66004167,True,0,0.000184528702,0.247314453,eecd320673740ae600a6153c9f1cb491f2518180f405b1c28679405d7d23f263,0,0,0.6804020404815674,
1,local-qwen35-9b-m2048-up,fp16,1.661,True,0,0.000184528702,0.247314453,eecd320673740ae600a6153c9f1cb491f2518180f405b1c28679405d7d23f263,0,0,0.6836137771606445,
1,local-qwen35-9b-m2048-projection,mlx,0.595375,True,0,0.000210928,0.393555,,,,0.7816250324249268,
1,local-qwen35-9b-m2048-projection,previous_int8,0.325250003,True,0,0.00405805991,5.2746582,9fdbf35633ff251ef924afb5f90b4c6effc85a7c8e8df9b177760ab15783ff05,0,0,0.8469419479370117,
1,local-qwen35-9b-m2048-projection,int8,0.327375004,True,0,0.00405805991,5.2746582,9fdbf35633ff251ef924afb5f90b4c6effc85a7c8e8df9b177760ab15783ff05,0,0,0.8476979732513428,
1,local-qwen35-9b-m2048-projection,previous_fp32,0.591666671,True,0,0.000192784717,0.429199219,5d4f8347b987fd733582e3f6ebf73258f4a895baf674fc839d1c0e6341afc8da,0,0,0.7633767127990723,
1,local-qwen35-9b-m2048-projection,fp32,0.597083344,True,0,0.000192784717,0.429199219,5d4f8347b987fd733582e3f6ebf73258f4a895baf674fc839d1c0e6341afc8da,0,0,0.757962703704834,
1,local-qwen35-9b-m2048-projection,previous_fp16,0.598125014,True,0,0.000192784717,0.429199219,5d4f8347b987fd733582e3f6ebf73258f4a895baf674fc839d1c0e6341afc8da,0,0,0.7592489719390869,
1,local-qwen35-9b-m2048-projection,fp16,0.600750005,True,0,0.000192784717,0.429199219,5d4f8347b987fd733582e3f6ebf73258f4a895baf674fc839d1c0e6341afc8da,0,0,0.7533299922943115,
1,local-qwen35-9b-m1024-down,mlx,0.909625,True,0,0.000196191,0.47876,,,,0.7419002056121826,
1,local-qwen35-9b-m1024-down,previous_int8,0.714499998,True,0,0.00395335867,15.9504395,43f7a8fdd88ed75d98694cf80e10f26b64f0a4eeeed0318c98cc23b1f6c17f68,0,0,0.7983238697052002,
1,local-qwen35-9b-m1024-down,int8,0.721041666,True,0,0.00395335867,15.9504395,43f7a8fdd88ed75d98694cf80e10f26b64f0a4eeeed0318c98cc23b1f6c17f68,0,0,0.7905142307281494,
1,local-qwen35-9b-m1024-down,previous_fp32,0.908541653,True,0,0.000180987237,0.848876953,d678aae8f0b5d7759c2788550498d9cb96bb9b194c63f0533b2143c2e6f48d6b,0,0,0.7175841331481934,
1,local-qwen35-9b-m1024-down,fp32,0.911916679,True,0,0.000180987237,0.848876953,d678aae8f0b5d7759c2788550498d9cb96bb9b194c63f0533b2143c2e6f48d6b,0,0,0.7227587699890137,
1,local-qwen35-9b-m1024-down,previous_fp16,0.885083326,True,0,0.000286187673,1.73095703,a57ca1223352dae39c4f090601208dfaf4256441058c6ab071cf300ef08fa5e7,0,0,0.7299339771270752,
1,local-qwen35-9b-m1024-down,fp16,0.885291665,True,0,0.000286187673,1.73095703,a57ca1223352dae39c4f090601208dfaf4256441058c6ab071cf300ef08fa5e7,0,0,0.7283711433410645,
1,local-qwen35-9b-m1024-up,mlx,0.85825,True,0,0.000124992,0.0957031,,,,0.7665629386901855,
1,local-qwen35-9b-m1024-up,previous_int8,0.489750004,True,0,0.00392091331,4.82397461,5997b89cc83c04451215ad4387ab7a7f2481cbecfe82196e8e542d728a09df0e,0,0,0.8644349575042725,
1,local-qwen35-9b-m1024-up,int8,0.490125007,True,0,0.00392091331,4.82397461,5997b89cc83c04451215ad4387ab7a7f2481cbecfe82196e8e542d728a09df0e,0,0,0.859870195388794,
1,local-qwen35-9b-m1024-up,previous_fp32,0.856791681,True,0,0.000173687823,0.286865234,2ec3cb0767548ca4cf35f33b206ee88571affb592523da757e2c4c20cb8a1f24,0,0,0.7319238185882568,
1,local-qwen35-9b-m1024-up,fp32,0.858416664,True,0,0.000173687823,0.286865234,2ec3cb0767548ca4cf35f33b206ee88571affb592523da757e2c4c20cb8a1f24,0,0,0.7271630764007568,
1,local-qwen35-9b-m1024-up,previous_fp16,0.844833325,True,0,0.0002771763,0.539794922,7dd6172ae68b30117d49576cf2231f965c869804d18d7b745fa00a5368b9dcf9,0,0,0.7293610572814941,
1,local-qwen35-9b-m1024-up,fp16,0.844708324,True,0,0.0002771763,0.539794922,7dd6172ae68b30117d49576cf2231f965c869804d18d7b745fa00a5368b9dcf9,0,0,0.732025146484375,
1,local-qwen35-9b-m1024-projection,mlx,0.309833,True,0,0.000324493,0.46875,,,,0.8387150764465332,
1,local-qwen35-9b-m1024-projection,previous_int8,0.173624998,True,0,0.00423837912,5.2746582,c42efa645f2fa962df5a3bc69bb54f99fddad988f914b40b57e26eee4592502e,0,0,1.0292551517486572,
1,local-qwen35-9b-m1024-projection,int8,0.174125002,True,0,0.00423837912,5.2746582,c42efa645f2fa962df5a3bc69bb54f99fddad988f914b40b57e26eee4592502e,0,0,1.0309009552001953,
1,local-qwen35-9b-m1024-projection,previous_fp32,0.312999997,True,0,0.000171861562,0.286865234,d6bd96fc88151b939f8a463e62c90b3ea955e296e8860828138c6062096c78fe,0,0,0.8223040103912354,
1,local-qwen35-9b-m1024-projection,fp32,0.313375,True,0,0.000171861562,0.286865234,d6bd96fc88151b939f8a463e62c90b3ea955e296e8860828138c6062096c78fe,0,0,0.8248958587646484,
1,local-qwen35-9b-m1024-projection,previous_fp16,0.303249995,True,0,0.00034569843,0.622558594,b39388994020f237506b454376f141ffa4989ef363c591fc8dca1f87c1bfd396,0,0,0.8370819091796875,
1,local-qwen35-9b-m1024-projection,fp16,0.303291672,True,0,0.00034569843,0.622558594,b39388994020f237506b454376f141ffa4989ef363c591fc8dca1f87c1bfd396,0,0,0.8342738151550293,
1,local-qwen35-9b-m512-down,mlx,0.486333,True,0,0.000184562,0.677246,,,,0.8421142101287842,
1,local-qwen35-9b-m512-down,previous_int8,0.327083326,True,0,0.00354970361,14.2524414,a3382d70f9ddf918a088158fac534ae0655e92249fb67fefc5afbc51526b10df,0,0,0.8818397521972656,
1,local-qwen35-9b-m512-down,int8,0.327041664,True,0,0.00354970361,14.2524414,a3382d70f9ddf918a088158fac534ae0655e92249fb67fefc5afbc51526b10df,0,0,0.8948242664337158,
1,local-qwen35-9b-m512-down,previous_fp32,0.486999998,True,0,0.00018315951,0.871337891,acf64b307f88d2283a52f029020787586393a4e63e9689d3d9ce7d0c038ce696,0,0,0.832129955291748,
1,local-qwen35-9b-m512-down,fp32,0.487833342,True,0,0.00018315951,0.871337891,acf64b307f88d2283a52f029020787586393a4e63e9689d3d9ce7d0c038ce696,0,0,0.8382501602172852,
1,local-qwen35-9b-m512-down,previous_fp16,0.464875004,True,0,0.000328209275,1.86621094,fa28d5e806e66d0ab630293cf227fe5a497a3c9ca5d878fcdb7dcde07d8e7b81,0,0,0.8372020721435547,
1,local-qwen35-9b-m512-down,fp16,0.464124998,True,0,0.000328209275,1.86621094,fa28d5e806e66d0ab630293cf227fe5a497a3c9ca5d878fcdb7dcde07d8e7b81,0,0,0.8394291400909424,
1,local-qwen35-9b-m512-up,mlx,0.448417,True,0,0.000240713,0.344727,,,,0.8765370845794678,
1,local-qwen35-9b-m512-up,previous_int8,0.256541665,True,0,0.00396103742,4.76367188,de662cb4221103a39e5af9fc79a1da80ed119cd64f38166caf6b63ae0dcf4024,0,0,0.9439280033111572,
1,local-qwen35-9b-m512-up,int8,0.253249993,True,0,0.00396103742,4.76367188,de662cb4221103a39e5af9fc79a1da80ed119cd64f38166caf6b63ae0dcf4024,0,0,0.9413919448852539,
1,local-qwen35-9b-m512-up,previous_fp32,0.451500004,True,0,0.000206927776,0.398681641,5ddecbfa7a941157648fa2a25c02438e5cd3eea047c6960177baeb7472b39670,0,0,0.8509669303894043,
1,local-qwen35-9b-m512-up,fp32,0.448791674,True,0,0.000206927776,0.398681641,5ddecbfa7a941157648fa2a25c02438e5cd3eea047c6960177baeb7472b39670,0,0,0.8436310291290283,
1,local-qwen35-9b-m512-up,previous_fp16,0.440874996,True,0,0.000319339378,0.601318359,b8edce4691fee584b0279d628aa0b85c1ca5a28bd7ff80da3e1ce2cfe32dc7d9,0,0,0.8469066619873047,
1,local-qwen35-9b-m512-up,fp16,0.440374992,True,0,0.000319339378,0.601318359,b8edce4691fee584b0279d628aa0b85c1ca5a28bd7ff80da3e1ce2cfe32dc7d9,0,0,0.8452839851379395,
1,local-qwen35-9b-m512-projection,mlx,0.17875,True,0,0.000297948,0.393555,,,,1.0026617050170898,
1,local-qwen35-9b-m512-projection,previous_int8,0.107374988,True,0,0.00422996076,5.27832031,ecbcd5b864b1ea3a106d6687d594e07d7cab286743f9168ffa25e066b20eb68f,0,0,1.3960039615631104,
1,local-qwen35-9b-m512-projection,int8,0.105250001,True,0,0.00422996076,5.27832031,ecbcd5b864b1ea3a106d6687d594e07d7cab286743f9168ffa25e066b20eb68f,0,0,1.4215710163116455,
1,local-qwen35-9b-m512-projection,previous_fp32,0.179750001,True,0,0.000200108219,0.286865234,8eae2df5ae179f3669bbd9ad3a19caeaea01a65fd13c9b57e391ea98a82a2705,0,0,1.0937340259552002,
1,local-qwen35-9b-m512-projection,fp32,0.179708324,True,0,0.000200108219,0.286865234,8eae2df5ae179f3669bbd9ad3a19caeaea01a65fd13c9b57e391ea98a82a2705,0,0,1.0888559818267822,
1,local-qwen35-9b-m512-projection,previous_fp16,0.164750003,True,0,0.000302085613,0.749023438,99f06339768f92a73a0585b1318dfec3fa56b097ce98ee30070cd8fb031f476b,0,0,1.1299841403961182,
1,local-qwen35-9b-m512-projection,fp16,0.164500001,True,0,0.000302085613,0.749023438,99f06339768f92a73a0585b1318dfec3fa56b097ce98ee30070cd8fb031f476b,0,0,1.0828299522399902,
1,local-qwen35-9b-m128-down,mlx,0.273583,True,0,9.77227e-05,0.302246,,,,0.9623689651489258,
1,local-qwen35-9b-m128-down,previous_int8,0.271416662,True,0,0.00367253856,14.1135254,542b6c0579027a2cd3032ad8ae46a39183d6361b41fb6a0f3095cf22f9e5c1b8,0,0,0.9027678966522217,
1,local-qwen35-9b-m128-down,int8,0.271874989,True,0,0.00367253856,14.1135254,542b6c0579027a2cd3032ad8ae46a39183d6361b41fb6a0f3095cf22f9e5c1b8,0,0,0.9087419509887695,
1,local-qwen35-9b-m128-down,previous_fp32,0.175708323,True,0,0.000281587016,1.18286133,1ffdb1a687a80c6adbb0f649721640af864b82fce7485974e10424c5c58f72bb,0,0,1.0910060405731201,
1,local-qwen35-9b-m128-down,fp32,0.175624999,True,0,0.000281587016,1.18286133,1ffdb1a687a80c6adbb0f649721640af864b82fce7485974e10424c5c58f72bb,0,0,1.0822012424468994,
1,local-qwen35-9b-m128-down,previous_fp16,0.139083335,True,0,0.00028764845,1.86621094,ad60e0bed6bef9e513c494c63f111b52db138627c889c470526b5a8fcf6b12f1,0,0,1.2104949951171875,
1,local-qwen35-9b-m128-down,fp16,0.136624993,True,0,0.00028764845,1.86621094,ad60e0bed6bef9e513c494c63f111b52db138627c889c470526b5a8fcf6b12f1,0,0,1.193769931793213,
1,local-qwen35-9b-m128-up,mlx,0.32,True,0,0.000304309,0.450684,,,,0.8800768852233887,
1,local-qwen35-9b-m128-up,previous_int8,0.0808333425,True,0,0.00484758526,4.81518555,2e30b9fec474b4d93f0f78e5d1dc94cab79e761809ce547ec78f2b08ce16fbcc,0,0,1.667255163192749,
1,local-qwen35-9b-m128-up,int8,0.0814999948,True,0,0.00484758526,4.81518555,2e30b9fec474b4d93f0f78e5d1dc94cab79e761809ce547ec78f2b08ce16fbcc,0,0,1.6719698905944824,
1,local-qwen35-9b-m128-up,previous_fp32,0.204291675,True,0,0.000272470485,0.583984375,d7280272383c15845a0cd38646859013effbd3457a453df61994a558103fe74a,0,0,1.016808032989502,
1,local-qwen35-9b-m128-up,fp32,0.207499994,True,0,0.000272470485,0.583984375,d7280272383c15845a0cd38646859013effbd3457a453df61994a558103fe74a,0,0,1.0130388736724854,
1,local-qwen35-9b-m128-up,previous_fp16,0.182749995,True,0,0.000306848847,0.583984375,9e0c9b5e3f6c00f1087e73cc3268e4c14c46d4a4e610a1d55950424125a462c5,0,0,1.0589067935943604,
1,local-qwen35-9b-m128-up,fp16,0.182291667,True,0,0.000306848847,0.583984375,9e0c9b5e3f6c00f1087e73cc3268e4c14c46d4a4e610a1d55950424125a462c5,0,0,1.051222801208496,
1,local-qwen35-9b-m128-projection,mlx,0.09525,True,0,0.000291107,0.393555,,,,1.4318690299987793,
1,local-qwen35-9b-m128-projection,previous_int8,0.0621666695,True,0,0.00698810337,5.28613281,4da8d2bb9118ad8b9658597575d0852b160107f8b91f886940783173184a107b,0,0,1.906097173690796,
1,local-qwen35-9b-m128-projection,int8,0.0618333434,True,0,0.00698810337,5.28613281,4da8d2bb9118ad8b9658597575d0852b160107f8b91f886940783173184a107b,0,0,1.9031829833984375,
1,local-qwen35-9b-m128-projection,previous_fp32,0.0886250054,True,0,0.0002511222,0.316650391,0ae4e550c93755dd51bc20f9c6078e0bc49d0cd8480baf6ad58cc874f65b12ca,0,0,1.5216178894042969,
1,local-qwen35-9b-m128-projection,fp32,0.0883750035,True,0,0.0002511222,0.316650391,0ae4e550c93755dd51bc20f9c6078e0bc49d0cd8480baf6ad58cc874f65b12ca,0,0,1.5162849426269531,
1,local-qwen35-9b-m128-projection,previous_fp16,0.059666665,True,0,0.000297742143,0.46484375,382e28ddcd12f981d1503bb9d45f6bf28bed3ae24fe713a445f9e5789e74762c,0,0,1.919004201889038,
1,local-qwen35-9b-m128-projection,fp16,0.0600416679,True,0,0.000297742143,0.46484375,382e28ddcd12f981d1503bb9d45f6bf28bed3ae24fe713a445f9e5789e74762c,0,0,1.91835618019104,
1,local-qwen35-9b-m32-down,mlx,0.166167,True,0,0.000102363,0.376709,,,,1.0753567218780518,
1,local-qwen35-9b-m32-down,previous_int8,0.206708326,True,0,0.00408883082,15.9855957,28d3040c6ddf30880b65a7b931395aa03fd90424bb81456671805dff84c43aed,0,0,0.9863660335540771,
1,local-qwen35-9b-m32-down,int8,0.208791666,True,0,0.00408883082,15.9855957,28d3040c6ddf30880b65a7b931395aa03fd90424bb81456671805dff84c43aed,0,0,0.9948880672454834,
1,local-qwen35-9b-m32-down,previous_fp32,0.284374997,True,0,0.000327755563,1.86206055,1c345dc3b3497b6189da9b1438101c4a56d8ac1ec4f53a570d675f8c127b3e9d,0,0,0.885098934173584,
1,local-qwen35-9b-m32-down,fp32,0.284624999,True,0,0.000327755563,1.86206055,1c345dc3b3497b6189da9b1438101c4a56d8ac1ec4f53a570d675f8c127b3e9d,0,0,0.9008641242980957,
1,local-qwen35-9b-m32-down,previous_fp16,0.290625001,True,0,0.000327755563,1.86206055,1c345dc3b3497b6189da9b1438101c4a56d8ac1ec4f53a570d675f8c127b3e9d,0,0,0.8832600116729736,
1,local-qwen35-9b-m32-down,fp16,0.283999994,True,0,0.000327755563,1.86206055,1c345dc3b3497b6189da9b1438101c4a56d8ac1ec4f53a570d675f8c127b3e9d,0,0,0.8946900367736816,
1,local-qwen35-9b-m32-up,mlx,0.190125,True,0,0.000203526,0.199707,,,,1.027318000793457,
1,local-qwen35-9b-m32-up,previous_int8,0.0725416758,True,0,0.00378734445,4.36035156,44b5e8f583e4189f748cbb9aa48a8923f40a8d81a5a3f26fe51c675b5e286402,0,0,1.834165096282959,
1,local-qwen35-9b-m32-up,int8,0.0734999921,True,0,0.00378734445,4.36035156,44b5e8f583e4189f748cbb9aa48a8923f40a8d81a5a3f26fe51c675b5e286402,0,0,1.8070099353790283,
1,local-qwen35-9b-m32-up,previous_fp32,0.283250003,True,0,0.000244698883,0.543212891,e28d391c512b5db2ff05c41257df102a495ad38f20f96d066bd735d56d512113,0,0,0.8962910175323486,
1,local-qwen35-9b-m32-up,fp32,0.28475,True,0,0.000244698883,0.543212891,e28d391c512b5db2ff05c41257df102a495ad38f20f96d066bd735d56d512113,0,0,0.8960108757019043,
1,local-qwen35-9b-m32-up,previous_fp16,0.283125002,True,0,0.000244698883,0.543212891,e28d391c512b5db2ff05c41257df102a495ad38f20f96d066bd735d56d512113,0,0,0.894392728805542,
1,local-qwen35-9b-m32-up,fp16,0.279749991,True,0,0.000244698883,0.543212891,e28d391c512b5db2ff05c41257df102a495ad38f20f96d066bd735d56d512113,0,0,0.8997740745544434,
1,local-qwen35-9b-m32-projection,mlx,0.069625,True,0,0.000279972,0.393555,,,,1.7482361793518066,
1,local-qwen35-9b-m32-projection,previous_int8,0.060624996,True,0,0.00359685463,4.31787109,a98a39507cda4679d6535f877c0eeea2c7663f9825d87a90bf160dffcedc6adc,0,0,1.9236652851104736,
1,local-qwen35-9b-m32-projection,int8,0.060499995,True,0,0.00359685463,4.31787109,a98a39507cda4679d6535f877c0eeea2c7663f9825d87a90bf160dffcedc6adc,0,0,1.924931287765503,
1,local-qwen35-9b-m32-projection,previous_fp32,0.0999166659,True,0,0.000268047259,0.581054688,c3df79c379ce23fb360f019cab82685d38d90565fb3b698f482c4a259219ebaa,0,0,1.3632030487060547,
1,local-qwen35-9b-m32-projection,fp32,0.0989583205,True,0,0.000268047259,0.581054688,c3df79c379ce23fb360f019cab82685d38d90565fb3b698f482c4a259219ebaa,0,0,1.3820140361785889,
1,local-qwen35-9b-m32-projection,previous_fp16,0.0972499984,True,0,0.000268047259,0.581054688,c3df79c379ce23fb360f019cab82685d38d90565fb3b698f482c4a259219ebaa,0,0,1.3753900527954102,
1,local-qwen35-9b-m32-projection,fp16,0.0964583305,True,0,0.000268047259,0.581054688,c3df79c379ce23fb360f019cab82685d38d90565fb3b698f482c4a259219ebaa,0,0,1.2606298923492432,
1,local-qwen35-9b-m8-down,mlx,0.093,True,0,0.000196191,0.47876,,,,1.5342998504638672,
1,local-qwen35-9b-m8-down,previous_int8,0.0632083247,True,0,0.00394975437,15.9855957,174f00c12d2bfb2ffa0561d601baf62df2f106b030c0ae2373ba3b474421de74,0,0,1.981835126876831,
1,local-qwen35-9b-m8-down,int8,0.0630833383,True,0,0.00394975437,15.9855957,174f00c12d2bfb2ffa0561d601baf62df2f106b030c0ae2373ba3b474421de74,0,0,1.9380011558532715,
1,local-qwen35-9b-m8-down,previous_fp32,0.107625005,True,0,0.00033016991,2.04370117,63c9835ab1fc4efbf32146ca6bccf77b8461d4e0970c431ccc6f3e0bc3ac37b3,0,0,1.3606748580932617,
1,local-qwen35-9b-m8-down,fp32,0.106041669,True,0,0.00033016991,2.04370117,63c9835ab1fc4efbf32146ca6bccf77b8461d4e0970c431ccc6f3e0bc3ac37b3,0,0,1.389915943145752,
1,local-qwen35-9b-m8-down,previous_fp16,0.103708328,True,0,0.00033016991,2.04370117,63c9835ab1fc4efbf32146ca6bccf77b8461d4e0970c431ccc6f3e0bc3ac37b3,0,0,1.4066760540008545,
1,local-qwen35-9b-m8-down,fp16,0.106041669,True,0,0.00033016991,2.04370117,63c9835ab1fc4efbf32146ca6bccf77b8461d4e0970c431ccc6f3e0bc3ac37b3,0,0,1.3936622142791748,
1,local-qwen35-9b-m8-up,mlx,0.091625,True,0,0.000124992,0.0957031,,,,1.5428049564361572,
1,local-qwen35-9b-m8-up,previous_int8,0.0516250002,True,0,0.00399830458,5.31933594,ec166684ad0c600937da74769c5815f05e1f15c1037281f795c93503587325c7,0,0,2.1699838638305664,
1,local-qwen35-9b-m8-up,int8,0.051708339,True,0,0.00399830458,5.31933594,ec166684ad0c600937da74769c5815f05e1f15c1037281f795c93503587325c7,0,0,2.1698179244995117,
1,local-qwen35-9b-m8-up,previous_fp32,0.0980833429,True,0,0.0003035391,0.681884766,6095c1225ea94c753f8282624aeab2d738dceed24c57387776b0a9a5cbc75ec6,0,0,1.464144229888916,
1,local-qwen35-9b-m8-up,fp32,0.0982499914,True,0,0.0003035391,0.681884766,6095c1225ea94c753f8282624aeab2d738dceed24c57387776b0a9a5cbc75ec6,0,0,1.4801411628723145,
1,local-qwen35-9b-m8-up,previous_fp16,0.0982083293,True,0,0.0003035391,0.681884766,6095c1225ea94c753f8282624aeab2d738dceed24c57387776b0a9a5cbc75ec6,0,0,1.4661180973052979,
1,local-qwen35-9b-m8-up,fp16,0.093249997,True,0,0.0003035391,0.681884766,6095c1225ea94c753f8282624aeab2d738dceed24c57387776b0a9a5cbc75ec6,0,0,1.5465879440307617,
1,local-qwen35-9b-m8-projection,mlx,0.0352917,True,0,0.000324493,0.46875,,,,2.9119410514831543,
1,local-qwen35-9b-m8-projection,previous_int8,0.0293750054,True,0,0.00387235934,5.21679688,aa221421b4d505b6909f9d9ac6abcb16dc6436c628ba72f3326ae4504ae9d680,0,0,3.351088762283325,
1,local-qwen35-9b-m8-projection,int8,0.0295000063,True,0,0.00387235934,5.21679688,aa221421b4d505b6909f9d9ac6abcb16dc6436c628ba72f3326ae4504ae9d680,0,0,3.3525021076202393,
1,local-qwen35-9b-m8-projection,previous_fp32,0.0377499964,True,0,0.000279372804,0.681884766,cfb65fc190d4dcd2fc2c854c8ee0c076c34f793d50349b26b14a4ab685c14e20,0,0,2.6933019161224365,
1,local-qwen35-9b-m8-projection,fp32,0.0384166633,True,0,0.000279372804,0.681884766,cfb65fc190d4dcd2fc2c854c8ee0c076c34f793d50349b26b14a4ab685c14e20,0,0,2.5750467777252197,
1,local-qwen35-9b-m8-projection,previous_fp16,0.0376249955,True,0,0.000279372804,0.681884766,cfb65fc190d4dcd2fc2c854c8ee0c076c34f793d50349b26b14a4ab685c14e20,0,0,2.6803529262542725,
1,local-qwen35-9b-m8-projection,fp16,0.0374583324,True,0,0.000279372804,0.681884766,cfb65fc190d4dcd2fc2c854c8ee0c076c34f793d50349b26b14a4ab685c14e20,0,0,2.6692028045654297,
1,local-qwen35-9b-m2-down,mlx,0.059,True,0,0.000189209,0.614258,,,,2.164979934692383,
1,local-qwen35-9b-m2-down,previous_int8,0.0321250118,True,0,0.00194364156,7.20532227,cf08168543d9d371c322912108205e821b2754d422bbe32a2dffe9f9962f2bc1,0,0,3.158682107925415,
1,local-qwen35-9b-m2-down,int8,0.031625008,True,0,0.00194364156,7.20532227,cf08168543d9d371c322912108205e821b2754d422bbe32a2dffe9f9962f2bc1,0,0,3.1892333030700684,
1,local-qwen35-9b-m2-down,previous_fp32,0.0907083449,True,0,0.000132646405,0.550537109,9d496b677ca0724be4c26cecf06ae94509444dce0b4ae20ebde280d447f50e9e,0,0,1.560243844985962,
1,local-qwen35-9b-m2-down,fp32,0.093374998,True,0,0.000132646405,0.550537109,9d496b677ca0724be4c26cecf06ae94509444dce0b4ae20ebde280d447f50e9e,0,0,1.525460958480835,
1,local-qwen35-9b-m2-down,previous_fp16,0.100375008,True,0,0.000132646405,0.550537109,9d496b677ca0724be4c26cecf06ae94509444dce0b4ae20ebde280d447f50e9e,0,0,1.434823989868164,
1,local-qwen35-9b-m2-down,fp16,0.0891249947,True,0,0.000132646405,0.550537109,9d496b677ca0724be4c26cecf06ae94509444dce0b4ae20ebde280d447f50e9e,0,0,1.568483829498291,
1,local-qwen35-9b-m2-up,mlx,0.0549167,True,0,0.000196243,0.223877,,,,2.3260879516601562,
1,local-qwen35-9b-m2-up,previous_int8,0.0274166669,True,0,0.00204821129,2.66772461,21847c51090a7bd92fd1c91d7b532c40245de10cb2afc758506a987e74e23411,0,0,3.5059258937835693,
1,local-qwen35-9b-m2-up,int8,0.0272500038,True,0,0.00204821129,2.66772461,21847c51090a7bd92fd1c91d7b532c40245de10cb2afc758506a987e74e23411,0,0,3.551452875137329,
1,local-qwen35-9b-m2-up,previous_fp32,0.0671666639,True,0,0.000201773886,0.377929688,d73a27e861f6cc4beaedb92262b70bf3d09695e5ff154f6d58b874baa671f009,0,0,1.9880952835083008,
1,local-qwen35-9b-m2-up,fp32,0.0702499965,True,0,0.000201773886,0.377929688,d73a27e861f6cc4beaedb92262b70bf3d09695e5ff154f6d58b874baa671f009,0,0,1.9223790168762207,
1,local-qwen35-9b-m2-up,previous_fp16,0.0646249973,True,0,0.000201773886,0.377929688,d73a27e861f6cc4beaedb92262b70bf3d09695e5ff154f6d58b874baa671f009,0,0,2.031270980834961,
1,local-qwen35-9b-m2-up,fp16,0.066499997,True,0,0.000201773886,0.377929688,d73a27e861f6cc4beaedb92262b70bf3d09695e5ff154f6d58b874baa671f009,0,0,2.006575107574463,
1,local-qwen35-9b-m2-projection,mlx,0.0192083,True,0,0.000250971,0.393555,,,,4.853313684463501,
1,local-qwen35-9b-m2-projection,previous_int8,0.013249999,True,0,0.00197490112,2.66772461,620d93fc947b6d55a4fc96dd7213f8cf81fbb53bf90de6a85f8de6ef4c1894da,0,0,6.318956136703491,
1,local-qwen35-9b-m2-projection,int8,0.0131250126,True,0,0.00197490112,2.66772461,620d93fc947b6d55a4fc96dd7213f8cf81fbb53bf90de6a85f8de6ef4c1894da,0,0,6.3331170082092285,
1,local-qwen35-9b-m2-projection,previous_fp32,0.0312499906,True,0,0.000215415488,0.377929688,c5d5d5282f4915beb745a98e03c3cbbefe96af6d1607fcaac73d12ec3222a6ba,0,0,3.1013600826263428,
1,local-qwen35-9b-m2-projection,fp32,0.0302499975,True,0,0.000215415488,0.377929688,c5d5d5282f4915beb745a98e03c3cbbefe96af6d1607fcaac73d12ec3222a6ba,0,0,3.231456995010376,
1,local-qwen35-9b-m2-projection,previous_fp16,0.0296250073,True,0,0.000215415488,0.377929688,c5d5d5282f4915beb745a98e03c3cbbefe96af6d1607fcaac73d12ec3222a6ba,0,0,3.223972797393799,
1,local-qwen35-9b-m2-projection,fp16,0.0294999918,True,0,0.000215415488,0.377929688,c5d5d5282f4915beb745a98e03c3cbbefe96af6d1607fcaac73d12ec3222a6ba,0,0,3.266141891479492,
1,local-qwen35-9b-m1-down,mlx,0.0579167,True,0,4.19184e-05,0.0568848,,,,2.204547882080078,
1,local-qwen35-9b-m1-down,previous_int8,0.0303749985,True,0,0.00204325982,7.20532227,0157c42e732738d01ebbfdbf792e2465debb85cebe8e9df45fc19c03c5d2b923,0,0,3.226154088973999,
1,local-qwen35-9b-m1-down,int8,0.0311249896,True,0,0.00204325982,7.20532227,0157c42e732738d01ebbfdbf792e2465debb85cebe8e9df45fc19c03c5d2b923,0,0,3.1747231483459473,
1,local-qwen35-9b-m1-down,previous_fp32,0.0888749928,True,0,0.000134314797,0.479003906,cd24b41594a8f904b078a5570a6cded449db3adbfa0d6fa8e43c0a70ec2fa92e,0,0,1.5318269729614258,
1,local-qwen35-9b-m1-down,fp32,0.093249997,True,0,0.000134314797,0.479003906,cd24b41594a8f904b078a5570a6cded449db3adbfa0d6fa8e43c0a70ec2fa92e,0,0,1.509880781173706,
1,local-qwen35-9b-m1-down,previous_fp16,0.0930000097,True,0,0.000134314797,0.479003906,cd24b41594a8f904b078a5570a6cded449db3adbfa0d6fa8e43c0a70ec2fa92e,0,0,1.531965970993042,
1,local-qwen35-9b-m1-down,fp16,0.0910833332,True,0,0.000134314797,0.479003906,cd24b41594a8f904b078a5570a6cded449db3adbfa0d6fa8e43c0a70ec2fa92e,0,0,1.5491962432861328,
1,local-qwen35-9b-m1-up,mlx,0.0583333,True,0,0.000230451,0.0830078,,,,2.2352349758148193,
1,local-qwen35-9b-m1-up,previous_int8,0.026624999,True,0,0.00203206345,2.56152344,333aefa5596edfe978c94194db908aa0c82b0f6d33fc76f2b582408d98242b86,0,0,3.5823380947113037,
1,local-qwen35-9b-m1-up,int8,0.026624999,True,0,0.00203206345,2.56152344,333aefa5596edfe978c94194db908aa0c82b0f6d33fc76f2b582408d98242b86,0,0,3.6317520141601562,
1,local-qwen35-9b-m1-up,previous_fp32,0.0648749992,True,0,0.000187128861,0.359375,b8be676537f0c33ba59d31d7bb4f9df1a479da6cd59c4f0410e4ed43d8ae1c75,0,0,2.0488460063934326,
1,local-qwen35-9b-m1-up,fp32,0.0624583336,True,0,0.000187128861,0.359375,b8be676537f0c33ba59d31d7bb4f9df1a479da6cd59c4f0410e4ed43d8ae1c75,0,0,2.07726788520813,
1,local-qwen35-9b-m1-up,previous_fp16,0.0853749953,True,0,0.000201990516,0.359375,dcdf67cec77045e283c0121669d89666918d730876c80eff9b93d6a8ba76554d,0,0,1.5290260314941406,
1,local-qwen35-9b-m1-up,fp16,0.0822916627,True,0,0.000201990516,0.359375,dcdf67cec77045e283c0121669d89666918d730876c80eff9b93d6a8ba76554d,0,0,1.6785781383514404,
1,local-qwen35-9b-m1-projection,mlx,0.0175833,True,0,0.000322024,0.393555,,,,4.8638598918914795,
1,local-qwen35-9b-m1-projection,previous_int8,0.012666671,True,0,0.0019043489,2.20947266,9d4138d7fbbb21620cc998a8b85142e94e4ebddcafcd93dd7ba76303c56ae974,0,0,6.449490070343018,
1,local-qwen35-9b-m1-projection,int8,0.0124583312,True,0,0.0019043489,2.20947266,9d4138d7fbbb21620cc998a8b85142e94e4ebddcafcd93dd7ba76303c56ae974,0,0,6.469145774841309,
1,local-qwen35-9b-m1-projection,previous_fp32,0.0290416792,True,0,0.000212455318,0.359375,80df40f23ac06fefd7e09e04cdd94e20043c25d349b1579d9bd775638a7be7ab,0,0,3.2304699420928955,
1,local-qwen35-9b-m1-projection,fp32,0.0282500114,True,0,0.000212455318,0.359375,80df40f23ac06fefd7e09e04cdd94e20043c25d349b1579d9bd775638a7be7ab,0,0,3.3068418502807617,
1,local-qwen35-9b-m1-projection,previous_fp16,0.0318333332,True,0,0.000225194853,0.359375,969f7647d771abe123fb004fc6580233b59d9d95f550510edc79ccef66f5f7ac,0,0,3.0000038146972656,
1,local-qwen35-9b-m1-projection,fp16,0.0320000108,True,0,0.000225194853,0.359375,969f7647d771abe123fb004fc6580233b59d9d95f550510edc79ccef66f5f7ac,0,0,3.0249130725860596,
1,local-qwen35-4b-m4096-down,mlx,1.71975,True,0,0.000266309,0.932129,,,,0.6848230361938477,
1,local-qwen35-4b-m4096-down,previous_int8,1.00325,True,0,0.00463417155,11.9431152,601a01a23cc605d374becca73e161536129792f672198917b030b13b2a70f7bb,0,0,0.7275960445404053,
1,local-qwen35-4b-m4096-down,int8,0.998874995,True,0,0.00463417155,11.9431152,601a01a23cc605d374becca73e161536129792f672198917b030b13b2a70f7bb,0,0,0.7296280860900879,
1,local-qwen35-4b-m4096-down,previous_fp32,1.90866667,True,0,0.000315047942,0.992431641,cc7e2ae468fa7fd5cf82dd2eae92467b07b1b210e50aa7995bbe5605deab4f51,0,0,0.6663980484008789,
1,local-qwen35-4b-m4096-down,fp32,1.950875,True,0,0.000315047942,0.992431641,cc7e2ae468fa7fd5cf82dd2eae92467b07b1b210e50aa7995bbe5605deab4f51,0,0,0.6661550998687744,
1,local-qwen35-4b-m4096-down,previous_fp16,1.813625,True,0,0.000351090641,1.46289062,df4efaf09571c5ca688fe2efa9dd826368c1e79c07a851968807f15d921ed8a7,0,0,0.6716759204864502,
1,local-qwen35-4b-m4096-down,fp16,1.81674999,True,0,0.000351090641,1.46289062,df4efaf09571c5ca688fe2efa9dd826368c1e79c07a851968807f15d921ed8a7,0,0,0.6636793613433838,
1,local-qwen35-4b-m4096-up,mlx,1.5425,True,0,0.000227491,0.106445,,,,0.7753012180328369,
1,local-qwen35-4b-m4096-up,previous_int8,0.998999996,True,0,0.00395449078,3.30175781,2bbc37e6cb022c0d3979a8063d27d62349e9afddda628c2f478f6e04de607363,0,0,0.7315618991851807,
1,local-qwen35-4b-m4096-up,int8,1.003375,True,0,0.00395449078,3.30175781,2bbc37e6cb022c0d3979a8063d27d62349e9afddda628c2f478f6e04de607363,0,0,0.7319762706756592,
1,local-qwen35-4b-m4096-up,previous_fp32,1.54712501,True,0,0.000194650184,0.241210938,a652a35f9bf52f007becfe3819042a32494ec9511b00ec27fbcaa76be1ef4b1e,0,0,0.6785669326782227,
1,local-qwen35-4b-m4096-up,fp32,1.52337499,True,0,0.000194650184,0.241210938,a652a35f9bf52f007becfe3819042a32494ec9511b00ec27fbcaa76be1ef4b1e,0,0,0.6822872161865234,
1,local-qwen35-4b-m4096-up,previous_fp16,1.5455,True,0,0.000194650184,0.241210938,a652a35f9bf52f007becfe3819042a32494ec9511b00ec27fbcaa76be1ef4b1e,0,0,0.6813879013061523,
1,local-qwen35-4b-m4096-up,fp16,1.5455,True,0,0.000194650184,0.241210938,a652a35f9bf52f007becfe3819042a32494ec9511b00ec27fbcaa76be1ef4b1e,0,0,0.6861701011657715,
1,local-qwen35-4b-m4096-projection,mlx,0.4305,True,0,0.000113264,0.097168,,,,0.84185791015625,
1,local-qwen35-4b-m4096-projection,previous_int8,0.317708327,True,0,0.00395918849,3.29589844,830cf2e27ca1867ba398540ec858e117dc08c01f19ba79057718266b36b067d7,0,0,0.828876256942749,
1,local-qwen35-4b-m4096-projection,int8,0.316958336,True,0,0.00395918849,3.29589844,830cf2e27ca1867ba398540ec858e117dc08c01f19ba79057718266b36b067d7,0,0,0.8371188640594482,
1,local-qwen35-4b-m4096-projection,previous_fp32,0.433333335,True,0,0.00017337601,0.219482422,ad057360ff504ab97f42948c59603ab27cfe32b88472f5e1e23e5aab69edc8c4,0,0,0.8175008296966553,
1,local-qwen35-4b-m4096-projection,fp32,0.432999994,True,0,0.00017337601,0.219482422,ad057360ff504ab97f42948c59603ab27cfe32b88472f5e1e23e5aab69edc8c4,0,0,0.8135151863098145,
1,local-qwen35-4b-m4096-projection,previous_fp16,0.43249999,True,0,0.00017337601,0.219482422,ad057360ff504ab97f42948c59603ab27cfe32b88472f5e1e23e5aab69edc8c4,0,0,0.8164589405059814,
1,local-qwen35-4b-m4096-projection,fp16,0.432791669,True,0,0.00017337601,0.219482422,ad057360ff504ab97f42948c59603ab27cfe32b88472f5e1e23e5aab69edc8c4,0,0,0.812964916229248,
1,local-qwen35-4b-m3072-down,mlx,1.32462,True,0,0.0002498,0.82373,,,,0.6920351982116699,
1,local-qwen35-4b-m3072-down,previous_int8,0.763874996,True,0,0.00503058517,11.8439941,934821d914c64cc120e86dacd34b4d2be05b6bd5e312fa4ecca80b5783a5a191,0,0,0.7539949417114258,
1,local-qwen35-4b-m3072-down,int8,0.755125002,True,0,0.00503058517,11.8439941,934821d914c64cc120e86dacd34b4d2be05b6bd5e312fa4ecca80b5783a5a191,0,0,0.7521731853485107,
1,local-qwen35-4b-m3072-down,previous_fp32,1.53525,True,0,0.000330774408,1.63354492,57754f5ef001f8dfeef5234afd98b53f660fa79a04fdffdf358d5e1764462669,0,0,0.6680560111999512,
1,local-qwen35-4b-m3072-down,fp32,1.53583333,True,0,0.000330774408,1.63354492,57754f5ef001f8dfeef5234afd98b53f660fa79a04fdffdf358d5e1764462669,0,0,0.6756110191345215,
1,local-qwen35-4b-m3072-down,previous_fp16,1.48708334,True,0,0.000288414074,0.87890625,1ee1d236c254be8481b61013fa82b7e105b76fa778358e2f8100b8916a4aae56,0,0,0.6736729145050049,
1,local-qwen35-4b-m3072-down,fp16,1.47525,True,0,0.000288414074,0.87890625,1ee1d236c254be8481b61013fa82b7e105b76fa778358e2f8100b8916a4aae56,0,0,0.6695809364318848,
1,local-qwen35-4b-m3072-up,mlx,1.15454,True,0,0.000151465,0.0961914,,,,0.7546670436859131,
1,local-qwen35-4b-m3072-up,previous_int8,0.70608333,True,0,0.00391485219,3.30175781,a32bdd066e60f1c186b46c277cc8fce344a7f9b6e2662afc01555c8dfdc921c9,0,0,0.7661392688751221,
1,local-qwen35-4b-m3072-up,int8,0.713874993,True,0,0.00391485219,3.30175781,a32bdd066e60f1c186b46c277cc8fce344a7f9b6e2662afc01555c8dfdc921c9,0,0,0.7691550254821777,
1,local-qwen35-4b-m3072-up,previous_fp32,1.156625,True,0,0.000220506453,0.241210938,4291cea5459c11878a8cf0713232a874e9d2369cdc91f89da2a0d8f099becbde,0,0,0.6936290264129639,
1,local-qwen35-4b-m3072-up,fp32,1.15737499,True,0,0.000220506453,0.241210938,4291cea5459c11878a8cf0713232a874e9d2369cdc91f89da2a0d8f099becbde,0,0,0.689072847366333,
1,local-qwen35-4b-m3072-up,previous_fp16,1.15737499,True,0,0.000220506453,0.241210938,4291cea5459c11878a8cf0713232a874e9d2369cdc91f89da2a0d8f099becbde,0,0,0.6881439685821533,
1,local-qwen35-4b-m3072-up,fp16,1.15483334,True,0,0.000220506453,0.241210938,4291cea5459c11878a8cf0713232a874e9d2369cdc91f89da2a0d8f099becbde,0,0,0.6915178298950195,
1,local-qwen35-4b-m3072-projection,mlx,0.351667,True,0,0.00013554,0.118652,,,,0.8148059844970703,
1,local-qwen35-4b-m3072-projection,previous_int8,0.239500005,True,0,0.00407457948,3.29052734,840ccd0c52cbeac804c10805b96d179b234454c622384a2f94ba86720dc2c504,0,0,0.8963489532470703,
1,local-qwen35-4b-m3072-projection,int8,0.249124991,True,0,0.00407457948,3.29052734,840ccd0c52cbeac804c10805b96d179b234454c622384a2f94ba86720dc2c504,0,0,0.883976936340332,
1,local-qwen35-4b-m3072-projection,previous_fp32,0.352875009,True,0,0.000200975141,0.228271484,ee06f19f25537f9854386a17caeef2d0a8dd8f2716f85bcbc74b4a5c1ef5e45b,0,0,0.8005812168121338,
1,local-qwen35-4b-m3072-projection,fp32,0.352624993,True,0,0.000200975141,0.228271484,ee06f19f25537f9854386a17caeef2d0a8dd8f2716f85bcbc74b4a5c1ef5e45b,0,0,0.8004872798919678,
1,local-qwen35-4b-m3072-projection,previous_fp16,0.353750002,True,0,0.000200975141,0.228271484,ee06f19f25537f9854386a17caeef2d0a8dd8f2716f85bcbc74b4a5c1ef5e45b,0,0,0.8000471591949463,
1,local-qwen35-4b-m3072-projection,fp16,0.352333329,True,0,0.000200975141,0.228271484,ee06f19f25537f9854386a17caeef2d0a8dd8f2716f85bcbc74b4a5c1ef5e45b,0,0,0.8024709224700928,
1,local-qwen35-4b-m2048-down,mlx,0.882458,True,0,0.000130812,0.250488,,,,0.7216670513153076,
1,local-qwen35-4b-m2048-down,previous_int8,0.756624999,True,0,0.00419017985,10.7080078,8a01adacfc9dc9e1ff3d7290f49fca34d71a79479165e237ee0a97cacab4a0da,0,0,0.743257999420166,
1,local-qwen35-4b-m2048-down,int8,0.755666668,True,0,0.00419017985,10.7080078,8a01adacfc9dc9e1ff3d7290f49fca34d71a79479165e237ee0a97cacab4a0da,0,0,0.7556166648864746,
1,local-qwen35-4b-m2048-down,previous_fp32,0.879500003,True,0,0.0002424584,0.962646484,7e9cf2fc2a9a0fbf328c6d30b86dd53b23c56559ec41dc885b257332d4cc62c1,0,0,0.7091209888458252,
1,local-qwen35-4b-m2048-down,fp32,0.882374996,True,0,0.0002424584,0.962646484,7e9cf2fc2a9a0fbf328c6d30b86dd53b23c56559ec41dc885b257332d4cc62c1,0,0,0.7072579860687256,
1,local-qwen35-4b-m2048-down,previous_fp16,1.03274999,True,0,0.000328781878,1.46289062,75175f336ee155a4e8481bd3601249e1f2a32a0f219bdd21326f51e52f409ba9,0,0,0.6888728141784668,
1,local-qwen35-4b-m2048-down,fp16,1.06887499,True,0,0.000328781878,1.46289062,75175f336ee155a4e8481bd3601249e1f2a32a0f219bdd21326f51e52f409ba9,0,0,0.6905460357666016,
1,local-qwen35-4b-m2048-up,mlx,0.771375,True,0,0.000165238,0.0961914,,,,0.7617368698120117,
1,local-qwen35-4b-m2048-up,previous_int8,0.492624997,True,0,0.00438071537,3.30175781,e5f36c0272b280e44fc73bd5ed581c2827e4b831240f71ccd102404980af29b8,0,0,0.8199772834777832,
1,local-qwen35-4b-m2048-up,int8,0.501250004,True,0,0.00438071537,3.30175781,e5f36c0272b280e44fc73bd5ed581c2827e4b831240f71ccd102404980af29b8,0,0,0.8139197826385498,
1,local-qwen35-4b-m2048-up,previous_fp32,0.771041668,True,0,0.000202933105,0.232177734,276f7d591808f25d5f9ad314446e417ca86368b3966276b2ffe2ce6e67c65245,0,0,0.7259979248046875,
1,local-qwen35-4b-m2048-up,fp32,0.772041676,True,0,0.000202933105,0.232177734,276f7d591808f25d5f9ad314446e417ca86368b3966276b2ffe2ce6e67c65245,0,0,0.7244977951049805,
1,local-qwen35-4b-m2048-up,previous_fp16,0.773874999,True,0,0.000202933105,0.232177734,276f7d591808f25d5f9ad314446e417ca86368b3966276b2ffe2ce6e67c65245,0,0,0.7249488830566406,
1,local-qwen35-4b-m2048-up,fp16,0.773666659,True,0,0.000202933105,0.232177734,276f7d591808f25d5f9ad314446e417ca86368b3966276b2ffe2ce6e67c65245,0,0,0.7248382568359375,
1,local-qwen35-4b-m2048-projection,mlx,0.249417,True,0,0.000137215,0.097168,,,,0.8550319671630859,
1,local-qwen35-4b-m2048-projection,previous_int8,0.165374993,True,0,0.00437395069,3.29589844,9d17daeddaab27d5d590be9dd12d719763fd795c4078d586d6fddd76f256c601,0,0,1.0273680686950684,
1,local-qwen35-4b-m2048-projection,int8,0.165125006,True,0,0.00437395069,3.29589844,9d17daeddaab27d5d590be9dd12d719763fd795c4078d586d6fddd76f256c601,0,0,1.0136091709136963,
1,local-qwen35-4b-m2048-projection,previous_fp32,0.251833335,True,0,0.000202332806,0.228271484,555ab9935fbfd2e7b46c8a68ff303ea56daf3df0eace2292b8d7bb9a53e3bacd,0,0,0.8569061756134033,
1,local-qwen35-4b-m2048-projection,fp32,0.252958329,True,0,0.000202332806,0.228271484,555ab9935fbfd2e7b46c8a68ff303ea56daf3df0eace2292b8d7bb9a53e3bacd,0,0,0.85599684715271,
1,local-qwen35-4b-m2048-projection,previous_fp16,0.276833336,True,0,0.000345486957,0.401855469,d17e6d3f432f46b9cbffd214ce4313198a6d10e4c45440eb6abab42c6e0c64fc,0,0,0.8396780490875244,
1,local-qwen35-4b-m2048-projection,fp16,0.279125001,True,0,0.000345486957,0.401855469,d17e6d3f432f46b9cbffd214ce4313198a6d10e4c45440eb6abab42c6e0c64fc,0,0,0.845332145690918,
1,local-qwen35-4b-m1024-down,mlx,0.467875,True,0,0.000239028,0.525391,,,,0.825045108795166,
1,local-qwen35-4b-m1024-down,previous_int8,0.439458337,True,0,0.0039731078,11.8439941,ef44b8cf647cca08cc3f978576359f949888145bdca416c861a9f4f36c69b1d1,0,0,0.8336832523345947,
1,local-qwen35-4b-m1024-down,int8,0.440749995,True,0,0.0039731078,11.8439941,ef44b8cf647cca08cc3f978576359f949888145bdca416c861a9f4f36c69b1d1,0,0,0.8342468738555908,
1,local-qwen35-4b-m1024-down,previous_fp32,0.467000005,True,0,0.000228537494,0.948242188,859b3365b396c32f891a1a105a4496be75d3a3bdfd853ea1748081836e4f9063,0,0,0.8133590221405029,
1,local-qwen35-4b-m1024-down,fp32,0.462249998,True,0,0.000228537494,0.948242188,859b3365b396c32f891a1a105a4496be75d3a3bdfd853ea1748081836e4f9063,0,0,0.8130359649658203,
1,local-qwen35-4b-m1024-down,previous_fp16,0.484374992,True,0,0.000326192584,1.46289062,ce1acde1f61564fae0ed3e8085fc7ea53bbc0f30283ae21b54ab6fe3442b3fb1,0,0,0.797447919845581,
1,local-qwen35-4b-m1024-down,fp16,0.48433333,True,0,0.000326192584,1.46289062,ce1acde1f61564fae0ed3e8085fc7ea53bbc0f30283ae21b54ab6fe3442b3fb1,0,0,0.8000278472900391,
1,local-qwen35-4b-m1024-up,mlx,0.409917,True,0,0.000185549,0.0961914,,,,0.8094630241394043,
1,local-qwen35-4b-m1024-up,previous_int8,0.234666659,True,0,0.00439828089,3.30175781,c95ad10541798ce223487ae9c7a7094b6818e278390b5bdcf5559e1c7c5e948f,0,0,0.9223079681396484,
1,local-qwen35-4b-m1024-up,int8,0.228374993,True,0,0.00439828089,3.30175781,c95ad10541798ce223487ae9c7a7094b6818e278390b5bdcf5559e1c7c5e948f,0,0,0.940330982208252,
1,local-qwen35-4b-m1024-up,previous_fp32,0.411500005,True,0,0.000197328083,0.202880859,783fc04f9bfcda966ae90624826bd3171ff93e02fcd59cbd4122b0b221326ee0,0,0,0.7890150547027588,
1,local-qwen35-4b-m1024-up,fp32,0.410541674,True,0,0.000197328083,0.202880859,783fc04f9bfcda966ae90624826bd3171ff93e02fcd59cbd4122b0b221326ee0,0,0,0.7971041202545166,
1,local-qwen35-4b-m1024-up,previous_fp16,0.405999992,True,0,0.000293926968,0.354736328,1108f21b410355aeca6adccf6d29eb4fc0d058a2ca5e00ff47bc12f6a063b71d,0,0,0.7908768653869629,
1,local-qwen35-4b-m1024-up,fp16,0.405375002,True,0,0.000293926968,0.354736328,1108f21b410355aeca6adccf6d29eb4fc0d058a2ca5e00ff47bc12f6a063b71d,0,0,0.780142068862915,
1,local-qwen35-4b-m1024-projection,mlx,0.141,True,0,0.00013431,0.097168,,,,1.072382926940918,
1,local-qwen35-4b-m1024-projection,previous_int8,0.0973333372,True,0,0.00440912472,3.29589844,e53f5eb77ba193fe16a35bbc0e9085b20b2d1aef79ca2ab1141f2e0d103e16c7,0,0,1.3878560066223145,
1,local-qwen35-4b-m1024-projection,int8,0.0975000003,True,0,0.00440912472,3.29589844,e53f5eb77ba193fe16a35bbc0e9085b20b2d1aef79ca2ab1141f2e0d103e16c7,0,0,1.3926901817321777,
1,local-qwen35-4b-m1024-projection,previous_fp32,0.141500001,True,0,0.000201618636,0.232666016,891af480784a800f7f2e8c82b31e9f4c7c518b129af49a85147aa01825f579ae,0,0,1.0820050239562988,
1,local-qwen35-4b-m1024-projection,fp32,0.14199999,True,0,0.000201618636,0.232666016,891af480784a800f7f2e8c82b31e9f4c7c518b129af49a85147aa01825f579ae,0,0,1.0670149326324463,
1,local-qwen35-4b-m1024-projection,previous_fp16,0.16791666,True,0,0.00032257131,0.401855469,da92406667795d653b9c587ccb7e82bf8bbdabb4aa2428e83e3919abcf19483f,0,0,1.0134189128875732,
1,local-qwen35-4b-m1024-projection,fp16,0.168083323,True,0,0.00032257131,0.401855469,da92406667795d653b9c587ccb7e82bf8bbdabb4aa2428e83e3919abcf19483f,0,0,1.0016591548919678,
1,local-qwen35-4b-m512-down,mlx,0.258542,True,0,0.000126238,0.250488,,,,0.8919408321380615,
1,local-qwen35-4b-m512-down,previous_int8,0.205374992,True,0,0.00465772925,11.8439941,355662d728d54066ae157adad5d3cf0aec3a49492bb02e8b9dd2699216c35233,0,0,0.948930025100708,
1,local-qwen35-4b-m512-down,int8,0.206124998,True,0,0.00465772925,11.8439941,355662d728d54066ae157adad5d3cf0aec3a49492bb02e8b9dd2699216c35233,0,0,0.9603791236877441,
1,local-qwen35-4b-m512-down,previous_fp32,0.262958332,True,0,0.000211884681,0.485839844,1b9f993bb51950320ed83b8cff57196f1a87ef73da09e169cd5dcd165282848c,0,0,0.9327130317687988,
1,local-qwen35-4b-m512-down,fp32,0.260125002,True,0,0.000211884681,0.485839844,1b9f993bb51950320ed83b8cff57196f1a87ef73da09e169cd5dcd165282848c,0,0,0.8912980556488037,
1,local-qwen35-4b-m512-down,previous_fp16,0.294625002,True,0,0.000332532298,1.13330078,5921ecd613d9fcfb2ccc70a58d348aea225910496b2c8c5947874727d19392d7,0,0,0.8339409828186035,
1,local-qwen35-4b-m512-down,fp16,0.291999997,True,0,0.000332532298,1.13330078,5921ecd613d9fcfb2ccc70a58d348aea225910496b2c8c5947874727d19392d7,0,0,0.8402950763702393,
1,local-qwen35-4b-m512-up,mlx,0.22725,True,0,0.000311375,0.210449,,,,0.9274780750274658,
1,local-qwen35-4b-m512-up,previous_int8,0.128458341,True,0,0.00393534957,3.28881836,de4647b654d80d99b668df6dc811174305332f86c1d380e0359b69db332eb19f,0,0,1.1314561367034912,
1,local-qwen35-4b-m512-up,int8,0.127874999,True,0,0.00393534957,3.28881836,de4647b654d80d99b668df6dc811174305332f86c1d380e0359b69db332eb19f,0,0,1.1285579204559326,
1,local-qwen35-4b-m512-up,previous_fp32,0.226999997,True,0,0.000197688693,0.227294922,926d37603f5c91b4b1f60f8a5a347a92ae4c59c690e11b84aeebfa477d4b9c1a,0,0,0.9257149696350098,
1,local-qwen35-4b-m512-up,fp32,0.227750003,True,0,0.000197688693,0.227294922,926d37603f5c91b4b1f60f8a5a347a92ae4c59c690e11b84aeebfa477d4b9c1a,0,0,0.9237060546875,
1,local-qwen35-4b-m512-up,previous_fp16,0.22058333,True,0,0.000268958574,0.287353516,8078d54673b0c86009789a264991a7d1567bf1b6a39e178402957f21efcdf958,0,0,0.9065210819244385,
1,local-qwen35-4b-m512-up,fp16,0.21912501,True,0,0.000268958574,0.287353516,8078d54673b0c86009789a264991a7d1567bf1b6a39e178402957f21efcdf958,0,0,0.9074292182922363,
1,local-qwen35-4b-m512-projection,mlx,0.0592917,True,0,0.000198101,0.159668,,,,1.8908040523529053,
1,local-qwen35-4b-m512-projection,previous_int8,0.052125004,True,0,0.00450671543,3.29589844,5a34f4c1207039fa00541507e8e5b4960d8548348fcf06606f33134df954b252,0,0,2.0407001972198486,
1,local-qwen35-4b-m512-projection,int8,0.0523750059,True,0,0.00450671543,3.29589844,5a34f4c1207039fa00541507e8e5b4960d8548348fcf06606f33134df954b252,0,0,2.026430130004883,
1,local-qwen35-4b-m512-projection,previous_fp32,0.0597500039,True,0,0.000205992855,0.228271484,7490ba605f32802146a233c84cdba6cba7edc252573d1beb6e34b44643567b49,0,0,1.8868379592895508,
1,local-qwen35-4b-m512-projection,fp32,0.0600000058,True,0,0.000205992855,0.228271484,7490ba605f32802146a233c84cdba6cba7edc252573d1beb6e34b44643567b49,0,0,1.8784592151641846,
1,local-qwen35-4b-m512-projection,previous_fp16,0.0840416615,True,0,0.000332862536,0.401855469,2319c13b4a97e55c19c58b526e532f7fb6236edc94dfc8f21fbb8694503ba934,0,0,1.566544771194458,
1,local-qwen35-4b-m512-projection,fp16,0.0837499974,True,0,0.000332862536,0.401855469,2319c13b4a97e55c19c58b526e532f7fb6236edc94dfc8f21fbb8694503ba934,0,0,1.5533390045166016,
1,local-qwen35-4b-m128-down,mlx,0.111167,True,0,0.000218276,0.488037,,,,1.2631170749664307,
1,local-qwen35-4b-m128-down,previous_int8,0.201666669,True,0,0.00405097563,11.8439941,a033ac24c74b2f12f3ec765d19eade6bd4bde7f71c5b1d798c47318f9b19b3a4,0,0,0.959434986114502,
1,local-qwen35-4b-m128-down,int8,0.201416668,True,0,0.00405097563,11.8439941,a033ac24c74b2f12f3ec765d19eade6bd4bde7f71c5b1d798c47318f9b19b3a4,0,0,0.9612059593200684,
1,local-qwen35-4b-m128-down,previous_fp32,0.118875003,True,0,0.000356079109,1.57226562,63dcab034409d6f321503a09b7a52b7577d19f6b098c2090e6418596b46289be,0,0,1.1895549297332764,
1,local-qwen35-4b-m128-down,fp32,0.119125005,True,0,0.000356079109,1.57226562,63dcab034409d6f321503a09b7a52b7577d19f6b098c2090e6418596b46289be,0,0,1.1906349658966064,
1,local-qwen35-4b-m128-down,previous_fp16,0.109624991,True,0,0.000324849653,1.57226562,2921b56c6bef9d3e19c703a5d5a2f80aab601da2e9148d2f7316ad4ac06b35ce,0,0,1.2630419731140137,
1,local-qwen35-4b-m128-down,fp16,0.109749992,True,0,0.000324849653,1.57226562,2921b56c6bef9d3e19c703a5d5a2f80aab601da2e9148d2f7316ad4ac06b35ce,0,0,1.268561840057373,
1,local-qwen35-4b-m128-up,mlx,0.120125,True,0,0.000241197,0.17041,,,,1.361603021621704,
1,local-qwen35-4b-m128-up,previous_int8,0.0467500067,True,0,0.00364063515,3.0090332,2f9cda71e4b5e0943a1505a0f3fcd5713cc8d2ad7b1ed714bfc5437c529b7ce9,0,0,2.24977707862854,
1,local-qwen35-4b-m128-up,int8,0.0470000086,True,0,0.00364063515,3.0090332,2f9cda71e4b5e0943a1505a0f3fcd5713cc8d2ad7b1ed714bfc5437c529b7ce9,0,0,2.195797920227051,
1,local-qwen35-4b-m128-up,previous_fp32,0.105625004,True,0,0.000225887812,0.235839844,c99058b3a179f952fc3ff78f8b3da4cc340e537c5b7942da467d9595aae079b2,0,0,1.3157150745391846,
1,local-qwen35-4b-m128-up,fp32,0.102499995,True,0,0.000225887812,0.235839844,c99058b3a179f952fc3ff78f8b3da4cc340e537c5b7942da467d9595aae079b2,0,0,1.3475420475006104,
1,local-qwen35-4b-m128-up,previous_fp16,0.071500006,True,0,0.000280441211,0.368652344,82f1fe449df670ce6a324ad0bb7bc50b93bd245504266c80e1f3db79b3708dcb,0,0,1.7749760150909424,
1,local-qwen35-4b-m128-up,fp16,0.0715833303,True,0,0.000280441211,0.368652344,82f1fe449df670ce6a324ad0bb7bc50b93bd245504266c80e1f3db79b3708dcb,0,0,1.7666091918945312,
1,local-qwen35-4b-m128-projection,mlx,0.060875,True,0,0.000116593,0.097168,,,,1.8358120918273926,
1,local-qwen35-4b-m128-projection,previous_int8,0.0410833309,True,0,0.0045165068,3.29589844,fa6d311abd84964daa9840f9431e1703109a4d271a9293c11192759bf476700b,0,0,2.361928939819336,
1,local-qwen35-4b-m128-projection,int8,0.0412916706,True,0,0.0045165068,3.29589844,fa6d311abd84964daa9840f9431e1703109a4d271a9293c11192759bf476700b,0,0,2.367037057876587,
1,local-qwen35-4b-m128-projection,previous_fp32,0.0947083317,True,0,0.000196097688,0.232177734,f6b5c87d24c9524fb826ff1729b7c4b71d0e86d69ed7bf1c348bd73194456b92,0,0,1.4319977760314941,
1,local-qwen35-4b-m128-projection,fp32,0.0945000065,True,0,0.000196097688,0.232177734,f6b5c87d24c9524fb826ff1729b7c4b71d0e86d69ed7bf1c348bd73194456b92,0,0,1.4246141910552979,
1,local-qwen35-4b-m128-projection,previous_fp16,0.0605416717,True,0,0.00026881939,0.322998047,19962c5eb0598bca6ce45cdb2a8af51c90500254e48c10cd8111f511066061de,0,0,1.8507931232452393,
1,local-qwen35-4b-m128-projection,fp16,0.0603750086,True,0,0.00026881939,0.322998047,19962c5eb0598bca6ce45cdb2a8af51c90500254e48c10cd8111f511066061de,0,0,1.8551368713378906,
1,local-qwen35-4b-m32-down,mlx,0.0763333,True,0,0.000266309,0.932129,,,,1.6715819835662842,
1,local-qwen35-4b-m32-down,previous_int8,0.153125002,True,0,0.00379960145,10.8535156,ffa66a50893982b8f3774cae4d89db6a5507e673358cc0dd4ae7e4567073dc06,0,0,1.053534984588623,
1,local-qwen35-4b-m32-down,int8,0.152833338,True,0,0.00379960145,10.8535156,ffa66a50893982b8f3774cae4d89db6a5507e673358cc0dd4ae7e4567073dc06,0,0,1.055819034576416,
1,local-qwen35-4b-m32-down,previous_fp32,0.128291664,True,0,0.000369911701,1.6171875,04776a2221f3ee94b849eee88931c83401bdbf62a69233377d1707f2107e8bcc,0,0,1.117460012435913,
1,local-qwen35-4b-m32-down,fp32,0.127666659,True,0,0.000369911701,1.6171875,04776a2221f3ee94b849eee88931c83401bdbf62a69233377d1707f2107e8bcc,0,0,1.111670970916748,
1,local-qwen35-4b-m32-down,previous_fp16,0.128166663,True,0,0.000369911701,1.6171875,04776a2221f3ee94b849eee88931c83401bdbf62a69233377d1707f2107e8bcc,0,0,1.1090350151062012,
1,local-qwen35-4b-m32-down,fp16,0.126208339,True,0,0.000369911701,1.6171875,04776a2221f3ee94b849eee88931c83401bdbf62a69233377d1707f2107e8bcc,0,0,1.1182010173797607,
1,local-qwen35-4b-m32-up,mlx,0.048625,True,0,0.000227491,0.106445,,,,1.9487831592559814,
1,local-qwen35-4b-m32-up,previous_int8,0.0443333411,True,0,0.00420074507,3.26977539,4c0d9a8e2e5ecedebc39bf7079b330b076254eec8920406e4b54c819bddc69b4,0,0,2.272185802459717,
1,local-qwen35-4b-m32-up,int8,0.0442916789,True,0,0.00420074507,3.26977539,4c0d9a8e2e5ecedebc39bf7079b330b076254eec8920406e4b54c819bddc69b4,0,0,2.2951841354370117,
1,local-qwen35-4b-m32-up,previous_fp32,0.134833332,True,0,0.00025592618,0.322509766,6ba3cfdfac9a2f28b5d4409b25865ce65db01a139c547ef745db479b0f926793,0,0,1.0970580577850342,
1,local-qwen35-4b-m32-up,fp32,0.134624992,True,0,0.00025592618,0.322509766,6ba3cfdfac9a2f28b5d4409b25865ce65db01a139c547ef745db479b0f926793,0,0,1.112685203552246,
1,local-qwen35-4b-m32-up,previous_fp16,0.134874994,True,0,0.00025592618,0.322509766,6ba3cfdfac9a2f28b5d4409b25865ce65db01a139c547ef745db479b0f926793,0,0,1.1107110977172852,
1,local-qwen35-4b-m32-up,fp16,0.133374997,True,0,0.00025592618,0.322509766,6ba3cfdfac9a2f28b5d4409b25865ce65db01a139c547ef745db479b0f926793,0,0,1.1116690635681152,
1,local-qwen35-4b-m32-projection,mlx,0.0460417,True,0,0.000113264,0.097168,,,,2.2197067737579346,
1,local-qwen35-4b-m32-projection,previous_int8,0.0433749956,True,0,0.00754469594,3.29589844,55634140f04552e35983a013d92ff304730de5c345f8a46a3f08a3cebdc109a5,0,0,2.2510998249053955,
1,local-qwen35-4b-m32-projection,int8,0.0434583344,True,0,0.00754469594,3.29589844,55634140f04552e35983a013d92ff304730de5c345f8a46a3f08a3cebdc109a5,0,0,2.2673487663269043,
1,local-qwen35-4b-m32-projection,previous_fp32,0.0440000003,True,0,0.000213559504,0.139160156,babadd6dcaaf7c852e338a626a7f777c332e175315ec10ece608d93c353a1466,0,0,2.2631418704986572,
1,local-qwen35-4b-m32-projection,fp32,0.0434999965,True,0,0.000213559504,0.139160156,babadd6dcaaf7c852e338a626a7f777c332e175315ec10ece608d93c353a1466,0,0,2.252362012863159,
1,local-qwen35-4b-m32-projection,previous_fp16,0.0445000042,True,0,0.000213559504,0.139160156,babadd6dcaaf7c852e338a626a7f777c332e175315ec10ece608d93c353a1466,0,0,2.212829828262329,
1,local-qwen35-4b-m32-projection,fp16,0.0445000042,True,0,0.000213559504,0.139160156,babadd6dcaaf7c852e338a626a7f777c332e175315ec10ece608d93c353a1466,0,0,2.219778060913086,
1,local-qwen35-4b-m8-down,mlx,0.042375,True,0,0.000239028,0.525391,,,,2.4053502082824707,
1,local-qwen35-4b-m8-down,previous_int8,0.0332916679,True,0,0.00440551999,11.8894043,77293eff64da5df4ff35e1af9f33b3cbdcab814bf8d07f09b90fe69a406bacca,0,0,2.9222259521484375,
1,local-qwen35-4b-m8-down,int8,0.0334999932,True,0,0.00440551999,11.8894043,77293eff64da5df4ff35e1af9f33b3cbdcab814bf8d07f09b90fe69a406bacca,0,0,2.9057509899139404,
1,local-qwen35-4b-m8-down,previous_fp32,0.0454999972,True,0,0.000318764077,1.26782227,d2ecbc162e7030f12b7fb05c65ecd07d11a249d97ade7c82be321821cb011d86,0,0,2.2508437633514404,
1,local-qwen35-4b-m8-down,fp32,0.046000001,True,0,0.000318764077,1.26782227,d2ecbc162e7030f12b7fb05c65ecd07d11a249d97ade7c82be321821cb011d86,0,0,2.2263596057891846,
1,local-qwen35-4b-m8-down,previous_fp16,0.0458750001,True,0,0.000318764077,1.26782227,d2ecbc162e7030f12b7fb05c65ecd07d11a249d97ade7c82be321821cb011d86,0,0,2.2470970153808594,
1,local-qwen35-4b-m8-down,fp16,0.0459166768,True,0,0.000318764077,1.26782227,d2ecbc162e7030f12b7fb05c65ecd07d11a249d97ade7c82be321821cb011d86,0,0,2.2763051986694336,
1,local-qwen35-4b-m8-up,mlx,0.040125,True,0,0.000185549,0.0961914,,,,2.452319860458374,
1,local-qwen35-4b-m8-up,previous_int8,0.0343749998,True,0,0.00376039226,3.2890625,fbfba0b86d7dc874e8dbf41a0767f79d70076e3149d75dbdb73429a6b56a17fb,0,0,2.811746835708618,
1,local-qwen35-4b-m8-up,int8,0.0343749998,True,0,0.00376039226,3.2890625,fbfba0b86d7dc874e8dbf41a0767f79d70076e3149d75dbdb73429a6b56a17fb,0,0,2.8001821041107178,
1,local-qwen35-4b-m8-up,previous_fp32,0.0443750032,True,0,0.000214525839,0.348388672,cb1d150fbadfdbc41d0fa37dc452602477847bb33f757fa4a69aed00cf200960,0,0,2.2094898223876953,
1,local-qwen35-4b-m8-up,fp32,0.0443750032,True,0,0.000214525839,0.348388672,cb1d150fbadfdbc41d0fa37dc452602477847bb33f757fa4a69aed00cf200960,0,0,2.2453970909118652,
1,local-qwen35-4b-m8-up,previous_fp16,0.0444166653,True,0,0.000214525839,0.348388672,cb1d150fbadfdbc41d0fa37dc452602477847bb33f757fa4a69aed00cf200960,0,0,2.2130579948425293,
1,local-qwen35-4b-m8-up,fp16,0.0447916682,True,0,0.000214525839,0.348388672,cb1d150fbadfdbc41d0fa37dc452602477847bb33f757fa4a69aed00cf200960,0,0,2.1596288681030273,
1,local-qwen35-4b-m8-projection,mlx,0.01475,True,0,0.00013431,0.097168,,,,5.731762886047363,
1,local-qwen35-4b-m8-projection,previous_int8,0.020083331,True,0,0.0041973541,3.29589844,9a785fc7fae6d16d01f68aecd8ec4b29b147047c20b7e45c34eead557b4f56ee,0,0,4.4518797397613525,
1,local-qwen35-4b-m8-projection,int8,0.019791667,True,0,0.0041973541,3.29589844,9a785fc7fae6d16d01f68aecd8ec4b29b147047c20b7e45c34eead557b4f56ee,0,0,4.4450953006744385,
1,local-qwen35-4b-m8-projection,previous_fp32,0.0212916639,True,0,0.000195443509,0.184082031,043d11eebc4429c284a01bf07e2a793d3bcf364d85f8c4055b0d834ef40c8df4,0,0,4.236009120941162,
1,local-qwen35-4b-m8-projection,fp32,0.0212083396,True,0,0.000195443509,0.184082031,043d11eebc4429c284a01bf07e2a793d3bcf364d85f8c4055b0d834ef40c8df4,0,0,4.1743621826171875,
1,local-qwen35-4b-m8-projection,previous_fp16,0.0212500017,True,0,0.000195443509,0.184082031,043d11eebc4429c284a01bf07e2a793d3bcf364d85f8c4055b0d834ef40c8df4,0,0,4.097697973251343,
1,local-qwen35-4b-m8-projection,fp16,0.0213749881,True,0,0.000195443509,0.184082031,043d11eebc4429c284a01bf07e2a793d3bcf364d85f8c4055b0d834ef40c8df4,0,0,4.150916814804077,
1,local-qwen35-4b-m2-down,mlx,0.0271667,True,0,0.00012484,0.256104,,,,3.491917133331299,
1,local-qwen35-4b-m2-down,previous_int8,0.019375002,True,0,0.00196998712,5.8894043,6fbe05e5a5996bc2878dd3a12b98fceff29b17c21464172d886beb5e1f399e32,0,0,4.290601968765259,
1,local-qwen35-4b-m2-down,int8,0.0196250039,True,0,0.00196998712,5.8894043,6fbe05e5a5996bc2878dd3a12b98fceff29b17c21464172d886beb5e1f399e32,0,0,4.518707990646362,
1,local-qwen35-4b-m2-down,previous_fp32,0.0379583362,True,0,0.000231072934,0.97265625,d9b0e1b2b387bf46a6ed4e9e0b8c2d4b7605df1236f6f87f3b04439530bd32fd,0,0,2.577587842941284,
1,local-qwen35-4b-m2-down,fp32,0.0378749974,True,0,0.000231072934,0.97265625,d9b0e1b2b387bf46a6ed4e9e0b8c2d4b7605df1236f6f87f3b04439530bd32fd,0,0,2.7001070976257324,
1,local-qwen35-4b-m2-down,previous_fp16,0.0381666759,True,0,0.000231072934,0.97265625,d9b0e1b2b387bf46a6ed4e9e0b8c2d4b7605df1236f6f87f3b04439530bd32fd,0,0,2.5148980617523193,
1,local-qwen35-4b-m2-down,fp16,0.0377916585,True,0,0.000231072934,0.97265625,d9b0e1b2b387bf46a6ed4e9e0b8c2d4b7605df1236f6f87f3b04439530bd32fd,0,0,2.52844500541687,
1,local-qwen35-4b-m2-up,mlx,0.025375,True,0,0.000218816,0.122803,,,,3.6798031330108643,
1,local-qwen35-4b-m2-up,previous_int8,0.0167083344,True,0,0.00199213309,1.6640625,b72774e9f23af07de925453ca83f75b3dc9f03454cf6414fc87938c26aef262c,0,0,5.126085042953491,
1,local-qwen35-4b-m2-up,int8,0.0167916587,True,0,0.00199213309,1.6640625,b72774e9f23af07de925453ca83f75b3dc9f03454cf6414fc87938c26aef262c,0,0,5.083626985549927,
1,local-qwen35-4b-m2-up,previous_fp32,0.0312083284,True,0,0.000211878213,0.236572266,5c1a3404d4f356bf0da89b1f47328d74517f0cd53eebd50211a414bf587e935d,0,0,3.0717761516571045,
1,local-qwen35-4b-m2-up,fp32,0.0318750099,True,0,0.000211878213,0.236572266,5c1a3404d4f356bf0da89b1f47328d74517f0cd53eebd50211a414bf587e935d,0,0,3.012655019760132,
1,local-qwen35-4b-m2-up,previous_fp16,0.0304999994,True,0,0.000211878213,0.236572266,5c1a3404d4f356bf0da89b1f47328d74517f0cd53eebd50211a414bf587e935d,0,0,3.1283137798309326,
1,local-qwen35-4b-m2-up,fp16,0.031500007,True,0,0.000211878213,0.236572266,5c1a3404d4f356bf0da89b1f47328d74517f0cd53eebd50211a414bf587e935d,0,0,3.05945086479187,
1,local-qwen35-4b-m2-projection,mlx,0.0103333,True,0,0.000196124,0.10498,,,,7.777353048324585,
1,local-qwen35-4b-m2-projection,previous_int8,0.00850000652,True,0,0.00191602286,1.64477539,10972a996e6d1e6a316c56c68f4b357aec7471aa5fa807d6424dba95da1dc8c4,0,0,9.235711097717285,
1,local-qwen35-4b-m2-projection,int8,0.00833332888,True,0,0.00191602286,1.64477539,10972a996e6d1e6a316c56c68f4b357aec7471aa5fa807d6424dba95da1dc8c4,0,0,9.024099826812744,
1,local-qwen35-4b-m2-projection,previous_fp32,0.0129583204,True,0,0.000202488025,0.236572266,3bd2aed49249d8d5e5da1b3db2fa3e81ee27eea49b1734b676dce87cd53ff98b,0,0,6.346127033233643,
1,local-qwen35-4b-m2-projection,fp32,0.0129166729,True,0,0.000202488025,0.236572266,3bd2aed49249d8d5e5da1b3db2fa3e81ee27eea49b1734b676dce87cd53ff98b,0,0,6.3092920780181885,
1,local-qwen35-4b-m2-projection,previous_fp16,0.0127916719,True,0,0.000202488025,0.236572266,3bd2aed49249d8d5e5da1b3db2fa3e81ee27eea49b1734b676dce87cd53ff98b,0,0,6.387512922286987,
1,local-qwen35-4b-m2-projection,fp16,0.0130416738,True,0,0.000202488025,0.236572266,3bd2aed49249d8d5e5da1b3db2fa3e81ee27eea49b1734b676dce87cd53ff98b,0,0,6.2357401847839355,
1,local-qwen35-4b-m1-down,mlx,0.028875,True,0,0.000199283,0.250488,,,,3.2699451446533203,
1,local-qwen35-4b-m1-down,previous_int8,0.0184583332,True,0,0.00197321869,5.91137695,b7d97d1db04a2bd66e18c82817084b7fe93b35dbbdb93daadba04a0f857d4ac2,0,0,4.786386251449585,
1,local-qwen35-4b-m1-down,int8,0.0181666692,True,0,0.00197321869,5.91137695,b7d97d1db04a2bd66e18c82817084b7fe93b35dbbdb93daadba04a0f857d4ac2,0,0,4.80169677734375,
1,local-qwen35-4b-m1-down,previous_fp32,0.0369999907,True,0,0.000220398205,0.97265625,32f1ff249f13b7c0417f97bee687c50c1a999db5873728aec4d8dfcd0de8b7e9,0,0,2.525362968444824,
1,local-qwen35-4b-m1-down,fp32,0.0368750043,True,0,0.000220398205,0.97265625,32f1ff249f13b7c0417f97bee687c50c1a999db5873728aec4d8dfcd0de8b7e9,0,0,2.6475350856781006,
1,local-qwen35-4b-m1-down,previous_fp16,0.0371250062,True,0,0.000220398205,0.97265625,32f1ff249f13b7c0417f97bee687c50c1a999db5873728aec4d8dfcd0de8b7e9,0,0,2.610048770904541,
1,local-qwen35-4b-m1-down,fp16,0.0381666614,True,0,0.000220398205,0.97265625,32f1ff249f13b7c0417f97bee687c50c1a999db5873728aec4d8dfcd0de8b7e9,0,0,2.588146209716797,
1,local-qwen35-4b-m1-up,mlx,0.0246667,True,0,0.000265042,0.0961914,,,,3.7856638431549072,
1,local-qwen35-4b-m1-up,previous_int8,0.0160000054,True,0,0.00203436908,1.64355469,284472f67cb403574b7a151ce671a601fca2d80aec1a5dc463ab894b7848db94,0,0,5.267214059829712,
1,local-qwen35-4b-m1-up,int8,0.0161250064,True,0,0.00203436908,1.64355469,284472f67cb403574b7a151ce671a601fca2d80aec1a5dc463ab894b7848db94,0,0,5.2902350425720215,
1,local-qwen35-4b-m1-up,previous_fp32,0.0303333363,True,0,0.000208399608,0.236572266,2d84915cd903f8959aae8528bb77edc206bae7b8b65eeca2ff90c0675e62e7b9,0,0,3.118907928466797,
1,local-qwen35-4b-m1-up,fp32,0.0303749985,True,0,0.000208399608,0.236572266,2d84915cd903f8959aae8528bb77edc206bae7b8b65eeca2ff90c0675e62e7b9,0,0,3.1566057205200195,
1,local-qwen35-4b-m1-up,previous_fp16,0.0382083235,True,0,0.000221042253,0.263427734,7bc9a23fbcab308aeafaaa45937bfdbeabf2afdce7e4b325c44478b2412aae4a,0,0,2.511364221572876,
1,local-qwen35-4b-m1-up,fp16,0.0379999983,True,0,0.000221042253,0.263427734,7bc9a23fbcab308aeafaaa45937bfdbeabf2afdce7e4b325c44478b2412aae4a,0,0,2.523401975631714,
1,local-qwen35-4b-m1-projection,mlx,0.01025,True,0,0.000122167,0.097168,,,,7.822648048400879,
1,local-qwen35-4b-m1-projection,previous_int8,0.00800000271,True,0,0.00200493368,1.64477539,39ec3b5e550eaab926fc4d283a3eaf1a837f52b16d4bef9dc056e78e2a825ffd,0,0,9.539474248886108,
1,local-qwen35-4b-m1-projection,int8,0.00862500747,True,0,0.00200493368,1.64477539,39ec3b5e550eaab926fc4d283a3eaf1a837f52b16d4bef9dc056e78e2a825ffd,0,0,9.781434059143066,
1,local-qwen35-4b-m1-projection,previous_fp32,0.0124999933,True,0,0.000215124035,0.236572266,87df66dcd2197e474f37dfaaa98c8a15e611c5d5253ed38667da04ede490dac5,0,0,6.655241966247559,
1,local-qwen35-4b-m1-projection,fp32,0.0125833321,True,0,0.000215124035,0.236572266,87df66dcd2197e474f37dfaaa98c8a15e611c5d5253ed38667da04ede490dac5,0,0,6.688697099685669,
1,local-qwen35-4b-m1-projection,previous_fp16,0.0172500004,True,0,0.000234557513,0.263427734,51a1dd889b76fbe0a500d1fea2e5aa64dde5df707c4dc31b1c4e67c2f975aaa4,0,0,5.122212171554565,
1,local-qwen35-4b-m1-projection,fp16,0.0175000023,True,0,0.000234557513,0.263427734,51a1dd889b76fbe0a500d1fea2e5aa64dde5df707c4dc31b1c4e67c2f975aaa4,0,0,5.084733247756958,
1,h3-720p-ui-10s-ffn-down-cast,mlx,103.474,True,0,0.000160558,0.496826,,,,4.510321855545044,
1,h3-720p-ui-10s-ffn-down-cast,previous_int8,49.5195417,True,0,0.00506093826,18.2370605,d10321e095adb2c6a95be34e5f386b64b7d8ec7384db653a8ab278b9720b4d83,1,0,2.3301970958709717,
1,h3-720p-ui-10s-ffn-down-cast,int8,49.4799167,True,0,0.00506093826,18.2370605,d10321e095adb2c6a95be34e5f386b64b7d8ec7384db653a8ab278b9720b4d83,1,0,2.3318750858306885,
1,h3-720p-ui-10s-ffn-down-cast,previous_fp32,103.316625,True,0,0.000204094491,0.985839844,a13016cd03cd547607bcbe3d39b63cf63268d397cdbab41a3b8391f62e6a3a16,0,0,2.602541208267212,
1,h3-720p-ui-10s-ffn-down-cast,fp32,102.914,True,0,0.000204094491,0.985839844,a13016cd03cd547607bcbe3d39b63cf63268d397cdbab41a3b8391f62e6a3a16,0,0,2.599985122680664,
1,h3-720p-ui-10s-ffn-down-cast,previous_fp16,103.6215,True,0,0.000204094491,0.985839844,a13016cd03cd547607bcbe3d39b63cf63268d397cdbab41a3b8391f62e6a3a16,0,0,2.5997860431671143,
1,h3-720p-ui-10s-ffn-down-cast,fp16,103.3115,True,0,0.000204094491,0.985839844,a13016cd03cd547607bcbe3d39b63cf63268d397cdbab41a3b8391f62e6a3a16,0,0,2.601370096206665,
1,h3-720p-ui-10s-ffn-down,mlx,99.9756,True,0,0.000160558,0.496826,,,,3.269080877304077,
1,h3-720p-ui-10s-ffn-down,previous_int8,49.32525,True,0,0.00506093826,18.2370605,eee77d2959e69915b45b8212112d472b1477915ed700b534757cad1ed03884f9,0,0,1.9043629169464111,
1,h3-720p-ui-10s-ffn-down,int8,49.371,True,0,0.00506093826,18.2370605,eee77d2959e69915b45b8212112d472b1477915ed700b534757cad1ed03884f9,0,0,1.9130539894104004,
1,h3-720p-ui-10s-ffn-down,previous_fp32,99.8783333,True,0,0.000204094491,0.985839844,19d1284d373e87d42c169fdb0159fbc26b15c5cff91187ada18d0e6b4d335cfc,0,0,2.15095591545105,
1,h3-720p-ui-10s-ffn-down,fp32,100.162125,True,0,0.000204094491,0.985839844,19d1284d373e87d42c169fdb0159fbc26b15c5cff91187ada18d0e6b4d335cfc,0,0,2.1560750007629395,
1,h3-720p-ui-10s-ffn-down,previous_fp16,99.985625,True,0,0.000204094491,0.985839844,19d1284d373e87d42c169fdb0159fbc26b15c5cff91187ada18d0e6b4d335cfc,0,0,2.15313720703125,
1,h3-720p-ui-10s-ffn-down,fp16,100.128,True,0,0.000204094491,0.985839844,19d1284d373e87d42c169fdb0159fbc26b15c5cff91187ada18d0e6b4d335cfc,0,0,2.1555960178375244,
1,h3-720p-ui-10s-ffn-up,mlx,85.6135,True,0,0.000243671,0.374512,,,,4.611426115036011,
1,h3-720p-ui-10s-ffn-up,previous_int8,46.3610417,True,0,0.00363725828,6.9284668,9361d91fe2b800375b13e7243c4fd6a01b609e4aec9fbbad7c26a30d6cc9865e,0,0,2.0731801986694336,
1,h3-720p-ui-10s-ffn-up,int8,46.359375,True,0,0.00363725828,6.9284668,9361d91fe2b800375b13e7243c4fd6a01b609e4aec9fbbad7c26a30d6cc9865e,0,0,2.083461046218872,
1,h3-720p-ui-10s-ffn-up,previous_fp32,85.6945,True,0,0.000183206651,0.447998047,1205be1a7a74b1df328120725d8f6e551ec18399bbd54af38dbcd9151d2db847,0,0,2.2669031620025635,
1,h3-720p-ui-10s-ffn-up,fp32,85.6006667,True,0,0.000183206651,0.447998047,1205be1a7a74b1df328120725d8f6e551ec18399bbd54af38dbcd9151d2db847,0,0,2.284769058227539,
1,h3-720p-ui-10s-ffn-up,previous_fp16,85.618875,True,0,0.000183206651,0.447998047,1205be1a7a74b1df328120725d8f6e551ec18399bbd54af38dbcd9151d2db847,0,0,2.2675070762634277,
1,h3-720p-ui-10s-ffn-up,fp16,85.600375,True,0,0.000183206651,0.447998047,1205be1a7a74b1df328120725d8f6e551ec18399bbd54af38dbcd9151d2db847,0,0,2.2743186950683594,
1,h3-720p-ui-10s-output-cast,mlx,44.5413,True,0,0.000254722,0.40332,,,,3.72515606880188,
1,h3-720p-ui-10s-output-cast,previous_int8,24.22375,True,0,0.00564983144,9.30957031,4ec766989d511f601bb9c249eb9cdbbacbbb807bd1c79761428b9af7654abee2,1,0,1.8524649143218994,
1,h3-720p-ui-10s-output-cast,int8,24.19425,True,0,0.00564983144,9.30957031,4ec766989d511f601bb9c249eb9cdbbacbbb807bd1c79761428b9af7654abee2,1,0,1.8409900665283203,
1,h3-720p-ui-10s-output-cast,previous_fp32,44.575625,True,0,0.000244164607,0.497314453,c68d83902668cb2e099d0bd0f8037d352dd90553783a7418c1d6533e196973aa,0,0,1.9070611000061035,
1,h3-720p-ui-10s-output-cast,fp32,44.6012917,True,0,0.000244164607,0.497314453,c68d83902668cb2e099d0bd0f8037d352dd90553783a7418c1d6533e196973aa,0,0,1.911924123764038,
1,h3-720p-ui-10s-output-cast,previous_fp16,44.55675,True,0,0.000244164607,0.497314453,c68d83902668cb2e099d0bd0f8037d352dd90553783a7418c1d6533e196973aa,0,0,1.911421298980713,
1,h3-720p-ui-10s-output-cast,fp16,44.5527083,True,0,0.000244164607,0.497314453,c68d83902668cb2e099d0bd0f8037d352dd90553783a7418c1d6533e196973aa,0,0,1.9095449447631836,
1,h3-720p-ui-10s-output,mlx,42.4254,True,0,0.000254722,0.40332,,,,2.4699010848999023,
1,h3-720p-ui-10s-output,previous_int8,24.1085,True,0,0.00564983144,9.30957031,c9b94548ee9e64acc61f595ecb75847770ff6d3cf5816cfe1f33c5a8760028b1,0,0,1.411834955215454,
1,h3-720p-ui-10s-output,int8,24.108,True,0,0.00564983144,9.30957031,c9b94548ee9e64acc61f595ecb75847770ff6d3cf5816cfe1f33c5a8760028b1,0,0,1.4261870384216309,
1,h3-720p-ui-10s-output,previous_fp32,42.432375,True,0,0.000244164607,0.497314453,17e5e18e832285d647600012b2d7b23267ae75e3688feefad45b9eaa521642a4,0,0,1.5105359554290771,
1,h3-720p-ui-10s-output,fp32,42.4525417,True,0,0.000244164607,0.497314453,17e5e18e832285d647600012b2d7b23267ae75e3688feefad45b9eaa521642a4,0,0,1.5070459842681885,
1,h3-720p-ui-10s-output,previous_fp16,42.418,True,0,0.000244164607,0.497314453,17e5e18e832285d647600012b2d7b23267ae75e3688feefad45b9eaa521642a4,0,0,1.5049331188201904,
1,h3-720p-ui-10s-output,fp16,42.4485,True,0,0.000244164607,0.497314453,17e5e18e832285d647600012b2d7b23267ae75e3688feefad45b9eaa521642a4,0,0,1.5072262287139893,
1,h3-720p-ui-10s-q,mlx,42.7949,True,0,0.000256459,0.409912,,,,2.813405990600586,
1,h3-720p-ui-10s-q,previous_int8,23.787625,True,0,0.00372343514,6.9284668,43370834459b5cf995992d03dd0cd7ae7e9596ffb3406e91d0d1ed76350cd6f3,0,0,1.4427011013031006,
1,h3-720p-ui-10s-q,int8,23.7872917,True,0,0.00372343514,6.9284668,43370834459b5cf995992d03dd0cd7ae7e9596ffb3406e91d0d1ed76350cd6f3,0,0,1.4676880836486816,
1,h3-720p-ui-10s-q,previous_fp32,42.8171667,True,0,0.000190073249,0.479492188,5118f030d1bb003f949b949a1cccb40d28049d422eb43890c1df10abe28d7e61,0,0,1.5453369617462158,
1,h3-720p-ui-10s-q,fp32,42.8207083,True,0,0.000190073249,0.479492188,5118f030d1bb003f949b949a1cccb40d28049d422eb43890c1df10abe28d7e61,0,0,1.548604965209961,
1,h3-720p-ui-10s-q,previous_fp16,42.847625,True,0,0.000190073249,0.479492188,5118f030d1bb003f949b949a1cccb40d28049d422eb43890c1df10abe28d7e61,0,0,1.5466270446777344,
1,h3-720p-ui-10s-q,fp16,42.85775,True,0,0.000190073249,0.479492188,5118f030d1bb003f949b949a1cccb40d28049d422eb43890c1df10abe28d7e61,0,0,1.5565109252929688,
1,h3-720p-ui-10s,mlx,1605.27,True,0,,2.49392e-05,,,,17.31681799888611,
1,h3-720p-ui-10s,previous_int8,767.927625,True,0,0.00408033087,0.000308362264,94f795fbabb5aab75bb9d5c00acbc5ec759e33ff6fdad774ce7068447fab486b,0,0,9.233654022216797,
1,h3-720p-ui-10s,int8,768.102,True,0,0.00408033087,0.000308362264,94f795fbabb5aab75bb9d5c00acbc5ec759e33ff6fdad774ce7068447fab486b,0,0,9.24593710899353,
1,h3-720p-ui-10s,previous_fp16,1600.93575,True,0,0.00037906241,2.49383628e-05,2d64a0668b5bf2faf2498a705f88da49bf396ef4ee66a09a48ca5ba90397881e,0,0,17.568191051483154,
1,h3-720p-ui-10s,fp16,1608.64642,True,0,0.00037906241,2.49383628e-05,2d64a0668b5bf2faf2498a705f88da49bf396ef4ee66a09a48ca5ba90397881e,0,0,17.61098027229309,
1,h3-480p-ui-10s-ffn-down-cast,mlx,47.423,True,0,0.000102407,0.505615,,,,2.3679709434509277,
1,h3-480p-ui-10s-ffn-down-cast,previous_int8,22.1440417,True,0,0.00391628554,18.2285156,cdd20abf4be287f3f900bee6476cb40e3672f1d5a9df288067ff0dc521a43358,1,0,1.4410040378570557,
1,h3-480p-ui-10s-ffn-down-cast,int8,22.1625,True,0,0.00391628554,18.2285156,cdd20abf4be287f3f900bee6476cb40e3672f1d5a9df288067ff0dc521a43358,1,0,1.4537200927734375,
1,h3-480p-ui-10s-ffn-down-cast,previous_fp32,47.422625,True,0,0.000204738313,1.94775391,92481c40c811ab8aa8722955d187a875b67c07aabf038872f5ea6bd34e1b63d7,0,0,1.5533320903778076,
1,h3-480p-ui-10s-ffn-down-cast,fp32,47.6500417,True,0,0.000204738313,1.94775391,92481c40c811ab8aa8722955d187a875b67c07aabf038872f5ea6bd34e1b63d7,0,0,1.5515878200531006,
1,h3-480p-ui-10s-ffn-down-cast,previous_fp16,47.418375,True,0,0.000204738313,1.94775391,92481c40c811ab8aa8722955d187a875b67c07aabf038872f5ea6bd34e1b63d7,0,0,1.5389173030853271,
1,h3-480p-ui-10s-ffn-down-cast,fp16,47.57275,True,0,0.000204738313,1.94775391,92481c40c811ab8aa8722955d187a875b67c07aabf038872f5ea6bd34e1b63d7,0,0,1.5429677963256836,
1,h3-480p-ui-10s-ffn-down,mlx,46.6145,True,0,0.000102407,0.505615,,,,1.8589229583740234,
1,h3-480p-ui-10s-ffn-down,previous_int8,22.096875,True,0,0.00391628554,18.2285156,c5c3d04e4c1796323dbcc239ffa3eb76658f686e93536064184f0b09c496864d,0,0,1.2409229278564453,
1,h3-480p-ui-10s-ffn-down,int8,22.0052917,True,0,0.00391628554,18.2285156,c5c3d04e4c1796323dbcc239ffa3eb76658f686e93536064184f0b09c496864d,0,0,1.2466907501220703,
1,h3-480p-ui-10s-ffn-down,previous_fp32,46.29525,True,0,0.000204738313,1.94775391,d16f979bca722be1ed63e51d81cbe7ab93b6623e8728f7954c180726bc7e02c4,0,0,1.3375518321990967,
1,h3-480p-ui-10s-ffn-down,fp32,46.593875,True,0,0.000204738313,1.94775391,d16f979bca722be1ed63e51d81cbe7ab93b6623e8728f7954c180726bc7e02c4,0,0,1.3496360778808594,
1,h3-480p-ui-10s-ffn-down,previous_fp16,46.5844167,True,0,0.000204738313,1.94775391,d16f979bca722be1ed63e51d81cbe7ab93b6623e8728f7954c180726bc7e02c4,0,0,1.3380537033081055,
1,h3-480p-ui-10s-ffn-down,fp16,46.604875,True,0,0.000204738313,1.94775391,d16f979bca722be1ed63e51d81cbe7ab93b6623e8728f7954c180726bc7e02c4,0,0,1.3426709175109863,
1,h3-480p-ui-10s-ffn-up,mlx,38.04,True,0,0.00020919,0.374512,,,,2.4798452854156494,
1,h3-480p-ui-10s-ffn-up,previous_int8,20.6451667,True,0,0.00382666666,6.8894043,cc0662f79d60c0684f2cd82a735aa3a6901c62b9fdf9da5fe930d6f6fce9d8f6,0,0,1.3090271949768066,
1,h3-480p-ui-10s-ffn-up,int8,20.6395417,True,0,0.00382666666,6.8894043,cc0662f79d60c0684f2cd82a735aa3a6901c62b9fdf9da5fe930d6f6fce9d8f6,0,0,1.2997829914093018,
1,h3-480p-ui-10s-ffn-up,previous_fp32,38.0185,True,0,0.0001897889,0.447753906,4a1dc8f10507f2d1913c3382243c1082c874e2bda6f396f6bbd885568a7b64fa,0,0,1.3524260520935059,
1,h3-480p-ui-10s-ffn-up,fp32,38.0159583,True,0,0.0001897889,0.447753906,4a1dc8f10507f2d1913c3382243c1082c874e2bda6f396f6bbd885568a7b64fa,0,0,1.3579630851745605,
1,h3-480p-ui-10s-ffn-up,previous_fp16,37.984125,True,0,0.0001897889,0.447753906,4a1dc8f10507f2d1913c3382243c1082c874e2bda6f396f6bbd885568a7b64fa,0,0,1.3546981811523438,
1,h3-480p-ui-10s-ffn-up,fp16,37.9895833,True,0,0.0001897889,0.447753906,4a1dc8f10507f2d1913c3382243c1082c874e2bda6f396f6bbd885568a7b64fa,0,0,1.3860490322113037,
1,h3-480p-ui-10s-output-cast,mlx,19.8468,True,0,0.000257383,0.355225,,,,1.992656946182251,
1,h3-480p-ui-10s-output-cast,previous_int8,10.8167917,True,0,0.00433472402,9.28393555,7543c318beed070f85636539021dad5841fde007da9d700a8a49e0ae6e569822,1,0,1.1594209671020508,
1,h3-480p-ui-10s-output-cast,int8,10.839875,True,0,0.00433472402,9.28393555,7543c318beed070f85636539021dad5841fde007da9d700a8a49e0ae6e569822,1,0,1.1597697734832764,
1,h3-480p-ui-10s-output-cast,previous_fp32,19.8014583,True,0,0.000180633673,0.486572266,e82a5e35cc20eb1a1bc195dc21d93ec737b7007cde2f79019789f508453110d4,0,0,1.1888091564178467,
1,h3-480p-ui-10s-output-cast,fp32,19.8261667,True,0,0.000180633673,0.486572266,e82a5e35cc20eb1a1bc195dc21d93ec737b7007cde2f79019789f508453110d4,0,0,1.1859939098358154,
1,h3-480p-ui-10s-output-cast,previous_fp16,19.8647083,True,0,0.000180633673,0.486572266,e82a5e35cc20eb1a1bc195dc21d93ec737b7007cde2f79019789f508453110d4,0,0,1.1888880729675293,
1,h3-480p-ui-10s-output-cast,fp16,19.814875,True,0,0.000180633673,0.486572266,e82a5e35cc20eb1a1bc195dc21d93ec737b7007cde2f79019789f508453110d4,0,0,1.1913321018218994,
1,h3-480p-ui-10s-output,mlx,18.8586,True,0,0.000257383,0.355225,,,,1.4429597854614258,
1,h3-480p-ui-10s-output,previous_int8,10.82125,True,0,0.00433472402,9.28393555,81c7064d82f73eeddf841b016df874b1b5eb432ff3e38e03fe7763b53d588735,0,0,0.9745380878448486,
1,h3-480p-ui-10s-output,int8,10.827,True,0,0.00433472402,9.28393555,81c7064d82f73eeddf841b016df874b1b5eb432ff3e38e03fe7763b53d588735,0,0,0.9776451587677002,
1,h3-480p-ui-10s-output,previous_fp32,18.8491667,True,0,0.000180633673,0.486572266,39bd48e32775ff1a150be4566a4ee4e4fc4447562e6337ab87cf576d7f7baa70,0,0,0.9977989196777344,
1,h3-480p-ui-10s-output,fp32,18.90175,True,0,0.000180633673,0.486572266,39bd48e32775ff1a150be4566a4ee4e4fc4447562e6337ab87cf576d7f7baa70,0,0,0.99826979637146,
1,h3-480p-ui-10s-output,previous_fp16,18.9187083,True,0,0.000180633673,0.486572266,39bd48e32775ff1a150be4566a4ee4e4fc4447562e6337ab87cf576d7f7baa70,0,0,0.9942889213562012,
1,h3-480p-ui-10s-output,fp16,18.870125,True,0,0.000180633673,0.486572266,39bd48e32775ff1a150be4566a4ee4e4fc4447562e6337ab87cf576d7f7baa70,0,0,0.9969327449798584,
1,h3-480p-ui-10s-q,mlx,19.0169,True,0,0.000194972,0.241943,,,,1.566497802734375,
1,h3-480p-ui-10s-q,previous_int8,10.6334583,True,0,0.00391035781,6.35327148,e5bada8acfedaf556b974ca27cdf4d436df41d11a42dab552e057c1fb5ecfe5f,0,0,0.9810948371887207,
1,h3-480p-ui-10s-q,int8,10.616375,True,0,0.00391035781,6.35327148,e5bada8acfedaf556b974ca27cdf4d436df41d11a42dab552e057c1fb5ecfe5f,0,0,0.9859292507171631,
1,h3-480p-ui-10s-q,previous_fp32,19.02975,True,0,0.000186511816,0.439697266,7cf02231419568d02a5553e60f0f8c08c3ca44f5c5005aa1a8eb59e2c5b28ca3,0,0,1.0184688568115234,
1,h3-480p-ui-10s-q,fp32,19.0115833,True,0,0.000186511816,0.439697266,7cf02231419568d02a5553e60f0f8c08c3ca44f5c5005aa1a8eb59e2c5b28ca3,0,0,1.017482042312622,
1,h3-480p-ui-10s-q,previous_fp16,19.038875,True,0,0.000186511816,0.439697266,7cf02231419568d02a5553e60f0f8c08c3ca44f5c5005aa1a8eb59e2c5b28ca3,0,0,1.0164179801940918,
1,h3-480p-ui-10s-q,fp16,19.08325,True,0,0.000186511816,0.439697266,7cf02231419568d02a5553e60f0f8c08c3ca44f5c5005aa1a8eb59e2c5b28ca3,0,0,1.0186407566070557,
1,h3-480p-ui-10s,mlx,306.151,True,0,,2.71963e-05,,,,3.620626211166382,
1,h3-480p-ui-10s,previous_int8,157.745833,True,0,0.00435047662,0.000332287059,04d31a045c4ee08d1f0a93ec3bb96daf3cb95dc802234c40e5dc786d8b0e3e5e,0,0,2.2937870025634766,
1,h3-480p-ui-10s,int8,157.756333,True,0,0.00435047662,0.000332287059,04d31a045c4ee08d1f0a93ec3bb96daf3cb95dc802234c40e5dc786d8b0e3e5e,0,0,2.2960150241851807,
1,h3-480p-ui-10s,previous_fp16,301.527708,True,0,0.000353923808,3.25733198e-05,c29ee7ddd4649455b675f488dfbc75d71cdacf42e03fcd91a651ee9c255d3817,0,0,3.714777946472168,
1,h3-480p-ui-10s,fp16,301.026875,True,0,0.000353923808,3.25733198e-05,c29ee7ddd4649455b675f488dfbc75d71cdacf42e03fcd91a651ee9c255d3817,0,0,3.7165167331695557,
1,qwen21-reference,mlx,5.81437,True,0,,2.84755e-05,,,,0.662214994430542,
1,qwen21-reference,previous_int8,3.69162501,True,0,0.00435090854,0.000237206132,3e92c43f876562ec4ae48eac118b4fb5db70367d9feda5f8ed0c62faf5bce134,0,0,0.677095890045166,
1,qwen21-reference,int8,3.682875,True,0,0.00435090854,0.000237206132,3e92c43f876562ec4ae48eac118b4fb5db70367d9feda5f8ed0c62faf5bce134,0,0,0.6835188865661621,
1,qwen21-reference,previous_fp16,5.59112501,True,0,0.000452501597,3.74520716e-05,295c0d63938e3cb6be3e60290301fe8670180aa7fd8de2977b943d20cf5766f0,0,0,0.6738929748535156,
1,qwen21-reference,fp16,5.59862501,True,0,0.000452501597,3.74520716e-05,295c0d63938e3cb6be3e60290301fe8670180aa7fd8de2977b943d20cf5766f0,0,0,0.6788570880889893,
1,qwen21-2048-ffn-down,mlx,14.9949,True,0,9.77227e-05,0.302246,,,,1.077991008758545,
1,qwen21-2048-ffn-down,previous_int8,7.53741668,True,0,0.00404606932,14.435791,77ef8f7fc2115ad9af1ccd2634d29f4d4d31aee2bac1211f7480f9629c565ceb,0,0,0.8670473098754883,
1,qwen21-2048-ffn-down,int8,7.543375,True,0,0.00404606932,14.435791,77ef8f7fc2115ad9af1ccd2634d29f4d4d31aee2bac1211f7480f9629c565ceb,0,0,0.867013692855835,
1,qwen21-2048-ffn-down,previous_fp32,15.346625,True,0,0.000240662584,1.09375,d2828a8ab889ed965668251e4657fb003de7bce5002ececdee68f9f55ac22df6,0,0,0.8867909908294678,
1,qwen21-2048-ffn-down,fp32,15.3705833,True,0,0.000240662584,1.09375,d2828a8ab889ed965668251e4657fb003de7bce5002ececdee68f9f55ac22df6,0,0,0.8863320350646973,
1,qwen21-2048-ffn-down,previous_fp16,13.5343333,True,0,0.000230268862,1.21044922,2321f6c111de7098fd87bcd68ebc60aef2cb58483bbe9cc6bcc535999ff56e3b,0,0,0.8652951717376709,
1,qwen21-2048-ffn-down,fp16,13.4920833,True,0,0.000230268862,1.21044922,2321f6c111de7098fd87bcd68ebc60aef2cb58483bbe9cc6bcc535999ff56e3b,0,0,0.8685488700866699,
1,qwen21-2048-ffn-up,mlx,12.7565,True,0,0.000304309,0.450684,,,,1.4076440334320068,
1,qwen21-2048-ffn-up,previous_int8,7.114375,True,0,0.00380875269,4.75683594,894a83c18c5e43410192a9ccbe0db65bf3573bbc5fe27e5f568d908be5540ee4,0,0,0.9117839336395264,
1,qwen21-2048-ffn-up,int8,7.11525,True,0,0.00380875269,4.75683594,894a83c18c5e43410192a9ccbe0db65bf3573bbc5fe27e5f568d908be5540ee4,0,0,0.9081830978393555,
1,qwen21-2048-ffn-up,previous_fp32,12.7540417,True,0,0.000225816515,0.456787109,12b67cd92bbb5a1778ce83eac75b333dd07dd352ff83ef1e71d3dda3473a1d0d,0,0,0.906667947769165,
1,qwen21-2048-ffn-up,fp32,12.7582917,True,0,0.000225816515,0.456787109,12b67cd92bbb5a1778ce83eac75b333dd07dd352ff83ef1e71d3dda3473a1d0d,0,0,0.908499002456665,
1,qwen21-2048-ffn-up,previous_fp16,12.7555,True,0,0.000225816515,0.456787109,12b67cd92bbb5a1778ce83eac75b333dd07dd352ff83ef1e71d3dda3473a1d0d,0,0,0.9040169715881348,
1,qwen21-2048-ffn-up,fp16,12.758,True,0,0.000225816515,0.456787109,12b67cd92bbb5a1778ce83eac75b333dd07dd352ff83ef1e71d3dda3473a1d0d,0,0,0.9088752269744873,
1,qwen21-2048-projection,mlx,4.27,True,0,0.000291107,0.393555,,,,0.8853530883789062,
1,qwen21-2048-projection,previous_int8,2.51854167,True,0,0.00377236083,4.80664062,5a4b88b1b6c22160d6a2b8e9c97e64bf62b405932d4d7e62babccdbff79f48e1,0,0,0.7299790382385254,
1,qwen21-2048-projection,int8,2.516625,True,0,0.00377236083,4.80664062,5a4b88b1b6c22160d6a2b8e9c97e64bf62b405932d4d7e62babccdbff79f48e1,0,0,0.7385249137878418,
1,qwen21-2048-projection,previous_fp32,4.27049999,True,0,0.00021168214,0.368164062,fd0f72d6cb39bfb0dc78993021c348429b2f06c050c7ed2f1ebc8ddd34000ee6,0,0,0.7291467189788818,
1,qwen21-2048-projection,fp32,4.27083332,True,0,0.00021168214,0.368164062,fd0f72d6cb39bfb0dc78993021c348429b2f06c050c7ed2f1ebc8ddd34000ee6,0,0,0.7158079147338867,
1,qwen21-2048-projection,previous_fp16,4.27095834,True,0,0.00021168214,0.368164062,fd0f72d6cb39bfb0dc78993021c348429b2f06c050c7ed2f1ebc8ddd34000ee6,0,0,0.7223880290985107,
1,qwen21-2048-projection,fp16,4.27033333,True,0,0.00021168214,0.368164062,fd0f72d6cb39bfb0dc78993021c348429b2f06c050c7ed2f1ebc8ddd34000ee6,0,0,0.7477219104766846,
1,qwen21-2048-attention,mlx,42.628,True,0,,4.84939e-05,,,,0.9754409790039062,
1,qwen21-2048-attention,previous_int8,25.779375,True,0,0.00476811669,0.000330980064,1f831cbe5d21fa3e52bfa8e288f9166109b65f40ad876574700aa35981c8ce63,0,0,0.9201698303222656,
1,qwen21-2048-attention,int8,25.7604167,True,0,0.00476811669,0.000330980064,1f831cbe5d21fa3e52bfa8e288f9166109b65f40ad876574700aa35981c8ce63,0,0,0.9234011173248291,
1,qwen21-2048-attention,previous_fp16,42.126125,True,0,0.000430278857,4.84934205e-05,948e56503bdadd5150b1f9149d67357e154822ddafa48e584a28e79b0e2cca67,0,0,1.0043437480926514,
1,qwen21-2048-attention,fp16,42.300625,True,0,0.000430278857,4.84934205e-05,948e56503bdadd5150b1f9149d67357e154822ddafa48e584a28e79b0e2cca67,0,0,1.0055358409881592,
1,qwen21-1536-ffn-down,mlx,9.247,True,0,0.000200018,0.859863,,,,0.8709580898284912,
1,qwen21-1536-ffn-down,previous_int8,4.26279167,True,0,0.00382155615,14.3598633,f709954e97162487c06b87f8ef0723e690f1dc623c78d74fe3e571e99b71bc07,0,0,0.7776720523834229,
1,qwen21-1536-ffn-down,int8,4.261875,True,0,0.00382155615,14.3598633,f709954e97162487c06b87f8ef0723e690f1dc623c78d74fe3e571e99b71bc07,0,0,0.7770678997039795,
1,qwen21-1536-ffn-down,previous_fp32,8.969125,True,0,0.000312082527,2.19165039,7bb94af74857c7c1e30d27ec813d49d04b4d197b02461968fd50f19d659ed873,0,0,0.7711539268493652,
1,qwen21-1536-ffn-down,fp32,8.94683333,True,0,0.000312082527,2.19165039,7bb94af74857c7c1e30d27ec813d49d04b4d197b02461968fd50f19d659ed873,0,0,0.7670729160308838,
1,qwen21-1536-ffn-down,previous_fp16,9.03525001,True,0,0.000272702148,2.37182617,39f93310bbb112d1a13f70c9976ac795695a9c8493933c7c3db9a960d4afd9d7,0,0,0.7678391933441162,
1,qwen21-1536-ffn-down,fp16,9.138875,True,0,0.000272702148,2.37182617,39f93310bbb112d1a13f70c9976ac795695a9c8493933c7c3db9a960d4afd9d7,0,0,0.7684087753295898,
1,qwen21-1536-ffn-up,mlx,7.26492,True,0,0.000257412,0.404297,,,,1.0460548400878906,
1,qwen21-1536-ffn-up,previous_int8,4.0175,True,0,0.00377143832,4.75683594,5997a09ccd12fe1d25f2528dd2afee25661171e47e3ecf4750c7ebc59e370d7f,0,0,0.7939999103546143,
1,qwen21-1536-ffn-up,int8,4.00916667,True,0,0.00377143832,4.75683594,5997a09ccd12fe1d25f2528dd2afee25661171e47e3ecf4750c7ebc59e370d7f,0,0,0.794975996017456,
1,qwen21-1536-ffn-up,previous_fp32,7.264125,True,0,0.000222757063,0.493408203,3e4d29fd64c76934fd4ccf39126a6455fc542da4807f5601a88e5071eba0785d,0,0,0.7670760154724121,
1,qwen21-1536-ffn-up,fp32,7.26120833,True,0,0.000222757063,0.493408203,3e4d29fd64c76934fd4ccf39126a6455fc542da4807f5601a88e5071eba0785d,0,0,0.7738378047943115,
1,qwen21-1536-ffn-up,previous_fp16,7.23987501,True,0,0.000222757063,0.493408203,3e4d29fd64c76934fd4ccf39126a6455fc542da4807f5601a88e5071eba0785d,0,0,0.7703921794891357,
1,qwen21-1536-ffn-up,fp16,7.23558334,True,0,0.000222757063,0.493408203,3e4d29fd64c76934fd4ccf39126a6455fc542da4807f5601a88e5071eba0785d,0,0,0.7707729339599609,
1,qwen21-1536-projection,mlx,2.41792,True,0,0.00025317,0.393555,,,,0.7785279750823975,
1,qwen21-1536-projection,previous_int8,1.42591666,True,0,0.00425944223,5.31396484,4f34dc5c8c28d402517f7526f143c53133925f0d61a15269fb4bc19900e465ea,0,0,0.7163140773773193,
1,qwen21-1536-projection,int8,1.42499999,True,0,0.00425944223,5.31396484,4f34dc5c8c28d402517f7526f143c53133925f0d61a15269fb4bc19900e465ea,0,0,0.7176468372344971,
1,qwen21-1536-projection,previous_fp32,2.419125,True,0,0.000178766411,0.225585938,c2769edc69e518eb250491c8b207807e6820fc4c50fee1e3e50d3d6eb558b33f,0,0,0.6774189472198486,
1,qwen21-1536-projection,fp32,2.42016667,True,0,0.000178766411,0.225585938,c2769edc69e518eb250491c8b207807e6820fc4c50fee1e3e50d3d6eb558b33f,0,0,0.6799848079681396,
1,qwen21-1536-projection,previous_fp16,2.42033335,True,0,0.000178766411,0.225585938,c2769edc69e518eb250491c8b207807e6820fc4c50fee1e3e50d3d6eb558b33f,0,0,0.6824681758880615,
1,qwen21-1536-projection,fp16,2.419625,True,0,0.000178766411,0.225585938,c2769edc69e518eb250491c8b207807e6820fc4c50fee1e3e50d3d6eb558b33f,0,0,0.6832921504974365,
1,qwen21-1536-attention,mlx,13.4421,True,0,,3.22529e-05,,,,0.7181329727172852,
1,qwen21-1536-attention,previous_int8,8.69229167,True,0,0.00440748365,0.000339523474,c22981f083a8388375c52ae3a2602a5a0d6a6de402ab01d8d4e26a7c8d686ae6,0,0,0.7319700717926025,
1,qwen21-1536-attention,int8,8.69399999,True,0,0.00440748365,0.000339523474,c22981f083a8388375c52ae3a2602a5a0d6a6de402ab01d8d4e26a7c8d686ae6,0,0,0.7326869964599609,
1,qwen21-1536-attention,previous_fp16,13.2533333,True,0,0.000497058571,3.51484715e-05,c3d207535310296d8dd9741e3c6599107fb9998478169d6d121a4eb031342f5a,0,0,0.7515850067138672,
1,qwen21-1536-attention,fp16,13.3494167,True,0,0.000497058571,3.51484715e-05,c3d207535310296d8dd9741e3c6599107fb9998478169d6d121a4eb031342f5a,0,0,0.753058910369873,
1,qwen21-1024-ffn-down,mlx,5.42842,True,0,0.000102363,0.376709,,,,0.7340133190155029,
1,qwen21-1024-ffn-down,previous_int8,1.92020833,True,0,0.00356405594,15.8679199,779a148409efb7bb2af62d28d443e63f2b780b01ef15cc6eb87ae0a2e08e9e74,0,0,0.7298166751861572,
1,qwen21-1024-ffn-down,int8,1.96550001,True,0,0.00356405594,15.8679199,779a148409efb7bb2af62d28d443e63f2b780b01ef15cc6eb87ae0a2e08e9e74,0,0,0.7260186672210693,
1,qwen21-1024-ffn-down,previous_fp32,3.99150001,True,0,0.000307669286,1.44580078,056497784d0f977323ed4b8c5bf077203fc2e7265b0a8ab89799bb5e71c6606f,0,0,0.6873910427093506,
1,qwen21-1024-ffn-down,fp32,3.99554166,True,0,0.000307669286,1.44580078,056497784d0f977323ed4b8c5bf077203fc2e7265b0a8ab89799bb5e71c6606f,0,0,0.6825909614562988,
1,qwen21-1024-ffn-down,previous_fp16,3.50158334,True,0,0.000311226981,1.44580078,8174478b12204f7945821fec78a6d9cd176716063cd1bbf32309c3b7e3f61241,0,0,0.6947576999664307,
1,qwen21-1024-ffn-down,fp16,3.482375,True,0,0.000311226981,1.44580078,8174478b12204f7945821fec78a6d9cd176716063cd1bbf32309c3b7e3f61241,0,0,0.6851961612701416,
1,qwen21-1024-ffn-up,mlx,3.24812,True,0,0.000203526,0.199707,,,,0.8204751014709473,
1,qwen21-1024-ffn-up,previous_int8,1.79562499,True,0,0.0040584335,5.23535156,521aa026f4698744f2e5ea3f121e00b7bc3a69392756483f7f630f5d45b8d682,0,0,0.7456436157226562,
1,qwen21-1024-ffn-up,int8,1.79695833,True,0,0.0040584335,5.23535156,521aa026f4698744f2e5ea3f121e00b7bc3a69392756483f7f630f5d45b8d682,0,0,0.7427310943603516,
1,qwen21-1024-ffn-up,previous_fp32,3.24545833,True,0,0.000188390145,0.299316406,f123e11447a6330e1e62e68488529924e7ccd5109a826f878b6fe5d05ab99f48,0,0,0.6934852600097656,
1,qwen21-1024-ffn-up,fp32,3.2455,True,0,0.000188390145,0.299316406,f123e11447a6330e1e62e68488529924e7ccd5109a826f878b6fe5d05ab99f48,0,0,0.6877341270446777,
1,qwen21-1024-ffn-up,previous_fp16,3.24475,True,0,0.000188390145,0.299316406,f123e11447a6330e1e62e68488529924e7ccd5109a826f878b6fe5d05ab99f48,0,0,0.6931271553039551,
1,qwen21-1024-ffn-up,fp16,3.24529168,True,0,0.000188390145,0.299316406,f123e11447a6330e1e62e68488529924e7ccd5109a826f878b6fe5d05ab99f48,0,0,0.6916072368621826,
1,qwen21-1024-projection,mlx,1.09342,True,0,0.000279972,0.393555,,,,0.7296848297119141,
1,qwen21-1024-projection,previous_int8,0.625541667,True,0,0.00385180616,4.32373047,e4b5306e4af4713229a557fb85b81a0026a2032e2b86c9f5bd74fe30659730a1,0,0,0.7768449783325195,
1,qwen21-1024-projection,int8,0.628583337,True,0,0.00385180616,4.32373047,e4b5306e4af4713229a557fb85b81a0026a2032e2b86c9f5bd74fe30659730a1,0,0,0.7772200107574463,
1,qwen21-1024-projection,previous_fp32,1.10004167,True,0,0.000208710424,0.429199219,438aed6e8f0a39e48a59fade7eba2ce5dddab1a794b9c131dc7b556b07cf8c64,0,0,0.6850340366363525,
1,qwen21-1024-projection,fp32,1.09425001,True,0,0.000208710424,0.429199219,438aed6e8f0a39e48a59fade7eba2ce5dddab1a794b9c131dc7b556b07cf8c64,0,0,0.6843767166137695,
1,qwen21-1024-projection,previous_fp16,1.09629167,True,0,0.000208710424,0.429199219,438aed6e8f0a39e48a59fade7eba2ce5dddab1a794b9c131dc7b556b07cf8c64,0,0,0.6850628852844238,
1,qwen21-1024-projection,fp16,1.09999999,True,0,0.000208710424,0.429199219,438aed6e8f0a39e48a59fade7eba2ce5dddab1a794b9c131dc7b556b07cf8c64,0,0,0.684077262878418,
1,qwen21-1024-attention,mlx,2.94346,True,0,,1.4894e-05,,,,0.6319599151611328,
1,qwen21-1024-attention,previous_int8,1.92149999,True,0,0.00464703621,0.000247799201,975e064dd7bbc2d711e0882710a3c18a9d4dba3019fef47f73a20b5bed5a3e6d,0,0,0.6675121784210205,
1,qwen21-1024-attention,int8,1.92020833,True,0,0.00464703621,0.000247799201,975e064dd7bbc2d711e0882710a3c18a9d4dba3019fef47f73a20b5bed5a3e6d,0,0,0.6658811569213867,
1,qwen21-1024-attention,previous_fp16,2.84916666,True,0,0.000405504725,2.68590019e-05,7bed0be95c70ea3d628b6f597ab1a7719de647b0dbfa9ffe8675658fe0b5f6ec,0,0,0.6544539928436279,
1,qwen21-1024-attention,fp16,2.821375,True,0,0.000405504725,2.68590019e-05,7bed0be95c70ea3d628b6f597ab1a7719de647b0dbfa9ffe8675658fe0b5f6ec,0,0,0.6472620964050293,
1,qwen21-768-ffn-down,mlx,2.00275,True,0,0.000111842,0.388428,,,,0.7183747291564941,
1,qwen21-768-ffn-down,previous_int8,1.20725001,True,0,0.00412112544,16.0227051,2be731cf4cacc70db8c74c3478636dfa77292af1ea9dc3f48a80bb72e33fe858,0,0,0.7402610778808594,
1,qwen21-768-ffn-down,int8,1.21345834,True,0,0.00412112544,16.0227051,2be731cf4cacc70db8c74c3478636dfa77292af1ea9dc3f48a80bb72e33fe858,0,0,0.7401697635650635,
1,qwen21-768-ffn-down,previous_fp32,2.00008333,True,0,0.000160885948,0.995849609,93a64e8f5efa54e86af94b5a7a93501915f8537e2152462a330ccb55a1307c4e,0,0,0.6740710735321045,
1,qwen21-768-ffn-down,fp32,2.00408333,True,0,0.000160885948,0.995849609,93a64e8f5efa54e86af94b5a7a93501915f8537e2152462a330ccb55a1307c4e,0,0,0.6784827709197998,
1,qwen21-768-ffn-down,previous_fp16,1.99745833,True,0,0.000160885948,0.995849609,93a64e8f5efa54e86af94b5a7a93501915f8537e2152462a330ccb55a1307c4e,0,0,0.6753358840942383,
1,qwen21-768-ffn-down,fp16,1.9965,True,0,0.000160885948,0.995849609,93a64e8f5efa54e86af94b5a7a93501915f8537e2152462a330ccb55a1307c4e,0,0,0.6774089336395264,
1,qwen21-768-ffn-up,mlx,1.95175,True,0,0.00024761,0.349365,,,,0.7518930435180664,
1,qwen21-768-ffn-up,previous_int8,1.03791666,True,0,0.0042431978,5.21679688,f2ec68b65fe01258b8662396f36a16b3ef1a9719fbf111d53aa1632d99055db2,0,0,0.755850076675415,
1,qwen21-768-ffn-up,int8,1.04237501,True,0,0.0042431978,5.21679688,f2ec68b65fe01258b8662396f36a16b3ef1a9719fbf111d53aa1632d99055db2,0,0,0.7606770992279053,
1,qwen21-768-ffn-up,previous_fp32,1.953625,True,0,0.000210992668,0.444335938,276944e98bacac8a6e615f0f2c0a9f956b75d5d235b6aeaa2815d5750fa1bfb0,0,0,0.6801249980926514,
1,qwen21-768-ffn-up,fp32,1.95783334,True,0,0.000210992668,0.444335938,276944e98bacac8a6e615f0f2c0a9f956b75d5d235b6aeaa2815d5750fa1bfb0,0,0,0.6877930164337158,
1,qwen21-768-ffn-up,previous_fp16,1.98554168,True,0,0.000210992668,0.444335938,276944e98bacac8a6e615f0f2c0a9f956b75d5d235b6aeaa2815d5750fa1bfb0,0,0,0.6834728717803955,
1,qwen21-768-ffn-up,fp16,1.95400001,True,0,0.000210992668,0.444335938,276944e98bacac8a6e615f0f2c0a9f956b75d5d235b6aeaa2815d5750fa1bfb0,0,0,0.6824700832366943,
1,qwen21-768-projection,mlx,0.686083,True,0,0.000234672,0.393555,,,,0.7666571140289307,
1,qwen21-768-projection,previous_int8,0.371708331,True,0,0.00379550026,4.73193359,2384054c909e23b74cff7989a437126254df0e247193d9b85726cb6ad11c0250,0,0,0.8092031478881836,
1,qwen21-768-projection,int8,0.368791676,True,0,0.00379550026,4.73193359,2384054c909e23b74cff7989a437126254df0e247193d9b85726cb6ad11c0250,0,0,0.8070831298828125,
1,qwen21-768-projection,previous_fp32,0.689000008,True,0,0.000217901128,0.444335938,81536350322e5f434bbb813fbf23a243b032cb7ca2a5e8c01cf59b745dfc3eaa,0,0,0.7273578643798828,
1,qwen21-768-projection,fp32,0.68925001,True,0,0.000217901128,0.444335938,81536350322e5f434bbb813fbf23a243b032cb7ca2a5e8c01cf59b745dfc3eaa,0,0,0.7251300811767578,
1,qwen21-768-projection,previous_fp16,0.691416673,True,0,0.000217901128,0.444335938,81536350322e5f434bbb813fbf23a243b032cb7ca2a5e8c01cf59b745dfc3eaa,0,0,0.731316089630127,
1,qwen21-768-projection,fp16,0.689541674,True,0,0.000217901128,0.444335938,81536350322e5f434bbb813fbf23a243b032cb7ca2a5e8c01cf59b745dfc3eaa,0,0,0.7284121513366699,
1,qwen21-768-attention,mlx,1.05417,True,0,,2.78367e-05,,,,0.6634621620178223,
1,qwen21-768-attention,previous_int8,0.720625001,True,0,0.00491135436,0.000319453784,4967bae2165939e8dc77a5b751908711fa5f0b13b8a87581e5ad8f019d857107,0,0,0.7331478595733643,
1,qwen21-768-attention,int8,0.717458344,True,0,0.00491135436,0.000319453784,4967bae2165939e8dc77a5b751908711fa5f0b13b8a87581e5ad8f019d857107,0,0,0.7226428985595703,
1,qwen21-768-attention,previous_fp16,0.978583324,True,0,0.000500662673,2.98539764e-05,3e5f323f888a47a84977d5d44883b77c9358cbf9764314f8945a76c605a09e8f,0,0,0.6831467151641846,
1,qwen21-768-attention,fp16,0.977041665,True,0,0.000500662673,2.98539764e-05,3e5f323f888a47a84977d5d44883b77c9358cbf9764314f8945a76c605a09e8f,0,0,0.6841809749603271,
1,qwen21-512-ffn-down,mlx,0.909375,True,0,0.000196191,0.47876,,,,0.7403709888458252,
1,qwen21-512-ffn-down,previous_int8,0.688666667,True,0,0.00395335867,15.9504395,43f7a8fdd88ed75d98694cf80e10f26b64f0a4eeeed0318c98cc23b1f6c17f68,0,0,0.7872779369354248,
1,qwen21-512-ffn-down,int8,0.693499998,True,0,0.00395335867,15.9504395,43f7a8fdd88ed75d98694cf80e10f26b64f0a4eeeed0318c98cc23b1f6c17f68,0,0,0.7855758666992188,
1,qwen21-512-ffn-down,previous_fp32,0.908500006,True,0,0.000180987237,0.848876953,d678aae8f0b5d7759c2788550498d9cb96bb9b194c63f0533b2143c2e6f48d6b,0,0,0.7227561473846436,
1,qwen21-512-ffn-down,fp32,0.909499999,True,0,0.000180987237,0.848876953,d678aae8f0b5d7759c2788550498d9cb96bb9b194c63f0533b2143c2e6f48d6b,0,0,0.7146880626678467,
1,qwen21-512-ffn-down,previous_fp16,0.884666661,True,0,0.000286187673,1.73095703,a57ca1223352dae39c4f090601208dfaf4256441058c6ab071cf300ef08fa5e7,0,0,0.7212018966674805,
1,qwen21-512-ffn-down,fp16,0.885041678,True,0,0.000286187673,1.73095703,a57ca1223352dae39c4f090601208dfaf4256441058c6ab071cf300ef08fa5e7,0,0,0.7302532196044922,
1,qwen21-512-ffn-up,mlx,0.854667,True,0,0.000124992,0.0957031,,,,0.7636570930480957,
1,qwen21-512-ffn-up,previous_int8,0.491625004,True,0,0.00392091331,4.82397461,5997b89cc83c04451215ad4387ab7a7f2481cbecfe82196e8e542d728a09df0e,0,0,0.8550138473510742,
1,qwen21-512-ffn-up,int8,0.483374999,True,0,0.00392091331,4.82397461,5997b89cc83c04451215ad4387ab7a7f2481cbecfe82196e8e542d728a09df0e,0,0,0.8576922416687012,
1,qwen21-512-ffn-up,previous_fp32,0.859874999,True,0,0.000173687823,0.286865234,2ec3cb0767548ca4cf35f33b206ee88571affb592523da757e2c4c20cb8a1f24,0,0,0.729449987411499,
1,qwen21-512-ffn-up,fp32,0.857208332,True,0,0.000173687823,0.286865234,2ec3cb0767548ca4cf35f33b206ee88571affb592523da757e2c4c20cb8a1f24,0,0,0.7299666404724121,
1,qwen21-512-ffn-up,previous_fp16,0.844374998,True,0,0.0002771763,0.539794922,7dd6172ae68b30117d49576cf2231f965c869804d18d7b745fa00a5368b9dcf9,0,0,0.7318899631500244,
1,qwen21-512-ffn-up,fp16,0.84358333,True,0,0.0002771763,0.539794922,7dd6172ae68b30117d49576cf2231f965c869804d18d7b745fa00a5368b9dcf9,0,0,0.7367150783538818,
1,qwen21-512-projection,mlx,0.309125,True,0,0.000324493,0.46875,,,,0.8325629234313965,
1,qwen21-512-projection,previous_int8,0.170166662,True,0,0.00423837912,5.2746582,c42efa645f2fa962df5a3bc69bb54f99fddad988f914b40b57e26eee4592502e,0,0,1.024986743927002,
1,qwen21-512-projection,int8,0.17095833,True,0,0.00423837912,5.2746582,c42efa645f2fa962df5a3bc69bb54f99fddad988f914b40b57e26eee4592502e,0,0,1.0341341495513916,
1,qwen21-512-projection,previous_fp32,0.312375007,True,0,0.000171861562,0.286865234,d6bd96fc88151b939f8a463e62c90b3ea955e296e8860828138c6062096c78fe,0,0,0.8287990093231201,
1,qwen21-512-projection,fp32,0.312583332,True,0,0.000171861562,0.286865234,d6bd96fc88151b939f8a463e62c90b3ea955e296e8860828138c6062096c78fe,0,0,0.8255050182342529,
1,qwen21-512-projection,previous_fp16,0.303374996,True,0,0.00034569843,0.622558594,b39388994020f237506b454376f141ffa4989ef363c591fc8dca1f87c1bfd396,0,0,0.8163797855377197,
1,qwen21-512-projection,fp16,0.303124994,True,0,0.00034569843,0.622558594,b39388994020f237506b454376f141ffa4989ef363c591fc8dca1f87c1bfd396,0,0,0.812406063079834,
1,qwen21-512-attention,mlx,0.274,True,0,,3.63585e-05,,,,0.8435640335083008,
1,qwen21-512-attention,previous_int8,0.207458332,True,0,0.00375241211,0.000214942626,29dda040e7cd0ff5966eba382e32d05912d14d287d0f93a1f4a6638233a7cbeb,0,0,0.9412491321563721,
1,qwen21-512-attention,int8,0.208500001,True,0,0.00375241211,0.000214942626,29dda040e7cd0ff5966eba382e32d05912d14d287d0f93a1f4a6638233a7cbeb,0,0,0.9372220039367676,
1,qwen21-512-attention,previous_fp16,0.269208336,True,0,0.000424297276,3.63572976e-05,4df699dc5560b602e1dde0d178db8853deca52cb7e3c02225b5282f6d0f03ccf,0,0,0.8430593013763428,
1,qwen21-512-attention,fp16,0.268749995,True,0,0.000424297276,3.63572976e-05,4df699dc5560b602e1dde0d178db8853deca52cb7e3c02225b5282f6d0f03ccf,0,0,0.8464581966400146,
1,ideogram4-reference,mlx,11.1127,True,0,,1.81725e-05,,,,0.7492351531982422,
1,ideogram4-reference,previous_int8,6.75733334,True,0,0.00436741165,0.000349932587,c4201fa320ea100561e266676f79183f11c3707d5c0349306d26d10277b7b976,0,0,0.6952259540557861,
1,ideogram4-reference,int8,6.75062499,True,0,0.00436741165,0.000349932587,c4201fa320ea100561e266676f79183f11c3707d5c0349306d26d10277b7b976,0,0,0.6961078643798828,
1,ideogram4-reference,previous_fp16,9.22204167,True,0,0.000394110791,3.72117821e-05,532c5659f6ea90a815086d92eb6b6f18cc8316d6ccb4a47c8b2ba6af1648dbcf,0,0,0.697411060333252,
1,ideogram4-reference,fp16,9.389375,True,0,0.000394110791,3.72117821e-05,532c5659f6ea90a815086d92eb6b6f18cc8316d6ccb4a47c8b2ba6af1648dbcf,0,0,0.7012810707092285,
1,ideogram4-last-image-only,mlx,5.60725,True,0,,1.7185e-05,,,,0.6707220077514648,
1,ideogram4-last-image-only,previous_int8,3.52112501,True,0,0.00437307946,0.000383395562,2ac75a3aa9ae8a54d629e1ce81db840cbcdb8fd192cd2acedf03b5b8341f56f2,0,0,0.6588199138641357,
1,ideogram4-last-image-only,int8,3.520625,True,0,0.00437307946,0.000383395562,2ac75a3aa9ae8a54d629e1ce81db840cbcdb8fd192cd2acedf03b5b8341f56f2,0,0,0.6650209426879883,
1,ideogram4-last-image-only,previous_fp16,4.72475,True,0,0.000435276825,3.19651379e-05,3f2658f3270fcd3d20502a0fca0e73cb5140d3f9c12bcc5f89462bac67f689f9,0,0,0.656731128692627,
1,ideogram4-last-image-only,fp16,4.79770833,True,0,0.000435276825,3.19651379e-05,3f2658f3270fcd3d20502a0fca0e73cb5140d3f9c12bcc5f89462bac67f689f9,0,0,0.6595289707183838,
1,ideogram4-2048-ffn-down,mlx,17.2898,True,0,7.99932e-05,0.239502,,,,1.1197421550750732,
1,ideogram4-2048-ffn-down,previous_int8,8.56087499,True,0,0.00370857369,15.901123,c6a39017471b728b006e326aebe6457db2434916bb72785915ab6f830d0a97c0,0,0,0.8869051933288574,
1,ideogram4-2048-ffn-down,int8,8.58875,True,0,0.00370857369,15.901123,c6a39017471b728b006e326aebe6457db2434916bb72785915ab6f830d0a97c0,0,0,0.8825509548187256,
1,ideogram4-2048-ffn-down,previous_fp32,17.3572917,True,0,0.000157548899,0.842041016,b8ca03ce5a2df45784efadd1aba939ffaa42854de2da8f0b591251e16ca6d007,0,0,0.8911731243133545,
1,ideogram4-2048-ffn-down,fp32,17.37325,True,0,0.000157548899,0.842041016,b8ca03ce5a2df45784efadd1aba939ffaa42854de2da8f0b591251e16ca6d007,0,0,0.8953390121459961,
1,ideogram4-2048-ffn-down,previous_fp16,17.2775417,True,0,0.000157548899,0.842041016,b8ca03ce5a2df45784efadd1aba939ffaa42854de2da8f0b591251e16ca6d007,0,0,0.8944427967071533,
1,ideogram4-2048-ffn-down,fp16,17.2902083,True,0,0.000157548899,0.842041016,b8ca03ce5a2df45784efadd1aba939ffaa42854de2da8f0b591251e16ca6d007,0,0,0.8920271396636963,
1,ideogram4-2048-ffn-up,mlx,14.6777,True,0,0.000185001,0.33667,,,,1.4096896648406982,
1,ideogram4-2048-ffn-up,previous_int8,8.12120833,True,0,0.0040005241,5.95996094,b7fa0f69c9507fefdb081ba57070ed42fe7798cde0bf3dc02175c5b1963115e6,0,0,0.919032096862793,
1,ideogram4-2048-ffn-up,int8,8.12300001,True,0,0.0040005241,5.95996094,b7fa0f69c9507fefdb081ba57070ed42fe7798cde0bf3dc02175c5b1963115e6,0,0,0.9217300415039062,
1,ideogram4-2048-ffn-up,previous_fp32,14.608125,True,0,0.000167004197,0.247070312,97ea40d50af18c7b81574a69810ec9e62db15b4f55177814da45b1c38b653bce,0,0,0.926037073135376,
1,ideogram4-2048-ffn-up,fp32,14.611125,True,0,0.000167004197,0.247070312,97ea40d50af18c7b81574a69810ec9e62db15b4f55177814da45b1c38b653bce,0,0,0.9272470474243164,
1,ideogram4-2048-ffn-up,previous_fp16,14.612125,True,0,0.000167004197,0.247070312,97ea40d50af18c7b81574a69810ec9e62db15b4f55177814da45b1c38b653bce,0,0,0.9259083271026611,
1,ideogram4-2048-ffn-up,fp16,14.6139167,True,0,0.000167004197,0.247070312,97ea40d50af18c7b81574a69810ec9e62db15b4f55177814da45b1c38b653bce,0,0,0.9279110431671143,
1,ideogram4-2048-projection,mlx,5.506,True,0,0.000217092,0.33667,,,,0.9304649829864502,
1,ideogram4-2048-projection,previous_int8,3.208625,True,0,0.00408988827,5.96679688,23e0ac21b4263a27a1a19d9ad9fe86bbf68d56d8a6b800d9fc6ce78ffd64a34c,0,0,0.7579419612884521,
1,ideogram4-2048-projection,int8,3.210375,True,0,0.00408988827,5.96679688,23e0ac21b4263a27a1a19d9ad9fe86bbf68d56d8a6b800d9fc6ce78ffd64a34c,0,0,0.7668681144714355,
1,ideogram4-2048-projection,previous_fp32,5.507625,True,0,0.000201507716,0.421142578,6f11e61575180bb03884c4ea852cf8ca5593e2b956ff62a383d0b15865a74d47,0,0,0.734328031539917,
1,ideogram4-2048-projection,fp32,5.51241667,True,0,0.000201507716,0.421142578,6f11e61575180bb03884c4ea852cf8ca5593e2b956ff62a383d0b15865a74d47,0,0,0.7356688976287842,
1,ideogram4-2048-projection,previous_fp16,5.50683333,True,0,0.000201507716,0.421142578,6f11e61575180bb03884c4ea852cf8ca5593e2b956ff62a383d0b15865a74d47,0,0,0.7357280254364014,
1,ideogram4-2048-projection,fp16,5.5115,True,0,0.000201507716,0.421142578,6f11e61575180bb03884c4ea852cf8ca5593e2b956ff62a383d0b15865a74d47,0,0,0.735508918762207,
1,ideogram4-2048-attention,mlx,87.629,True,0,,2.00907e-05,,,,1.737572193145752,
1,ideogram4-2048-attention,previous_int8,48.4150417,True,0,0.00452549337,0.000445131755,f893e9628aeed2aa59589213ff02e3765c17a8676a9ac6f58b19dce127348f8f,0,0,1.1617319583892822,
1,ideogram4-2048-attention,int8,48.4140833,True,0,0.00452549337,0.000445131755,f893e9628aeed2aa59589213ff02e3765c17a8676a9ac6f58b19dce127348f8f,0,0,1.1116859912872314,
1,ideogram4-2048-attention,previous_fp16,67.7950417,True,0,0.00034075711,4.08499863e-05,1fcd0d152590f7d3de37d9d04ae9f90a8e4707c1e8ecab1b65593276b6fe7179,0,0,1.2350561618804932,
1,ideogram4-2048-attention,fp16,68.47,True,0,0.00034075711,4.08499863e-05,1fcd0d152590f7d3de37d9d04ae9f90a8e4707c1e8ecab1b65593276b6fe7179,0,0,1.2397570610046387,
1,ideogram4-1536-ffn-down,mlx,10.4376,True,0,0.00019645,0.97998,,,,0.9078609943389893,
1,ideogram4-1536-ffn-down,previous_int8,4.93724999,True,0,0.0037760479,16.005127,defc93387ecee12ad63532dfbebc3bcee1dfb5e99651953f55f5733926f11cc6,0,0,0.7897989749908447,
1,ideogram4-1536-ffn-down,int8,4.94299999,True,0,0.0037760479,16.005127,defc93387ecee12ad63532dfbebc3bcee1dfb5e99651953f55f5733926f11cc6,0,0,0.795983076095581,
1,ideogram4-1536-ffn-down,previous_fp32,10.5897917,True,0,0.000144291928,0.908203125,f83084789b418c821af6bc9b66ef7dff71eafa49baccbcec9bf3211ca3943ef7,0,0,0.775958776473999,
1,ideogram4-1536-ffn-down,fp32,10.4822917,True,0,0.000144291928,0.908203125,f83084789b418c821af6bc9b66ef7dff71eafa49baccbcec9bf3211ca3943ef7,0,0,0.7728011608123779,
1,ideogram4-1536-ffn-down,previous_fp16,10.552125,True,0,0.000144291928,0.908203125,f83084789b418c821af6bc9b66ef7dff71eafa49baccbcec9bf3211ca3943ef7,0,0,0.7751936912536621,
1,ideogram4-1536-ffn-down,fp16,10.580625,True,0,0.000144291928,0.908203125,f83084789b418c821af6bc9b66ef7dff71eafa49baccbcec9bf3211ca3943ef7,0,0,0.7744991779327393,
1,ideogram4-1536-ffn-up,mlx,8.54183,True,0,0.000165696,0.219727,,,,1.0615413188934326,
1,ideogram4-1536-ffn-up,previous_int8,4.63754167,True,0,0.00377728304,5.30981445,22b2e37e33150cd30abc81845cb45615a7b5e3ef2ca042f6803d0e10e8e88341,0,0,0.8101358413696289,
1,ideogram4-1536-ffn-up,int8,4.63575,True,0,0.00377728304,5.30981445,22b2e37e33150cd30abc81845cb45615a7b5e3ef2ca042f6803d0e10e8e88341,0,0,0.8186988830566406,
1,ideogram4-1536-ffn-up,previous_fp32,8.51699999,True,0,0.000216457892,0.483154297,bc3a1c805f096ee241c17e64ba2d86d5e89a2251749c520b7d18d364c967c200,0,0,0.7916989326477051,
1,ideogram4-1536-ffn-up,fp32,8.534625,True,0,0.000216457892,0.483154297,bc3a1c805f096ee241c17e64ba2d86d5e89a2251749c520b7d18d364c967c200,0,0,0.7914507389068604,
1,ideogram4-1536-ffn-up,previous_fp16,8.536875,True,0,0.000216457892,0.483154297,bc3a1c805f096ee241c17e64ba2d86d5e89a2251749c520b7d18d364c967c200,0,0,0.7879648208618164,
1,ideogram4-1536-ffn-up,fp16,8.54045832,True,0,0.000216457892,0.483154297,bc3a1c805f096ee241c17e64ba2d86d5e89a2251749c520b7d18d364c967c200,0,0,0.7866041660308838,
1,ideogram4-1536-projection,mlx,3.15296,True,0,0.000190674,0.254395,,,,0.8062348365783691,
1,ideogram4-1536-projection,previous_int8,1.838625,True,0,0.00480689796,5.96899414,917f2a5cf0bf6d96e59c015f1418b8c0675dca4672a1ff208a16c97fc756f141,0,0,0.7097170352935791,
1,ideogram4-1536-projection,int8,1.83829166,True,0,0.00480689796,5.96899414,917f2a5cf0bf6d96e59c015f1418b8c0675dca4672a1ff208a16c97fc756f141,0,0,0.7239019870758057,
1,ideogram4-1536-projection,previous_fp32,3.151125,True,0,0.000223764898,0.479980469,faca6eab74fbd25f287e00aec63c7eb4ce775051541c2489d22805c94f8fcb20,0,0,0.6824951171875,
1,ideogram4-1536-projection,fp32,3.15237501,True,0,0.000223764898,0.479980469,faca6eab74fbd25f287e00aec63c7eb4ce775051541c2489d22805c94f8fcb20,0,0,0.6792209148406982,
1,ideogram4-1536-projection,previous_fp16,3.15679166,True,0,0.000223764898,0.479980469,faca6eab74fbd25f287e00aec63c7eb4ce775051541c2489d22805c94f8fcb20,0,0,0.6932072639465332,
1,ideogram4-1536-projection,fp16,3.15237499,True,0,0.000223764898,0.479980469,faca6eab74fbd25f287e00aec63c7eb4ce775051541c2489d22805c94f8fcb20,0,0,0.6911599636077881,
1,ideogram4-1536-attention,mlx,28.2779,True,0,,2.47133e-05,,,,0.9801459312438965,
1,ideogram4-1536-attention,previous_int8,16.178375,True,0,0.00412068372,0.000429107239,1b90486bae6c7b0c4017c4326b2b069812b92c57c0a88d037ebbaff6af07ea9a,0,0,0.8015151023864746,
1,ideogram4-1536-attention,int8,16.14075,True,0,0.00412068372,0.000429107239,1b90486bae6c7b0c4017c4326b2b069812b92c57c0a88d037ebbaff6af07ea9a,0,0,0.7905960083007812,
1,ideogram4-1536-attention,previous_fp16,22.283,True,0,0.000291396591,3.63941814e-05,0040f94113a4e6cff3d475588d13e79073ad0fee1d126779490077d94c2f8cc5,0,0,0.8312249183654785,
1,ideogram4-1536-attention,fp16,22.4991667,True,0,0.000291396591,3.63941814e-05,0040f94113a4e6cff3d475588d13e79073ad0fee1d126779490077d94c2f8cc5,0,0,0.8352701663970947,
1,ideogram4-1024-ffn-down,mlx,4.72025,True,0,0.000122134,0.608398,,,,0.7587416172027588,
1,ideogram4-1024-ffn-down,previous_int8,2.37004168,True,0,0.00451329375,14.4321289,5e585cf40c0676efb7d1b5e1403721b54e829beed55e12194a3cfe1990697eed,0,0,0.7319948673248291,
1,ideogram4-1024-ffn-down,int8,2.35150001,True,0,0.00451329375,14.4321289,5e585cf40c0676efb7d1b5e1403721b54e829beed55e12194a3cfe1990697eed,0,0,0.7375679016113281,
1,ideogram4-1024-ffn-down,previous_fp32,4.190875,True,0,0.000156719781,0.930664062,d3185a97c6a4a239106f65a1f30ba6f68a6cfbd7921f990b4871ffa351f51d7f,0,0,0.703049898147583,
1,ideogram4-1024-ffn-down,fp32,4.20225,True,0,0.000156719781,0.930664062,d3185a97c6a4a239106f65a1f30ba6f68a6cfbd7921f990b4871ffa351f51d7f,0,0,0.6986179351806641,
1,ideogram4-1024-ffn-down,previous_fp16,4.200625,True,0,0.000156719781,0.930664062,d3185a97c6a4a239106f65a1f30ba6f68a6cfbd7921f990b4871ffa351f51d7f,0,0,0.7086851596832275,
1,ideogram4-1024-ffn-down,fp16,4.19779167,True,0,0.000156719781,0.930664062,d3185a97c6a4a239106f65a1f30ba6f68a6cfbd7921f990b4871ffa351f51d7f,0,0,0.6933910846710205,
1,ideogram4-1024-ffn-up,mlx,4.02612,True,0,0.000208665,0.403564,,,,0.8329088687896729,
1,ideogram4-1024-ffn-up,previous_int8,2.15525001,True,0,0.00417704315,5.90112305,abd5825a0ee06645b15b739d021c7bc1917124624bd097aba5dcae8a146d5c13,0,0,0.7484087944030762,
1,ideogram4-1024-ffn-up,int8,2.15441667,True,0,0.00417704315,5.90112305,abd5825a0ee06645b15b739d021c7bc1917124624bd097aba5dcae8a146d5c13,0,0,0.7438552379608154,
1,ideogram4-1024-ffn-up,previous_fp32,4.02320834,True,0,0.000191345789,0.299560547,dcd73a83ec5b804a692507a8698b8e02f3b1b2badb7bb82457c9bc597c6856af,0,0,0.7062311172485352,
1,ideogram4-1024-ffn-up,fp32,3.986375,True,0,0.000191345789,0.299560547,dcd73a83ec5b804a692507a8698b8e02f3b1b2badb7bb82457c9bc597c6856af,0,0,0.7048990726470947,
1,ideogram4-1024-ffn-up,previous_fp16,4.032125,True,0,0.000191345789,0.299560547,dcd73a83ec5b804a692507a8698b8e02f3b1b2badb7bb82457c9bc597c6856af,0,0,0.6995820999145508,
1,ideogram4-1024-ffn-up,fp16,4.032,True,0,0.000191345789,0.299560547,dcd73a83ec5b804a692507a8698b8e02f3b1b2badb7bb82457c9bc597c6856af,0,0,0.6978540420532227,
1,ideogram4-1024-projection,mlx,1.5645,True,0,0.000241127,0.409912,,,,0.7288870811462402,
1,ideogram4-1024-projection,previous_int8,0.868916672,True,0,0.00388575989,5.40649414,3805a7a4bd6c66d452b5fefdb610b62ac9c27ae03a25e9c91af0816de95791db,0,0,0.7403509616851807,
1,ideogram4-1024-projection,int8,0.871249998,True,0,0.00388575989,5.40649414,3805a7a4bd6c66d452b5fefdb610b62ac9c27ae03a25e9c91af0816de95791db,0,0,0.7454609870910645,
1,ideogram4-1024-projection,previous_fp32,1.56845833,True,0,0.000175734301,0.415771484,ab3bcefba76714945741fa6383bbcca35e095f61eabe957eb0fc2bc967c17920,0,0,0.6679809093475342,
1,ideogram4-1024-projection,fp32,1.57037501,True,0,0.000175734301,0.415771484,ab3bcefba76714945741fa6383bbcca35e095f61eabe957eb0fc2bc967c17920,0,0,0.66835618019104,
1,ideogram4-1024-projection,previous_fp16,1.570875,True,0,0.000175734301,0.415771484,ab3bcefba76714945741fa6383bbcca35e095f61eabe957eb0fc2bc967c17920,0,0,0.6688759326934814,
1,ideogram4-1024-projection,fp16,1.569,True,0,0.000175734301,0.415771484,ab3bcefba76714945741fa6383bbcca35e095f61eabe957eb0fc2bc967c17920,0,0,0.6694960594177246,
1,ideogram4-1024-attention,mlx,6.01513,True,0,,2.1246e-05,,,,0.6744730472564697,
1,ideogram4-1024-attention,previous_int8,3.63562501,True,0,0.00433388578,0.000368384551,12443c4a46cc53b27f202a5223b145774435dac570d07be95bbc468460c96306,0,0,0.6637477874755859,
1,ideogram4-1024-attention,int8,3.64229166,True,0,0.00433388578,0.000368384551,12443c4a46cc53b27f202a5223b145774435dac570d07be95bbc468460c96306,0,0,0.6637430191040039,
1,ideogram4-1024-attention,previous_fp16,4.82983333,True,0,0.000249934424,2.78845225e-05,837a82448ee99080a3a02a4d43fdc092921683298021e22ad612068105ae9eeb,0,0,0.6604678630828857,
1,ideogram4-1024-attention,fp16,4.80554167,True,0,0.000249934424,2.78845225e-05,837a82448ee99080a3a02a4d43fdc092921683298021e22ad612068105ae9eeb,0,0,0.6552822589874268,
1,ideogram4-768-ffn-down,mlx,2.67087,True,0,0.00014577,0.824219,,,,0.71531081199646,
1,ideogram4-768-ffn-down,previous_int8,1.468,True,0,0.00334097707,14.4133301,679b95dbe1aeb55107a3304c3c7108fdf4a945194a9556882b43a7a39cf3532a,0,0,0.7490530014038086,
1,ideogram4-768-ffn-down,int8,1.4855,True,0,0.00334097707,14.4133301,679b95dbe1aeb55107a3304c3c7108fdf4a945194a9556882b43a7a39cf3532a,0,0,0.7311627864837646,
1,ideogram4-768-ffn-down,previous_fp32,2.49158333,True,0,0.000158773096,0.941894531,4229262faab773836d269419488412e4e8e3f735cd46c66ac3e5bd8a13691c59,0,0,0.6870729923248291,
1,ideogram4-768-ffn-down,fp32,2.49383332,True,0,0.000158773096,0.941894531,4229262faab773836d269419488412e4e8e3f735cd46c66ac3e5bd8a13691c59,0,0,0.6847310066223145,
1,ideogram4-768-ffn-down,previous_fp16,2.4915,True,0,0.000158773096,0.941894531,4229262faab773836d269419488412e4e8e3f735cd46c66ac3e5bd8a13691c59,0,0,0.6789350509643555,
1,ideogram4-768-ffn-down,fp16,2.490375,True,0,0.000158773096,0.941894531,4229262faab773836d269419488412e4e8e3f735cd46c66ac3e5bd8a13691c59,0,0,0.6782200336456299,
1,ideogram4-768-ffn-up,mlx,2.29588,True,0,0.000152568,0.219727,,,,0.761847734451294,
1,ideogram4-768-ffn-up,previous_int8,1.30062499,True,0,0.00416196648,5.96313477,2f2ac077243cab2dd0925348f309fb7edd7ecb86be1782c498b87c1373bed576,0,0,0.7511730194091797,
1,ideogram4-768-ffn-up,int8,1.27991667,True,0,0.00416196648,5.96313477,2f2ac077243cab2dd0925348f309fb7edd7ecb86be1782c498b87c1373bed576,0,0,0.7572507858276367,
1,ideogram4-768-ffn-up,previous_fp32,2.312,True,0,0.000175310773,0.255859375,243075efc34e780e5a63b6f227be1640183030cdcfeefa06dbcd3ede537120de,0,0,0.6819791793823242,
1,ideogram4-768-ffn-up,fp32,2.31183333,True,0,0.000175310773,0.255859375,243075efc34e780e5a63b6f227be1640183030cdcfeefa06dbcd3ede537120de,0,0,0.6797170639038086,
1,ideogram4-768-ffn-up,previous_fp16,2.31058332,True,0,0.000175310773,0.255859375,243075efc34e780e5a63b6f227be1640183030cdcfeefa06dbcd3ede537120de,0,0,0.6856021881103516,
1,ideogram4-768-ffn-up,fp16,2.30266666,True,0,0.000175310773,0.255859375,243075efc34e780e5a63b6f227be1640183030cdcfeefa06dbcd3ede537120de,0,0,0.6809978485107422,
1,ideogram4-768-projection,mlx,0.867625,True,0,0.000134656,0.254395,,,,0.7347629070281982,
1,ideogram4-768-projection,previous_int8,0.512166662,True,0,0.00399587344,5.38598633,77db561f6e6e5f9a53589eb0bc0e2697493a38f3da4a9876a95e8f3c0a55bbfb,0,0,0.8243758678436279,
1,ideogram4-768-projection,int8,0.5275,True,0,0.00399587344,5.38598633,77db561f6e6e5f9a53589eb0bc0e2697493a38f3da4a9876a95e8f3c0a55bbfb,0,0,0.8084380626678467,
1,ideogram4-768-projection,previous_fp32,0.91412499,True,0,0.000197194041,0.479980469,6975b81b0ae6c74df80bd27d757726efaf205d69249e8997f636b62f24db445d,0,0,0.6997110843658447,
1,ideogram4-768-projection,fp32,0.915000011,True,0,0.000197194041,0.479980469,6975b81b0ae6c74df80bd27d757726efaf205d69249e8997f636b62f24db445d,0,0,0.6957590579986572,
1,ideogram4-768-projection,previous_fp16,0.884666675,True,0,0.000197194041,0.479980469,6975b81b0ae6c74df80bd27d757726efaf205d69249e8997f636b62f24db445d,0,0,0.696566104888916,
1,ideogram4-768-projection,fp16,0.91558334,True,0,0.000197194041,0.479980469,6975b81b0ae6c74df80bd27d757726efaf205d69249e8997f636b62f24db445d,0,0,0.6949601173400879,
1,ideogram4-768-attention,mlx,1.99958,True,0,,1.61514e-05,,,,0.6430580615997314,
1,ideogram4-768-attention,previous_int8,1.74041666,True,0,0.000264297986,2.33109104e-05,f98535bcf08f3847f88f32bc2068b20ba04afd0ee625df6111538ef05ad82309,0,1,0.6478531360626221,
1,ideogram4-768-attention,int8,1.74925,True,0,0.000264297986,2.33109104e-05,f98535bcf08f3847f88f32bc2068b20ba04afd0ee625df6111538ef05ad82309,0,1,0.6477789878845215,
1,ideogram4-768-attention,previous_fp16,1.728875,True,0,0.000264297986,2.33109104e-05,f98535bcf08f3847f88f32bc2068b20ba04afd0ee625df6111538ef05ad82309,0,0,0.6470417976379395,
1,ideogram4-768-attention,fp16,1.73075001,True,0,0.000264297986,2.33109104e-05,f98535bcf08f3847f88f32bc2068b20ba04afd0ee625df6111538ef05ad82309,0,0,0.6469519138336182,
1,ideogram4-512-ffn-down,mlx,1.53017,True,0,0.000131168,0.601807,,,,0.7026848793029785,
1,ideogram4-512-ffn-down,previous_int8,1.22520833,True,0,0.00344497112,14.4133301,0ad17230c22fbbaca7b8baaafe9c40045644fe71b4551eeb7bc79f317e9fe516,0,0,0.7354109287261963,
1,ideogram4-512-ffn-down,int8,1.22720834,True,0,0.00344497112,14.4133301,0ad17230c22fbbaca7b8baaafe9c40045644fe71b4551eeb7bc79f317e9fe516,0,0,0.7299220561981201,
1,ideogram4-512-ffn-down,previous_fp32,1.28025,True,0,0.000135995946,0.782958984,3234c2ee5157fd8e4dfd722dd328614e757afd1dca716c6b90a0e08c71d1966a,0,0,0.6980669498443604,
1,ideogram4-512-ffn-down,fp32,1.280875,True,0,0.000135995946,0.782958984,3234c2ee5157fd8e4dfd722dd328614e757afd1dca716c6b90a0e08c71d1966a,0,0,0.6971368789672852,
1,ideogram4-512-ffn-down,previous_fp16,1.62275,True,0,0.00031997253,2.51318359,3934c928d3dcd08608df7e2c53fafdaf235445652391c0829a7e8fd68c132f0c,0,0,0.6780307292938232,
1,ideogram4-512-ffn-down,fp16,1.55020833,True,0,0.00031997253,2.51318359,3934c928d3dcd08608df7e2c53fafdaf235445652391c0829a7e8fd68c132f0c,0,0,0.674659013748169,
1,ideogram4-512-ffn-up,mlx,1.337,True,0,0.00015268,0.219727,,,,0.7353348731994629,
1,ideogram4-512-ffn-up,previous_int8,0.724583326,True,0,0.00435622856,5.96313477,3eb73964e143985000368cc405db8211e2fadcd952954857ea51fb4cff49f222,0,0,0.7937400341033936,
1,ideogram4-512-ffn-up,int8,0.704958336,True,0,0.00435622856,5.96313477,3eb73964e143985000368cc405db8211e2fadcd952954857ea51fb4cff49f222,0,0,0.7894802093505859,
1,ideogram4-512-ffn-up,previous_fp32,1.30600001,True,0,0.00017961587,0.255859375,3d8ade891d7b61d6d34e8f4365911251b68a80260071d3a951c311054f48ee28,0,0,0.6925058364868164,
1,ideogram4-512-ffn-up,fp32,1.345125,True,0,0.00017961587,0.255859375,3d8ade891d7b61d6d34e8f4365911251b68a80260071d3a951c311054f48ee28,0,0,0.6890668869018555,
1,ideogram4-512-ffn-up,previous_fp16,1.279125,True,0,0.000370633742,1.0925293,c49b52acb2a8daedae4d09cb853c08157dbc8e21658c51a9c6240aa8626741d9,0,0,0.6871049404144287,
1,ideogram4-512-ffn-up,fp16,1.31766667,True,0,0.000370633742,1.0925293,c49b52acb2a8daedae4d09cb853c08157dbc8e21658c51a9c6240aa8626741d9,0,0,0.6905591487884521,
1,ideogram4-512-projection,mlx,0.54375,True,0,0.000187912,0.254395,,,,0.7922511100769043,
1,ideogram4-512-projection,previous_int8,0.346000001,True,0,0.00300150475,4.29418945,0206c91a04a078fa16ca0ed4ac1ac2070e86eeb73088946e90a469f230d93c52,0,0,0.8336751461029053,
1,ideogram4-512-projection,int8,0.350333328,True,0,0.00300150475,4.29418945,0206c91a04a078fa16ca0ed4ac1ac2070e86eeb73088946e90a469f230d93c52,0,0,0.8307399749755859,
1,ideogram4-512-projection,previous_fp32,0.546041672,True,0,0.000214593207,0.479980469,a417e02a6a816bf6e77774f3dc521772910f79e6dac7690f96dec2877484bcff,0,0,0.7661809921264648,
1,ideogram4-512-projection,fp32,0.545874995,True,0,0.000214593207,0.479980469,a417e02a6a816bf6e77774f3dc521772910f79e6dac7690f96dec2877484bcff,0,0,0.7647140026092529,
1,ideogram4-512-projection,previous_fp16,0.570624994,True,0,0.000384556934,1.0925293,36df5e1c7eb8b3bbf73f4999651af0d9cfb49d2b24108795f197187caa153d76,0,0,0.7439517974853516,
1,ideogram4-512-projection,fp16,0.572916673,True,0,0.000384556934,1.0925293,36df5e1c7eb8b3bbf73f4999651af0d9cfb49d2b24108795f197187caa153d76,0,0,0.750236988067627,
1,ideogram4-512-attention,mlx,0.531917,True,0,,1.08917e-05,,,,0.7814450263977051,
1,ideogram4-512-attention,previous_int8,0.489124999,True,0,0.00031627308,2.83553172e-05,b967c913c92619b6f720e19f6f521bfc9c081da285d03ff808a76f73337524c9,0,1,0.7818381786346436,
1,ideogram4-512-attention,int8,0.490749997,True,0,0.00031627308,2.83553172e-05,b967c913c92619b6f720e19f6f521bfc9c081da285d03ff808a76f73337524c9,0,1,0.7825620174407959,
1,ideogram4-512-attention,previous_fp16,0.489750004,True,0,0.00031627308,2.83553172e-05,b967c913c92619b6f720e19f6f521bfc9c081da285d03ff808a76f73337524c9,0,0,0.7855980396270752,
1,ideogram4-512-attention,fp16,0.488874997,True,0,0.00031627308,2.83553172e-05,b967c913c92619b6f720e19f6f521bfc9c081da285d03ff808a76f73337524c9,0,0,0.7840368747711182,
1,krea2-reference,mlx,7.97821,True,0,,2.83048e-05,,,,0.6419370174407959,
1,krea2-reference,previous_int8,4.875125,True,0,0.00441131988,0.000355057961,81aed7f38d6eefbca80efba7ad1c5107ccf96fe5e0d604f627a9b0d7072ac1c6,0,0,0.66310715675354,
1,krea2-reference,int8,4.87504166,True,0,0.00441131988,0.000355057961,81aed7f38d6eefbca80efba7ad1c5107ccf96fe5e0d604f627a9b0d7072ac1c6,0,0,0.6648600101470947,
1,krea2-reference,previous_fp16,7.842875,True,0,0.000349221395,2.83035914e-05,a91853a662cc91d5f900da86fc8ed127017fbd87220f695c51774a84887c26ef,0,0,0.668133020401001,
1,krea2-reference,fp16,7.789125,True,0,0.000349221395,2.83035914e-05,a91853a662cc91d5f900da86fc8ed127017fbd87220f695c51774a84887c26ef,0,0,0.6710069179534912,
1,krea2-last-image-only,mlx,3.99488,True,0,,3.46086e-05,,,,0.619988203048706,
1,krea2-last-image-only,previous_int8,2.59520834,True,0,0.00448547764,0.000327850254,3b522ea3200a293f0ed4af7a9aaf52e99f82761d9b1622cc88bf74666975458e,0,0,0.6545557975769043,
1,krea2-last-image-only,int8,2.59508334,True,0,0.00448547764,0.000327850254,3b522ea3200a293f0ed4af7a9aaf52e99f82761d9b1622cc88bf74666975458e,0,0,0.6585700511932373,
1,krea2-last-image-only,previous_fp16,3.968,True,0,0.000429911811,3.46074354e-05,6d936c38460776a9fd407ac91860c41f5a08755a41e6133a6d90803644f5197c,0,0,0.6516799926757812,
1,krea2-last-image-only,fp16,3.96437499,True,0,0.000429911811,3.46074354e-05,6d936c38460776a9fd407ac91860c41f5a08755a41e6133a6d90803644f5197c,0,0,0.6480681896209717,
1,krea2-2048-ffn-down,mlx,35.0035,True,0,5.61471e-05,0.253662,,,,1.4035980701446533,
1,krea2-2048-ffn-down,previous_int8,15.8834167,True,0,0.0039082678,19.2504883,71e02b5ac3a046ea96582732ce6477a64c1116ad67880cee5a7221404087250c,0,0,1.0502240657806396,
1,krea2-2048-ffn-down,int8,15.8639167,True,0,0.0039082678,19.2504883,71e02b5ac3a046ea96582732ce6477a64c1116ad67880cee5a7221404087250c,0,0,1.0463533401489258,
1,krea2-2048-ffn-down,previous_fp32,35.0388333,True,0,9.75821218e-05,0.640136719,0083ba746da4ca254bdd08e1506d59a087da29f5b235f359bd117e9113bce38f,0,0,1.1122589111328125,
1,krea2-2048-ffn-down,fp32,34.9125,True,0,9.75821218e-05,0.640136719,0083ba746da4ca254bdd08e1506d59a087da29f5b235f359bd117e9113bce38f,0,0,1.111454963684082,
1,krea2-2048-ffn-down,previous_fp16,35.001375,True,0,9.75821218e-05,0.640136719,0083ba746da4ca254bdd08e1506d59a087da29f5b235f359bd117e9113bce38f,0,0,1.113386869430542,
1,krea2-2048-ffn-down,fp16,35.0262083,True,0,9.75821218e-05,0.640136719,0083ba746da4ca254bdd08e1506d59a087da29f5b235f359bd117e9113bce38f,0,0,1.1148760318756104,
1,krea2-2048-ffn-up,mlx,26.5377,True,0,0.000222295,0.227539,,,,1.7641148567199707,
1,krea2-2048-ffn-up,previous_int8,14.1932083,True,0,0.00390194794,7.05126953,67fbfd4d16c574d625502418d567c5df96edd4d8a5ae130c33da426088db4d29,0,0,1.0856680870056152,
1,krea2-2048-ffn-up,int8,14.1867917,True,0,0.00390194794,7.05126953,67fbfd4d16c574d625502418d567c5df96edd4d8a5ae130c33da426088db4d29,0,0,1.0819618701934814,
1,krea2-2048-ffn-up,previous_fp32,26.4832917,True,0,0.000191175408,0.487792969,a993f4d0a832e85be649caee09bf5fbeb5f144c13da843ec2160dd6e2b3a7c9b,0,0,1.0936083793640137,
1,krea2-2048-ffn-up,fp32,26.4496667,True,0,0.000191175408,0.487792969,a993f4d0a832e85be649caee09bf5fbeb5f144c13da843ec2160dd6e2b3a7c9b,0,0,1.0893871784210205,
1,krea2-2048-ffn-up,previous_fp16,26.5857083,True,0,0.000191175408,0.487792969,a993f4d0a832e85be649caee09bf5fbeb5f144c13da843ec2160dd6e2b3a7c9b,0,0,1.0908689498901367,
1,krea2-2048-ffn-up,fp16,26.4925,True,0,0.000191175408,0.487792969,a993f4d0a832e85be649caee09bf5fbeb5f144c13da843ec2160dd6e2b3a7c9b,0,0,1.0925283432006836,
1,krea2-2048-projection,mlx,9.89937,True,0,0.000194003,0.227539,,,,1.0624330043792725,
1,krea2-2048-projection,previous_int8,5.53374999,True,0,0.00376422321,7.2746582,acb86f882a354a2a1e4b664c7881e01316efa8eb61c990c7ba276caeeee55db1,0,0,0.807204008102417,
1,krea2-2048-projection,int8,5.53379167,True,0,0.00376422321,7.2746582,acb86f882a354a2a1e4b664c7881e01316efa8eb61c990c7ba276caeeee55db1,0,0,0.8104410171508789,
1,krea2-2048-projection,previous_fp32,9.89574999,True,0,0.000203713246,0.495361328,b2defca2a145abb63b853f5bda98f56a1a8519143b0ceb6984168a5193eb6893,0,0,0.8030939102172852,
1,krea2-2048-projection,fp32,9.89987499,True,0,0.000203713246,0.495361328,b2defca2a145abb63b853f5bda98f56a1a8519143b0ceb6984168a5193eb6893,0,0,0.8057889938354492,
1,krea2-2048-projection,previous_fp16,9.88333333,True,0,0.000203713246,0.495361328,b2defca2a145abb63b853f5bda98f56a1a8519143b0ceb6984168a5193eb6893,0,0,0.8024928569793701,
1,krea2-2048-projection,fp16,9.89995833,True,0,0.000203713246,0.495361328,b2defca2a145abb63b853f5bda98f56a1a8519143b0ceb6984168a5193eb6893,0,0,0.8039858341217041,
1,krea2-2048-attention,mlx,61.7935,True,0,,1.55565e-05,,,,1.103754997253418,
1,krea2-2048-attention,previous_int8,36.621625,True,0,0.00648212476,0.000363634452,8f66e04957e11619a111fd7245d55c128a0a8ecf7f3b74d00347ea68e5b2faa0,0,0,0.9896419048309326,
1,krea2-2048-attention,int8,36.617125,True,0,0.00648212476,0.000363634452,8f66e04957e11619a111fd7245d55c128a0a8ecf7f3b74d00347ea68e5b2faa0,0,0,0.9928908348083496,
1,krea2-2048-attention,previous_fp16,61.1834583,True,0,0.000360769457,1.72016368e-05,ae9c07913e07e81d2e05ba7ca1b2c8b997886e7d2c6f26591cd38899b51f85ac,0,0,1.1667215824127197,
1,krea2-2048-attention,fp16,61.13125,True,0,0.000360769457,1.72016368e-05,ae9c07913e07e81d2e05ba7ca1b2c8b997886e7d2c6f26591cd38899b51f85ac,0,0,1.1690940856933594,
1,krea2-1536-ffn-down,mlx,22.2073,True,0,6.52839e-05,0.237305,,,,1.083251953125,
1,krea2-1536-ffn-down,previous_int8,9.21258333,True,0,0.00386846065,20.8330078,00950aba816d98e3c4398e3b1e09758d2c95afee6435166deb397a9105ee663a,0,0,0.8973398208618164,
1,krea2-1536-ffn-down,int8,9.22337499,True,0,0.00386846065,20.8330078,00950aba816d98e3c4398e3b1e09758d2c95afee6435166deb397a9105ee663a,0,0,0.8915410041809082,
1,krea2-1536-ffn-down,previous_fp32,18.621,True,0,0.000229579953,4.015625,d80a24fe348d522aa72dd30f15288ad339dddd499d621264301f3597c33452c7,0,0,0.8928079605102539,
1,krea2-1536-ffn-down,fp32,18.5179167,True,0,0.000229579953,4.015625,d80a24fe348d522aa72dd30f15288ad339dddd499d621264301f3597c33452c7,0,0,0.8869359493255615,
1,krea2-1536-ffn-down,previous_fp16,22.2326667,True,0,0.000277856766,4.19042969,79019bab63e011183023a421498db7ba94a66183df405c0c308e949140141f6c,0,0,0.914438009262085,
1,krea2-1536-ffn-down,fp16,22.1330833,True,0,0.000277856766,4.19042969,79019bab63e011183023a421498db7ba94a66183df405c0c308e949140141f6c,0,0,0.9219520092010498,
1,krea2-1536-ffn-up,mlx,15.8275,True,0,0.000143655,0.23584,,,,1.2873039245605469,
1,krea2-1536-ffn-up,previous_int8,8.09925,True,0,0.00351259035,7.2043457,f01c7495fd36b9d3ed2140612b636364273dd4d9da6bd89d80d914a30ad1d3cb,0,0,0.9141650199890137,
1,krea2-1536-ffn-up,int8,8.09800001,True,0,0.00351259035,7.2043457,f01c7495fd36b9d3ed2140612b636364273dd4d9da6bd89d80d914a30ad1d3cb,0,0,0.9153957366943359,
1,krea2-1536-ffn-up,previous_fp32,15.876125,True,0,0.000160299244,0.466308594,13711c2815d6d520680078aad1f0c813d0a3640b3948fb73c67bdd25858f3cc8,0,0,0.9001638889312744,
1,krea2-1536-ffn-up,fp32,15.835,True,0,0.000160299244,0.466308594,13711c2815d6d520680078aad1f0c813d0a3640b3948fb73c67bdd25858f3cc8,0,0,0.898033857345581,
1,krea2-1536-ffn-up,previous_fp16,15.76325,True,0,0.000160299244,0.466308594,13711c2815d6d520680078aad1f0c813d0a3640b3948fb73c67bdd25858f3cc8,0,0,0.8964622020721436,
1,krea2-1536-ffn-up,fp16,15.772375,True,0,0.000160299244,0.466308594,13711c2815d6d520680078aad1f0c813d0a3640b3948fb73c67bdd25858f3cc8,0,0,0.8985471725463867,
1,krea2-1536-projection,mlx,5.71033,True,0,0.000166458,0.22583,,,,0.8583080768585205,
1,krea2-1536-projection,previous_int8,3.191625,True,0,0.00328497533,5.77929688,522a5c78de83a9a7599ec8f9cae5b22f416ad1dbd024b612a25a9ca8ca6c6959,0,0,0.7402801513671875,
1,krea2-1536-projection,int8,3.19125,True,0,0.00328497533,5.77929688,522a5c78de83a9a7599ec8f9cae5b22f416ad1dbd024b612a25a9ca8ca6c6959,0,0,0.7486209869384766,
1,krea2-1536-projection,previous_fp32,5.718,True,0,0.000161547347,0.481201172,a9ef19886d6e75202279a3e0e4601c66a5ad3eee3ed4291cfc3ace585d8bf603,0,0,0.7168729305267334,
1,krea2-1536-projection,fp32,5.71487499,True,0,0.000161547347,0.481201172,a9ef19886d6e75202279a3e0e4601c66a5ad3eee3ed4291cfc3ace585d8bf603,0,0,0.7189803123474121,
1,krea2-1536-projection,previous_fp16,5.72220833,True,0,0.000161547347,0.481201172,a9ef19886d6e75202279a3e0e4601c66a5ad3eee3ed4291cfc3ace585d8bf603,0,0,0.7179181575775146,
1,krea2-1536-projection,fp16,5.72804167,True,0,0.000161547347,0.481201172,a9ef19886d6e75202279a3e0e4601c66a5ad3eee3ed4291cfc3ace585d8bf603,0,0,0.7227199077606201,
1,krea2-1536-attention,mlx,19.9744,True,0,,2.85666e-05,,,,0.7393269538879395,
1,krea2-1536-attention,previous_int8,12.0735,True,0,0.00495452648,0.000317064903,18d198f73623003038304cae87a06485f99f45fc34d79323405ee30ff4e194ec,0,0,0.7552921772003174,
1,krea2-1536-attention,int8,12.147125,True,0,0.00495452648,0.000317064903,18d198f73623003038304cae87a06485f99f45fc34d79323405ee30ff4e194ec,0,0,0.7558059692382812,
1,krea2-1536-attention,previous_fp16,19.6975,True,0,0.000451849855,2.8565445e-05,e75a6a93d2746af1018fdcc2cdca51f3c0b656f1411388c166676d06f1a66f01,0,0,0.7978589534759521,
1,krea2-1536-attention,fp16,19.6862917,True,0,0.000451849855,2.8565445e-05,e75a6a93d2746af1018fdcc2cdca51f3c0b656f1411388c166676d06f1a66f01,0,0,0.7979772090911865,
1,krea2-1024-ffn-down,mlx,8.704,True,0,4.40165e-05,0.240723,,,,0.8400230407714844,
1,krea2-1024-ffn-down,previous_int8,4.42479167,True,0,0.00397536208,21.078125,18afbcf908420c6ac30e0d176b6da07f7f374bd9d3561b50d11532796ad76c17,0,0,0.7950918674468994,
1,krea2-1024-ffn-down,int8,4.43191666,True,0,0.00397536208,21.078125,18afbcf908420c6ac30e0d176b6da07f7f374bd9d3561b50d11532796ad76c17,0,0,0.7945587635040283,
1,krea2-1024-ffn-down,previous_fp32,7.34079166,True,0,9.50500297e-05,0.926757812,208de0a8382bcb368b73aab347d5a2acc969e8fd4f55f9e6fc1772d7ba68944a,0,0,0.7461590766906738,
1,krea2-1024-ffn-down,fp32,7.34124999,True,0,9.50500297e-05,0.926757812,208de0a8382bcb368b73aab347d5a2acc969e8fd4f55f9e6fc1772d7ba68944a,0,0,0.7476463317871094,
1,krea2-1024-ffn-down,previous_fp16,7.34312499,True,0,9.50500297e-05,0.926757812,208de0a8382bcb368b73aab347d5a2acc969e8fd4f55f9e6fc1772d7ba68944a,0,0,0.7550389766693115,
1,krea2-1024-ffn-down,fp16,7.344625,True,0,9.50500297e-05,0.926757812,208de0a8382bcb368b73aab347d5a2acc969e8fd4f55f9e6fc1772d7ba68944a,0,0,0.7462351322174072,
1,krea2-1024-ffn-up,mlx,7.1415,True,0,0.0001614,0.338135,,,,0.9418368339538574,
1,krea2-1024-ffn-up,previous_int8,3.76270834,True,0,0.00400694969,7.90405273,a00ae7f63fed76830fe8c2211e9b9a8996ce6f6f13348bbc436f654b351dab11,0,0,0.8052661418914795,
1,krea2-1024-ffn-up,int8,3.76441666,True,0,0.00400694969,7.90405273,a00ae7f63fed76830fe8c2211e9b9a8996ce6f6f13348bbc436f654b351dab11,0,0,0.8252511024475098,
1,krea2-1024-ffn-up,previous_fp32,7.12654166,True,0,0.000170667103,0.454833984,51a481cbc96e08d518f7e05f183c15f1f8fd49bbedf74556a51de203febaaa66,0,0,0.7507619857788086,
1,krea2-1024-ffn-up,fp32,7.17312499,True,0,0.000170667103,0.454833984,51a481cbc96e08d518f7e05f183c15f1f8fd49bbedf74556a51de203febaaa66,0,0,0.7603449821472168,
1,krea2-1024-ffn-up,previous_fp16,7.15066666,True,0,0.000170667103,0.454833984,51a481cbc96e08d518f7e05f183c15f1f8fd49bbedf74556a51de203febaaa66,0,0,0.7525568008422852,
1,krea2-1024-ffn-up,fp16,7.1265,True,0,0.000170667103,0.454833984,51a481cbc96e08d518f7e05f183c15f1f8fd49bbedf74556a51de203febaaa66,0,0,0.7495758533477783,
1,krea2-1024-projection,mlx,2.73325,True,0,0.000204972,0.420898,,,,0.7501907348632812,
1,krea2-1024-projection,previous_int8,1.508125,True,0,0.00388903602,7.90405273,383eb374f6d4944e20a07ee486b3ad607eb3bf1b1544967218a2f298d15c5dc7,0,0,0.7213928699493408,
1,krea2-1024-projection,int8,1.503625,True,0,0.00388903602,7.90405273,383eb374f6d4944e20a07ee486b3ad607eb3bf1b1544967218a2f298d15c5dc7,0,0,0.7163450717926025,
1,krea2-1024-projection,previous_fp32,2.73941667,True,0,0.000206092658,0.482666016,1606e6fbdb026b57d606a384d6d4cb6907304f7cd3faa58f822a8cf16344decd,0,0,0.675400972366333,
1,krea2-1024-projection,fp32,2.74170833,True,0,0.000206092658,0.482666016,1606e6fbdb026b57d606a384d6d4cb6907304f7cd3faa58f822a8cf16344decd,0,0,0.6756467819213867,
1,krea2-1024-projection,previous_fp16,2.73608333,True,0,0.000206092658,0.482666016,1606e6fbdb026b57d606a384d6d4cb6907304f7cd3faa58f822a8cf16344decd,0,0,0.6709141731262207,
1,krea2-1024-projection,fp16,2.79433333,True,0,0.000206092658,0.482666016,1606e6fbdb026b57d606a384d6d4cb6907304f7cd3faa58f822a8cf16344decd,0,0,0.6671340465545654,
1,krea2-1024-attention,mlx,4.28633,True,0,,3.46086e-05,,,,0.6266040802001953,
1,krea2-1024-attention,previous_int8,2.752,True,0,0.00388297129,0.000208613746,3138d1a1962c4b81cc4275286664016a5309172f8630f36eb3772c132744dcce,0,0,0.6564359664916992,
1,krea2-1024-attention,int8,2.759875,True,0,0.00388297129,0.000208613746,3138d1a1962c4b81cc4275286664016a5309172f8630f36eb3772c132744dcce,0,0,0.6645731925964355,
1,krea2-1024-attention,previous_fp16,4.25054166,True,0,0.000467000082,3.46074354e-05,b9a951e4b0a9d704c221471a7126872f3fff730e89203289c3086419574c94e5,0,0,0.659034013748169,
1,krea2-1024-attention,fp16,4.219625,True,0,0.000467000082,3.46074354e-05,b9a951e4b0a9d704c221471a7126872f3fff730e89203289c3086419574c94e5,0,0,0.6527960300445557,
1,krea2-768-ffn-down,mlx,4.94125,True,0,3.07232e-05,0.145996,,,,0.7701301574707031,
1,krea2-768-ffn-down,previous_int8,2.68725,True,0,0.00387810385,21.078125,effa2dcad82662dc7eeb515a91b70767ff0b4d8e2326f128aeac0490c95740f1,0,0,0.7766199111938477,
1,krea2-768-ffn-down,int8,2.72641667,True,0,0.00387810385,21.078125,effa2dcad82662dc7eeb515a91b70767ff0b4d8e2326f128aeac0490c95740f1,0,0,0.7747609615325928,
1,krea2-768-ffn-down,previous_fp32,4.36154167,True,0,8.04542798e-05,0.597167969,7925b46e2a7c93911aab356f41c7e720362514fba28aacb42287fcc8cc7ec00f,0,0,0.7196118831634521,
1,krea2-768-ffn-down,fp32,4.343375,True,0,8.04542798e-05,0.597167969,7925b46e2a7c93911aab356f41c7e720362514fba28aacb42287fcc8cc7ec00f,0,0,0.7118771076202393,
1,krea2-768-ffn-down,previous_fp16,4.36812501,True,0,8.04542798e-05,0.597167969,7925b46e2a7c93911aab356f41c7e720362514fba28aacb42287fcc8cc7ec00f,0,0,0.709144115447998,
1,krea2-768-ffn-down,fp16,4.361125,True,0,8.04542798e-05,0.597167969,7925b46e2a7c93911aab356f41c7e720362514fba28aacb42287fcc8cc7ec00f,0,0,0.7175469398498535,
1,krea2-768-ffn-up,mlx,4.13625,True,0,0.000227603,0.426025,,,,0.840421199798584,
1,krea2-768-ffn-up,previous_int8,2.26904167,True,0,0.00401861293,7.77587891,cea5b6d4376eaf1ef4b8c8e86df0a9d86c8a61aa6ebec71cb3a293cecbfafcff,0,0,0.7894899845123291,
1,krea2-768-ffn-up,int8,2.26924999,True,0,0.00401861293,7.77587891,cea5b6d4376eaf1ef4b8c8e86df0a9d86c8a61aa6ebec71cb3a293cecbfafcff,0,0,0.7941770553588867,
1,krea2-768-ffn-up,previous_fp32,4.13770833,True,0,0.000207848384,0.476074219,7fc77eea672b4b0b0512946172fb5030faaf9069a5973cc05f983e1efbae2da9,0,0,0.7183530330657959,
1,krea2-768-ffn-up,fp32,4.13837501,True,0,0.000207848384,0.476074219,7fc77eea672b4b0b0512946172fb5030faaf9069a5973cc05f983e1efbae2da9,0,0,0.7118139266967773,
1,krea2-768-ffn-up,previous_fp16,4.13808333,True,0,0.000207848384,0.476074219,7fc77eea672b4b0b0512946172fb5030faaf9069a5973cc05f983e1efbae2da9,0,0,0.7280757427215576,
1,krea2-768-ffn-up,fp16,4.13762499,True,0,0.000207848384,0.476074219,7fc77eea672b4b0b0512946172fb5030faaf9069a5973cc05f983e1efbae2da9,0,0,0.7128119468688965,
1,krea2-768-projection,mlx,1.59446,True,0,0.000222869,0.426025,,,,0.7169771194458008,
1,krea2-768-projection,previous_int8,0.887624992,True,0,0.00403009992,7.93212891,d1db8f158149176aa71732b34cb8b73885a2200f097ab88a4ee8e7278b05e217,0,0,0.7560908794403076,
1,krea2-768-projection,int8,0.889083341,True,0,0.00403009992,7.93212891,d1db8f158149176aa71732b34cb8b73885a2200f097ab88a4ee8e7278b05e217,0,0,0.7526190280914307,
1,krea2-768-projection,previous_fp32,1.60300001,True,0,0.000186480898,0.489501953,4ab6e29241ed1153bf64ca9fa7fd10d455bb4b8ca4f52e8c64d8d2a1801e7b12,0,0,0.674901008605957,
1,krea2-768-projection,fp32,1.59729167,True,0,0.000186480898,0.489501953,4ab6e29241ed1153bf64ca9fa7fd10d455bb4b8ca4f52e8c64d8d2a1801e7b12,0,0,0.6711010932922363,
1,krea2-768-projection,previous_fp16,1.59824999,True,0,0.000186480898,0.489501953,4ab6e29241ed1153bf64ca9fa7fd10d455bb4b8ca4f52e8c64d8d2a1801e7b12,0,0,0.6789488792419434,
1,krea2-768-projection,fp16,1.60141666,True,0,0.000186480898,0.489501953,4ab6e29241ed1153bf64ca9fa7fd10d455bb4b8ca4f52e8c64d8d2a1801e7b12,0,0,0.6723580360412598,
1,krea2-768-attention,mlx,1.47412,True,0,,1.43368e-05,,,,0.6328482627868652,
1,krea2-768-attention,previous_int8,1.02695833,True,0,0.00641239135,0.000291390279,b5defc31344c836e9abbd3d701880704c59e54ac88c98740de1123da50016610,0,0,0.6955828666687012,
1,krea2-768-attention,int8,1.02362499,True,0,0.00641239135,0.000291390279,b5defc31344c836e9abbd3d701880704c59e54ac88c98740de1123da50016610,0,0,0.6939408779144287,
1,krea2-768-attention,previous_fp16,1.54833334,True,0,0.000476432442,2.4237973e-05,2e65cff2d7b3746eb8560a5c179230474b3c0df7c9705bd312bc9db6d8e3efe9,0,0,0.6515159606933594,
1,krea2-768-attention,fp16,1.58116667,True,0,0.000476432442,2.4237973e-05,2e65cff2d7b3746eb8560a5c179230474b3c0df7c9705bd312bc9db6d8e3efe9,0,0,0.649747371673584,
1,krea2-512-ffn-down,mlx,2.76087,True,0,6.63755e-05,0.320801,,,,0.7362387180328369,
1,krea2-512-ffn-down,previous_int8,1.69608333,True,0,0.00422776502,21.078125,463c46d43677daf165305a7c8915d4964b334c4519d3e53f3c8316b9a2f3d8b9,0,0,0.7734458446502686,
1,krea2-512-ffn-down,int8,1.7655,True,0,0.00422776502,21.078125,463c46d43677daf165305a7c8915d4964b334c4519d3e53f3c8316b9a2f3d8b9,0,0,0.766765832901001,
1,krea2-512-ffn-down,previous_fp32,2.22200001,True,0,9.81044319e-05,0.551513672,ea5e660a7dcc0a2440e30d4c1d04460a9ea152927ceae1697593ee8b72a5087d,0,0,0.7028031349182129,
1,krea2-512-ffn-down,fp32,2.22379167,True,0,9.81044319e-05,0.551513672,ea5e660a7dcc0a2440e30d4c1d04460a9ea152927ceae1697593ee8b72a5087d,0,0,0.6986258029937744,
1,krea2-512-ffn-down,previous_fp16,2.5645,True,0,0.000262024502,3.69750977,167c8f719e0cb424f1a630561fe3af5b67900d3306a97de0a3d8bce5ddfda1d1,0,0,0.6936371326446533,
1,krea2-512-ffn-down,fp16,2.553,True,0,0.000262024502,3.69750977,167c8f719e0cb424f1a630561fe3af5b67900d3306a97de0a3d8bce5ddfda1d1,0,0,0.6888468265533447,
1,krea2-512-ffn-up,mlx,2.26571,True,0,0.000177258,0.192871,,,,0.7723128795623779,
1,krea2-512-ffn-up,previous_int8,1.439125,True,0,0.00386809619,7.2043457,595fc7f6b80cdc4fbbf06b8f31da6dbc96ca6d67793012445409b0d785a0e21a,0,0,0.7887158393859863,
1,krea2-512-ffn-up,int8,1.28941667,True,0,0.00386809619,7.2043457,595fc7f6b80cdc4fbbf06b8f31da6dbc96ca6d67793012445409b0d785a0e21a,0,0,0.7973940372467041,
1,krea2-512-ffn-up,previous_fp32,2.27695834,True,0,0.000185936209,0.476074219,be951a8a3035443ea8fe3921c6997eecba2483a2183e93d3f5d77d40e4d1ac54,0,0,0.7055399417877197,
1,krea2-512-ffn-up,fp32,2.26675,True,0,0.000185936209,0.476074219,be951a8a3035443ea8fe3921c6997eecba2483a2183e93d3f5d77d40e4d1ac54,0,0,0.697012186050415,
1,krea2-512-ffn-up,previous_fp16,2.37945834,True,0,0.000323033608,0.699951172,65fb750b6d9da476a244b32fc0ded1a8a06af1c3861261f7f20de0b6851af174,0,0,0.7004308700561523,
1,krea2-512-ffn-up,fp16,2.37825001,True,0,0.000323033608,0.699951172,65fb750b6d9da476a244b32fc0ded1a8a06af1c3861261f7f20de0b6851af174,0,0,0.705254077911377,
1,krea2-512-projection,mlx,0.915875,True,0,0.00015397,0.22583,,,,0.7407429218292236,
1,krea2-512-projection,previous_int8,0.531833328,True,0,0.0043921381,8.00830078,54a1cc99a18a99a47be043295174a047b2537a7f92f26a3a164a5f005c47cfc7,0,0,0.8195600509643555,
1,krea2-512-projection,int8,0.511833336,True,0,0.0043921381,8.00830078,54a1cc99a18a99a47be043295174a047b2537a7f92f26a3a164a5f005c47cfc7,0,0,0.8128821849822998,
1,krea2-512-projection,previous_fp32,0.932499999,True,0,0.000183720987,0.437011719,cacaf12cfd8f083400f026e0cc68a73ba279710b43c8c33ace9cfe4a48db795e,0,0,0.7014329433441162,
1,krea2-512-projection,fp32,0.92050001,True,0,0.000183720987,0.437011719,cacaf12cfd8f083400f026e0cc68a73ba279710b43c8c33ace9cfe4a48db795e,0,0,0.7053279876708984,
1,krea2-512-projection,previous_fp16,0.915333338,True,0,0.000412428934,1.39331055,4b9df411e1d78f4da9d6b590fd68000bbc1c1715b6cbfe18837b4e842a3551cd,0,0,0.7045059204101562,
1,krea2-512-projection,fp16,0.91129166,True,0,0.000412428934,1.39331055,4b9df411e1d78f4da9d6b590fd68000bbc1c1715b6cbfe18837b4e842a3551cd,0,0,0.7029130458831787,
1,krea2-512-attention,mlx,0.418667,True,0,,2.41528e-05,,,,0.7822742462158203,
1,krea2-512-attention,previous_int8,0.319583327,True,0,0.00444507473,0.000299166574,638188a93d693a809e05845a5fe1ce23d06e142c1c89973fdbbccbbb14b56da0,0,0,0.82246994972229,
1,krea2-512-attention,int8,0.319125,True,0,0.00444507473,0.000299166574,638188a93d693a809e05845a5fe1ce23d06e142c1c89973fdbbccbbb14b56da0,0,0,0.8148200511932373,
1,krea2-512-attention,previous_fp16,0.415250004,True,0,0.000450595153,2.45083709e-05,4701419a9e8f4f8ac3df75e5fc122670793bed75ebf09c2fe967a768eb693963,0,0,0.7841100692749023,
1,krea2-512-attention,fp16,0.415000002,True,0,0.000450595153,2.45083709e-05,4701419a9e8f4f8ac3df75e5fc122670793bed75ebf09c2fe967a768eb693963,0,0,0.7736437320709229,
1,flux2-reference,mlx,8.49529,True,0,,1.25049e-05,,,,0.7071609497070312,
1,flux2-reference,previous_int8,5.38900001,True,0,0.00457597651,0.000304057213,02cddbf6a8020e0f0aa077347cbff1cf8c3732b3855f6c4b1fc82e64d80c7a0e,0,0,0.7141859531402588,
1,flux2-reference,int8,5.387875,True,0,0.00457597651,0.000304057213,02cddbf6a8020e0f0aa077347cbff1cf8c3732b3855f6c4b1fc82e64d80c7a0e,0,0,0.7192888259887695,
1,flux2-reference,previous_fp16,8.45387499,True,0,0.000292392811,2.28097084e-05,68c80f330095b9b03a634664a6d76db83fa130525060364b69ab6ea955dbefae,0,0,0.7218139171600342,
1,flux2-reference,fp16,8.43854167,True,0,0.000292392811,2.28097084e-05,68c80f330095b9b03a634664a6d76db83fa130525060364b69ab6ea955dbefae,0,0,0.7228059768676758,
1,flux2-last-image-only,mlx,4.42746,True,0,,3.1629e-05,,,,0.6553652286529541,
1,flux2-last-image-only,previous_int8,2.82541667,True,0,0.00427210793,0.000321447609,71a75fd9fcc829dfc2778875616c6207cc1ac7bfebd5a032fac86f60f16edde7,0,0,0.686394214630127,
1,flux2-last-image-only,int8,2.828875,True,0,0.00427210793,0.000321447609,71a75fd9fcc829dfc2778875616c6207cc1ac7bfebd5a032fac86f60f16edde7,0,0,0.6857738494873047,
1,flux2-last-image-only,previous_fp16,4.39954166,True,0,0.000398457157,3.16277986e-05,1c6e0bf862b6f1e49ad32dd50fdabd4d0396e691f4a1b7a2b78f8a040c6e4613,0,0,0.6805949211120605,
1,flux2-last-image-only,fp16,4.43341666,True,0,0.000398457157,3.16277986e-05,1c6e0bf862b6f1e49ad32dd50fdabd4d0396e691f4a1b7a2b78f8a040c6e4613,0,0,0.6831979751586914,
1,flux2-2048-ffn-down,mlx,48.8671,True,0,0.000198697,0.768799,,,,1.5085580348968506,
1,flux2-2048-ffn-down,previous_int8,17.201875,True,0,0.00390630544,23.817627,c7c83833ac1d2c1ea9cde51d53acb7758e8e190025a716a07837f7ef49f6b4a3,0,0,1.0798931121826172,
1,flux2-2048-ffn-down,int8,17.35925,True,0,0.00390630544,23.817627,c7c83833ac1d2c1ea9cde51d53acb7758e8e190025a716a07837f7ef49f6b4a3,0,0,1.0911431312561035,
1,flux2-2048-ffn-down,previous_fp32,35.9400833,True,0,0.000314222607,3.62011719,4c4f60f70d3ac26bb5afb08548e085502ea88db52a4d358c37853c76006a7a4f,0,0,1.1509830951690674,
1,flux2-2048-ffn-down,fp32,35.83325,True,0,0.000314222607,3.62011719,4c4f60f70d3ac26bb5afb08548e085502ea88db52a4d358c37853c76006a7a4f,0,0,1.142726182937622,
1,flux2-2048-ffn-down,previous_fp16,38.6570833,True,0,0.000319818664,3.62011719,7411bf4244f88c89f59ae2ce922e622776a27df1e1c6b3ecb3cae650dac52933,0,0,1.158271074295044,
1,flux2-2048-ffn-down,fp16,38.7388333,True,0,0.000319818664,3.62011719,7411bf4244f88c89f59ae2ce922e622776a27df1e1c6b3ecb3cae650dac52933,0,0,1.1590940952301025,
1,flux2-2048-ffn-up,mlx,31.1686,True,0,0.000253942,0.468994,,,,1.9282572269439697,
1,flux2-2048-ffn-up,previous_int8,15.66575,True,0,0.00442689569,7.9699707,d21046d9c8f7add063a67b26ca0073db65c3226f5f4cea4d0a9cb772361735f0,0,0,1.126197099685669,
1,flux2-2048-ffn-up,int8,15.668,True,0,0.00442689569,7.9699707,d21046d9c8f7add063a67b26ca0073db65c3226f5f4cea4d0a9cb772361735f0,0,0,1.1381077766418457,
1,flux2-2048-ffn-up,previous_fp32,31.1911667,True,0,0.00018893574,0.401367188,e8d226168bf8a50c0171ed4d8264747427c0632cf0035ec7f4c05ecbd3d12326,0,0,1.1535801887512207,
1,flux2-2048-ffn-up,fp32,31.2047083,True,0,0.00018893574,0.401367188,e8d226168bf8a50c0171ed4d8264747427c0632cf0035ec7f4c05ecbd3d12326,0,0,1.146049976348877,
1,flux2-2048-ffn-up,previous_fp16,31.1714167,True,0,0.00018893574,0.401367188,e8d226168bf8a50c0171ed4d8264747427c0632cf0035ec7f4c05ecbd3d12326,0,0,1.1452600955963135,
1,flux2-2048-ffn-up,fp16,31.17,True,0,0.00018893574,0.401367188,e8d226168bf8a50c0171ed4d8264747427c0632cf0035ec7f4c05ecbd3d12326,0,0,1.147629976272583,
1,flux2-2048-projection,mlx,9.72875,True,0,0.000192491,0.420898,,,,1.0584731101989746,
1,flux2-2048-projection,previous_int8,5.43599999,True,0,0.00416767096,7.97827148,8139317bb3febbc1ff83dcec0f77599bb3c361572145296f88f3286f7555829c,0,0,0.8072619438171387,
1,flux2-2048-projection,int8,5.43641667,True,0,0.00416767096,7.97827148,8139317bb3febbc1ff83dcec0f77599bb3c361572145296f88f3286f7555829c,0,0,0.8199212551116943,
1,flux2-2048-projection,previous_fp32,9.74104166,True,0,0.000176039358,0.437988281,651e71381f84f031e2a181c96e42fddab53af2cbde45b9dd2dcc93028ca512ad,0,0,0.8020069599151611,
1,flux2-2048-projection,fp32,9.73062501,True,0,0.000176039358,0.437988281,651e71381f84f031e2a181c96e42fddab53af2cbde45b9dd2dcc93028ca512ad,0,0,0.8053879737854004,
1,flux2-2048-projection,previous_fp16,9.74441666,True,0,0.000176039358,0.437988281,651e71381f84f031e2a181c96e42fddab53af2cbde45b9dd2dcc93028ca512ad,0,0,0.8044040203094482,
1,flux2-2048-projection,fp16,9.72979167,True,0,0.000176039358,0.437988281,651e71381f84f031e2a181c96e42fddab53af2cbde45b9dd2dcc93028ca512ad,0,0,0.8050849437713623,
1,flux2-2048-attention,mlx,68.4932,True,0,,2.96335e-05,,,,1.2389791011810303,
1,flux2-2048-attention,previous_int8,39.165,True,0,0.00507402972,0.000311983928,69a55d7194755619e03f05ec2654b44ad7fd30d76b36db78f5d48f8f7261ded1,0,0,1.1046500205993652,
1,flux2-2048-attention,int8,39.176625,True,0,0.00507402972,0.000311983928,69a55d7194755619e03f05ec2654b44ad7fd30d76b36db78f5d48f8f7261ded1,0,0,1.1048359870910645,
1,flux2-2048-attention,previous_fp16,68.4020833,True,0,0.00045474475,2.96318353e-05,57c1c7ec3062d2764801132fc53a5587e63a904b734fd530f9be41e95a10869b,0,0,1.3024749755859375,
1,flux2-2048-attention,fp16,68.249125,True,0,0.00045474475,2.96318353e-05,57c1c7ec3062d2764801132fc53a5587e63a904b734fd530f9be41e95a10869b,0,0,1.306257724761963,
1,flux2-1536-ffn-down,mlx,30.0925,True,0,0.000217558,0.796875,,,,1.136763095855713,
1,flux2-1536-ffn-down,previous_int8,10.31625,True,0,0.0037711855,23.8161621,2a2b90a81ed22ccf646bb7b0bdb6ba2c9eb153fe87fcee224edc48fb2a7399be,0,0,0.9242329597473145,
1,flux2-1536-ffn-down,int8,10.3400833,True,0,0.0037711855,23.8161621,2a2b90a81ed22ccf646bb7b0bdb6ba2c9eb153fe87fcee224edc48fb2a7399be,0,0,0.9269146919250488,
1,flux2-1536-ffn-down,previous_fp32,20.8994583,True,0,0.000292212432,2.28466797,1813d28674649f3ca1155744e974d45575d107f54bc3e211cbd09e382eff4ae2,0,0,0.9189190864562988,
1,flux2-1536-ffn-down,fp32,20.924375,True,0,0.000292212432,2.28466797,1813d28674649f3ca1155744e974d45575d107f54bc3e211cbd09e382eff4ae2,0,0,0.9227850437164307,
1,flux2-1536-ffn-down,previous_fp16,22.9885,True,0,0.000293712171,2.28466797,b9633f5776457ae0876d4b8040d5ecc0d40f4603a9df0e6e0e0adaceb99b865c,0,0,0.9430851936340332,
1,flux2-1536-ffn-down,fp16,22.814125,True,0,0.000293712171,2.28466797,b9633f5776457ae0876d4b8040d5ecc0d40f4603a9df0e6e0e0adaceb99b865c,0,0,0.9392650127410889,
1,flux2-1536-ffn-up,mlx,16.9945,True,0,0.000278207,0.479248,,,,1.341026782989502,
1,flux2-1536-ffn-up,previous_int8,8.86820833,True,0,0.00380130586,7.28466797,1214abd2d0ad4c4208a69c171b8457630bff9380b9f2f9ee9f5604fb445876b0,0,0,0.9481198787689209,
1,flux2-1536-ffn-up,int8,8.86783333,True,0,0.00380130586,7.28466797,1214abd2d0ad4c4208a69c171b8457630bff9380b9f2f9ee9f5604fb445876b0,0,0,0.9404890537261963,
1,flux2-1536-ffn-up,previous_fp32,17.0319167,True,0,0.00017442459,0.472412109,4553b1d7b4f8918ff0f1a59a919982c5656d6ecd2ace1cd176464e6673b90494,0,0,0.9282941818237305,
1,flux2-1536-ffn-up,fp32,16.968,True,0,0.00017442459,0.472412109,4553b1d7b4f8918ff0f1a59a919982c5656d6ecd2ace1cd176464e6673b90494,0,0,0.9263920783996582,
1,flux2-1536-ffn-up,previous_fp16,17.011875,True,0,0.00017442459,0.472412109,4553b1d7b4f8918ff0f1a59a919982c5656d6ecd2ace1cd176464e6673b90494,0,0,0.927008867263794,
1,flux2-1536-ffn-up,fp16,16.985875,True,0,0.00017442459,0.472412109,4553b1d7b4f8918ff0f1a59a919982c5656d6ecd2ace1cd176464e6673b90494,0,0,0.9257149696350098,
1,flux2-1536-projection,mlx,5.5485,True,0,0.000249636,0.479248,,,,0.852837085723877,
1,flux2-1536-projection,previous_int8,3.0935,True,0,0.00404262635,7.28466797,754a1dbb700327edd97d945f31675dfa7744f776d6fe88beda387314488edc83,0,0,0.7422358989715576,
1,flux2-1536-projection,int8,3.09008334,True,0,0.00404262635,7.28466797,754a1dbb700327edd97d945f31675dfa7744f776d6fe88beda387314488edc83,0,0,0.739220142364502,
1,flux2-1536-projection,previous_fp32,5.59229167,True,0,0.000150307327,0.245361328,6b65ad8fc0ca8a9a098340050b60b46d6824294880c058d135a141643b0dbf32,0,0,0.7128169536590576,
1,flux2-1536-projection,fp32,5.54833334,True,0,0.000150307327,0.245361328,6b65ad8fc0ca8a9a098340050b60b46d6824294880c058d135a141643b0dbf32,0,0,0.723703145980835,
1,flux2-1536-projection,previous_fp16,5.57637501,True,0,0.000150307327,0.245361328,6b65ad8fc0ca8a9a098340050b60b46d6824294880c058d135a141643b0dbf32,0,0,0.7142908573150635,
1,flux2-1536-projection,fp16,5.56433333,True,0,0.000150307327,0.245361328,6b65ad8fc0ca8a9a098340050b60b46d6824294880c058d135a141643b0dbf32,0,0,0.7119660377502441,
1,flux2-1536-attention,mlx,22.3265,True,0,,3.31032e-05,,,,0.8259570598602295,
1,flux2-1536-attention,previous_int8,13.432625,True,0,0.00459098792,0.000307959939,9ebe86b69198eea680e1ae868d5469545469f2dee17f9df34f34d0619516afe5,0,0,0.8274669647216797,
1,flux2-1536-attention,int8,13.4104583,True,0,0.00459098792,0.000307959939,9ebe86b69198eea680e1ae868d5469545469f2dee17f9df34f34d0619516afe5,0,0,0.8284711837768555,
1,flux2-1536-attention,previous_fp16,22.18125,True,0,0.000438064658,3.31026591e-05,2425589f1787cc8c35319b031b0170ccbe3b3f52cc172d6b2718e2db9b520659,0,0,0.8701760768890381,
1,flux2-1536-attention,fp16,22.1290417,True,0,0.000438064658,3.31026591e-05,2425589f1787cc8c35319b031b0170ccbe3b3f52cc172d6b2718e2db9b520659,0,0,0.8660478591918945,
1,flux2-1024-ffn-down,mlx,7.8885,True,0,0.000239604,0.969238,,,,0.8519248962402344,
1,flux2-1024-ffn-down,previous_int8,4.868125,True,0,0.00381013293,21.4304199,975b36872b5456a7bfe57973b2e476c3c9d54179ab1fde576c0cdb0cdb6b4ed7,0,0,0.8093776702880859,
1,flux2-1024-ffn-down,int8,4.94266667,True,0,0.00381013293,21.4304199,975b36872b5456a7bfe57973b2e476c3c9d54179ab1fde576c0cdb0cdb6b4ed7,0,0,0.8178808689117432,
1,flux2-1024-ffn-down,previous_fp32,7.88283334,True,0,0.000216175738,1.99511719,63269f6bf74f8992feeb1924c5c36c6c079bac8437bc9947c410eaa90dea88e3,0,0,0.765017032623291,
1,flux2-1024-ffn-down,fp32,7.884875,True,0,0.000216175738,1.99511719,63269f6bf74f8992feeb1924c5c36c6c079bac8437bc9947c410eaa90dea88e3,0,0,0.7631328105926514,
1,flux2-1024-ffn-down,previous_fp16,7.88199999,True,0,0.000216175738,1.99511719,63269f6bf74f8992feeb1924c5c36c6c079bac8437bc9947c410eaa90dea88e3,0,0,0.761929988861084,
1,flux2-1024-ffn-down,fp16,7.881125,True,0,0.000216175738,1.99511719,63269f6bf74f8992feeb1924c5c36c6c079bac8437bc9947c410eaa90dea88e3,0,0,0.7644400596618652,
1,flux2-1024-ffn-up,mlx,7.36129,True,0,0.000198688,0.468994,,,,0.9607841968536377,
1,flux2-1024-ffn-up,previous_int8,4.00720832,True,0,0.00364077879,7.28466797,05156ddf993d3da93b3c247fbd01283b1b15a923243d3407ac5995e0cdc4c157,0,0,0.8290367126464844,
1,flux2-1024-ffn-up,int8,4.007,True,0,0.00364077879,7.28466797,05156ddf993d3da93b3c247fbd01283b1b15a923243d3407ac5995e0cdc4c157,0,0,0.8321270942687988,
1,flux2-1024-ffn-up,previous_fp32,7.3685,True,0,0.000188121176,0.481201172,89f395046a74f9da18bb6f7a0fb8a5cb142d4c259d1a4d933c72cbed459f216c,0,0,0.7633600234985352,
1,flux2-1024-ffn-up,fp32,7.366625,True,0,0.000188121176,0.481201172,89f395046a74f9da18bb6f7a0fb8a5cb142d4c259d1a4d933c72cbed459f216c,0,0,0.7649290561676025,
1,flux2-1024-ffn-up,previous_fp16,7.36975,True,0,0.000188121176,0.481201172,89f395046a74f9da18bb6f7a0fb8a5cb142d4c259d1a4d933c72cbed459f216c,0,0,0.7664260864257812,
1,flux2-1024-ffn-up,fp16,7.41441666,True,0,0.000188121176,0.481201172,89f395046a74f9da18bb6f7a0fb8a5cb142d4c259d1a4d933c72cbed459f216c,0,0,0.7675390243530273,
1,flux2-1024-projection,mlx,2.48638,True,0,0.000141905,0.238525,,,,0.7450449466705322,
1,flux2-1024-projection,previous_int8,1.40275,True,0,0.00409229449,7.93041992,2aa5c155c8edf00b9255eeb698377b0534c9d519e738869ca12e5149b7316e32,0,0,0.7250010967254639,
1,flux2-1024-projection,int8,1.40037501,True,0,0.00409229449,7.93041992,2aa5c155c8edf00b9255eeb698377b0534c9d519e738869ca12e5149b7316e32,0,0,0.7228748798370361,
1,flux2-1024-projection,previous_fp32,2.501375,True,0,0.000195386382,0.481201172,9d7bf175a8f531a3120b467b885137f2914ac57efea1fa94cd11c054b359cc3b,0,0,0.6706438064575195,
1,flux2-1024-projection,fp32,2.53395834,True,0,0.000195386382,0.481201172,9d7bf175a8f531a3120b467b885137f2914ac57efea1fa94cd11c054b359cc3b,0,0,0.6659903526306152,
1,flux2-1024-projection,previous_fp16,2.49283333,True,0,0.000195386382,0.481201172,9d7bf175a8f531a3120b467b885137f2914ac57efea1fa94cd11c054b359cc3b,0,0,0.6691110134124756,
1,flux2-1024-projection,fp16,2.48566667,True,0,0.000195386382,0.481201172,9d7bf175a8f531a3120b467b885137f2914ac57efea1fa94cd11c054b359cc3b,0,0,0.6681220531463623,
1,flux2-1024-attention,mlx,4.95375,True,0,,3.1629e-05,,,,0.653292179107666,
1,flux2-1024-attention,previous_int8,3.29179167,True,0,0.00394407207,0.000246568973,60b148aa1e84988893a690852bbd1ee14f75f48aac888730cf6fe49aa085ea80,0,0,0.6897411346435547,
1,flux2-1024-attention,int8,3.28812499,True,0,0.00394407207,0.000246568973,60b148aa1e84988893a690852bbd1ee14f75f48aac888730cf6fe49aa085ea80,0,0,0.6996960639953613,
1,flux2-1024-attention,previous_fp16,4.92950001,True,0,0.000498575182,3.16277986e-05,a601942f19f86e37a3a094957978d6029e79b57ff4ef538dc4a1bb59863d56e1,0,0,0.6822531223297119,
1,flux2-1024-attention,fp16,4.92379165,True,0,0.000498575182,3.16277986e-05,a601942f19f86e37a3a094957978d6029e79b57ff4ef538dc4a1bb59863d56e1,0,0,0.6826822757720947,
1,flux2-768-ffn-down,mlx,4.488,True,0,0.000103603,0.419922,,,,0.7800540924072266,
1,flux2-768-ffn-down,previous_int8,2.94829167,True,0,0.0040378573,23.8161621,e65f2223d724c1367ca59de98df91c9c9d42f965004053d791185eba6d51f6df,0,0,0.7878849506378174,
1,flux2-768-ffn-down,int8,2.90183333,True,0,0.0040378573,23.8161621,e65f2223d724c1367ca59de98df91c9c9d42f965004053d791185eba6d51f6df,0,0,0.7864410877227783,
1,flux2-768-ffn-down,previous_fp32,4.47975,True,0,0.000211697345,1.74780273,b8c8cfb67b41a6762c1ee89a8829f45b73c1bf387fcf3a64b13e9425ca95c1b3,0,0,0.7239820957183838,
1,flux2-768-ffn-down,fp32,4.47808333,True,0,0.000211697345,1.74780273,b8c8cfb67b41a6762c1ee89a8829f45b73c1bf387fcf3a64b13e9425ca95c1b3,0,0,0.7192671298980713,
1,flux2-768-ffn-down,previous_fp16,4.47658334,True,0,0.000211697345,1.74780273,b8c8cfb67b41a6762c1ee89a8829f45b73c1bf387fcf3a64b13e9425ca95c1b3,0,0,0.7224469184875488,
1,flux2-768-ffn-down,fp16,4.471375,True,0,0.000211697345,1.74780273,b8c8cfb67b41a6762c1ee89a8829f45b73c1bf387fcf3a64b13e9425ca95c1b3,0,0,0.7241621017456055,
1,flux2-768-ffn-up,mlx,4.39642,True,0,0.000192243,0.468994,,,,0.8365271091461182,
1,flux2-768-ffn-up,previous_int8,2.32770834,True,0,0.00413996711,7.97119141,d954d548a1ddb05cc4ba0a419e2c345b88a4900b1eebc5eea3f8ebce83d8260b,0,0,0.8098578453063965,
1,flux2-768-ffn-up,int8,2.32841667,True,0,0.00413996711,7.97119141,d954d548a1ddb05cc4ba0a419e2c345b88a4900b1eebc5eea3f8ebce83d8260b,0,0,0.7996599674224854,
1,flux2-768-ffn-up,previous_fp32,4.364625,True,0,0.000191334122,0.495361328,bd20bb4a5851fa7c636742b2de59f298c91b8068b25b23700cbcc46d2e6facff,0,0,0.7271549701690674,
1,flux2-768-ffn-up,fp32,4.35604167,True,0,0.000191334122,0.495361328,bd20bb4a5851fa7c636742b2de59f298c91b8068b25b23700cbcc46d2e6facff,0,0,0.7244579792022705,
1,flux2-768-ffn-up,previous_fp16,4.35412501,True,0,0.000191334122,0.495361328,bd20bb4a5851fa7c636742b2de59f298c91b8068b25b23700cbcc46d2e6facff,0,0,0.7278850078582764,
1,flux2-768-ffn-up,fp16,4.36075,True,0,0.000191334122,0.495361328,bd20bb4a5851fa7c636742b2de59f298c91b8068b25b23700cbcc46d2e6facff,0,0,0.7169070243835449,
1,flux2-768-projection,mlx,1.54196,True,0,0.000196743,0.420898,,,,0.7179090976715088,
1,flux2-768-projection,previous_int8,0.788041667,True,0,0.00378372491,7.10400391,9b015731c81ab647bd0d81b9ecbbbb951ee24818a89e5f1bf601e3076a105e5a,0,0,0.7649800777435303,
1,flux2-768-projection,int8,0.785958327,True,0,0.00378372491,7.10400391,9b015731c81ab647bd0d81b9ecbbbb951ee24818a89e5f1bf601e3076a105e5a,0,0,0.769773006439209,
1,flux2-768-projection,previous_fp32,1.54524999,True,0,0.000177311582,0.489501953,0e1da4efd5a136908151485d3a00956a9402d58c97c200b2d7b27046b20936e0,0,0,0.6746838092803955,
1,flux2-768-projection,fp32,1.542875,True,0,0.000177311582,0.489501953,0e1da4efd5a136908151485d3a00956a9402d58c97c200b2d7b27046b20936e0,0,0,0.6703701019287109,
1,flux2-768-projection,previous_fp16,1.54112499,True,0,0.000177311582,0.489501953,0e1da4efd5a136908151485d3a00956a9402d58c97c200b2d7b27046b20936e0,0,0,0.6729211807250977,
1,flux2-768-projection,fp16,1.5465,True,0,0.000177311582,0.489501953,0e1da4efd5a136908151485d3a00956a9402d58c97c200b2d7b27046b20936e0,0,0,0.6725409030914307,
1,flux2-768-attention,mlx,1.95062,True,0,,3.34362e-05,,,,0.6478009223937988,
1,flux2-768-attention,previous_int8,1.355375,True,0,0.0046297043,0.000323807141,f9146028439e2d018656f30a93a1077da11d147be1f814dca37d17f4e7373bef,0,0,0.6907029151916504,
1,flux2-768-attention,int8,1.354625,True,0,0.0046297043,0.000323807141,f9146028439e2d018656f30a93a1077da11d147be1f814dca37d17f4e7373bef,0,0,0.6937501430511475,
1,flux2-768-attention,previous_fp16,1.89870833,True,0,0.000495248576,3.34362527e-05,f9b4806f2aa7be495ba1cd3154e401742462a8d2d708efd4e447c0d89c0a1b92,0,0,0.6647570133209229,
1,flux2-768-attention,fp16,1.90041667,True,0,0.000495248576,3.34362527e-05,f9b4806f2aa7be495ba1cd3154e401742462a8d2d708efd4e447c0d89c0a1b92,0,0,0.6623690128326416,
1,flux2-512-ffn-down,mlx,2.07487,True,0,0.000187393,0.884521,,,,0.7445640563964844,
1,flux2-512-ffn-down,previous_int8,1.724125,True,0,0.00365982264,21.4660645,df216a9941d33e51abffece943c01797b4986552d0bd98f461b35e90564b89de,0,0,0.7781052589416504,
1,flux2-512-ffn-down,int8,1.69666667,True,0,0.00365982264,21.4660645,df216a9941d33e51abffece943c01797b4986552d0bd98f461b35e90564b89de,0,0,0.7819509506225586,
1,flux2-512-ffn-down,previous_fp32,2.06695833,True,0,0.000207077086,1.85571289,0157b1a75b78d6015673170c1dd99f4ed1e647655eb2a813d3248142296b98d8,0,0,0.7089190483093262,
1,flux2-512-ffn-down,fp32,2.071125,True,0,0.000207077086,1.85571289,0157b1a75b78d6015673170c1dd99f4ed1e647655eb2a813d3248142296b98d8,0,0,0.7080690860748291,
1,flux2-512-ffn-down,previous_fp16,2.09279166,True,0,0.000324772702,2.56030273,0baca66e887fd3701b0298ae7b0ec31923baf7f7e64f6e39054b85774b04b82e,0,0,0.7131330966949463,
1,flux2-512-ffn-down,fp16,2.05891667,True,0,0.000324772702,2.56030273,0baca66e887fd3701b0298ae7b0ec31923baf7f7e64f6e39054b85774b04b82e,0,0,0.7024838924407959,
1,flux2-512-ffn-up,mlx,1.87375,True,0,0.000234935,0.468994,,,,0.7777020931243896,
1,flux2-512-ffn-up,previous_int8,1.18420833,True,0,0.00399633827,7.16015625,6c7f7662fe416a1975b2001585c6aacbb29caa6ae39804fa7169e59c0f15cffa,0,0,0.8111240863800049,
1,flux2-512-ffn-up,int8,1.17187499,True,0,0.00399633827,7.16015625,6c7f7662fe416a1975b2001585c6aacbb29caa6ae39804fa7169e59c0f15cffa,0,0,0.8123009204864502,
1,flux2-512-ffn-up,previous_fp32,1.87620833,True,0,0.000144557645,0.418945312,c5b383e39aed62162e878b0ec716fd022fd3e5eadf23317905b8b5c0d4e44d32,0,0,0.7050387859344482,
1,flux2-512-ffn-up,fp32,1.87654166,True,0,0.000144557645,0.418945312,c5b383e39aed62162e878b0ec716fd022fd3e5eadf23317905b8b5c0d4e44d32,0,0,0.7057058811187744,
1,flux2-512-ffn-up,previous_fp16,2.13604167,True,0,0.0003133023,1.01513672,7fb38ec95319cdac8956beb5e78a8e7b2c0ca2bf653ed28c9450a03363376ee0,0,0,0.7093641757965088,
1,flux2-512-ffn-up,fp16,2.14275,True,0,0.0003133023,1.01513672,7fb38ec95319cdac8956beb5e78a8e7b2c0ca2bf653ed28c9450a03363376ee0,0,0,0.7022500038146973,
1,flux2-512-projection,mlx,0.673875,True,0,0.000127584,0.22583,,,,0.769995927810669,
1,flux2-512-projection,previous_int8,0.377250006,True,0,0.00401009124,7.93041992,dc907edd95cddd442d9c8dd9f88ad1c83cb59a113dbddf8b07e0a12975a062e1,0,0,0.831820011138916,
1,flux2-512-projection,int8,0.380625002,True,0,0.00401009124,7.93041992,dc907edd95cddd442d9c8dd9f88ad1c83cb59a113dbddf8b07e0a12975a062e1,0,0,0.8391079902648926,
1,flux2-512-projection,previous_fp32,0.687416657,True,0,0.000174565929,0.428710938,edc50da215b59ed8b32a795f7d6e5e559e86a4dfd13f60746439e228ef3be038,0,0,0.7437469959259033,
1,flux2-512-projection,fp32,0.686625004,True,0,0.000174565929,0.428710938,edc50da215b59ed8b32a795f7d6e5e559e86a4dfd13f60746439e228ef3be038,0,0,0.7357890605926514,
1,flux2-512-projection,previous_fp16,0.648375004,True,0,0.000364312195,0.936035156,8757d1c41f460feb0766e72df15b0624700e56a31d0d42a2d61d579019b1b517,0,0,0.7514193058013916,
1,flux2-512-projection,fp16,0.649000009,True,0,0.000364312195,0.936035156,8757d1c41f460feb0766e72df15b0624700e56a31d0d42a2d61d579019b1b517,0,0,0.751533031463623,
1,flux2-512-attention,mlx,0.632042,True,0,,1.93546e-05,,,,0.7282090187072754,
1,flux2-512-attention,previous_int8,0.470750005,True,0,0.00447360451,0.000282483287,eaa1b0582cce1edf7d5643c994635fa45a2f4be5c1352c57698c8623bdfbff66,0,0,0.8189289569854736,
1,flux2-512-attention,int8,0.471374995,True,0,0.00447360451,0.000282483287,eaa1b0582cce1edf7d5643c994635fa45a2f4be5c1352c57698c8623bdfbff66,0,0,0.8208158016204834,
1,flux2-512-attention,previous_fp16,0.617375001,True,0,0.000354577635,2.54842939e-05,ea48ea50442871550e9fde956c45dfe7906a695e95566af40b319ece2a00b7b2,0,0,0.7532601356506348,
1,flux2-512-attention,fp16,0.612749995,True,0,0.000354577635,2.54842939e-05,ea48ea50442871550e9fde956c45dfe7906a695e95566af40b319ece2a00b7b2,0,0,0.7500438690185547,
