repeat,id,variant,median_ms,ok,exit_code,cpu_l2,cpu_max_abs,output_sha256,cast_fused,attention_fp16_fallback,seconds,error
0,local-qwen35-4b-m1-q,fp16,0.0240000081,True,0,0.000254593742,0.263427734,d833d540d969d0466d7b72baaca5fddf00fcb432efe5bb65d9e7bc7d5e279bf5,0,0,3.9080379009246826,
0,local-qwen35-4b-m1-q,previous_fp16,0.0239999936,True,0,0.000254593742,0.263427734,d833d540d969d0466d7b72baaca5fddf00fcb432efe5bb65d9e7bc7d5e279bf5,0,0,3.890666961669922,
0,local-qwen35-4b-m1-q,fp32,0.019083338,True,0,0.000238981609,0.236572266,a5a8cf1e3ca9e8f7289e38c08a65bfd791774dc20b0a4cc2c0c844fe04e47c75,0,0,4.723036050796509,
0,local-qwen35-4b-m1-q,previous_fp32,0.0191250001,True,0,0.000238981609,0.236572266,a5a8cf1e3ca9e8f7289e38c08a65bfd791774dc20b0a4cc2c0c844fe04e47c75,0,0,4.694019079208374,
0,local-qwen35-4b-m1-q,int8,0.0101250043,True,0,0.00194993561,1.54858398,f3e31ca98abfcfd566b607c78fea6810889b777b6a830f0cad2112106586eee3,0,0,8.161701917648315,
0,local-qwen35-4b-m1-q,previous_int8,0.0101249898,True,0,0.00194993561,1.54858398,f3e31ca98abfcfd566b607c78fea6810889b777b6a830f0cad2112106586eee3,0,0,8.038999795913696,
0,local-qwen35-4b-m1-q,mlx,0.01275,True,0,8.08281e-05,0.0424805,,,,6.515053749084473,
0,local-qwen35-4b-m1-kv,fp16,0.015749989,True,0,0.000263048611,0.263427734,1b13aa5bf3333fbcf2e41e9d1bd8ca507c3b8299e0fac82309d4d51dcf0124d8,0,0,5.48481011390686,
0,local-qwen35-4b-m1-kv,previous_fp16,0.0157916656,True,0,0.000263048611,0.263427734,1b13aa5bf3333fbcf2e41e9d1bd8ca507c3b8299e0fac82309d4d51dcf0124d8,0,0,5.369217157363892,
0,local-qwen35-4b-m1-kv,fp32,0.0112499984,True,0,0.000241567583,0.236572266,e9e4fa2332996314a3c2682e0d5a92b39f6d4ebfe8e72a42d7d2ec0cae8ec4c8,0,0,7.287842035293579,
0,local-qwen35-4b-m1-kv,previous_fp32,0.0112499984,True,0,0.000241567583,0.236572266,e9e4fa2332996314a3c2682e0d5a92b39f6d4ebfe8e72a42d7d2ec0cae8ec4c8,0,0,7.250268936157227,
0,local-qwen35-4b-m1-kv,int8,0.00562499918,True,0,0.00205712442,1.54858398,897ac19626b08391e01d30661af5933369e9bdafa814be8890fc9e822826c4d0,0,0,13.360086917877197,
0,local-qwen35-4b-m1-kv,previous_int8,0.00575000013,True,0,0.00205712442,1.54858398,897ac19626b08391e01d30661af5933369e9bdafa814be8890fc9e822826c4d0,0,0,13.522872924804688,
0,local-qwen35-4b-m1-kv,mlx,0.00941666,True,0,4.1087e-05,0.0344238,,,,8.561389207839966,
0,local-qwen35-4b-m1-output,fp16,0.0207499979,True,0,0.000224208023,0.393554688,aef511b85318289f4e1a399b8e8f11c2b3cfbdd24e2c008d5dc740944862625e,0,0,4.427281856536865,
0,local-qwen35-4b-m1-output,previous_fp16,0.0209583377,True,0,0.000224208023,0.393554688,aef511b85318289f4e1a399b8e8f11c2b3cfbdd24e2c008d5dc740944862625e,0,0,4.316158056259155,
0,local-qwen35-4b-m1-output,fp32,0.018250008,True,0,0.000218464219,0.393554688,e56a2bec82ef27bb64821184489a4a52cfdb382ffda6ac52297b144ffc364332,0,0,4.849860668182373,
0,local-qwen35-4b-m1-output,previous_fp32,0.0180000061,True,0,0.000218464219,0.393554688,e56a2bec82ef27bb64821184489a4a52cfdb382ffda6ac52297b144ffc364332,0,0,4.837553024291992,
0,local-qwen35-4b-m1-output,int8,0.0100000034,True,0,0.00178946625,2.59716797,413e4e3da7f58e2ed4d4451bfdae2fcefeda4c056bdc83706250794dac263d4f,0,0,8.187835216522217,
0,local-qwen35-4b-m1-output,previous_int8,0.00991666457,True,0,0.00178946625,2.59716797,413e4e3da7f58e2ed4d4451bfdae2fcefeda4c056bdc83706250794dac263d4f,0,0,8.038912057876587,
0,local-qwen35-4b-m1-output,mlx,0.0139167,True,0,6.57284e-05,0.0646973,,,,6.099503993988037,
0,local-qwen35-4b-m2-q,fp16,0.0189999992,True,0,0.000183299101,0.132324219,b71d7fade787f04f66d756c9fb0297956a8e06808d9b19623315cc3ed1c9760d,0,0,4.750069856643677,
0,local-qwen35-4b-m2-q,previous_fp16,0.0189166603,True,0,0.000183299101,0.132324219,b71d7fade787f04f66d756c9fb0297956a8e06808d9b19623315cc3ed1c9760d,0,0,4.651627063751221,
0,local-qwen35-4b-m2-q,fp32,0.0199999922,True,0,0.000183299101,0.132324219,b71d7fade787f04f66d756c9fb0297956a8e06808d9b19623315cc3ed1c9760d,0,0,4.635589838027954,
0,local-qwen35-4b-m2-q,previous_fp32,0.0191666622,True,0,0.000183299101,0.132324219,b71d7fade787f04f66d756c9fb0297956a8e06808d9b19623315cc3ed1c9760d,0,0,4.681765794754028,
0,local-qwen35-4b-m2-q,int8,0.0104583451,True,0,0.00196992567,1.54858398,3c18e12582f52a8bd3047d94578f23aec701303ee130a7c4b842fd44da03e991,0,0,8.046679019927979,
0,local-qwen35-4b-m2-q,previous_int8,0.0104999926,True,0,0.00196992567,1.54858398,3c18e12582f52a8bd3047d94578f23aec701303ee130a7c4b842fd44da03e991,0,0,8.017719030380249,
0,local-qwen35-4b-m2-q,mlx,0.0140417,True,0,0.000129219,0.0742188,,,,6.1259660720825195,
0,local-qwen35-4b-m2-kv,fp16,0.0114583381,True,0,0.000228737432,0.236572266,e8dfa6b9cb8ba468e5d3ad598ae297759ecd8589441d92473934edfcf3fa886e,0,0,7.272634744644165,
0,local-qwen35-4b-m2-kv,previous_fp16,0.0115000003,True,0,0.000228737432,0.236572266,e8dfa6b9cb8ba468e5d3ad598ae297759ecd8589441d92473934edfcf3fa886e,0,0,7.1785008907318115,
0,local-qwen35-4b-m2-kv,fp32,0.0114583236,True,0,0.000228737432,0.236572266,e8dfa6b9cb8ba468e5d3ad598ae297759ecd8589441d92473934edfcf3fa886e,0,0,7.198252201080322,
0,local-qwen35-4b-m2-kv,previous_fp32,0.0113749993,True,0,0.000228737432,0.236572266,e8dfa6b9cb8ba468e5d3ad598ae297759ecd8589441d92473934edfcf3fa886e,0,0,7.14702582359314,
0,local-qwen35-4b-m2-kv,int8,0.00600000203,True,0,0.00187012445,1.54858398,78a2e09bd786ac4fd54a5257fd3de95cc114389686331cb096674e37680cf5c2,0,0,12.99890685081482,
0,local-qwen35-4b-m2-kv,previous_int8,0.00612500298,True,0,0.00187012445,1.54858398,78a2e09bd786ac4fd54a5257fd3de95cc114389686331cb096674e37680cf5c2,0,0,13.081646919250488,
0,local-qwen35-4b-m2-kv,mlx,0.0075,True,0,0.000125838,0.0742188,,,,10.96486783027649,
0,local-qwen35-4b-m2-output,fp16,0.0180416682,True,0,0.00022052263,0.393554688,78f1bd461253fa96ddec3c82a89a1233f70bd3445ce5d738cb1d866e5db32b69,0,0,4.9420459270477295,
0,local-qwen35-4b-m2-output,previous_fp16,0.0182083313,True,0,0.00022052263,0.393554688,78f1bd461253fa96ddec3c82a89a1233f70bd3445ce5d738cb1d866e5db32b69,0,0,4.898289918899536,
0,local-qwen35-4b-m2-output,fp32,0.0182916701,True,0,0.00022052263,0.393554688,78f1bd461253fa96ddec3c82a89a1233f70bd3445ce5d738cb1d866e5db32b69,0,0,4.760040044784546,
0,local-qwen35-4b-m2-output,previous_fp32,0.0180416537,True,0,0.00022052263,0.393554688,78f1bd461253fa96ddec3c82a89a1233f70bd3445ce5d738cb1d866e5db32b69,0,0,4.742424249649048,
0,local-qwen35-4b-m2-output,int8,0.0104583305,True,0,0.00184264017,2.59716797,ffbecf7757294a7631ddd6260e37dee630b6d6f3294c97e7e35325d62fc09974,0,0,7.8789050579071045,
0,local-qwen35-4b-m2-output,previous_int8,0.0102500053,True,0,0.00184264017,2.59716797,ffbecf7757294a7631ddd6260e37dee630b6d6f3294c97e7e35325d62fc09974,0,0,7.783179998397827,
0,local-qwen35-4b-m2-output,mlx,0.0135417,True,0,0.000183004,0.223877,,,,6.356004238128662,
0,local-qwen35-4b-m8-q,fp16,0.0263333204,True,0,0.000216441854,0.278076172,2d13265398671bb9cabcaf1de619b4e186cb3550a6116ea6b7c456fc89d36219,0,0,3.750777006149292,
0,local-qwen35-4b-m8-q,previous_fp16,0.0264583359,True,0,0.000216441854,0.278076172,2d13265398671bb9cabcaf1de619b4e186cb3550a6116ea6b7c456fc89d36219,0,0,3.4861958026885986,
0,local-qwen35-4b-m8-q,fp32,0.0262499962,True,0,0.000216441854,0.278076172,2d13265398671bb9cabcaf1de619b4e186cb3550a6116ea6b7c456fc89d36219,0,0,3.7026259899139404,
0,local-qwen35-4b-m8-q,previous_fp32,0.0262083195,True,0,0.000216441854,0.278076172,2d13265398671bb9cabcaf1de619b4e186cb3550a6116ea6b7c456fc89d36219,0,0,3.707486867904663,
0,local-qwen35-4b-m8-q,int8,0.0242083333,True,0,0.00388245154,3.27099609,c9b97e377ce7270aba10f2d1609cbc6458b0ae8ba67289fe374ea8da046a4166,0,0,4.367455959320068,
0,local-qwen35-4b-m8-q,previous_int8,0.0242499955,True,0,0.00388245154,3.27099609,c9b97e377ce7270aba10f2d1609cbc6458b0ae8ba67289fe374ea8da046a4166,0,0,3.931083917617798,
0,local-qwen35-4b-m8-q,mlx,0.0234167,True,0,0.00017029,0.115479,,,,4.098856210708618,
0,local-qwen35-4b-m8-kv,fp16,0.019916668,True,0,0.000256968022,0.286376953,7000d1f9a06a5db037f361036549200e737633617355b1d50fc115ec1e3775a4,0,0,4.634427070617676,
0,local-qwen35-4b-m8-kv,previous_fp16,0.0200000068,True,0,0.000256968022,0.286376953,7000d1f9a06a5db037f361036549200e737633617355b1d50fc115ec1e3775a4,0,0,4.620845079421997,
0,local-qwen35-4b-m8-kv,fp32,0.0198749913,True,0,0.000256968022,0.286376953,7000d1f9a06a5db037f361036549200e737633617355b1d50fc115ec1e3775a4,0,0,4.555972099304199,
0,local-qwen35-4b-m8-kv,previous_fp32,0.019916668,True,0,0.000256968022,0.286376953,7000d1f9a06a5db037f361036549200e737633617355b1d50fc115ec1e3775a4,0,0,4.532106161117554,
0,local-qwen35-4b-m8-kv,int8,0.019375002,True,0,0.00318080748,2.72729492,6a9edc9a9fcaa9b30e5524f1421b7bf30b37e8c1776a8981005248c466c5121b,0,0,5.024572849273682,
0,local-qwen35-4b-m8-kv,previous_int8,0.019375002,True,0,0.00318080748,2.72729492,6a9edc9a9fcaa9b30e5524f1421b7bf30b37e8c1776a8981005248c466c5121b,0,0,4.6681599617004395,
0,local-qwen35-4b-m8-kv,mlx,0.0095,True,0,7.35932e-05,0.0595703,,,,8.77262806892395,
0,local-qwen35-4b-m8-output,fp16,0.0277916697,True,0,0.00030825271,0.521484375,eaed9ca38a333d632892ac6b4de29f1288f1ceaf235d8437e55e62f5203c3122,0,0,3.5613532066345215,
0,local-qwen35-4b-m8-output,previous_fp16,0.0276250066,True,0,0.00030825271,0.521484375,eaed9ca38a333d632892ac6b4de29f1288f1ceaf235d8437e55e62f5203c3122,0,0,3.5639731884002686,
0,local-qwen35-4b-m8-output,fp32,0.0275000057,True,0,0.00030825271,0.521484375,eaed9ca38a333d632892ac6b4de29f1288f1ceaf235d8437e55e62f5203c3122,0,0,3.5658059120178223,
0,local-qwen35-4b-m8-output,previous_fp32,0.0278333318,True,0,0.00030825271,0.521484375,eaed9ca38a333d632892ac6b4de29f1288f1ceaf235d8437e55e62f5203c3122,0,0,3.568044662475586,
0,local-qwen35-4b-m8-output,int8,0.0226249977,True,0,0.00415655181,5.31933594,dab888f3fdf92e36ff5715a7620be4ae416bb4473cda601610722d84f2cae598,0,0,4.504190921783447,
0,local-qwen35-4b-m8-output,previous_int8,0.0224999967,True,0,0.00415655181,5.31933594,dab888f3fdf92e36ff5715a7620be4ae416bb4473cda601610722d84f2cae598,0,0,4.262647867202759,
0,local-qwen35-4b-m8-output,mlx,0.02075,True,0,0.000168162,0.19458,,,,4.510303020477295,
0,local-qwen35-4b-m32-q,fp16,0.0651250011,True,0,0.000242846876,0.361083984,02d0dd6aa893e25fa703e39b292ad7e7a93fee9a798450d10e9baca9ad8180b1,0,0,1.8289909362792969,
0,local-qwen35-4b-m32-q,previous_fp16,0.0647499983,True,0,0.000242846876,0.361083984,02d0dd6aa893e25fa703e39b292ad7e7a93fee9a798450d10e9baca9ad8180b1,0,0,1.8250789642333984,
0,local-qwen35-4b-m32-q,fp32,0.0646249973,True,0,0.000242846876,0.361083984,02d0dd6aa893e25fa703e39b292ad7e7a93fee9a798450d10e9baca9ad8180b1,0,0,1.817309856414795,
0,local-qwen35-4b-m32-q,previous_fp32,0.065500004,True,0,0.000242846876,0.361083984,02d0dd6aa893e25fa703e39b292ad7e7a93fee9a798450d10e9baca9ad8180b1,0,0,1.817044973373413,
0,local-qwen35-4b-m32-q,int8,0.044041677,True,0,0.0035319275,3.03515625,4a6d8f4913e9da62962730ad763dcd4537d93dbf404c4e695506a6d6e2864587,0,0,2.3503260612487793,
0,local-qwen35-4b-m32-q,previous_int8,0.0437499984,True,0,0.0035319275,3.03515625,4a6d8f4913e9da62962730ad763dcd4537d93dbf404c4e695506a6d6e2864587,0,0,2.368873119354248,
0,local-qwen35-4b-m32-q,mlx,0.04625,True,0,0.000124565,0.0744629,,,,2.2961831092834473,
0,local-qwen35-4b-m32-kv,fp16,0.0251666643,True,0,0.000254273504,0.286376953,bad1f9e89860a35ccf179a9c41b8e3cccae5a0d9bfaeb43a390e690223113b4e,0,0,3.8044559955596924,
0,local-qwen35-4b-m32-kv,previous_fp16,0.0250416633,True,0,0.000254273504,0.286376953,bad1f9e89860a35ccf179a9c41b8e3cccae5a0d9bfaeb43a390e690223113b4e,0,0,3.8384082317352295,
0,local-qwen35-4b-m32-kv,fp32,0.0251250021,True,0,0.000254273504,0.286376953,bad1f9e89860a35ccf179a9c41b8e3cccae5a0d9bfaeb43a390e690223113b4e,0,0,3.8378889560699463,
0,local-qwen35-4b-m32-kv,previous_fp32,0.0255833438,True,0,0.000254273504,0.286376953,bad1f9e89860a35ccf179a9c41b8e3cccae5a0d9bfaeb43a390e690223113b4e,0,0,3.80947208404541,
0,local-qwen35-4b-m32-kv,int8,0.0435416587,True,0,0.00386443704,3.03515625,585a59bd74170b8b8db746d6da18663ab38c84df3270fb4dae7ccbbd2fc48daa,0,0,2.333765983581543,
0,local-qwen35-4b-m32-kv,previous_int8,0.0436249975,True,0,0.00386443704,3.03515625,585a59bd74170b8b8db746d6da18663ab38c84df3270fb4dae7ccbbd2fc48daa,0,0,2.3370559215545654,
0,local-qwen35-4b-m32-kv,mlx,0.0399167,True,0,0.000249899,0.233398,,,,2.5178298950195312,
0,local-qwen35-4b-m32-output,fp16,0.0641666702,True,0,0.000260215888,0.543701172,56c14d5a023d7d2bd13a2318d0b7e33fe2e4485acf24615c147ae35021fa3a38,0,0,1.833390712738037,
0,local-qwen35-4b-m32-output,previous_fp16,0.0642916712,True,0,0.000260215888,0.543701172,56c14d5a023d7d2bd13a2318d0b7e33fe2e4485acf24615c147ae35021fa3a38,0,0,1.8353726863861084,
0,local-qwen35-4b-m32-output,fp32,0.0642083323,True,0,0.000260215888,0.543701172,56c14d5a023d7d2bd13a2318d0b7e33fe2e4485acf24615c147ae35021fa3a38,0,0,1.8226039409637451,
0,local-qwen35-4b-m32-output,previous_fp32,0.0640000071,True,0,0.000260215888,0.543701172,56c14d5a023d7d2bd13a2318d0b7e33fe2e4485acf24615c147ae35021fa3a38,0,0,1.8163459300994873,
0,local-qwen35-4b-m32-output,int8,0.0598749903,True,0,0.00400115112,5.28613281,31ae948da3a779db4c886e6368c56224dc898a1381811897f6a0b662a7c3511a,0,0,1.8834962844848633,
0,local-qwen35-4b-m32-output,previous_int8,0.0597083417,True,0,0.00400115112,5.28613281,31ae948da3a779db4c886e6368c56224dc898a1381811897f6a0b662a7c3511a,0,0,1.9309380054473877,
0,local-qwen35-4b-m32-output,mlx,0.069375,True,0,0.00013838,0.199707,,,,1.7548842430114746,
0,local-qwen35-4b-m128-q,fp16,0.0620833307,True,0,0.000362636585,0.401855469,985ebf1b91698918b7bacd6527931558ab5f0a61d3236fbeb1ecf77c6e187dc8,0,0,2.023499011993408,
0,local-qwen35-4b-m128-q,previous_fp16,0.0626250112,True,0,0.000362636585,0.401855469,985ebf1b91698918b7bacd6527931558ab5f0a61d3236fbeb1ecf77c6e187dc8,0,0,1.8844108581542969,
0,local-qwen35-4b-m128-q,fp32,0.0972499984,True,0,0.000233255437,0.246582031,608411ee6027fe483265e00537b7c5037f64dce302580739a78d9302ad05c7b9,0,0,1.8051860332489014,
0,local-qwen35-4b-m128-q,previous_fp32,0.096708347,True,0,0.000233255437,0.246582031,608411ee6027fe483265e00537b7c5037f64dce302580739a78d9302ad05c7b9,0,0,1.4076809883117676,
0,local-qwen35-4b-m128-q,int8,0.0426250044,True,0,0.00407826339,3.28881836,c6d2084ed09d1bb8d5cfff4b1d18e395455d1e4bc48ff64dfcf2797c7abea94f,0,0,2.40498685836792,
0,local-qwen35-4b-m128-q,previous_int8,0.0427500054,True,0,0.00407826339,3.28881836,c6d2084ed09d1bb8d5cfff4b1d18e395455d1e4bc48ff64dfcf2797c7abea94f,0,0,2.3762147426605225,
0,local-qwen35-4b-m128-q,mlx,0.0618333,True,0,0.000104536,0.0720215,,,,1.8939588069915771,
0,local-qwen35-4b-m128-kv,fp16,0.0604583329,True,0,0.000307727878,0.368652344,51c5ceefd86921cd000114370c4bc2eea5dbf53dcfea3a072511aff2880eb992,0,0,2.0761241912841797,
0,local-qwen35-4b-m128-kv,previous_fp16,0.0607499969,True,0,0.000307727878,0.368652344,51c5ceefd86921cd000114370c4bc2eea5dbf53dcfea3a072511aff2880eb992,0,0,1.895176887512207,
0,local-qwen35-4b-m128-kv,fp32,0.0965416693,True,0,0.000244396353,0.235839844,c801b278185c1303a23aa266b68c6a445da2be645617f088494513c6458c4812,0,0,1.8003709316253662,
0,local-qwen35-4b-m128-kv,previous_fp32,0.0962916529,True,0,0.000244396353,0.235839844,c801b278185c1303a23aa266b68c6a445da2be645617f088494513c6458c4812,0,0,1.408724069595337,
0,local-qwen35-4b-m128-kv,int8,0.0414583337,True,0,0.00349659248,3.28881836,1159ebcf881d4da4628f5e01d0c4e42484d79222591b03179ddb1b11beb0f035,0,0,2.453883171081543,
0,local-qwen35-4b-m128-kv,previous_int8,0.041249994,True,0,0.00349659248,3.28881836,1159ebcf881d4da4628f5e01d0c4e42484d79222591b03179ddb1b11beb0f035,0,0,2.487100124359131,
0,local-qwen35-4b-m128-kv,mlx,0.04225,True,0,5.36171e-05,0.0505371,,,,2.4729130268096924,
0,local-qwen35-4b-m128-output,fp16,0.0589999981,True,0,0.000346043153,0.681884766,82b230f5861d356b86e90a9167da2c3ec96a0fe56e944a7b104e49001098225b,0,0,2.127919912338257,
0,local-qwen35-4b-m128-output,previous_fp16,0.0587083341,True,0,0.000346043153,0.681884766,82b230f5861d356b86e90a9167da2c3ec96a0fe56e944a7b104e49001098225b,0,0,1.9368751049041748,
0,local-qwen35-4b-m128-output,fp32,0.0842500012,True,0,0.000304772436,0.681884766,a37a4ca54617cba10e56e96a8e1dc520fc9755c5571c617a1675629e68788dec,0,0,2.188746929168701,
0,local-qwen35-4b-m128-output,previous_fp32,0.0845000031,True,0,0.000304772436,0.681884766,a37a4ca54617cba10e56e96a8e1dc520fc9755c5571c617a1675629e68788dec,0,0,1.568897008895874,
0,local-qwen35-4b-m128-output,int8,0.0599583291,True,0,0.00384877259,5.31396484,46338fd253f88c330124d6782ce9527ab76cd9ece270edc6c4f09c78004fbd79,0,0,1.9095878601074219,
0,local-qwen35-4b-m128-output,previous_int8,0.0599583291,True,0,0.00384877259,5.31396484,46338fd253f88c330124d6782ce9527ab76cd9ece270edc6c4f09c78004fbd79,0,0,1.9106669425964355,
0,local-qwen35-4b-m128-output,mlx,0.0947917,True,0,0.000174228,0.233643,,,,1.43699312210083,
0,local-qwen35-4b-m512-q,fp16,0.108833337,True,0,0.000336483641,0.367675781,bed3beed9abaf3ae8943d61abbc25bcd2f238e6e1a847e21b23a3a0384e2b415,0,0,1.2912039756774902,
0,local-qwen35-4b-m512-q,previous_fp16,0.108791661,True,0,0.000336483641,0.367675781,bed3beed9abaf3ae8943d61abbc25bcd2f238e6e1a847e21b23a3a0384e2b415,0,0,1.2910821437835693,
0,local-qwen35-4b-m512-q,fp32,0.113250004,True,0,0.0002024945,0.235839844,3034660f93f41edaf08e9606c42a0e6c2c089c45e100538fc64900256e7132a5,0,0,1.257246971130371,
0,local-qwen35-4b-m512-q,previous_fp32,0.113250004,True,0,0.0002024945,0.235839844,3034660f93f41edaf08e9606c42a0e6c2c089c45e100538fc64900256e7132a5,0,0,1.2547359466552734,
0,local-qwen35-4b-m512-q,int8,0.0644583342,True,0,0.00416945765,3.27539062,16676bfa6bb5bf17d3cc70029bd4e34cea3d930848f97b74e53122e9b1022063,0,0,1.8491251468658447,
0,local-qwen35-4b-m512-q,previous_int8,0.0638750062,True,0,0.00416945765,3.27539062,16676bfa6bb5bf17d3cc70029bd4e34cea3d930848f97b74e53122e9b1022063,0,0,1.8419280052185059,
0,local-qwen35-4b-m512-q,mlx,0.112375,True,0,0.000139374,0.10791,,,,1.2503888607025146,
0,local-qwen35-4b-m512-kv,fp16,0.0617916667,True,0,0.000335937891,0.401855469,238929dba8d0c90502dabb5513ca2c78911bb61febb2307b28d395446d07c039,0,0,1.8957240581512451,
0,local-qwen35-4b-m512-kv,previous_fp16,0.0612500007,True,0,0.000335937891,0.401855469,238929dba8d0c90502dabb5513ca2c78911bb61febb2307b28d395446d07c039,0,0,1.8913090229034424,
0,local-qwen35-4b-m512-kv,fp32,0.0945416687,True,0,0.000216680728,0.235839844,413e9142db104d950902b19ca8ecf4a3313127389fdbce55d4967d301c751520,0,0,1.4301199913024902,
0,local-qwen35-4b-m512-kv,previous_fp32,0.0949166715,True,0,0.000216680728,0.235839844,413e9142db104d950902b19ca8ecf4a3313127389fdbce55d4967d301c751520,0,0,1.4319801330566406,
0,local-qwen35-4b-m512-kv,int8,0.0419999997,True,0,0.0037990113,3.0090332,168bb936a29e928d4bdbc13ed4ca7634323b9b066d0feeb3d34d04bb62f643d6,0,0,2.429589033126831,
0,local-qwen35-4b-m512-kv,previous_int8,0.0419999997,True,0,0.0037990113,3.0090332,168bb936a29e928d4bdbc13ed4ca7634323b9b066d0feeb3d34d04bb62f643d6,0,0,2.4273500442504883,
0,local-qwen35-4b-m512-kv,mlx,0.0455,True,0,0.000129089,0.10791,,,,2.3574090003967285,
0,local-qwen35-4b-m512-output,fp16,0.139750002,True,0,0.000335517534,0.598632812,eeff059adc85bdf1e9d6d7016500aaf9089e756e85212c4d3d8b2bd46d9b77f1,0,0,1.088472843170166,
0,local-qwen35-4b-m512-output,previous_fp16,0.139750002,True,0,0.000335517534,0.598632812,eeff059adc85bdf1e9d6d7016500aaf9089e756e85212c4d3d8b2bd46d9b77f1,0,0,1.0939297676086426,
0,local-qwen35-4b-m512-output,fp32,0.0921666651,True,0,0.000216553809,0.419189453,5251e5e8de731acaaab7e9fe68250e781ffa6dc7a94b1ee22580cea91ee8e609,0,0,1.457503080368042,
0,local-qwen35-4b-m512-output,previous_fp32,0.0921249884,True,0,0.000216553809,0.419189453,5251e5e8de731acaaab7e9fe68250e781ffa6dc7a94b1ee22580cea91ee8e609,0,0,1.458322286605835,
0,local-qwen35-4b-m512-output,int8,0.0805000018,True,0,0.00380323836,4.83154297,79218036d4a77f0a17b68591a380ab662d1a9924143d1363d16218afcd7df824,0,0,1.6197609901428223,
0,local-qwen35-4b-m512-output,previous_int8,0.0807500037,True,0,0.00380323836,4.83154297,79218036d4a77f0a17b68591a380ab662d1a9924143d1363d16218afcd7df824,0,0,1.6239190101623535,
0,local-qwen35-4b-m512-output,mlx,0.0915833,True,0,0.000124973,0.12207,,,,1.4713199138641357,
0,local-qwen35-4b-m1024-q,fp16,0.193708329,True,0,0.000357700836,0.418212891,c72112c49585df57e9679e8666075edec7acbf5cc3dd7c666086886429115fff,0,0,0.9700610637664795,
0,local-qwen35-4b-m1024-q,previous_fp16,0.194958338,True,0,0.000357700836,0.418212891,c72112c49585df57e9679e8666075edec7acbf5cc3dd7c666086886429115fff,0,0,0.9660649299621582,
0,local-qwen35-4b-m1024-q,fp32,0.201625007,True,0,0.000187922408,0.221923828,75fe92bd8455958a658537701cc1c207a55e1ac53df383a3071d1f3609a3d105,0,0,0.9481360912322998,
0,local-qwen35-4b-m1024-q,previous_fp32,0.203625008,True,0,0.000187922408,0.221923828,75fe92bd8455958a658537701cc1c207a55e1ac53df383a3071d1f3609a3d105,0,0,0.9425349235534668,
0,local-qwen35-4b-m1024-q,int8,0.11337499,True,0,0.00406943601,2.98608398,ed4b33ed9b72f9aba4ecf600a0337fe46e025da0d5f809324b151ebe363a7341,0,0,1.2513070106506348,
0,local-qwen35-4b-m1024-q,previous_int8,0.114250011,True,0,0.00406943601,2.98608398,ed4b33ed9b72f9aba4ecf600a0337fe46e025da0d5f809324b151ebe363a7341,0,0,1.2447588443756104,
0,local-qwen35-4b-m1024-q,mlx,0.198833,True,0,0.00017029,0.115479,,,,0.9568891525268555,
0,local-qwen35-4b-m1024-kv,fp16,0.0643333333,True,0,0.00030798204,0.401855469,191819bcfdc0179ca371a67eb183ed417e9249d1704c7a8c46eae0bb7dff051f,0,0,1.8524789810180664,
0,local-qwen35-4b-m1024-kv,previous_fp16,0.0645833352,True,0,0.00030798204,0.401855469,191819bcfdc0179ca371a67eb183ed417e9249d1704c7a8c46eae0bb7dff051f,0,0,1.8261899948120117,
0,local-qwen35-4b-m1024-kv,fp32,0.0965000072,True,0,0.000197481,0.221923828,fb3cfe51045f9430a4ccffe444384ae08ebdd3c8a08245304623ef882f8c4181,0,0,1.4138400554656982,
0,local-qwen35-4b-m1024-kv,previous_fp32,0.0964166684,True,0,0.000197481,0.221923828,fb3cfe51045f9430a4ccffe444384ae08ebdd3c8a08245304623ef882f8c4181,0,0,1.417207956314087,
0,local-qwen35-4b-m1024-kv,int8,0.0455416593,True,0,0.00389483078,3.2722168,51e894539110bdf807a327a125979e42b5d6d7bab004bad89f4034bf92b5391c,0,0,2.287911891937256,
0,local-qwen35-4b-m1024-kv,previous_int8,0.0456249982,True,0,0.00389483078,3.2722168,51e894539110bdf807a327a125979e42b5d6d7bab004bad89f4034bf92b5391c,0,0,2.284825086593628,
0,local-qwen35-4b-m1024-kv,mlx,0.0629167,True,0,7.35932e-05,0.0595703,,,,1.862884759902954,
0,local-qwen35-4b-m1024-output,fp16,0.233791667,True,0,0.000363094127,0.598632812,b4a94aea183b1ed96f0e4dfcf7bc39c31843311a9322c2973b9b2bbebee33eed,0,0,0.905552864074707,
0,local-qwen35-4b-m1024-output,previous_fp16,0.234250008,True,0,0.000363094127,0.598632812,b4a94aea183b1ed96f0e4dfcf7bc39c31843311a9322c2973b9b2bbebee33eed,0,0,0.9068360328674316,
0,local-qwen35-4b-m1024-output,fp32,0.222624993,True,0,0.000221572927,0.419189453,bdfb5480912580ae208ca58399b7029f0d7f602e97fc36e2cbf926369c3d2feb,0,0,0.9129469394683838,
0,local-qwen35-4b-m1024-output,previous_fp32,0.222749994,True,0,0.000221572927,0.419189453,bdfb5480912580ae208ca58399b7029f0d7f602e97fc36e2cbf926369c3d2feb,0,0,0.9099869728088379,
0,local-qwen35-4b-m1024-output,int8,0.142000004,True,0,0.00399010585,5.25830078,3c465c11d0cb5aff5e84e8c9f1664e31054266d696b5db04c4d63e730fa7ea29,0,0,1.10371994972229,
0,local-qwen35-4b-m1024-output,previous_int8,0.150958338,True,0,0.00399010585,5.25830078,3c465c11d0cb5aff5e84e8c9f1664e31054266d696b5db04c4d63e730fa7ea29,0,0,1.094674825668335,
0,local-qwen35-4b-m1024-output,mlx,0.222167,True,0,0.000168162,0.19458,,,,0.9155261516571045,
0,local-qwen35-4b-m2048-q,fp16,0.377791672,True,0,0.000209414586,0.221923828,0cdf5e3d71070be6fe3c1e466f9d3d9e1d98b882737bf3b34c439569f20589ea,0,0,0.7818920612335205,
0,local-qwen35-4b-m2048-q,previous_fp16,0.376124997,True,0,0.000209414586,0.221923828,0cdf5e3d71070be6fe3c1e466f9d3d9e1d98b882737bf3b34c439569f20589ea,0,0,0.781707763671875,
0,local-qwen35-4b-m2048-q,fp32,0.375416668,True,0,0.000209414586,0.221923828,0cdf5e3d71070be6fe3c1e466f9d3d9e1d98b882737bf3b34c439569f20589ea,0,0,0.7876920700073242,
0,local-qwen35-4b-m2048-q,previous_fp32,0.378249999,True,0,0.000209414586,0.221923828,0cdf5e3d71070be6fe3c1e466f9d3d9e1d98b882737bf3b34c439569f20589ea,0,0,0.7807450294494629,
0,local-qwen35-4b-m2048-q,int8,0.209750011,True,0,0.00421531424,3.29052734,94c3bf502ce58e339983b5fcff0d3a60dbd62ff2fd14931977b4ddccb0fc015a,0,0,0.9305028915405273,
0,local-qwen35-4b-m2048-q,previous_int8,0.21108333,True,0,0.00421531424,3.29052734,94c3bf502ce58e339983b5fcff0d3a60dbd62ff2fd14931977b4ddccb0fc015a,0,0,0.925955057144165,
0,local-qwen35-4b-m2048-q,mlx,0.37475,True,0,0.000209441,0.202881,,,,0.7934169769287109,
0,local-qwen35-4b-m2048-kv,fp16,0.108208333,True,0,0.000332979262,0.401855469,63f328881cd774cbb6f8c1991ab2da905aa3cb57f8b6d2f0276d3aa0d4f73a9d,0,0,1.3035519123077393,
0,local-qwen35-4b-m2048-kv,previous_fp16,0.10837501,True,0,0.000332979262,0.401855469,63f328881cd774cbb6f8c1991ab2da905aa3cb57f8b6d2f0276d3aa0d4f73a9d,0,0,1.2855491638183594,
0,local-qwen35-4b-m2048-kv,fp32,0.125874998,True,0,0.000209840427,0.221923828,ea96c8273b0662f09716e2101ce555b88e43e40b853519487f9abec4485bdd99,0,0,1.143251895904541,
0,local-qwen35-4b-m2048-kv,previous_fp32,0.125458333,True,0,0.000209840427,0.221923828,ea96c8273b0662f09716e2101ce555b88e43e40b853519487f9abec4485bdd99,0,0,1.1434619426727295,
0,local-qwen35-4b-m2048-kv,int8,0.0684166735,True,0,0.00408796348,3.29052734,420fcdee0375169ea82594798288d789c1365b5347aa1ef58ebe8a8e63036387,0,0,1.752370834350586,
0,local-qwen35-4b-m2048-kv,previous_int8,0.0683749968,True,0,0.00408796348,3.29052734,420fcdee0375169ea82594798288d789c1365b5347aa1ef58ebe8a8e63036387,0,0,1.7746577262878418,
0,local-qwen35-4b-m2048-kv,mlx,0.113,True,0,7.14875e-05,0.0537109,,,,1.2505850791931152,
0,local-qwen35-4b-m2048-output,fp16,0.438166666,True,0,0.000444969542,0.927734375,a0aa0b95596fcec9fb1c5aaeb194d753af372553cada806e4a91884b4d180195,0,0,0.9769473075866699,
0,local-qwen35-4b-m2048-output,previous_fp16,0.443666664,True,0,0.000444969542,0.927734375,a0aa0b95596fcec9fb1c5aaeb194d753af372553cada806e4a91884b4d180195,0,0,0.8088729381561279,
0,local-qwen35-4b-m2048-output,fp32,0.395125011,True,0,0.000198920744,0.405761719,2a9aa9b30fc43a7d3e9326a44674797ca5005976e99b1aacb02c428c4815287b,0,0,0.7765858173370361,
0,local-qwen35-4b-m2048-output,previous_fp32,0.39541666,True,0,0.000198920744,0.405761719,2a9aa9b30fc43a7d3e9326a44674797ca5005976e99b1aacb02c428c4815287b,0,0,0.7776389122009277,
0,local-qwen35-4b-m2048-output,int8,0.25308333,True,0,0.00386694975,4.83789062,d68a86dd6dae8ef972bf165b73e6791e38f2b2068a15e7ff1f14b6f06dc985f9,0,0,0.8698010444641113,
0,local-qwen35-4b-m2048-output,previous_int8,0.257124993,True,0,0.00386694975,4.83789062,d68a86dd6dae8ef972bf165b73e6791e38f2b2068a15e7ff1f14b6f06dc985f9,0,0,0.8645708560943604,
0,local-qwen35-4b-m2048-output,mlx,0.392333,True,0,8.51976e-05,0.130615,,,,0.7863309383392334,
0,local-qwen35-4b-m3072-q,fp16,0.533708328,True,0,0.000193698632,0.241210938,c59d2af356745265533e2f04a18a846339d791bfff8750883e2d87cf761544ed,0,0,0.7696390151977539,
0,local-qwen35-4b-m3072-q,previous_fp16,0.536124993,True,0,0.000193698632,0.241210938,c59d2af356745265533e2f04a18a846339d791bfff8750883e2d87cf761544ed,0,0,0.7698698043823242,
0,local-qwen35-4b-m3072-q,fp32,0.535458326,True,0,0.000193698632,0.241210938,c59d2af356745265533e2f04a18a846339d791bfff8750883e2d87cf761544ed,0,0,0.7666909694671631,
0,local-qwen35-4b-m3072-q,previous_fp32,0.535250001,True,0,0.000193698632,0.241210938,c59d2af356745265533e2f04a18a846339d791bfff8750883e2d87cf761544ed,0,0,0.7752611637115479,
0,local-qwen35-4b-m3072-q,int8,0.31870832,True,0,0.00409152799,3.29052734,0f3ecda10c1be846ba6ba17dbaf0ceda1e5406f4fd6e3ae65c1a1dd81e4f6b26,0,0,0.8473999500274658,
0,local-qwen35-4b-m3072-q,previous_int8,0.310958334,True,0,0.00409152799,3.29052734,0f3ecda10c1be846ba6ba17dbaf0ceda1e5406f4fd6e3ae65c1a1dd81e4f6b26,0,0,0.8454580307006836,
0,local-qwen35-4b-m3072-q,mlx,0.532083,True,0,0.000237591,0.210449,,,,0.8021590709686279,
0,local-qwen35-4b-m3072-kv,fp16,0.138291667,True,0,0.000272716177,0.401855469,bac6cb5b4e87c6a7db1aa1ee2b75214bb3e6b4fc88474a04e70088e67bca7cad,0,0,1.1069560050964355,
0,local-qwen35-4b-m3072-kv,previous_fp16,0.138374991,True,0,0.000272716177,0.401855469,bac6cb5b4e87c6a7db1aa1ee2b75214bb3e6b4fc88474a04e70088e67bca7cad,0,0,1.1066288948059082,
0,local-qwen35-4b-m3072-kv,fp32,0.195875007,True,0,0.000212324517,0.213623047,928ba1be6b011b2820c38b5d15e82f2e74439da80688158aee6a74ce4ecb6faf,0,0,0.967581033706665,
0,local-qwen35-4b-m3072-kv,previous_fp32,0.195541666,True,0,0.000212324517,0.213623047,928ba1be6b011b2820c38b5d15e82f2e74439da80688158aee6a74ce4ecb6faf,0,0,0.96486496925354,
0,local-qwen35-4b-m3072-kv,int8,0.0896249985,True,0,0.00392722924,3.29052734,3808f2d798ad32682581e387b9a8ed791fadb93dcd95fa0fe2fbd3c9e1174d80,0,0,1.4989850521087646,
0,local-qwen35-4b-m3072-kv,previous_int8,0.089750014,True,0,0.00392722924,3.29052734,3808f2d798ad32682581e387b9a8ed791fadb93dcd95fa0fe2fbd3c9e1174d80,0,0,1.4917120933532715,
0,local-qwen35-4b-m3072-kv,mlx,0.139375,True,0,0.00013487,0.119141,,,,1.0963351726531982,
0,local-qwen35-4b-m3072-output,fp16,0.565083334,True,0,0.000195971004,0.434570312,78be0201270409b4d8213025d7c59fa97a4debf96c6e5a99520a5da89c1fecf5,0,0,0.7525949478149414,
0,local-qwen35-4b-m3072-output,previous_fp16,0.565333336,True,0,0.000195971004,0.434570312,78be0201270409b4d8213025d7c59fa97a4debf96c6e5a99520a5da89c1fecf5,0,0,0.7567949295043945,
0,local-qwen35-4b-m3072-output,fp32,0.564333342,True,0,0.000195971004,0.434570312,78be0201270409b4d8213025d7c59fa97a4debf96c6e5a99520a5da89c1fecf5,0,0,0.7530701160430908,
0,local-qwen35-4b-m3072-output,previous_fp32,0.564749993,True,0,0.000195971004,0.434570312,78be0201270409b4d8213025d7c59fa97a4debf96c6e5a99520a5da89c1fecf5,0,0,0.7580831050872803,
0,local-qwen35-4b-m3072-output,int8,0.327124988,True,0,0.00443262992,5.25,557463b73dae376ec955103d51d374095057432fd24198422d89db05d046f354,0,0,0.8374497890472412,
0,local-qwen35-4b-m3072-output,previous_int8,0.323083339,True,0,0.00443262992,5.25,557463b73dae376ec955103d51d374095057432fd24198422d89db05d046f354,0,0,0.8371977806091309,
0,local-qwen35-4b-m3072-output,mlx,0.595,True,0,0.000146174,0.153564,,,,0.7751917839050293,
0,local-qwen35-4b-m4096-q,fp16,0.686749991,True,0,0.000227233696,0.248535156,862bb515f4e4ab147f1ec98642fd216d4a3a2e12c5471a6f316b55edec52ca30,0,0,0.7308998107910156,
0,local-qwen35-4b-m4096-q,previous_fp16,0.687958338,True,0,0.000227233696,0.248535156,862bb515f4e4ab147f1ec98642fd216d4a3a2e12c5471a6f316b55edec52ca30,0,0,0.7349498271942139,
0,local-qwen35-4b-m4096-q,fp32,0.687874999,True,0,0.000227233696,0.248535156,862bb515f4e4ab147f1ec98642fd216d4a3a2e12c5471a6f316b55edec52ca30,0,0,0.7344481945037842,
0,local-qwen35-4b-m4096-q,previous_fp32,0.68737501,True,0,0.000227233696,0.248535156,862bb515f4e4ab147f1ec98642fd216d4a3a2e12c5471a6f316b55edec52ca30,0,0,0.7379767894744873,
0,local-qwen35-4b-m4096-q,int8,0.402708334,True,0,0.0037313469,2.99536133,92887ed554a8a1cf8bbf64d4e5c6c170f70bb9f7b6140c2cf2858da57cf0ac31,0,0,1.0862340927124023,
0,local-qwen35-4b-m4096-q,previous_int8,0.402499994,True,0,0.0037313469,2.99536133,92887ed554a8a1cf8bbf64d4e5c6c170f70bb9f7b6140c2cf2858da57cf0ac31,0,0,0.8172779083251953,
0,local-qwen35-4b-m4096-q,mlx,0.683792,True,0,0.000124565,0.0744629,,,,0.7733950614929199,
0,local-qwen35-4b-m4096-kv,fp16,0.195208326,True,0,0.000342491085,0.408447266,9095309330696dda4cad9b410d832cad2292f09be241d8d320ed7a893829a9e0,0,0,1.3107998371124268,
0,local-qwen35-4b-m4096-kv,previous_fp16,0.195874993,True,0,0.000342491085,0.408447266,9095309330696dda4cad9b410d832cad2292f09be241d8d320ed7a893829a9e0,0,0,1.156158208847046,
0,local-qwen35-4b-m4096-kv,fp32,0.236958338,True,0,0.000215151559,0.221923828,30702cd52d863d193bf9aea46323276894fc78b90b2e57309ff39438a22198c0,0,0,1.3219048976898193,
0,local-qwen35-4b-m4096-kv,previous_fp32,0.235541665,True,0,0.000215151559,0.221923828,30702cd52d863d193bf9aea46323276894fc78b90b2e57309ff39438a22198c0,0,0,0.9115779399871826,
0,local-qwen35-4b-m4096-kv,int8,0.123249993,True,0,0.003953342,3.2722168,3b55aec271af0712129a04ca6eeffd5092ca92179836979e27be802c4f239f81,0,0,1.452023983001709,
0,local-qwen35-4b-m4096-kv,previous_int8,0.123749996,True,0,0.003953342,3.2722168,3b55aec271af0712129a04ca6eeffd5092ca92179836979e27be802c4f239f81,0,0,1.1690609455108643,
0,local-qwen35-4b-m4096-kv,mlx,0.196667,True,0,0.000249899,0.233398,,,,0.961035966873169,
0,local-qwen35-4b-m4096-output,fp16,0.694458344,True,0,0.000191898603,0.254882812,ca9f7e76e5c8eab8906c15e641c2cbc33c33fd2d56d19e99b9ec6dfe6fc437c0,0,0,0.7276620864868164,
0,local-qwen35-4b-m4096-output,previous_fp16,0.697958327,True,0,0.000191898603,0.254882812,ca9f7e76e5c8eab8906c15e641c2cbc33c33fd2d56d19e99b9ec6dfe6fc437c0,0,0,0.7292909622192383,
0,local-qwen35-4b-m4096-output,fp32,0.691374997,True,0,0.000191898603,0.254882812,ca9f7e76e5c8eab8906c15e641c2cbc33c33fd2d56d19e99b9ec6dfe6fc437c0,0,0,0.7291030883789062,
0,local-qwen35-4b-m4096-output,previous_fp32,0.697249998,True,0,0.000191898603,0.254882812,ca9f7e76e5c8eab8906c15e641c2cbc33c33fd2d56d19e99b9ec6dfe6fc437c0,0,0,0.7325620651245117,
0,local-qwen35-4b-m4096-output,int8,0.40762499,True,0,0.00399943979,4.82714844,249022c345f7180fd0c992475350b2c099ae598ca4b5e04ff4acfc9aca210567,0,0,1.2144038677215576,
0,local-qwen35-4b-m4096-output,previous_int8,0.409583328,True,0,0.00399943979,4.82714844,249022c345f7180fd0c992475350b2c099ae598ca4b5e04ff4acfc9aca210567,0,0,0.8374242782592773,
0,local-qwen35-4b-m4096-output,mlx,0.690333,True,0,0.00013838,0.199707,,,,0.7549099922180176,
0,local-qwen35-9b-m1-kv,fp16,0.0185833342,True,0,0.000211960586,0.359375,f86ecc9b7972d8e244e2e5cac1a1752f26f0cbca8b6c5d69e861d116c8a1061f,0,0,4.987545728683472,
0,local-qwen35-9b-m1-kv,previous_fp16,0.0187083206,True,0,0.000211960586,0.359375,f86ecc9b7972d8e244e2e5cac1a1752f26f0cbca8b6c5d69e861d116c8a1061f,0,0,4.776555776596069,
0,local-qwen35-9b-m1-kv,fp32,0.0162083306,True,0,0.000211960586,0.359375,c00f166090bc8c2afeee3f181682f123bb66fb8e3ec9e5d3fe50daf666ab97f2,0,0,5.4835309982299805,
0,local-qwen35-9b-m1-kv,previous_fp32,0.0160833297,True,0,0.000211960586,0.359375,c00f166090bc8c2afeee3f181682f123bb66fb8e3ec9e5d3fe50daf666ab97f2,0,0,5.407240390777588,
0,local-qwen35-9b-m1-kv,int8,0.00625000393,True,0,0.00193417127,2.20947266,b8399bad143651b7802ae523c3726bdede688b11adebf868ceda55be91a23f8b,0,0,12.683372020721436,
0,local-qwen35-9b-m1-kv,previous_int8,0.00637499033,True,0,0.00193417127,2.20947266,b8399bad143651b7802ae523c3726bdede688b11adebf868ceda55be91a23f8b,0,0,12.486254215240479,
0,local-qwen35-9b-m1-kv,mlx,0.012875,True,0,7.45454e-05,0.0354004,,,,6.638145923614502,
0,local-qwen35-9b-m2-kv,fp16,0.0164999947,True,0,0.00019515655,0.377929688,9a73b8018daaed78dcb7c29735f01a9673938c80695de468e2827f7f522838ad,0,0,5.361759185791016,
0,local-qwen35-9b-m2-kv,previous_fp16,0.0164999947,True,0,0.00019515655,0.377929688,9a73b8018daaed78dcb7c29735f01a9673938c80695de468e2827f7f522838ad,0,0,5.305413007736206,
0,local-qwen35-9b-m2-kv,fp32,0.0165833335,True,0,0.00019515655,0.377929688,9a73b8018daaed78dcb7c29735f01a9673938c80695de468e2827f7f522838ad,0,0,5.300572872161865,
0,local-qwen35-9b-m2-kv,previous_fp32,0.0165416714,True,0,0.00019515655,0.377929688,9a73b8018daaed78dcb7c29735f01a9673938c80695de468e2827f7f522838ad,0,0,5.3364417552948,
0,local-qwen35-9b-m2-kv,int8,0.00650000584,True,0,0.00192918326,2.56933594,6981df6195f59b1d367c51949ca3f43a6462211198a7e9cf723bcb96afe98f37,0,0,11.914990186691284,
0,local-qwen35-9b-m2-kv,previous_int8,0.00674999319,True,0,0.00192918326,2.56933594,6981df6195f59b1d367c51949ca3f43a6462211198a7e9cf723bcb96afe98f37,0,0,11.999555826187134,
0,local-qwen35-9b-m2-kv,mlx,0.00874999,True,0,0.000244074,0.244385,,,,9.512146949768066,
0,local-qwen35-9b-m8-kv,fp16,0.0246666605,True,0,0.000265054676,0.681884766,3a68faf7886ba23468545f60e2efc791ab4dfb17c81febaefd4614110fe03e4e,0,0,3.8851802349090576,
0,local-qwen35-9b-m8-kv,previous_fp16,0.0318750099,True,0,0.000265054676,0.681884766,3a68faf7886ba23468545f60e2efc791ab4dfb17c81febaefd4614110fe03e4e,0,0,3.8746070861816406,
0,local-qwen35-9b-m8-kv,fp32,0.0246666605,True,0,0.000265054676,0.681884766,3a68faf7886ba23468545f60e2efc791ab4dfb17c81febaefd4614110fe03e4e,0,0,3.886312961578369,
0,local-qwen35-9b-m8-kv,previous_fp32,0.0246249983,True,0,0.000265054676,0.681884766,3a68faf7886ba23468545f60e2efc791ab4dfb17c81febaefd4614110fe03e4e,0,0,3.896381378173828,
0,local-qwen35-9b-m8-kv,int8,0.0215000036,True,0,0.00393802886,5.31933594,6913efaebf088d77ce062ba1f14ad59d488c5ba2b89576dcef3f7e5dedef01f4,0,0,4.80436897277832,
0,local-qwen35-9b-m8-kv,previous_int8,0.0215833279,True,0,0.00393802886,5.31933594,6913efaebf088d77ce062ba1f14ad59d488c5ba2b89576dcef3f7e5dedef01f4,0,0,4.361418962478638,
0,local-qwen35-9b-m8-kv,mlx,0.01225,True,0,0.000237815,0.212158,,,,6.9455649852752686,
0,local-qwen35-9b-m32-kv,fp16,0.0331249903,True,0,0.00026622251,0.662597656,2e1f3b5522e4d58365b8ac5ff9fba1c2115b299546299b0a9ad5e76e8772a90b,0,0,3.0039072036743164,
0,local-qwen35-9b-m32-kv,previous_fp16,0.0332500058,True,0,0.00026622251,0.662597656,2e1f3b5522e4d58365b8ac5ff9fba1c2115b299546299b0a9ad5e76e8772a90b,0,0,3.021383047103882,
0,local-qwen35-9b-m32-kv,fp32,0.0331250048,True,0,0.00026622251,0.662597656,2e1f3b5522e4d58365b8ac5ff9fba1c2115b299546299b0a9ad5e76e8772a90b,0,0,3.015733003616333,
0,local-qwen35-9b-m32-kv,previous_fp32,0.0332499912,True,0,0.00026622251,0.662597656,2e1f3b5522e4d58365b8ac5ff9fba1c2115b299546299b0a9ad5e76e8772a90b,0,0,2.9670958518981934,
0,local-qwen35-9b-m32-kv,int8,0.0606666727,True,0,0.0027146291,3.85839844,3d08524f5c198e7f96a0fc549a1bcd9b234909cb2a59ddbf22b837212422da0c,0,0,1.8985538482666016,
0,local-qwen35-9b-m32-kv,previous_int8,0.060624996,True,0,0.0027146291,3.85839844,3d08524f5c198e7f96a0fc549a1bcd9b234909cb2a59ddbf22b837212422da0c,0,0,1.9065401554107666,
0,local-qwen35-9b-m32-kv,mlx,0.03975,True,0,0.000243581,0.24585,,,,2.511549949645996,
0,local-qwen35-9b-m128-kv,fp16,0.0516250002,True,0,0.000265406347,0.662597656,17e9b0b9f3297f5ba8765012f787f7e68ee77f5478ad69ce97a3e6017bb9dc8f,0,0,2.326646089553833,
0,local-qwen35-9b-m128-kv,previous_fp16,0.0514999992,True,0,0.000265406347,0.662597656,17e9b0b9f3297f5ba8765012f787f7e68ee77f5478ad69ce97a3e6017bb9dc8f,0,0,2.124706745147705,
0,local-qwen35-9b-m128-kv,fp32,0.0839166751,True,0,0.000294600179,0.662597656,b409d88f0035f8f7ab60a3e476bbc053e7fa7201027356de36b7f4de84629fba,0,0,1.5688707828521729,
0,local-qwen35-9b-m128-kv,previous_fp32,0.0836666586,True,0,0.000294600179,0.662597656,b409d88f0035f8f7ab60a3e476bbc053e7fa7201027356de36b7f4de84629fba,0,0,1.5786921977996826,
0,local-qwen35-9b-m128-kv,int8,0.0608333357,True,0,0.00351842218,5.31396484,90478e8d7f3c7384209c106d6cf09b5effab65a86506fe75499cff7cafec547c,0,0,1.8911240100860596,
0,local-qwen35-9b-m128-kv,previous_int8,0.0604583329,True,0,0.00351842218,5.31396484,90478e8d7f3c7384209c106d6cf09b5effab65a86506fe75499cff7cafec547c,0,0,1.9081990718841553,
0,local-qwen35-9b-m128-kv,mlx,0.04225,True,0,0.000152803,0.190186,,,,2.4396579265594482,
0,local-qwen35-9b-m512-kv,fp16,0.0572499994,True,0,0.000263118171,0.435302734,14f7e953600f7f7dbfeee7252f176ac5fd4fcffef1540a5c761e708442328b2a,0,0,1.9942197799682617,
0,local-qwen35-9b-m512-kv,previous_fp16,0.0571249984,True,0,0.000263118171,0.435302734,14f7e953600f7f7dbfeee7252f176ac5fd4fcffef1540a5c761e708442328b2a,0,0,1.9815700054168701,
0,local-qwen35-9b-m512-kv,fp32,0.085708336,True,0,0.000281639255,0.657226562,854792aa7d62548de381d6ce837fbfdbc182daeeacfbe3f69557ba717639956a,0,0,1.5520288944244385,
0,local-qwen35-9b-m512-kv,previous_fp32,0.0853749953,True,0,0.000281639255,0.657226562,854792aa7d62548de381d6ce837fbfdbc182daeeacfbe3f69557ba717639956a,0,0,1.5476150512695312,
0,local-qwen35-9b-m512-kv,int8,0.0620000064,True,0,0.00365118887,4.75683594,8079876770cfa785ad40484b32797c7e5d28c45d07dc83e16c1fc5dcf82f0f1f,0,0,1.8807191848754883,
0,local-qwen35-9b-m512-kv,previous_int8,0.0619999919,True,0,0.00365118887,4.75683594,8079876770cfa785ad40484b32797c7e5d28c45d07dc83e16c1fc5dcf82f0f1f,0,0,1.8931479454040527,
0,local-qwen35-9b-m512-kv,mlx,0.053125,True,0,0.000206562,0.187744,,,,2.1114161014556885,
0,local-qwen35-9b-m1024-kv,fp16,0.0931249961,True,0,0.000292129458,0.469238281,58a41f8da6dfe50a23959fe8a971b3e2f5bf1ce56d84ab6fa1e8925bd50ab164,0,0,1.4437861442565918,
0,local-qwen35-9b-m1024-kv,previous_fp16,0.0928750087,True,0,0.000292129458,0.469238281,58a41f8da6dfe50a23959fe8a971b3e2f5bf1ce56d84ab6fa1e8925bd50ab164,0,0,1.4696969985961914,
0,local-qwen35-9b-m1024-kv,fp32,0.108374996,True,0,0.00030257114,0.456542969,3b5b63c5c5193d593b22600c6b722013548368ffadf17c305546395188a400f0,0,0,1.3093602657318115,
0,local-qwen35-9b-m1024-kv,previous_fp32,0.109500004,True,0,0.00030257114,0.456542969,3b5b63c5c5193d593b22600c6b722013548368ffadf17c305546395188a400f0,0,0,1.2948131561279297,
0,local-qwen35-9b-m1024-kv,int8,0.0668333232,True,0,0.00363605718,4.8125,c30bcdb72a7189d2927688dfe5696f2fee0d83148fb295a6487cb8bb3ff3e314,0,0,1.7931277751922607,
0,local-qwen35-9b-m1024-kv,previous_int8,0.066916662,True,0,0.00363605718,4.8125,c30bcdb72a7189d2927688dfe5696f2fee0d83148fb295a6487cb8bb3ff3e314,0,0,1.807283878326416,
0,local-qwen35-9b-m1024-kv,mlx,0.091125,True,0,0.000237815,0.212158,,,,1.4603698253631592,
0,local-qwen35-9b-m2048-kv,fp16,0.164249999,True,0,0.000292355112,0.469238281,619fa8e5ac035d5cbc12a4df246d6c845ec0461cb6d70f828ff3996e278db0ec,0,0,1.0372529029846191,
0,local-qwen35-9b-m2048-kv,previous_fp16,0.164875004,True,0,0.000292355112,0.469238281,619fa8e5ac035d5cbc12a4df246d6c845ec0461cb6d70f828ff3996e278db0ec,0,0,1.039923906326294,
0,local-qwen35-9b-m2048-kv,fp32,0.195833345,True,0,0.000275009054,0.565917969,07428ec080508a668a87868c2a2c3eb0a4d9263b984263d43d9a1638e8dd54a3,0,0,0.9691548347473145,
0,local-qwen35-9b-m2048-kv,previous_fp32,0.196416659,True,0,0.000275009054,0.565917969,07428ec080508a668a87868c2a2c3eb0a4d9263b984263d43d9a1638e8dd54a3,0,0,0.9743490219116211,
0,local-qwen35-9b-m2048-kv,int8,0.103375001,True,0,0.00394252547,4.83789062,7389ef2f86686de79f94109e841b6eab44728618c5127dda010608024a2d08b9,0,0,1.3434500694274902,
0,local-qwen35-9b-m2048-kv,previous_int8,0.103833343,True,0,0.00394252547,4.83789062,7389ef2f86686de79f94109e841b6eab44728618c5127dda010608024a2d08b9,0,0,1.3527162075042725,
0,local-qwen35-9b-m2048-kv,mlx,0.178458,True,0,0.000109131,0.186768,,,,0.989307165145874,
0,local-qwen35-9b-m3072-kv,fp16,0.238249995,True,0,0.000201368454,0.421386719,b1d3be915826ed4e31ce6ccf2ab26caf2d64268ec5f062c92e3de4fdc02892c5,0,0,0.89919114112854,
0,local-qwen35-9b-m3072-kv,previous_fp16,0.238749999,True,0,0.000201368454,0.421386719,b1d3be915826ed4e31ce6ccf2ab26caf2d64268ec5f062c92e3de4fdc02892c5,0,0,0.8847579956054688,
0,local-qwen35-9b-m3072-kv,fp32,0.286374998,True,0,0.000251099935,0.456542969,ad0376b26871b42d03b161eb3219d6355cfd92e43015fec34a20592a51360112,0,0,0.8579678535461426,
0,local-qwen35-9b-m3072-kv,previous_fp32,0.294291676,True,0,0.000251099935,0.456542969,ad0376b26871b42d03b161eb3219d6355cfd92e43015fec34a20592a51360112,0,0,0.851222038269043,
0,local-qwen35-9b-m3072-kv,int8,0.140999997,True,0,0.00426040731,5.26098633,da408e62531bf9c4feb69632482931d7fb600877384853fae6f6586eb29e7242,0,0,1.094700813293457,
0,local-qwen35-9b-m3072-kv,previous_int8,0.141333323,True,0,0.00426040731,5.26098633,da408e62531bf9c4feb69632482931d7fb600877384853fae6f6586eb29e7242,0,0,1.0897207260131836,
0,local-qwen35-9b-m3072-kv,mlx,0.224667,True,0,0.000151424,0.141846,,,,0.903782844543457,
0,local-qwen35-9b-m4096-kv,fp16,0.302458342,True,0,0.000355638618,0.831054688,6c9c003b59c7c5c0704b0d8042171b62888d4ff33b20b7a13721d944e649123e,0,0,0.8358678817749023,
0,local-qwen35-9b-m4096-kv,previous_fp16,0.303249995,True,0,0.000355638618,0.831054688,6c9c003b59c7c5c0704b0d8042171b62888d4ff33b20b7a13721d944e649123e,0,0,0.8343498706817627,
0,local-qwen35-9b-m4096-kv,fp32,0.395875002,True,0,0.00023247303,0.565917969,b8ebded11e5cf20d52db675246006d4faf15bdcba01a8d98d867b44a68758995,0,0,1.5826430320739746,
0,local-qwen35-9b-m4096-kv,previous_fp32,0.395499999,True,0,0.00023247303,0.565917969,b8ebded11e5cf20d52db675246006d4faf15bdcba01a8d98d867b44a68758995,0,0,1.022325038909912,
0,local-qwen35-9b-m4096-kv,int8,0.190958337,True,0,0.00395427816,4.70800781,9ebe1f57c071e8c1e9109ae63213aaa826ec2feb9ea7f49a154b0b405881dc27,0,0,0.9874601364135742,
0,local-qwen35-9b-m4096-kv,previous_int8,0.190999999,True,0,0.00395427816,4.70800781,9ebe1f57c071e8c1e9109ae63213aaa826ec2feb9ea7f49a154b0b405881dc27,0,0,0.9930741786956787,
0,local-qwen35-9b-m4096-kv,mlx,0.311917,True,0,0.000243581,0.24585,,,,0.8310160636901855,
0,local-qwen35-27b-m1-q,fp16,0.0446250051,True,0,0.000216623037,0.457763672,31efbd2433f1ff551b04a53e8d9cdf69e4cd339bb52b223cc03d3ab504c86027,0,0,2.4030308723449707,
0,local-qwen35-27b-m1-q,previous_fp16,0.0440416625,True,0,0.000216623037,0.457763672,31efbd2433f1ff551b04a53e8d9cdf69e4cd339bb52b223cc03d3ab504c86027,0,0,2.3720850944519043,
0,local-qwen35-27b-m1-q,fp32,0.0460416777,True,0,0.000216623037,0.457763672,31efbd2433f1ff551b04a53e8d9cdf69e4cd339bb52b223cc03d3ab504c86027,0,0,2.3423540592193604,
0,local-qwen35-27b-m1-q,previous_fp32,0.0443750032,True,0,0.000216623037,0.457763672,31efbd2433f1ff551b04a53e8d9cdf69e4cd339bb52b223cc03d3ab504c86027,0,0,2.3554129600524902,
0,local-qwen35-27b-m1-q,int8,0.0197500049,True,0,0.00199607046,2.97729492,52bd4d1e1045e3a7ad07a4a2137d47f31ee056e3e4f22e5679595d1e382f0870,0,0,4.704444885253906,
0,local-qwen35-27b-m1-q,previous_int8,0.0198333291,True,0,0.00199607046,2.97729492,52bd4d1e1045e3a7ad07a4a2137d47f31ee056e3e4f22e5679595d1e382f0870,0,0,4.584882736206055,
0,local-qwen35-27b-m1-q,mlx,0.047625,True,0,0.000302069,0.193604,,,,2.7871789932250977,
0,local-qwen35-27b-m1-kv,fp16,0.0192916632,True,0,0.000197402235,0.374267578,3da06753ac4d46b62de7304520bb9b812be91329990222d09b1122bc71883791,0,0,4.699925899505615,
0,local-qwen35-27b-m1-kv,previous_fp16,0.0193333399,True,0,0.000197402235,0.374267578,3da06753ac4d46b62de7304520bb9b812be91329990222d09b1122bc71883791,0,0,4.7245471477508545,
0,local-qwen35-27b-m1-kv,fp32,0.019083338,True,0,0.000197402235,0.374267578,3da06753ac4d46b62de7304520bb9b812be91329990222d09b1122bc71883791,0,0,4.746761083602905,
0,local-qwen35-27b-m1-kv,previous_fp32,0.0189999992,True,0,0.000197402235,0.374267578,3da06753ac4d46b62de7304520bb9b812be91329990222d09b1122bc71883791,0,0,4.734248876571655,
0,local-qwen35-27b-m1-kv,int8,0.00683333201,True,0,0.00196831972,3.0168457,241b59fa5f61bc6ebe603ac65b209d12e184d15bcfd7ce3399d3c91c227910cd,0,0,11.696691036224365,
0,local-qwen35-27b-m1-kv,previous_int8,0.00679166988,True,0,0.00196831972,3.0168457,241b59fa5f61bc6ebe603ac65b209d12e184d15bcfd7ce3399d3c91c227910cd,0,0,11.600472927093506,
0,local-qwen35-27b-m1-kv,mlx,0.01525,True,0,0.000100533,0.0661621,,,,5.688064098358154,
0,local-qwen35-27b-m1-output,fp16,0.0465833436,True,0,0.000207445363,0.468994141,f1ad26e8dcb0eb2b4167b3c851fbfe2f256ac52db8f44cfde9f8c0208f7d0193,0,0,2.4150540828704834,
0,local-qwen35-27b-m1-output,previous_fp16,0.0485833298,True,0,0.000207445363,0.468994141,f1ad26e8dcb0eb2b4167b3c851fbfe2f256ac52db8f44cfde9f8c0208f7d0193,0,0,2.3463730812072754,
0,local-qwen35-27b-m1-output,fp32,0.0472083339,True,0,0.000207445363,0.468994141,f1ad26e8dcb0eb2b4167b3c851fbfe2f256ac52db8f44cfde9f8c0208f7d0193,0,0,2.352041006088257,
0,local-qwen35-27b-m1-output,previous_fp32,0.047249996,True,0,0.000207445363,0.468994141,f1ad26e8dcb0eb2b4167b3c851fbfe2f256ac52db8f44cfde9f8c0208f7d0193,0,0,2.328202962875366,
0,local-qwen35-27b-m1-output,int8,0.019791667,True,0,0.00203211315,3.89038086,4c09948a8d851a81f8e254312ea697969b89cf7118f1302742db44ef4aec0fc1,0,0,4.685698986053467,
0,local-qwen35-27b-m1-output,previous_int8,0.0198750058,True,0,0.00203211315,3.89038086,4c09948a8d851a81f8e254312ea697969b89cf7118f1302742db44ef4aec0fc1,0,0,4.603808164596558,
0,local-qwen35-27b-m1-output,mlx,0.03125,True,0,0.000308227,0.114746,,,,3.224062919616699,
0,local-qwen35-27b-m2-q,fp16,0.0473750115,True,0,0.000221678414,0.457763672,35c5c582751127b9f7b8434e7c171b50d30e3c9d516a0f466f2c72c11d2d1c12,0,0,2.3294219970703125,
0,local-qwen35-27b-m2-q,previous_fp16,0.0466250058,True,0,0.000221678414,0.457763672,35c5c582751127b9f7b8434e7c171b50d30e3c9d516a0f466f2c72c11d2d1c12,0,0,2.292365074157715,
0,local-qwen35-27b-m2-q,fp32,0.0465000048,True,0,0.000221678414,0.457763672,35c5c582751127b9f7b8434e7c171b50d30e3c9d516a0f466f2c72c11d2d1c12,0,0,2.3126280307769775,
0,local-qwen35-27b-m2-q,previous_fp32,0.046416666,True,0,0.000221678414,0.457763672,35c5c582751127b9f7b8434e7c171b50d30e3c9d516a0f466f2c72c11d2d1c12,0,0,2.34843111038208,
0,local-qwen35-27b-m2-q,int8,0.0207499979,True,0,0.00197322623,2.91210938,77209be083b2f64bdaab65136a3b029ea9f3a73daf91e6c02a6f6085ac23c46c,0,0,4.571261167526245,
0,local-qwen35-27b-m2-q,previous_int8,0.0206250115,True,0,0.00197322623,2.91210938,77209be083b2f64bdaab65136a3b029ea9f3a73daf91e6c02a6f6085ac23c46c,0,0,4.577986001968384,
0,local-qwen35-27b-m2-q,mlx,0.033,True,0,0.000185301,0.193604,,,,3.0588080883026123,
0,local-qwen35-27b-m2-kv,fp16,0.019791667,True,0,0.000224795259,0.4765625,b1cd00ca777d7c0cdb08878de595f20632da2c1380190a6a648235b442618e68,0,0,4.644097089767456,
0,local-qwen35-27b-m2-kv,previous_fp16,0.0198750058,True,0,0.000224795259,0.4765625,b1cd00ca777d7c0cdb08878de595f20632da2c1380190a6a648235b442618e68,0,0,4.688871145248413,
0,local-qwen35-27b-m2-kv,fp32,0.019791667,True,0,0.000224795259,0.4765625,b1cd00ca777d7c0cdb08878de595f20632da2c1380190a6a648235b442618e68,0,0,4.600043058395386,
0,local-qwen35-27b-m2-kv,previous_fp32,0.019791667,True,0,0.000224795259,0.4765625,b1cd00ca777d7c0cdb08878de595f20632da2c1380190a6a648235b442618e68,0,0,4.591222763061523,
0,local-qwen35-27b-m2-kv,int8,0.00733333582,True,0,0.00180006788,2.97729492,667e383abdc0d9b5f27c64d7af3a211329658df67a0aa757d02e0ac128b97913,0,0,11.079314947128296,
0,local-qwen35-27b-m2-kv,previous_int8,0.00729165913,True,0,0.00180006788,2.97729492,667e383abdc0d9b5f27c64d7af3a211329658df67a0aa757d02e0ac128b97913,0,0,11.273424863815308,
0,local-qwen35-27b-m2-kv,mlx,0.0095,True,0,9.83729e-05,0.0895996,,,,8.969518661499023,
0,local-qwen35-27b-m2-output,fp16,0.0486250065,True,0,0.000207168361,0.468994141,66b998ee27f3d0518b9126183e871db242981e064ff1c3654bb4a08e57ce0afc,0,0,2.3261778354644775,
0,local-qwen35-27b-m2-output,previous_fp16,0.0491249957,True,0,0.000207168361,0.468994141,66b998ee27f3d0518b9126183e871db242981e064ff1c3654bb4a08e57ce0afc,0,0,2.2430758476257324,
0,local-qwen35-27b-m2-output,fp32,0.0487916695,True,0,0.000207168361,0.468994141,66b998ee27f3d0518b9126183e871db242981e064ff1c3654bb4a08e57ce0afc,0,0,2.231281042098999,
0,local-qwen35-27b-m2-output,previous_fp32,0.0493749976,True,0,0.000207168361,0.468994141,66b998ee27f3d0518b9126183e871db242981e064ff1c3654bb4a08e57ce0afc,0,0,2.256026029586792,
0,local-qwen35-27b-m2-output,int8,0.0212500017,True,0,0.00199816305,3.89038086,8492243ba15a590e486ccd24cd56f92c290c8410bc049b931d04bd45730b68ff,0,0,4.344491958618164,
0,local-qwen35-27b-m2-output,previous_int8,0.0211250008,True,0,0.00199816305,3.89038086,8492243ba15a590e486ccd24cd56f92c290c8410bc049b931d04bd45730b68ff,0,0,4.522094249725342,
0,local-qwen35-27b-m2-output,mlx,0.0342917,True,0,0.0002108,0.157227,,,,3.0600130558013916,
0,local-qwen35-27b-m8-q,fp16,0.0569166587,True,0,0.000238401863,0.71484375,6ba1500cb6a44d4c83d415b834f4c6c3c7cec8c2319376c0b01d95d7d5d18f6c,0,0,2.2009549140930176,
0,local-qwen35-27b-m8-q,previous_fp16,0.0574166625,True,0,0.000238401863,0.71484375,6ba1500cb6a44d4c83d415b834f4c6c3c7cec8c2319376c0b01d95d7d5d18f6c,0,0,2.0517051219940186,
0,local-qwen35-27b-m8-q,fp32,0.0571249984,True,0,0.000238401863,0.71484375,6ba1500cb6a44d4c83d415b834f4c6c3c7cec8c2319376c0b01d95d7d5d18f6c,0,0,2.0624890327453613,
0,local-qwen35-27b-m8-q,previous_fp32,0.0566666713,True,0,0.000238401863,0.71484375,6ba1500cb6a44d4c83d415b834f4c6c3c7cec8c2319376c0b01d95d7d5d18f6c,0,0,2.0285019874572754,
0,local-qwen35-27b-m8-q,int8,0.0379999983,True,0,0.00381110972,5.91552734,85947aef9651afbc27a3f6b6c2cd745e5f0945e2b90ae91eac3833ebc2021e5a,0,0,3.24402117729187,
0,local-qwen35-27b-m8-q,previous_int8,0.0375000091,True,0,0.00381110972,5.91552734,85947aef9651afbc27a3f6b6c2cd745e5f0945e2b90ae91eac3833ebc2021e5a,0,0,2.7336068153381348,
0,local-qwen35-27b-m8-q,mlx,0.051,True,0,0.000234006,0.22876,,,,2.181083917617798,
0,local-qwen35-27b-m8-kv,fp16,0.027874994,True,0,0.000213474747,0.673583984,2263e21820eb5b1b26603efaec25913d625fa8f325308c4c2b9270522e0a13c2,0,0,3.7394790649414062,
0,local-qwen35-27b-m8-kv,previous_fp16,0.0277500076,True,0,0.000213474747,0.673583984,2263e21820eb5b1b26603efaec25913d625fa8f325308c4c2b9270522e0a13c2,0,0,3.6029558181762695,
0,local-qwen35-27b-m8-kv,fp32,0.0279583328,True,0,0.000213474747,0.673583984,2263e21820eb5b1b26603efaec25913d625fa8f325308c4c2b9270522e0a13c2,0,0,3.6173288822174072,
0,local-qwen35-27b-m8-kv,previous_fp32,0.0279166707,True,0,0.000213474747,0.673583984,2263e21820eb5b1b26603efaec25913d625fa8f325308c4c2b9270522e0a13c2,0,0,3.6167259216308594,
0,local-qwen35-27b-m8-kv,int8,0.0230416626,True,0,0.00363780034,5.92675781,eaed1ae5768a0ad8c1a652d52c922bde82505c9eb03e25eb80087c3f8ebda4a8,0,0,4.688705205917358,
0,local-qwen35-27b-m8-kv,previous_int8,0.0227499986,True,0,0.00363780034,5.92675781,eaed1ae5768a0ad8c1a652d52c922bde82505c9eb03e25eb80087c3f8ebda4a8,0,0,4.180269002914429,
0,local-qwen35-27b-m8-kv,mlx,0.0136667,True,0,0.000115593,0.0661621,,,,6.305666923522949,
0,local-qwen35-27b-m8-output,fp16,0.0602500077,True,0,0.000235943303,0.742675781,7f1c957ed36e0c1248643e9ed60c9cd4f1a8ddb518e250241eca9a7cf87a8794,0,0,2.136038064956665,
0,local-qwen35-27b-m8-output,previous_fp16,0.0615000026,True,0,0.000235943303,0.742675781,7f1c957ed36e0c1248643e9ed60c9cd4f1a8ddb518e250241eca9a7cf87a8794,0,0,2.078239917755127,
0,local-qwen35-27b-m8-output,fp32,0.0620416686,True,0,0.000235943303,0.742675781,7f1c957ed36e0c1248643e9ed60c9cd4f1a8ddb518e250241eca9a7cf87a8794,0,0,2.0143790245056152,
0,local-qwen35-27b-m8-output,previous_fp32,0.0590416603,True,0,0.000235943303,0.742675781,7f1c957ed36e0c1248643e9ed60c9cd4f1a8ddb518e250241eca9a7cf87a8794,0,0,1.9578680992126465,
0,local-qwen35-27b-m8-output,int8,0.0392499933,True,0,0.00422980025,7.92993164,c4234b97656d54786fff53146a6815ea62789435d613e33d90bc8519ee68208a,0,0,3.270003080368042,
0,local-qwen35-27b-m8-output,previous_int8,0.0389999914,True,0,0.00422980025,7.92993164,c4234b97656d54786fff53146a6815ea62789435d613e33d90bc8519ee68208a,0,0,2.6607213020324707,
0,local-qwen35-27b-m8-output,mlx,0.0491667,True,0,0.00020532,0.413818,,,,2.220106840133667,
0,local-qwen35-27b-m32-q,fp16,0.171333333,True,0,0.000241191731,0.655517578,c01f82f90d93aec0f8c3e680418a681148255dd7384f5ce16a982477c8f13cf5,0,0,1.0323071479797363,
0,local-qwen35-27b-m32-q,previous_fp16,0.171291671,True,0,0.000241191731,0.655517578,c01f82f90d93aec0f8c3e680418a681148255dd7384f5ce16a982477c8f13cf5,0,0,1.0459580421447754,
0,local-qwen35-27b-m32-q,fp32,0.17095833,True,0,0.000241191731,0.655517578,c01f82f90d93aec0f8c3e680418a681148255dd7384f5ce16a982477c8f13cf5,0,0,1.053102970123291,
0,local-qwen35-27b-m32-q,previous_fp32,0.171666659,True,0,0.000241191731,0.655517578,c01f82f90d93aec0f8c3e680418a681148255dd7384f5ce16a982477c8f13cf5,0,0,1.0403199195861816,
0,local-qwen35-27b-m32-q,int8,0.0758750102,True,0,0.00397950322,5.99975586,b4935f431ae4eb27ae825b8c70b01bf994b470bedef730dd135cb949337bd12f,0,0,1.7021160125732422,
0,local-qwen35-27b-m32-q,previous_int8,0.0757499947,True,0,0.00397950322,5.99975586,b4935f431ae4eb27ae825b8c70b01bf994b470bedef730dd135cb949337bd12f,0,0,1.703003168106079,
0,local-qwen35-27b-m32-q,mlx,0.098375,True,0,0.000176096,0.193604,,,,1.4531950950622559,
0,local-qwen35-27b-m32-kv,fp16,0.0385833264,True,0,0.00024519424,0.655517578,2cfb4e41ddcf7ef67cb3aaf2b268028bbb1824718d38bec53dfcf8f07cc1eeef,0,0,2.8150291442871094,
0,local-qwen35-27b-m32-kv,previous_fp16,0.0388749904,True,0,0.00024519424,0.655517578,2cfb4e41ddcf7ef67cb3aaf2b268028bbb1824718d38bec53dfcf8f07cc1eeef,0,0,2.5940730571746826,
0,local-qwen35-27b-m32-kv,fp32,0.038750004,True,0,0.00024519424,0.655517578,2cfb4e41ddcf7ef67cb3aaf2b268028bbb1824718d38bec53dfcf8f07cc1eeef,0,0,2.678130865097046,
0,local-qwen35-27b-m32-kv,previous_fp32,0.0390000059,True,0,0.00024519424,0.655517578,2cfb4e41ddcf7ef67cb3aaf2b268028bbb1824718d38bec53dfcf8f07cc1eeef,0,0,2.6195051670074463,
0,local-qwen35-27b-m32-kv,int8,0.0756249938,True,0,0.00392949041,6.60791016,b37fc046f5db8d6e81a420b60f45b06387bb951b41a973768203940f793343cf,0,0,1.701711893081665,
0,local-qwen35-27b-m32-kv,previous_int8,0.0755416695,True,0,0.00392949041,6.60791016,b37fc046f5db8d6e81a420b60f45b06387bb951b41a973768203940f793343cf,0,0,1.7055809497833252,
0,local-qwen35-27b-m32-kv,mlx,0.04025,True,0,0.000134703,0.211914,,,,2.5520172119140625,
0,local-qwen35-27b-m32-output,fp16,0.175833324,True,0,0.000276228053,0.884521484,d6634627bca9d5f0daeb4a13f9f7a5c196c6ad6ed536b99c383cdc1ef605427c,0,0,1.021453619003296,
0,local-qwen35-27b-m32-output,previous_fp16,0.176375004,True,0,0.000276228053,0.884521484,d6634627bca9d5f0daeb4a13f9f7a5c196c6ad6ed536b99c383cdc1ef605427c,0,0,1.0398271083831787,
0,local-qwen35-27b-m32-output,fp32,0.175291658,True,0,0.000276228053,0.884521484,d6634627bca9d5f0daeb4a13f9f7a5c196c6ad6ed536b99c383cdc1ef605427c,0,0,1.0433359146118164,
0,local-qwen35-27b-m32-output,previous_fp32,0.174666668,True,0,0.000276228053,0.884521484,d6634627bca9d5f0daeb4a13f9f7a5c196c6ad6ed536b99c383cdc1ef605427c,0,0,1.022477149963379,
0,local-qwen35-27b-m32-output,int8,0.0865416805,True,0,0.00396653685,6.50024414,4ce65990587d6a24a422f7597cc3dd2f3f716a6aee0f25df5500ee069908b8f5,0,0,1.5591926574707031,
0,local-qwen35-27b-m32-output,previous_int8,0.0879583386,True,0,0.00396653685,6.50024414,4ce65990587d6a24a422f7597cc3dd2f3f716a6aee0f25df5500ee069908b8f5,0,0,1.558082103729248,
0,local-qwen35-27b-m32-output,mlx,0.115125,True,0,0.000162733,0.408203,,,,1.2584550380706787,
0,local-qwen35-27b-m128-q,fp16,0.0991249981,True,0,0.000310365865,0.944335938,bf07798e3638599cd2ff32f3d34ba901f1110abd185561117644aef62b4d6655,0,0,1.6067078113555908,
0,local-qwen35-27b-m128-q,previous_fp16,0.0997500028,True,0,0.000310365865,0.944335938,bf07798e3638599cd2ff32f3d34ba901f1110abd185561117644aef62b4d6655,0,0,1.4114799499511719,
0,local-qwen35-27b-m128-q,fp32,0.120666678,True,0,0.000275215507,0.957275391,e473389f029df1537a6356efa3ff8008ad5cba89d9bde80229793d61aefeb9d8,0,0,1.957230806350708,
0,local-qwen35-27b-m128-q,previous_fp32,0.119541655,True,0,0.000275215507,0.957275391,e473389f029df1537a6356efa3ff8008ad5cba89d9bde80229793d61aefeb9d8,0,0,1.2163100242614746,
0,local-qwen35-27b-m128-q,int8,0.0819999987,True,0,0.00412051908,6.62792969,d5d7d6ea7398fc1f67fb3781681bb372b0c73a34679e0b0ef71618194da4a2e1,0,0,1.6237828731536865,
0,local-qwen35-27b-m128-q,previous_int8,0.0816250104,True,0,0.00412051908,6.62792969,d5d7d6ea7398fc1f67fb3781681bb372b0c73a34679e0b0ef71618194da4a2e1,0,0,1.6427109241485596,
0,local-qwen35-27b-m128-q,mlx,0.2365,True,0,0.000337314,0.483887,,,,0.9120302200317383,
0,local-qwen35-27b-m128-kv,fp16,0.0740000105,True,0,0.000260769965,0.641113281,c443aa93c26c85c5768f5b1bdb7b7334e8bd967cdeea43bce5988c5ba4842818,0,0,1.886375904083252,
0,local-qwen35-27b-m128-kv,previous_fp16,0.0742916745,True,0,0.000260769965,0.641113281,c443aa93c26c85c5768f5b1bdb7b7334e8bd967cdeea43bce5988c5ba4842818,0,0,1.6763639450073242,
0,local-qwen35-27b-m128-kv,fp32,0.10325,True,0,0.000280854477,0.830566406,a7e20a965071a0a8acc24cff19d27bf2e994c7720c39590e6fc7f9e9847603a1,0,0,2.0782909393310547,
0,local-qwen35-27b-m128-kv,previous_fp32,0.102874998,True,0,0.000280854477,0.830566406,a7e20a965071a0a8acc24cff19d27bf2e994c7720c39590e6fc7f9e9847603a1,0,0,1.3503239154815674,
0,local-qwen35-27b-m128-kv,int8,0.0743749988,True,0,0.0036321767,5.97680664,f325851111602270b147af7a30e4ccddf27a7955ba8b99b096b7dd98dd858309,0,0,1.734740972518921,
0,local-qwen35-27b-m128-kv,previous_int8,0.0741666736,True,0,0.0036321767,5.97680664,f325851111602270b147af7a30e4ccddf27a7955ba8b99b096b7dd98dd858309,0,0,1.7386858463287354,
0,local-qwen35-27b-m128-kv,mlx,0.043375,True,0,0.000145829,0.216797,,,,2.4744961261749268,
0,local-qwen35-27b-m128-output,fp16,0.106958323,True,0,0.000289435077,0.787109375,eee2b64793cdab0ab4b69c7b7f4fecfd7aee6c9b850e9faf923b60ee7bbc90c1,0,0,1.553481101989746,
0,local-qwen35-27b-m128-output,previous_fp16,0.107250002,True,0,0.000289435077,0.787109375,eee2b64793cdab0ab4b69c7b7f4fecfd7aee6c9b850e9faf923b60ee7bbc90c1,0,0,1.3348438739776611,
0,local-qwen35-27b-m128-output,fp32,0.137208335,True,0,0.000258626543,0.739746094,47f605c1b016b6d3e85dfe7c8db865d33bc21cc9534ef3bda929c918952b6088,0,0,2.0381338596343994,
0,local-qwen35-27b-m128-output,previous_fp32,0.138333329,True,0,0.000258626543,0.739746094,47f605c1b016b6d3e85dfe7c8db865d33bc21cc9534ef3bda929c918952b6088,0,0,1.1192848682403564,
0,local-qwen35-27b-m128-output,int8,0.0896249985,True,0,0.00404428407,8.00830078,61ed0ad9fea374448f693b6bba85117a1268e57240acb29651739bb17c421027,0,0,1.5337672233581543,
0,local-qwen35-27b-m128-output,previous_int8,0.0892499957,True,0,0.00404428407,8.00830078,61ed0ad9fea374448f693b6bba85117a1268e57240acb29651739bb17c421027,0,0,1.5325028896331787,
0,local-qwen35-27b-m128-output,mlx,0.28125,True,0,0.000216404,0.420898,,,,0.8809988498687744,
0,local-qwen35-27b-m512-q,fp16,0.298250001,True,0,0.000256962849,0.486083984,50b05f621928b9ef2f36e9f42ba45d7650b62ee46a12f5fde5488862ff20bceb,0,0,0.8540678024291992,
0,local-qwen35-27b-m512-q,previous_fp16,0.301874999,True,0,0.000256962849,0.486083984,50b05f621928b9ef2f36e9f42ba45d7650b62ee46a12f5fde5488862ff20bceb,0,0,0.8593158721923828,
0,local-qwen35-27b-m512-q,fp32,0.284666661,True,0,0.000194497838,0.486083984,3e5de94b134df897b99368e48dbc721e6cfcb98e21b3a005fe691831048afd69,0,0,0.8766739368438721,
0,local-qwen35-27b-m512-q,previous_fp32,0.282875,True,0,0.000194497838,0.486083984,3e5de94b134df897b99368e48dbc721e6cfcb98e21b3a005fe691831048afd69,0,0,0.8816912174224854,
0,local-qwen35-27b-m512-q,int8,0.168499988,True,0,0.0037193249,6.00366211,78417887b3c6c43c53fc8eb74c712c171374b59e360084797620e19f8249ee68,0,0,1.0741140842437744,
0,local-qwen35-27b-m512-q,previous_int8,0.167333332,True,0,0.0037193249,6.00366211,78417887b3c6c43c53fc8eb74c712c171374b59e360084797620e19f8249ee68,0,0,1.0787649154663086,
0,local-qwen35-27b-m512-q,mlx,0.281583,True,0,0.000163561,0.193604,,,,0.877260684967041,
0,local-qwen35-27b-m512-kv,fp16,0.0784583244,True,0,0.000277097171,0.666992188,b6de47e7bbd88d330fd6e462b33ace8e1b6f48a6b65e4dd074b32f80b3dc0096,0,0,1.6354398727416992,
0,local-qwen35-27b-m512-kv,previous_fp16,0.0783750002,True,0,0.000277097171,0.666992188,b6de47e7bbd88d330fd6e462b33ace8e1b6f48a6b65e4dd074b32f80b3dc0096,0,0,1.6395251750946045,
0,local-qwen35-27b-m512-kv,fp32,0.104208346,True,0,0.000289063849,0.666992188,031a4ca1cca04d00afc020669e26a85a9150d9c82965786bb2724b0be8e03e91,0,0,1.3301379680633545,
0,local-qwen35-27b-m512-kv,previous_fp32,0.104374994,True,0,0.000289063849,0.666992188,031a4ca1cca04d00afc020669e26a85a9150d9c82965786bb2724b0be8e03e91,0,0,1.3267452716827393,
0,local-qwen35-27b-m512-kv,int8,0.0759166578,True,0,0.00346822034,6.00317383,35372f5adc4a6c9496a6869232cefd53a87f73de96c68bcde3800aa99edf0cba,0,0,1.679175853729248,
0,local-qwen35-27b-m512-kv,previous_int8,0.0757499947,True,0,0.00346822034,6.00317383,35372f5adc4a6c9496a6869232cefd53a87f73de96c68bcde3800aa99edf0cba,0,0,1.6838898658752441,
0,local-qwen35-27b-m512-kv,mlx,0.059625,True,0,0.000111034,0.187012,,,,1.959306001663208,
0,local-qwen35-27b-m512-output,fp16,0.328166672,True,0,0.000311773074,0.787109375,83b8f6f74370bef407d6015d3812b131d5ba5f90ca4b6a1093628bca304634e8,0,0,0.8549370765686035,
0,local-qwen35-27b-m512-output,previous_fp16,0.329166665,True,0,0.000311773074,0.787109375,83b8f6f74370bef407d6015d3812b131d5ba5f90ca4b6a1093628bca304634e8,0,0,0.841893196105957,
0,local-qwen35-27b-m512-output,fp32,0.278749998,True,0,0.000180731548,0.483398438,d4995011b0bf53198f92c2bc00d4ce9dc2111853c5f69009cc55ebd8234dfb8f,0,0,0.8750960826873779,
0,local-qwen35-27b-m512-output,previous_fp32,0.278625012,True,0,0.000180731548,0.483398438,d4995011b0bf53198f92c2bc00d4ce9dc2111853c5f69009cc55ebd8234dfb8f,0,0,0.8928492069244385,
0,local-qwen35-27b-m512-output,int8,0.142749996,True,0,0.00377019018,7.84545898,3c37ff9092a7ce540ad5e81927d25477486fb8b1bf481c0476de2070aa3e8e32,0,0,1.150343894958496,
0,local-qwen35-27b-m512-output,previous_int8,0.142500008,True,0,0.00377019018,7.84545898,3c37ff9092a7ce540ad5e81927d25477486fb8b1bf481c0476de2070aa3e8e32,0,0,1.1405858993530273,
0,local-qwen35-27b-m512-output,mlx,0.277375,True,0,0.000169359,0.326172,,,,0.9026510715484619,
0,local-qwen35-27b-m1024-q,fp16,0.541833331,True,0,0.000396288887,0.880126953,e824e674eee3e6d9fabaaea933a1e6d93c06c26457dd66a17f5e1bf17387d5a5,0,0,0.9524168968200684,
0,local-qwen35-27b-m1024-q,previous_fp16,0.542499998,True,0,0.000396288887,0.880126953,e824e674eee3e6d9fabaaea933a1e6d93c06c26457dd66a17f5e1bf17387d5a5,0,0,0.7862539291381836,
0,local-qwen35-27b-m1024-q,fp32,0.553999998,True,0,0.000186774432,0.5,41feceb73a8d8a8662b44822459549bc81cd778827b80b1a4daa691fb35d9037,0,0,0.7730438709259033,
0,local-qwen35-27b-m1024-q,previous_fp32,0.553166668,True,0,0.000186774432,0.5,41feceb73a8d8a8662b44822459549bc81cd778827b80b1a4daa691fb35d9037,0,0,0.7803599834442139,
0,local-qwen35-27b-m1024-q,int8,0.319875006,True,0,0.00396168833,5.97729492,b685900cfa6f552b0e3a43cbe4aeb26b32ea97cb32efae5c6d5daf3e5920d3be,0,0,0.8555819988250732,
0,local-qwen35-27b-m1024-q,previous_int8,0.317500002,True,0,0.00396168833,5.97729492,b685900cfa6f552b0e3a43cbe4aeb26b32ea97cb32efae5c6d5daf3e5920d3be,0,0,0.8623960018157959,
0,local-qwen35-27b-m1024-q,mlx,0.55025,True,0,0.000234006,0.22876,,,,0.7905981540679932,
0,local-qwen35-27b-m1024-kv,fp16,0.115916657,True,0,0.000373148514,1.26000977,094c9cd4dfb83481f7d91caaec39fb610ae2b3c05f45107f1fab94bbc20d2890,0,0,1.2441749572753906,
0,local-qwen35-27b-m1024-kv,previous_fp16,0.115541654,True,0,0.000373148514,1.26000977,094c9cd4dfb83481f7d91caaec39fb610ae2b3c05f45107f1fab94bbc20d2890,0,0,1.2297110557556152,
0,local-qwen35-27b-m1024-kv,fp32,0.130375003,True,0,0.000319413762,0.739990234,b235051d4d3816356cc49fbdedf6c7990a37cfec1eb4842c4e40292ee7fadf59,0,0,1.119399070739746,
0,local-qwen35-27b-m1024-kv,previous_fp32,0.13125001,True,0,0.000319413762,0.739990234,b235051d4d3816356cc49fbdedf6c7990a37cfec1eb4842c4e40292ee7fadf59,0,0,1.1040778160095215,
0,local-qwen35-27b-m1024-kv,int8,0.0818749977,True,0,0.00364857264,6.58081055,ebd5e440bc92abe396c9d98660c8daa81f563283ef5d2e0d1a2985208e24a38b,0,0,1.6058852672576904,
0,local-qwen35-27b-m1024-kv,previous_int8,0.0818333356,True,0,0.00364857264,6.58081055,ebd5e440bc92abe396c9d98660c8daa81f563283ef5d2e0d1a2985208e24a38b,0,0,1.6104521751403809,
0,local-qwen35-27b-m1024-kv,mlx,0.11225,True,0,0.000115593,0.0661621,,,,1.2636888027191162,
0,local-qwen35-27b-m1024-output,fp16,0.646583343,True,0,0.000390497249,0.905029297,e200bcf1f723b77ed0b80a6baa3bf018be9fe0a920fd32ffb096428cebc75d9d,0,0,0.9246017932891846,
0,local-qwen35-27b-m1024-output,previous_fp16,0.647083347,True,0,0.000390497249,0.905029297,e200bcf1f723b77ed0b80a6baa3bf018be9fe0a920fd32ffb096428cebc75d9d,0,0,0.7491860389709473,
0,local-qwen35-27b-m1024-output,fp32,0.543624992,True,0,0.000187024991,0.494873047,4bb3016c8965e4efceb15d077d8293cec2bc24ec3d0650fb78632ed383948dbd,0,0,0.775954008102417,
0,local-qwen35-27b-m1024-output,previous_fp32,0.545000003,True,0,0.000187024991,0.494873047,4bb3016c8965e4efceb15d077d8293cec2bc24ec3d0650fb78632ed383948dbd,0,0,0.7789859771728516,
0,local-qwen35-27b-m1024-output,int8,0.378875004,True,0,0.00415367187,7.90356445,9ffc717d652d881c308db5d2e5c3e6feb3a5b9d00c9d9e8a29d9446deee94891,0,0,0.8161890506744385,
0,local-qwen35-27b-m1024-output,previous_int8,0.377000004,True,0,0.00415367187,7.90356445,9ffc717d652d881c308db5d2e5c3e6feb3a5b9d00c9d9e8a29d9446deee94891,0,0,0.8240818977355957,
0,local-qwen35-27b-m1024-output,mlx,0.551917,True,0,0.00020532,0.413818,,,,0.794511079788208,
0,local-qwen35-27b-m2048-q,fp16,1.06975,True,0,0.000195964602,0.358154297,d132493ff89c2f07559d082bdffcb4b9df28bce05ca18003a03b1d98383ee9f9,0,0,0.6900458335876465,
0,local-qwen35-27b-m2048-q,previous_fp16,1.07262499,True,0,0.000195964602,0.358154297,d132493ff89c2f07559d082bdffcb4b9df28bce05ca18003a03b1d98383ee9f9,0,0,0.6940040588378906,
0,local-qwen35-27b-m2048-q,fp32,1.07137499,True,0,0.000195964602,0.358154297,d132493ff89c2f07559d082bdffcb4b9df28bce05ca18003a03b1d98383ee9f9,0,0,0.6912992000579834,
0,local-qwen35-27b-m2048-q,previous_fp32,1.072125,True,0,0.000195964602,0.358154297,d132493ff89c2f07559d082bdffcb4b9df28bce05ca18003a03b1d98383ee9f9,0,0,0.6923110485076904,
0,local-qwen35-27b-m2048-q,int8,0.593958335,True,0,0.00408783533,6.53271484,18b0708abe20a1db17364816e46784609a11b03874f61450c18ef767439425d3,0,0,0.8038928508758545,
0,local-qwen35-27b-m2048-q,previous_int8,0.594375,True,0,0.00408783533,6.53271484,18b0708abe20a1db17364816e46784609a11b03874f61450c18ef767439425d3,0,0,0.7992608547210693,
0,local-qwen35-27b-m2048-q,mlx,1.07012,True,0,0.000221599,0.247803,,,,0.734583854675293,
0,local-qwen35-27b-m2048-kv,fp16,0.205291668,True,0,0.000351939972,1.26000977,96db42d18a4795c10fb22e25bd940788d0febc90f1309b9285f9fa8ec88de433,0,0,0.9372200965881348,
0,local-qwen35-27b-m2048-kv,previous_fp16,0.206041674,True,0,0.000351939972,1.26000977,96db42d18a4795c10fb22e25bd940788d0febc90f1309b9285f9fa8ec88de433,0,0,0.9283578395843506,
0,local-qwen35-27b-m2048-kv,fp32,0.241124988,True,0,0.000346148409,0.971679688,a9410ea1a89bf55515eef0635bf3c6366f6b1b8df5e1c3944a056416e3f00803,0,0,0.9004740715026855,
0,local-qwen35-27b-m2048-kv,previous_fp32,0.241250003,True,0,0.000346148409,0.971679688,a9410ea1a89bf55515eef0635bf3c6366f6b1b8df5e1c3944a056416e3f00803,0,0,0.8946707248687744,
0,local-qwen35-27b-m2048-kv,int8,0.128791668,True,0,0.0039346844,5.9777832,871117f0a5b6a424bc574f9594c855d55790b216c20f85688a25df4157756194,0,0,1.1304378509521484,
0,local-qwen35-27b-m2048-kv,previous_int8,0.128999993,True,0,0.0039346844,5.9777832,871117f0a5b6a424bc574f9594c855d55790b216c20f85688a25df4157756194,0,0,1.153289794921875,
0,local-qwen35-27b-m2048-kv,mlx,0.2225,True,0,0.000195511,0.204346,,,,0.9120759963989258,
0,local-qwen35-27b-m2048-output,fp16,1.093125,True,0,0.000177885527,0.464111328,4f57952758cdb146a57ba907b6e89612263da4543d0c2b9fbe216835153cde32,0,0,0.6934030055999756,
0,local-qwen35-27b-m2048-output,previous_fp16,1.08925,True,0,0.000177885527,0.464111328,4f57952758cdb146a57ba907b6e89612263da4543d0c2b9fbe216835153cde32,0,0,0.6934959888458252,
0,local-qwen35-27b-m2048-output,fp32,1.09616667,True,0,0.000177885527,0.464111328,4f57952758cdb146a57ba907b6e89612263da4543d0c2b9fbe216835153cde32,0,0,0.6938362121582031,
0,local-qwen35-27b-m2048-output,previous_fp32,1.05179167,True,0,0.000177885527,0.464111328,4f57952758cdb146a57ba907b6e89612263da4543d0c2b9fbe216835153cde32,0,0,0.6907839775085449,
0,local-qwen35-27b-m2048-output,int8,0.609875002,True,0,0.00417212508,7.90356445,9a7e641f43043e4881ed58a74c156de1d567a1b08a27755c222f1eea863ce373,0,0,0.7940611839294434,
0,local-qwen35-27b-m2048-output,previous_int8,0.609499999,True,0,0.00417212508,7.90356445,9a7e641f43043e4881ed58a74c156de1d567a1b08a27755c222f1eea863ce373,0,0,0.7979357242584229,
0,local-qwen35-27b-m2048-output,mlx,1.0875,True,0,0.000221554,0.245605,,,,0.720973014831543,
0,local-qwen35-27b-m3072-q,fp16,1.54654167,True,0,0.000182679821,0.474609375,35d4320d377c58349a417523e26abe19953186578d3369660d4c575057f5b46a,0,0,0.6754851341247559,
0,local-qwen35-27b-m3072-q,previous_fp16,1.54712499,True,0,0.000182679821,0.474609375,35d4320d377c58349a417523e26abe19953186578d3369660d4c575057f5b46a,0,0,0.6738419532775879,
0,local-qwen35-27b-m3072-q,fp32,1.54333333,True,0,0.000182679821,0.474609375,35d4320d377c58349a417523e26abe19953186578d3369660d4c575057f5b46a,0,0,0.6724660396575928,
0,local-qwen35-27b-m3072-q,previous_fp32,1.54504167,True,0,0.000182679821,0.474609375,35d4320d377c58349a417523e26abe19953186578d3369660d4c575057f5b46a,0,0,0.6713860034942627,
0,local-qwen35-27b-m3072-q,int8,0.865583323,True,0,0.00395844853,6.00512695,8a669d9e7bdb6ded978403dabf206ecf81efcd9bf18459407ea5a5f2f0dababe,0,0,0.7487528324127197,
0,local-qwen35-27b-m3072-q,previous_int8,0.886875001,True,0,0.00395844853,6.00512695,8a669d9e7bdb6ded978403dabf206ecf81efcd9bf18459407ea5a5f2f0dababe,0,0,0.750525951385498,
0,local-qwen35-27b-m3072-q,mlx,1.544,True,0,0.00018515,0.269287,,,,0.7239549160003662,
0,local-qwen35-27b-m3072-kv,fp16,0.296708327,True,0,0.000305990722,0.811767578,a33289d360a0313d9365c2bc5b68bf29d33040676ee3c0e5e2feba6c6ead6f39,0,0,0.8634140491485596,
0,local-qwen35-27b-m3072-kv,previous_fp16,0.297375009,True,0,0.000305990722,0.811767578,a33289d360a0313d9365c2bc5b68bf29d33040676ee3c0e5e2feba6c6ead6f39,0,0,0.8493058681488037,
0,local-qwen35-27b-m3072-kv,fp32,0.355750002,True,0,0.000327341318,0.971679688,5d635de55675ab8b5033e10483ee8331be2c54bbaaf78ecbae1820e3fd357d4e,0,0,0.8276309967041016,
0,local-qwen35-27b-m3072-kv,previous_fp32,0.357541663,True,0,0.000327341318,0.971679688,5d635de55675ab8b5033e10483ee8331be2c54bbaaf78ecbae1820e3fd357d4e,0,0,0.8160860538482666,
0,local-qwen35-27b-m3072-kv,int8,0.176958332,True,0,0.00398255577,6.58081055,86f622da7ab4b3b2649d7268ffe9d6eff464c1cf2e531df30e04a0e1fa134714,0,0,1.0142838954925537,
0,local-qwen35-27b-m3072-kv,previous_int8,0.176874993,True,0,0.00398255577,6.58081055,86f622da7ab4b3b2649d7268ffe9d6eff464c1cf2e531df30e04a0e1fa134714,0,0,1.033627986907959,
0,local-qwen35-27b-m3072-kv,mlx,0.282042,True,0,0.00018421,0.269287,,,,0.8799631595611572,
0,local-qwen35-27b-m3072-output,fp16,1.565375,True,0,0.000155999013,0.355957031,d560bcdb6e7a209c5db9af3860fc62f82b50c02820298717645a7283e1108a09,0,0,0.6687438488006592,
0,local-qwen35-27b-m3072-output,previous_fp16,1.58883333,True,0,0.000155999013,0.355957031,d560bcdb6e7a209c5db9af3860fc62f82b50c02820298717645a7283e1108a09,0,0,0.6705350875854492,
0,local-qwen35-27b-m3072-output,fp32,1.58179167,True,0,0.000155999013,0.355957031,d560bcdb6e7a209c5db9af3860fc62f82b50c02820298717645a7283e1108a09,0,0,0.666801929473877,
0,local-qwen35-27b-m3072-output,previous_fp32,1.59716666,True,0,0.000155999013,0.355957031,d560bcdb6e7a209c5db9af3860fc62f82b50c02820298717645a7283e1108a09,0,0,0.6709342002868652,
0,local-qwen35-27b-m3072-output,int8,0.893666671,True,0,0.0042278008,7.88378906,e3de1b3420a37d37970f6c28b3f6a31cf563b0c18f8f91310cdbe6c3295728b9,0,0,0.7447102069854736,
0,local-qwen35-27b-m3072-output,previous_int8,0.897541657,True,0,0.0042278008,7.88378906,e3de1b3420a37d37970f6c28b3f6a31cf563b0c18f8f91310cdbe6c3295728b9,0,0,0.7441811561584473,
0,local-qwen35-27b-m3072-output,mlx,1.5835,True,0,0.000168654,0.24292,,,,0.7060792446136475,
0,local-qwen35-27b-m4096-q,fp16,2.06325001,True,0,0.000190576001,0.359619141,ca5acd96b4a560942041419e7848135d345da9803fd72fa0f9b2c735f2f6770e,0,0,0.6649808883666992,
0,local-qwen35-27b-m4096-q,previous_fp16,2.06725001,True,0,0.000190576001,0.359619141,ca5acd96b4a560942041419e7848135d345da9803fd72fa0f9b2c735f2f6770e,0,0,0.6737782955169678,
0,local-qwen35-27b-m4096-q,fp32,2.06770834,True,0,0.000190576001,0.359619141,ca5acd96b4a560942041419e7848135d345da9803fd72fa0f9b2c735f2f6770e,0,0,0.6703429222106934,
0,local-qwen35-27b-m4096-q,previous_fp32,2.06854167,True,0,0.000190576001,0.359619141,ca5acd96b4a560942041419e7848135d345da9803fd72fa0f9b2c735f2f6770e,0,0,0.6666347980499268,
0,local-qwen35-27b-m4096-q,int8,1.16620834,True,0,0.00399470874,5.33349609,ef52fc95232517626a79a2e1039edf319f5a96d019a0a3fded52b57e7c00af18,0,0,1.1731610298156738,
0,local-qwen35-27b-m4096-q,previous_int8,1.16274999,True,0,0.00399470874,5.33349609,ef52fc95232517626a79a2e1039edf319f5a96d019a0a3fded52b57e7c00af18,0,0,0.7234029769897461,
0,local-qwen35-27b-m4096-q,mlx,2.06475,True,0,0.000176096,0.193604,,,,0.7402098178863525,
0,local-qwen35-27b-m4096-kv,fp16,0.380375001,True,0,0.000386470065,0.971679688,54a5b6c740d4b32da73a3df15df0a9c4ebf2c0b77701c266c463f52dd05f7335,0,0,0.9524919986724854,
0,local-qwen35-27b-m4096-kv,previous_fp16,0.380458325,True,0,0.000386470065,0.971679688,54a5b6c740d4b32da73a3df15df0a9c4ebf2c0b77701c266c463f52dd05f7335,0,0,0.7944400310516357,
0,local-qwen35-27b-m4096-kv,fp32,0.490458333,True,0,0.00028565966,0.971679688,98a64c9602cf6bf14f6b1995e0b39498ea17b3b3b43fc574f93c623f19c30ede,0,0,1.5817160606384277,
0,local-qwen35-27b-m4096-kv,previous_fp32,0.489666665,True,0,0.00028565966,0.971679688,98a64c9602cf6bf14f6b1995e0b39498ea17b3b3b43fc574f93c623f19c30ede,0,0,0.8077330589294434,
0,local-qwen35-27b-m4096-kv,int8,0.239791669,True,0,0.00386566213,6.609375,7b4c7b69a34e87bbc3ae0fff2e97ebdde5e3f7afed8242c1d39f46884c5a5ab4,0,0,1.3745982646942139,
0,local-qwen35-27b-m4096-kv,previous_int8,0.238875,True,0,0.00386566213,6.609375,7b4c7b69a34e87bbc3ae0fff2e97ebdde5e3f7afed8242c1d39f46884c5a5ab4,0,0,0.9374890327453613,
0,local-qwen35-27b-m4096-kv,mlx,0.382625,True,0,0.000134703,0.211914,,,,0.8066508769989014,
0,local-qwen35-27b-m4096-output,fp16,2.08275001,True,0,0.000176189507,0.469482422,bb6945eedbac67e1f31a1e4643dd124a092974b2240cdfd056efe7df71334e3c,0,0,0.6641550064086914,
0,local-qwen35-27b-m4096-output,previous_fp16,2.09658332,True,0,0.000176189507,0.469482422,bb6945eedbac67e1f31a1e4643dd124a092974b2240cdfd056efe7df71334e3c,0,0,0.6685619354248047,
0,local-qwen35-27b-m4096-output,fp32,2.09208333,True,0,0.000176189507,0.469482422,bb6945eedbac67e1f31a1e4643dd124a092974b2240cdfd056efe7df71334e3c,0,0,0.6709797382354736,
0,local-qwen35-27b-m4096-output,previous_fp32,2.106375,True,0,0.000176189507,0.469482422,bb6945eedbac67e1f31a1e4643dd124a092974b2240cdfd056efe7df71334e3c,0,0,0.6676640510559082,
0,local-qwen35-27b-m4096-output,int8,1.19416667,True,0,0.00405606748,7.90356445,d318fcea89f66bc4b03f0764a40f0fa850bf651e1c8bded31598e374c154ce08,0,0,1.2471511363983154,
0,local-qwen35-27b-m4096-output,previous_int8,1.19400001,True,0,0.00405606748,7.90356445,d318fcea89f66bc4b03f0764a40f0fa850bf651e1c8bded31598e374c154ce08,0,0,0.7131741046905518,
0,local-qwen35-27b-m4096-output,mlx,2.091,True,0,0.000162733,0.408203,,,,0.7353429794311523,
0,local-27b-gqa-r1-c2048,fp16,0.0497916626,True,0,0.000143710338,6.38521459e-06,9effbac2efd5862a3da7f9b6ac7e8f2de5eefa312d6de8c54427db9ba6293f76,0,0,2.195871114730835,
0,local-27b-gqa-r1-c2048,previous_fp16,0.0498750014,True,0,0.000143710338,6.38521459e-06,9effbac2efd5862a3da7f9b6ac7e8f2de5eefa312d6de8c54427db9ba6293f76,0,0,2.1734750270843506,
0,local-27b-gqa-r1-c2048,int8,0.265874987,True,0,0.00266466283,0.000158877647,0c3e361e635e4db8fd8963bbda7aae96c6e5b16267998d55a623cb6f643eb19b,0,0,1.54286789894104,
0,local-27b-gqa-r1-c2048,previous_int8,0.265750001,True,0,0.00266466283,0.000158877647,0c3e361e635e4db8fd8963bbda7aae96c6e5b16267998d55a623cb6f643eb19b,0,0,1.1903889179229736,
0,local-27b-gqa-r1-c2048,mlx,0.0253333,True,0,,6.28733e-06,,,,4.142581939697266,
0,local-27b-gqa-r1-c8192,fp16,0.137249997,True,0,0.000191000469,9.91786353e-06,64e645c4070816c238d8f3884eee0f17e99fae17a02a066098eb2b1187a89c83,0,0,1.1229138374328613,
0,local-27b-gqa-r1-c8192,previous_fp16,0.138208343,True,0,0.000191000469,9.91786353e-06,64e645c4070816c238d8f3884eee0f17e99fae17a02a066098eb2b1187a89c83,0,0,1.1069114208221436,
0,local-27b-gqa-r1-c8192,int8,0.947749999,True,0,0.00216881928,9.60411948e-05,25efff30754656deeaff30c88b98737467553229581cf96b31c759330827c4cb,0,0,0.6807949542999268,
0,local-27b-gqa-r1-c8192,previous_int8,0.950375004,True,0,0.00216881928,9.60411948e-05,25efff30754656deeaff30c88b98737467553229581cf96b31c759330827c4cb,0,0,0.6812441349029541,
0,local-27b-gqa-r1-c8192,mlx,0.047125,True,0,,7.75134e-06,,,,2.297147750854492,
0,local-27b-gqa-r128-c2048,fp16,0.450499996,True,0,0.000326152583,3.08059164e-05,b0e5d86740810f4e4fe1e069cd0d139650e21bae64555f6b7af309fb810ba320,0,0,1.0594441890716553,
0,local-27b-gqa-r128-c2048,previous_fp16,0.45079166,True,0,0.000326152583,3.08059164e-05,b0e5d86740810f4e4fe1e069cd0d139650e21bae64555f6b7af309fb810ba320,0,0,1.0643310546875,
0,local-27b-gqa-r128-c2048,int8,0.361124999,True,0,0.00502698072,0.000512799209,8a02bd896fa86580bc7eb53f6d8ce3035fa757525d587c8874f368859154f2af,0,0,1.390308141708374,
0,local-27b-gqa-r128-c2048,previous_int8,0.36125,True,0,0.00502698072,0.000512799209,8a02bd896fa86580bc7eb53f6d8ce3035fa757525d587c8874f368859154f2af,0,0,1.1307339668273926,
0,local-27b-gqa-r128-c2048,mlx,0.219625,True,0,,3.06533e-05,,,,0.9350838661193848,
0,local-27b-gqa-r128-c8192,fp16,1.76554166,True,0,0.000282828543,2.90547609e-05,b87209f047d481192d259afa8acfe1f88ea52dad503dae0038155f0f914254fa,0,0,0.6378171443939209,
0,local-27b-gqa-r128-c8192,previous_fp16,1.76687499,True,0,0.000282828543,2.90547609e-05,b87209f047d481192d259afa8acfe1f88ea52dad503dae0038155f0f914254fa,0,0,0.6356222629547119,
0,local-27b-gqa-r128-c8192,int8,1.37999999,True,0,0.00479088463,0.000466477647,78b7abdc8c59921a66df035dfb6712a35c020d391423e363418d66c13765e543,0,0,0.6575822830200195,
0,local-27b-gqa-r128-c8192,previous_int8,1.367875,True,0,0.00479088463,0.000466477647,78b7abdc8c59921a66df035dfb6712a35c020d391423e363418d66c13765e543,0,0,0.6589372158050537,
0,local-27b-gqa-r128-c8192,mlx,0.887542,True,0,,2.22732e-05,,,,0.704185962677002,
0,local-27b-gqa-r2048-c2048,fp16,1.47666667,True,0,0.000112839617,2.55493745e-05,3b3d45b9a792dc7ecb3a9a642cbbc99603993374fca61835fda7ac34159f1e10,0,0,0.6554441452026367,
0,local-27b-gqa-r2048-c2048,previous_fp16,1.46045834,True,0,0.000112839617,2.55493745e-05,3b3d45b9a792dc7ecb3a9a642cbbc99603993374fca61835fda7ac34159f1e10,0,0,0.6502330303192139,
0,local-27b-gqa-r2048-c2048,int8,1.85225,True,0,0.00406840037,0.0009765625,450704f9a2a105c4bbadffedf3819b0321193df1725f242febf189c406b95d28,0,0,0.6434979438781738,
0,local-27b-gqa-r2048-c2048,previous_int8,1.83991667,True,0,0.00406840037,0.0009765625,450704f9a2a105c4bbadffedf3819b0321193df1725f242febf189c406b95d28,0,0,0.648190975189209,
0,local-27b-gqa-r2048-c2048,mlx,0.801458,True,0,,2.37305e-05,,,,0.6872918605804443,
0,local-27b-gqa-r2048-c8192,fp16,8.90862499,True,0,0.000266621998,2.57411143e-05,216dabcb65de1aea5c548e04afb69f5b6270cbdb37413393daf87fcd7676d570,0,0,0.6503229141235352,
0,local-27b-gqa-r2048-c8192,previous_fp16,9.16008333,True,0,0.000266621998,2.57411143e-05,216dabcb65de1aea5c548e04afb69f5b6270cbdb37413393daf87fcd7676d570,0,0,0.6529929637908936,
0,local-27b-gqa-r2048-c8192,int8,8.74875,True,0,0.00601930596,0.000624519722,1fbf536287b84fc5171a4552ec3af332de77cec2c0778d5063568c0f682d48ef,0,0,0.6530032157897949,
0,local-27b-gqa-r2048-c8192,previous_int8,8.76924999,True,0,0.00601930596,0.000624519722,1fbf536287b84fc5171a4552ec3af332de77cec2c0778d5063568c0f682d48ef,0,0,0.6542489528656006,
0,local-27b-gqa-r2048-c8192,mlx,4.63558,True,0,,1.92169e-05,,,,0.6125349998474121,
1,local-27b-gqa-r2048-c8192,mlx,4.67275,True,0,,1.92169e-05,,,,0.612354040145874,
1,local-27b-gqa-r2048-c8192,previous_int8,8.74912499,True,0,0.00601930596,0.000624519722,1fbf536287b84fc5171a4552ec3af332de77cec2c0778d5063568c0f682d48ef,0,0,0.6534550189971924,
1,local-27b-gqa-r2048-c8192,int8,8.76154167,True,0,0.00601930596,0.000624519722,1fbf536287b84fc5171a4552ec3af332de77cec2c0778d5063568c0f682d48ef,0,0,0.653925895690918,
1,local-27b-gqa-r2048-c8192,previous_fp16,9.02504167,True,0,0.000266621998,2.57411143e-05,216dabcb65de1aea5c548e04afb69f5b6270cbdb37413393daf87fcd7676d570,0,0,0.6551532745361328,
1,local-27b-gqa-r2048-c8192,fp16,9.127625,True,0,0.000266621998,2.57411143e-05,216dabcb65de1aea5c548e04afb69f5b6270cbdb37413393daf87fcd7676d570,0,0,0.6535489559173584,
1,local-27b-gqa-r2048-c2048,mlx,0.804917,True,0,,2.37305e-05,,,,0.6927821636199951,
1,local-27b-gqa-r2048-c2048,previous_int8,1.86108334,True,0,0.00406840037,0.0009765625,450704f9a2a105c4bbadffedf3819b0321193df1725f242febf189c406b95d28,0,0,0.6439530849456787,
1,local-27b-gqa-r2048-c2048,int8,1.84,True,0,0.00406840037,0.0009765625,450704f9a2a105c4bbadffedf3819b0321193df1725f242febf189c406b95d28,0,0,0.6450600624084473,
1,local-27b-gqa-r2048-c2048,previous_fp16,1.48987499,True,0,0.000112839617,2.55493745e-05,3b3d45b9a792dc7ecb3a9a642cbbc99603993374fca61835fda7ac34159f1e10,0,0,0.6509597301483154,
1,local-27b-gqa-r2048-c2048,fp16,1.47487501,True,0,0.000112839617,2.55493745e-05,3b3d45b9a792dc7ecb3a9a642cbbc99603993374fca61835fda7ac34159f1e10,0,0,0.65090012550354,
1,local-27b-gqa-r128-c8192,mlx,0.887917,True,0,,2.22732e-05,,,,0.6937029361724854,
1,local-27b-gqa-r128-c8192,previous_int8,1.38766668,True,0,0.00479088463,0.000466477647,78b7abdc8c59921a66df035dfb6712a35c020d391423e363418d66c13765e543,0,0,0.655303955078125,
1,local-27b-gqa-r128-c8192,int8,1.3985,True,0,0.00479088463,0.000466477647,78b7abdc8c59921a66df035dfb6712a35c020d391423e363418d66c13765e543,0,0,0.6588253974914551,
1,local-27b-gqa-r128-c8192,previous_fp16,1.76595832,True,0,0.000282828543,2.90547609e-05,b87209f047d481192d259afa8acfe1f88ea52dad503dae0038155f0f914254fa,0,0,0.6375508308410645,
1,local-27b-gqa-r128-c8192,fp16,1.76662501,True,0,0.000282828543,2.90547609e-05,b87209f047d481192d259afa8acfe1f88ea52dad503dae0038155f0f914254fa,0,0,0.6375570297241211,
1,local-27b-gqa-r128-c2048,mlx,0.224708,True,0,,3.06533e-05,,,,0.940126895904541,
1,local-27b-gqa-r128-c2048,previous_int8,0.360999999,True,0,0.00502698072,0.000512799209,8a02bd896fa86580bc7eb53f6d8ce3035fa757525d587c8874f368859154f2af,0,0,0.7996318340301514,
1,local-27b-gqa-r128-c2048,int8,0.361458326,True,0,0.00502698072,0.000512799209,8a02bd896fa86580bc7eb53f6d8ce3035fa757525d587c8874f368859154f2af,0,0,0.797766923904419,
1,local-27b-gqa-r128-c2048,previous_fp16,0.451874992,True,0,0.000326152583,3.08059164e-05,b0e5d86740810f4e4fe1e069cd0d139650e21bae64555f6b7af309fb810ba320,0,0,0.8100359439849854,
1,local-27b-gqa-r128-c2048,fp16,0.45204167,True,0,0.000326152583,3.08059164e-05,b0e5d86740810f4e4fe1e069cd0d139650e21bae64555f6b7af309fb810ba320,0,0,0.8056550025939941,
1,local-27b-gqa-r1-c8192,mlx,0.0477917,True,0,,7.75134e-06,,,,2.3752059936523438,
1,local-27b-gqa-r1-c8192,previous_int8,0.955124997,True,0,0.00216881928,9.60411948e-05,25efff30754656deeaff30c88b98737467553229581cf96b31c759330827c4cb,0,0,0.6853163242340088,
1,local-27b-gqa-r1-c8192,int8,0.950624992,True,0,0.00216881928,9.60411948e-05,25efff30754656deeaff30c88b98737467553229581cf96b31c759330827c4cb,0,0,0.6870551109313965,
1,local-27b-gqa-r1-c8192,previous_fp16,0.137083334,True,0,0.000191000469,9.91786353e-06,64e645c4070816c238d8f3884eee0f17e99fae17a02a066098eb2b1187a89c83,0,0,1.1272361278533936,
1,local-27b-gqa-r1-c8192,fp16,0.137166673,True,0,0.000191000469,9.91786353e-06,64e645c4070816c238d8f3884eee0f17e99fae17a02a066098eb2b1187a89c83,0,0,1.1220557689666748,
1,local-27b-gqa-r1-c2048,mlx,0.02475,True,0,,6.28733e-06,,,,4.138906955718994,
1,local-27b-gqa-r1-c2048,previous_int8,0.266499992,True,0,0.00266466283,0.000158877647,0c3e361e635e4db8fd8963bbda7aae96c6e5b16267998d55a623cb6f643eb19b,0,0,0.8480939865112305,
1,local-27b-gqa-r1-c2048,int8,0.265666677,True,0,0.00266466283,0.000158877647,0c3e361e635e4db8fd8963bbda7aae96c6e5b16267998d55a623cb6f643eb19b,0,0,0.8456978797912598,
1,local-27b-gqa-r1-c2048,previous_fp16,0.0499166636,True,0,0.000143710338,6.38521459e-06,9effbac2efd5862a3da7f9b6ac7e8f2de5eefa312d6de8c54427db9ba6293f76,0,0,2.199821949005127,
1,local-27b-gqa-r1-c2048,fp16,0.0497500005,True,0,0.000143710338,6.38521459e-06,9effbac2efd5862a3da7f9b6ac7e8f2de5eefa312d6de8c54427db9ba6293f76,0,0,2.2083740234375,
1,local-qwen35-27b-m4096-output,mlx,2.10263,True,0,0.000162733,0.408203,,,,0.7132189273834229,
1,local-qwen35-27b-m4096-output,previous_int8,1.19516667,True,0,0.00405606748,7.90356445,d318fcea89f66bc4b03f0764a40f0fa850bf651e1c8bded31598e374c154ce08,0,0,0.7222321033477783,
1,local-qwen35-27b-m4096-output,int8,1.196875,True,0,0.00405606748,7.90356445,d318fcea89f66bc4b03f0764a40f0fa850bf651e1c8bded31598e374c154ce08,0,0,0.7257997989654541,
1,local-qwen35-27b-m4096-output,previous_fp32,2.096625,True,0,0.000176189507,0.469482422,bb6945eedbac67e1f31a1e4643dd124a092974b2240cdfd056efe7df71334e3c,0,0,0.6688692569732666,
1,local-qwen35-27b-m4096-output,fp32,2.10020834,True,0,0.000176189507,0.469482422,bb6945eedbac67e1f31a1e4643dd124a092974b2240cdfd056efe7df71334e3c,0,0,0.666517972946167,
1,local-qwen35-27b-m4096-output,previous_fp16,2.098375,True,0,0.000176189507,0.469482422,bb6945eedbac67e1f31a1e4643dd124a092974b2240cdfd056efe7df71334e3c,0,0,0.6624507904052734,
1,local-qwen35-27b-m4096-output,fp16,2.09604166,True,0,0.000176189507,0.469482422,bb6945eedbac67e1f31a1e4643dd124a092974b2240cdfd056efe7df71334e3c,0,0,0.6655170917510986,
1,local-qwen35-27b-m4096-kv,mlx,0.381167,True,0,0.000134703,0.211914,,,,0.8125748634338379,
1,local-qwen35-27b-m4096-kv,previous_int8,0.240416673,True,0,0.00386566213,6.609375,7b4c7b69a34e87bbc3ae0fff2e97ebdde5e3f7afed8242c1d39f46884c5a5ab4,0,0,0.933009147644043,
1,local-qwen35-27b-m4096-kv,int8,0.240624999,True,0,0.00386566213,6.609375,7b4c7b69a34e87bbc3ae0fff2e97ebdde5e3f7afed8242c1d39f46884c5a5ab4,0,0,0.9197099208831787,
1,local-qwen35-27b-m4096-kv,previous_fp32,0.488125006,True,0,0.00028565966,0.971679688,98a64c9602cf6bf14f6b1995e0b39498ea17b3b3b43fc574f93c623f19c30ede,0,0,0.8131072521209717,
1,local-qwen35-27b-m4096-kv,fp32,0.487541663,True,0,0.00028565966,0.971679688,98a64c9602cf6bf14f6b1995e0b39498ea17b3b3b43fc574f93c623f19c30ede,0,0,0.8092002868652344,
1,local-qwen35-27b-m4096-kv,previous_fp16,0.380333338,True,0,0.000386470065,0.971679688,54a5b6c740d4b32da73a3df15df0a9c4ebf2c0b77701c266c463f52dd05f7335,0,0,0.7925009727478027,
1,local-qwen35-27b-m4096-kv,fp16,0.38162501,True,0,0.000386470065,0.971679688,54a5b6c740d4b32da73a3df15df0a9c4ebf2c0b77701c266c463f52dd05f7335,0,0,0.796004056930542,
1,local-qwen35-27b-m4096-q,mlx,2.06362,True,0,0.000176096,0.193604,,,,0.7274219989776611,
1,local-qwen35-27b-m4096-q,previous_int8,1.16333333,True,0,0.00399470874,5.33349609,ef52fc95232517626a79a2e1039edf319f5a96d019a0a3fded52b57e7c00af18,0,0,0.7321352958679199,
1,local-qwen35-27b-m4096-q,int8,1.16541667,True,0,0.00399470874,5.33349609,ef52fc95232517626a79a2e1039edf319f5a96d019a0a3fded52b57e7c00af18,0,0,0.7332637310028076,
1,local-qwen35-27b-m4096-q,previous_fp32,2.06512499,True,0,0.000190576001,0.359619141,ca5acd96b4a560942041419e7848135d345da9803fd72fa0f9b2c735f2f6770e,0,0,0.6671590805053711,
1,local-qwen35-27b-m4096-q,fp32,2.06516667,True,0,0.000190576001,0.359619141,ca5acd96b4a560942041419e7848135d345da9803fd72fa0f9b2c735f2f6770e,0,0,0.6713931560516357,
1,local-qwen35-27b-m4096-q,previous_fp16,2.06529167,True,0,0.000190576001,0.359619141,ca5acd96b4a560942041419e7848135d345da9803fd72fa0f9b2c735f2f6770e,0,0,0.6691410541534424,
1,local-qwen35-27b-m4096-q,fp16,2.0645,True,0,0.000190576001,0.359619141,ca5acd96b4a560942041419e7848135d345da9803fd72fa0f9b2c735f2f6770e,0,0,0.6707823276519775,
1,local-qwen35-27b-m3072-output,mlx,1.55829,True,0,0.000168654,0.24292,,,,0.7279801368713379,
1,local-qwen35-27b-m3072-output,previous_int8,0.896041674,True,0,0.0042278008,7.88378906,e3de1b3420a37d37970f6c28b3f6a31cf563b0c18f8f91310cdbe6c3295728b9,0,0,0.7494747638702393,
1,local-qwen35-27b-m3072-output,int8,0.892999989,True,0,0.0042278008,7.88378906,e3de1b3420a37d37970f6c28b3f6a31cf563b0c18f8f91310cdbe6c3295728b9,0,0,0.74686598777771,
1,local-qwen35-27b-m3072-output,previous_fp32,1.57825001,True,0,0.000155999013,0.355957031,d560bcdb6e7a209c5db9af3860fc62f82b50c02820298717645a7283e1108a09,0,0,0.6716539859771729,
1,local-qwen35-27b-m3072-output,fp32,1.583875,True,0,0.000155999013,0.355957031,d560bcdb6e7a209c5db9af3860fc62f82b50c02820298717645a7283e1108a09,0,0,0.668445348739624,
1,local-qwen35-27b-m3072-output,previous_fp16,1.58720835,True,0,0.000155999013,0.355957031,d560bcdb6e7a209c5db9af3860fc62f82b50c02820298717645a7283e1108a09,0,0,0.6700379848480225,
1,local-qwen35-27b-m3072-output,fp16,1.597875,True,0,0.000155999013,0.355957031,d560bcdb6e7a209c5db9af3860fc62f82b50c02820298717645a7283e1108a09,0,0,0.6751229763031006,
1,local-qwen35-27b-m3072-kv,mlx,0.2815,True,0,0.00018421,0.269287,,,,0.8881711959838867,
1,local-qwen35-27b-m3072-kv,previous_int8,0.176166664,True,0,0.00398255577,6.58081055,86f622da7ab4b3b2649d7268ffe9d6eff464c1cf2e531df30e04a0e1fa134714,0,0,1.0455496311187744,
1,local-qwen35-27b-m3072-kv,int8,0.176750007,True,0,0.00398255577,6.58081055,86f622da7ab4b3b2649d7268ffe9d6eff464c1cf2e531df30e04a0e1fa134714,0,0,1.020982027053833,
1,local-qwen35-27b-m3072-kv,previous_fp32,0.365583343,True,0,0.000327341318,0.971679688,5d635de55675ab8b5033e10483ee8331be2c54bbaaf78ecbae1820e3fd357d4e,0,0,0.8179829120635986,
1,local-qwen35-27b-m3072-kv,fp32,0.358000005,True,0,0.000327341318,0.971679688,5d635de55675ab8b5033e10483ee8331be2c54bbaaf78ecbae1820e3fd357d4e,0,0,0.8112869262695312,
1,local-qwen35-27b-m3072-kv,previous_fp16,0.297749997,True,0,0.000305990722,0.811767578,a33289d360a0313d9365c2bc5b68bf29d33040676ee3c0e5e2feba6c6ead6f39,0,0,0.8651492595672607,
1,local-qwen35-27b-m3072-kv,fp16,0.296416678,True,0,0.000305990722,0.811767578,a33289d360a0313d9365c2bc5b68bf29d33040676ee3c0e5e2feba6c6ead6f39,0,0,0.8532321453094482,
1,local-qwen35-27b-m3072-q,mlx,1.54417,True,0,0.00018515,0.269287,,,,0.726762056350708,
1,local-qwen35-27b-m3072-q,previous_int8,0.864750007,True,0,0.00395844853,6.00512695,8a669d9e7bdb6ded978403dabf206ecf81efcd9bf18459407ea5a5f2f0dababe,0,0,0.7463729381561279,
1,local-qwen35-27b-m3072-q,int8,0.885208341,True,0,0.00395844853,6.00512695,8a669d9e7bdb6ded978403dabf206ecf81efcd9bf18459407ea5a5f2f0dababe,0,0,0.7495517730712891,
1,local-qwen35-27b-m3072-q,previous_fp32,1.54295834,True,0,0.000182679821,0.474609375,35d4320d377c58349a417523e26abe19953186578d3369660d4c575057f5b46a,0,0,0.6742079257965088,
1,local-qwen35-27b-m3072-q,fp32,1.54720833,True,0,0.000182679821,0.474609375,35d4320d377c58349a417523e26abe19953186578d3369660d4c575057f5b46a,0,0,0.6775989532470703,
1,local-qwen35-27b-m3072-q,previous_fp16,1.54887499,True,0,0.000182679821,0.474609375,35d4320d377c58349a417523e26abe19953186578d3369660d4c575057f5b46a,0,0,0.6730921268463135,
1,local-qwen35-27b-m3072-q,fp16,1.5435,True,0,0.000182679821,0.474609375,35d4320d377c58349a417523e26abe19953186578d3369660d4c575057f5b46a,0,0,0.669421911239624,
1,local-qwen35-27b-m2048-output,mlx,1.09637,True,0,0.000221554,0.245605,,,,0.7193701267242432,
1,local-qwen35-27b-m2048-output,previous_int8,0.609291659,True,0,0.00417212508,7.90356445,9a7e641f43043e4881ed58a74c156de1d567a1b08a27755c222f1eea863ce373,0,0,0.796112060546875,
1,local-qwen35-27b-m2048-output,int8,0.613958342,True,0,0.00417212508,7.90356445,9a7e641f43043e4881ed58a74c156de1d567a1b08a27755c222f1eea863ce373,0,0,0.7875962257385254,
1,local-qwen35-27b-m2048-output,previous_fp32,1.05729167,True,0,0.000177885527,0.464111328,4f57952758cdb146a57ba907b6e89612263da4543d0c2b9fbe216835153cde32,0,0,0.6876528263092041,
1,local-qwen35-27b-m2048-output,fp32,1.09483332,True,0,0.000177885527,0.464111328,4f57952758cdb146a57ba907b6e89612263da4543d0c2b9fbe216835153cde32,0,0,0.6880221366882324,
1,local-qwen35-27b-m2048-output,previous_fp16,1.09587501,True,0,0.000177885527,0.464111328,4f57952758cdb146a57ba907b6e89612263da4543d0c2b9fbe216835153cde32,0,0,0.6868150234222412,
1,local-qwen35-27b-m2048-output,fp16,1.090625,True,0,0.000177885527,0.464111328,4f57952758cdb146a57ba907b6e89612263da4543d0c2b9fbe216835153cde32,0,0,0.6882829666137695,
1,local-qwen35-27b-m2048-kv,mlx,0.222458,True,0,0.000195511,0.204346,,,,0.9128100872039795,
1,local-qwen35-27b-m2048-kv,previous_int8,0.128958331,True,0,0.0039346844,5.9777832,871117f0a5b6a424bc574f9594c855d55790b216c20f85688a25df4157756194,0,0,1.1491780281066895,
1,local-qwen35-27b-m2048-kv,int8,0.128458341,True,0,0.0039346844,5.9777832,871117f0a5b6a424bc574f9594c855d55790b216c20f85688a25df4157756194,0,0,1.130124807357788,
1,local-qwen35-27b-m2048-kv,previous_fp32,0.241250003,True,0,0.000346148409,0.971679688,a9410ea1a89bf55515eef0635bf3c6366f6b1b8df5e1c3944a056416e3f00803,0,0,0.8940579891204834,
1,local-qwen35-27b-m2048-kv,fp32,0.241375004,True,0,0.000346148409,0.971679688,a9410ea1a89bf55515eef0635bf3c6366f6b1b8df5e1c3944a056416e3f00803,0,0,0.8934199810028076,
1,local-qwen35-27b-m2048-kv,previous_fp16,0.206375,True,0,0.000351939972,1.26000977,96db42d18a4795c10fb22e25bd940788d0febc90f1309b9285f9fa8ec88de433,0,0,0.937812328338623,
1,local-qwen35-27b-m2048-kv,fp16,0.205499993,True,0,0.000351939972,1.26000977,96db42d18a4795c10fb22e25bd940788d0febc90f1309b9285f9fa8ec88de433,0,0,0.9362671375274658,
1,local-qwen35-27b-m2048-q,mlx,1.0715,True,0,0.000221599,0.247803,,,,0.7187521457672119,
1,local-qwen35-27b-m2048-q,previous_int8,0.602708344,True,0,0.00408783533,6.53271484,18b0708abe20a1db17364816e46784609a11b03874f61450c18ef767439425d3,0,0,0.790687084197998,
1,local-qwen35-27b-m2048-q,int8,0.596791666,True,0,0.00408783533,6.53271484,18b0708abe20a1db17364816e46784609a11b03874f61450c18ef767439425d3,0,0,0.7919127941131592,
1,local-qwen35-27b-m2048-q,previous_fp32,1.07333333,True,0,0.000195964602,0.358154297,d132493ff89c2f07559d082bdffcb4b9df28bce05ca18003a03b1d98383ee9f9,0,0,0.687100887298584,
1,local-qwen35-27b-m2048-q,fp32,1.07087501,True,0,0.000195964602,0.358154297,d132493ff89c2f07559d082bdffcb4b9df28bce05ca18003a03b1d98383ee9f9,0,0,0.6848628520965576,
1,local-qwen35-27b-m2048-q,previous_fp16,1.06987501,True,0,0.000195964602,0.358154297,d132493ff89c2f07559d082bdffcb4b9df28bce05ca18003a03b1d98383ee9f9,0,0,0.6865952014923096,
1,local-qwen35-27b-m2048-q,fp16,1.0735,True,0,0.000195964602,0.358154297,d132493ff89c2f07559d082bdffcb4b9df28bce05ca18003a03b1d98383ee9f9,0,0,0.6838572025299072,
1,local-qwen35-27b-m1024-output,mlx,0.546042,True,0,0.00020532,0.413818,,,,0.7919738292694092,
1,local-qwen35-27b-m1024-output,previous_int8,0.379625009,True,0,0.00415367187,7.90356445,9ffc717d652d881c308db5d2e5c3e6feb3a5b9d00c9d9e8a29d9446deee94891,0,0,0.8057610988616943,
1,local-qwen35-27b-m1024-output,int8,0.37920833,True,0,0.00415367187,7.90356445,9ffc717d652d881c308db5d2e5c3e6feb3a5b9d00c9d9e8a29d9446deee94891,0,0,0.8147149085998535,
1,local-qwen35-27b-m1024-output,previous_fp32,0.553500009,True,0,0.000187024991,0.494873047,4bb3016c8965e4efceb15d077d8293cec2bc24ec3d0650fb78632ed383948dbd,0,0,0.772697925567627,
1,local-qwen35-27b-m1024-output,fp32,0.545250005,True,0,0.000187024991,0.494873047,4bb3016c8965e4efceb15d077d8293cec2bc24ec3d0650fb78632ed383948dbd,0,0,0.7721819877624512,
1,local-qwen35-27b-m1024-output,previous_fp16,0.65079167,True,0,0.000390497249,0.905029297,e200bcf1f723b77ed0b80a6baa3bf018be9fe0a920fd32ffb096428cebc75d9d,0,0,0.751431941986084,
1,local-qwen35-27b-m1024-output,fp16,0.645833337,True,0,0.000390497249,0.905029297,e200bcf1f723b77ed0b80a6baa3bf018be9fe0a920fd32ffb096428cebc75d9d,0,0,0.745664119720459,
1,local-qwen35-27b-m1024-kv,mlx,0.11225,True,0,0.000115593,0.0661621,,,,1.2577979564666748,
1,local-qwen35-27b-m1024-kv,previous_int8,0.0821249996,True,0,0.00364857264,6.58081055,ebd5e440bc92abe396c9d98660c8daa81f563283ef5d2e0d1a2985208e24a38b,0,0,1.5910301208496094,
1,local-qwen35-27b-m1024-kv,int8,0.081541657,True,0,0.00364857264,6.58081055,ebd5e440bc92abe396c9d98660c8daa81f563283ef5d2e0d1a2985208e24a38b,0,0,1.602342128753662,
1,local-qwen35-27b-m1024-kv,previous_fp32,0.130750006,True,0,0.000319413762,0.739990234,b235051d4d3816356cc49fbdedf6c7990a37cfec1eb4842c4e40292ee7fadf59,0,0,1.1347482204437256,
1,local-qwen35-27b-m1024-kv,fp32,0.13083333,True,0,0.000319413762,0.739990234,b235051d4d3816356cc49fbdedf6c7990a37cfec1eb4842c4e40292ee7fadf59,0,0,1.1378240585327148,
1,local-qwen35-27b-m1024-kv,previous_fp16,0.11579167,True,0,0.000373148514,1.26000977,094c9cd4dfb83481f7d91caaec39fb610ae2b3c05f45107f1fab94bbc20d2890,0,0,1.2328040599822998,
1,local-qwen35-27b-m1024-kv,fp16,0.115916671,True,0,0.000373148514,1.26000977,094c9cd4dfb83481f7d91caaec39fb610ae2b3c05f45107f1fab94bbc20d2890,0,0,1.1518959999084473,
1,local-qwen35-27b-m1024-q,mlx,0.550625,True,0,0.000234006,0.22876,,,,0.7995731830596924,
1,local-qwen35-27b-m1024-q,previous_int8,0.317750004,True,0,0.00396168833,5.97729492,b685900cfa6f552b0e3a43cbe4aeb26b32ea97cb32efae5c6d5daf3e5920d3be,0,0,0.8652398586273193,
1,local-qwen35-27b-m1024-q,int8,0.313583325,True,0,0.00396168833,5.97729492,b685900cfa6f552b0e3a43cbe4aeb26b32ea97cb32efae5c6d5daf3e5920d3be,0,0,0.8736362457275391,
1,local-qwen35-27b-m1024-q,previous_fp32,0.55425,True,0,0.000186774432,0.5,41feceb73a8d8a8662b44822459549bc81cd778827b80b1a4daa691fb35d9037,0,0,0.7833516597747803,
1,local-qwen35-27b-m1024-q,fp32,0.554624989,True,0,0.000186774432,0.5,41feceb73a8d8a8662b44822459549bc81cd778827b80b1a4daa691fb35d9037,0,0,0.7808578014373779,
1,local-qwen35-27b-m1024-q,previous_fp16,0.542250011,True,0,0.000396288887,0.880126953,e824e674eee3e6d9fabaaea933a1e6d93c06c26457dd66a17f5e1bf17387d5a5,0,0,0.791013240814209,
1,local-qwen35-27b-m1024-q,fp16,0.542166672,True,0,0.000396288887,0.880126953,e824e674eee3e6d9fabaaea933a1e6d93c06c26457dd66a17f5e1bf17387d5a5,0,0,0.7930440902709961,
1,local-qwen35-27b-m512-output,mlx,0.277625,True,0,0.000169359,0.326172,,,,0.9029507637023926,
1,local-qwen35-27b-m512-output,previous_int8,0.141958342,True,0,0.00377019018,7.84545898,3c37ff9092a7ce540ad5e81927d25477486fb8b1bf481c0476de2070aa3e8e32,0,0,1.1391050815582275,
1,local-qwen35-27b-m512-output,int8,0.142499994,True,0,0.00377019018,7.84545898,3c37ff9092a7ce540ad5e81927d25477486fb8b1bf481c0476de2070aa3e8e32,0,0,1.133936882019043,
1,local-qwen35-27b-m512-output,previous_fp32,0.277499988,True,0,0.000180731548,0.483398438,d4995011b0bf53198f92c2bc00d4ce9dc2111853c5f69009cc55ebd8234dfb8f,0,0,0.8943800926208496,
1,local-qwen35-27b-m512-output,fp32,0.27837501,True,0,0.000180731548,0.483398438,d4995011b0bf53198f92c2bc00d4ce9dc2111853c5f69009cc55ebd8234dfb8f,0,0,0.8884999752044678,
1,local-qwen35-27b-m512-output,previous_fp16,0.327666668,True,0,0.000311773074,0.787109375,83b8f6f74370bef407d6015d3812b131d5ba5f90ca4b6a1093628bca304634e8,0,0,0.8494210243225098,
1,local-qwen35-27b-m512-output,fp16,0.328499998,True,0,0.000311773074,0.787109375,83b8f6f74370bef407d6015d3812b131d5ba5f90ca4b6a1093628bca304634e8,0,0,0.8451278209686279,
1,local-qwen35-27b-m512-kv,mlx,0.05975,True,0,0.000111034,0.187012,,,,1.968851089477539,
1,local-qwen35-27b-m512-kv,previous_int8,0.0756249938,True,0,0.00346822034,6.00317383,35372f5adc4a6c9496a6869232cefd53a87f73de96c68bcde3800aa99edf0cba,0,0,1.6905300617218018,
1,local-qwen35-27b-m512-kv,int8,0.0754999928,True,0,0.00346822034,6.00317383,35372f5adc4a6c9496a6869232cefd53a87f73de96c68bcde3800aa99edf0cba,0,0,1.7161259651184082,
1,local-qwen35-27b-m512-kv,previous_fp32,0.104416657,True,0,0.000289063849,0.666992188,031a4ca1cca04d00afc020669e26a85a9150d9c82965786bb2724b0be8e03e91,0,0,1.3267099857330322,
1,local-qwen35-27b-m512-kv,fp32,0.104125007,True,0,0.000289063849,0.666992188,031a4ca1cca04d00afc020669e26a85a9150d9c82965786bb2724b0be8e03e91,0,0,1.3433449268341064,
1,local-qwen35-27b-m512-kv,previous_fp16,0.0787499885,True,0,0.000277097171,0.666992188,b6de47e7bbd88d330fd6e462b33ace8e1b6f48a6b65e4dd074b32f80b3dc0096,0,0,1.6662757396697998,
1,local-qwen35-27b-m512-kv,fp16,0.0783750002,True,0,0.000277097171,0.666992188,b6de47e7bbd88d330fd6e462b33ace8e1b6f48a6b65e4dd074b32f80b3dc0096,0,0,1.670485019683838,
1,local-qwen35-27b-m512-q,mlx,0.284125,True,0,0.000163561,0.193604,,,,0.8899381160736084,
1,local-qwen35-27b-m512-q,previous_int8,0.168791667,True,0,0.0037193249,6.00366211,78417887b3c6c43c53fc8eb74c712c171374b59e360084797620e19f8249ee68,0,0,1.060312032699585,
1,local-qwen35-27b-m512-q,int8,0.167541657,True,0,0.0037193249,6.00366211,78417887b3c6c43c53fc8eb74c712c171374b59e360084797620e19f8249ee68,0,0,1.073957920074463,
1,local-qwen35-27b-m512-q,previous_fp32,0.282708337,True,0,0.000194497838,0.486083984,3e5de94b134df897b99368e48dbc721e6cfcb98e21b3a005fe691831048afd69,0,0,0.8905317783355713,
1,local-qwen35-27b-m512-q,fp32,0.283250003,True,0,0.000194497838,0.486083984,3e5de94b134df897b99368e48dbc721e6cfcb98e21b3a005fe691831048afd69,0,0,0.8760571479797363,
1,local-qwen35-27b-m512-q,previous_fp16,0.299916675,True,0,0.000256962849,0.486083984,50b05f621928b9ef2f36e9f42ba45d7650b62ee46a12f5fde5488862ff20bceb,0,0,0.837651252746582,
1,local-qwen35-27b-m512-q,fp16,0.301583335,True,0,0.000256962849,0.486083984,50b05f621928b9ef2f36e9f42ba45d7650b62ee46a12f5fde5488862ff20bceb,0,0,0.8575708866119385,
1,local-qwen35-27b-m128-output,mlx,0.282667,True,0,0.000216404,0.420898,,,,0.9040639400482178,
1,local-qwen35-27b-m128-output,previous_int8,0.0901250023,True,0,0.00404428407,8.00830078,61ed0ad9fea374448f693b6bba85117a1268e57240acb29651739bb17c421027,0,0,1.5242819786071777,
1,local-qwen35-27b-m128-output,int8,0.0895833364,True,0,0.00404428407,8.00830078,61ed0ad9fea374448f693b6bba85117a1268e57240acb29651739bb17c421027,0,0,1.5270040035247803,
1,local-qwen35-27b-m128-output,previous_fp32,0.136999995,True,0,0.000258626543,0.739746094,47f605c1b016b6d3e85dfe7c8db865d33bc21cc9534ef3bda929c918952b6088,0,0,1.1351969242095947,
1,local-qwen35-27b-m128-output,fp32,0.138041665,True,0,0.000258626543,0.739746094,47f605c1b016b6d3e85dfe7c8db865d33bc21cc9534ef3bda929c918952b6088,0,0,1.1288270950317383,
1,local-qwen35-27b-m128-output,previous_fp16,0.107749991,True,0,0.000289435077,0.787109375,eee2b64793cdab0ab4b69c7b7f4fecfd7aee6c9b850e9faf923b60ee7bbc90c1,0,0,1.3371751308441162,
1,local-qwen35-27b-m128-output,fp16,0.107041677,True,0,0.000289435077,0.787109375,eee2b64793cdab0ab4b69c7b7f4fecfd7aee6c9b850e9faf923b60ee7bbc90c1,0,0,1.326300859451294,
1,local-qwen35-27b-m128-kv,mlx,0.0433333,True,0,0.000145829,0.216797,,,,2.481964111328125,
1,local-qwen35-27b-m128-kv,previous_int8,0.0744166609,True,0,0.0036321767,5.97680664,f325851111602270b147af7a30e4ccddf27a7955ba8b99b096b7dd98dd858309,0,0,1.7253661155700684,
1,local-qwen35-27b-m128-kv,int8,0.0742499979,True,0,0.0036321767,5.97680664,f325851111602270b147af7a30e4ccddf27a7955ba8b99b096b7dd98dd858309,0,0,1.7233421802520752,
1,local-qwen35-27b-m128-kv,previous_fp32,0.102708334,True,0,0.000280854477,0.830566406,a7e20a965071a0a8acc24cff19d27bf2e994c7720c39590e6fc7f9e9847603a1,0,0,1.3514869213104248,
1,local-qwen35-27b-m128-kv,fp32,0.103083323,True,0,0.000280854477,0.830566406,a7e20a965071a0a8acc24cff19d27bf2e994c7720c39590e6fc7f9e9847603a1,0,0,1.3486878871917725,
1,local-qwen35-27b-m128-kv,previous_fp16,0.0740833348,True,0,0.000260769965,0.641113281,c443aa93c26c85c5768f5b1bdb7b7334e8bd967cdeea43bce5988c5ba4842818,0,0,1.7420310974121094,
1,local-qwen35-27b-m128-kv,fp16,0.0739583338,True,0,0.000260769965,0.641113281,c443aa93c26c85c5768f5b1bdb7b7334e8bd967cdeea43bce5988c5ba4842818,0,0,1.7278721332550049,
1,local-qwen35-27b-m128-q,mlx,0.236625,True,0,0.000337314,0.483887,,,,0.9114229679107666,
1,local-qwen35-27b-m128-q,previous_int8,0.0817916589,True,0,0.00412051908,6.62792969,d5d7d6ea7398fc1f67fb3781681bb372b0c73a34679e0b0ef71618194da4a2e1,0,0,1.6504602432250977,
1,local-qwen35-27b-m128-q,int8,0.0824583403,True,0,0.00412051908,6.62792969,d5d7d6ea7398fc1f67fb3781681bb372b0c73a34679e0b0ef71618194da4a2e1,0,0,1.562058687210083,
1,local-qwen35-27b-m128-q,previous_fp32,0.119125005,True,0,0.000275215507,0.957275391,e473389f029df1537a6356efa3ff8008ad5cba89d9bde80229793d61aefeb9d8,0,0,1.2156171798706055,
1,local-qwen35-27b-m128-q,fp32,0.119874996,True,0,0.000275215507,0.957275391,e473389f029df1537a6356efa3ff8008ad5cba89d9bde80229793d61aefeb9d8,0,0,1.2103056907653809,
1,local-qwen35-27b-m128-q,previous_fp16,0.0995416631,True,0,0.000310365865,0.944335938,bf07798e3638599cd2ff32f3d34ba901f1110abd185561117644aef62b4d6655,0,0,1.4216880798339844,
1,local-qwen35-27b-m128-q,fp16,0.0991666602,True,0,0.000310365865,0.944335938,bf07798e3638599cd2ff32f3d34ba901f1110abd185561117644aef62b4d6655,0,0,1.4237339496612549,
1,local-qwen35-27b-m32-output,mlx,0.116625,True,0,0.000162733,0.408203,,,,1.2311370372772217,
1,local-qwen35-27b-m32-output,previous_int8,0.0862083252,True,0,0.00396653685,6.50024414,4ce65990587d6a24a422f7597cc3dd2f3f716a6aee0f25df5500ee069908b8f5,0,0,1.5664310455322266,
1,local-qwen35-27b-m32-output,int8,0.0863333407,True,0,0.00396653685,6.50024414,4ce65990587d6a24a422f7597cc3dd2f3f716a6aee0f25df5500ee069908b8f5,0,0,1.5595369338989258,
1,local-qwen35-27b-m32-output,previous_fp32,0.174583343,True,0,0.000276228053,0.884521484,d6634627bca9d5f0daeb4a13f9f7a5c196c6ad6ed536b99c383cdc1ef605427c,0,0,1.0402250289916992,
1,local-qwen35-27b-m32-output,fp32,0.176500005,True,0,0.000276228053,0.884521484,d6634627bca9d5f0daeb4a13f9f7a5c196c6ad6ed536b99c383cdc1ef605427c,0,0,1.042834997177124,
1,local-qwen35-27b-m32-output,previous_fp16,0.175083333,True,0,0.000276228053,0.884521484,d6634627bca9d5f0daeb4a13f9f7a5c196c6ad6ed536b99c383cdc1ef605427c,0,0,1.0301239490509033,
1,local-qwen35-27b-m32-output,fp16,0.175083333,True,0,0.000276228053,0.884521484,d6634627bca9d5f0daeb4a13f9f7a5c196c6ad6ed536b99c383cdc1ef605427c,0,0,1.037109136581421,
1,local-qwen35-27b-m32-kv,mlx,0.040375,True,0,0.000134703,0.211914,,,,2.573291063308716,
1,local-qwen35-27b-m32-kv,previous_int8,0.0756249938,True,0,0.00392949041,6.60791016,b37fc046f5db8d6e81a420b60f45b06387bb951b41a973768203940f793343cf,0,0,1.7023141384124756,
1,local-qwen35-27b-m32-kv,int8,0.0754999928,True,0,0.00392949041,6.60791016,b37fc046f5db8d6e81a420b60f45b06387bb951b41a973768203940f793343cf,0,0,1.713634967803955,
1,local-qwen35-27b-m32-kv,previous_fp32,0.0390000059,True,0,0.00024519424,0.655517578,2cfb4e41ddcf7ef67cb3aaf2b268028bbb1824718d38bec53dfcf8f07cc1eeef,0,0,2.740778923034668,
1,local-qwen35-27b-m32-kv,fp32,0.0386666652,True,0,0.00024519424,0.655517578,2cfb4e41ddcf7ef67cb3aaf2b268028bbb1824718d38bec53dfcf8f07cc1eeef,0,0,2.6993520259857178,
1,local-qwen35-27b-m32-kv,previous_fp16,0.0388333283,True,0,0.00024519424,0.655517578,2cfb4e41ddcf7ef67cb3aaf2b268028bbb1824718d38bec53dfcf8f07cc1eeef,0,0,2.5951292514801025,
1,local-qwen35-27b-m32-kv,fp16,0.039166669,True,0,0.00024519424,0.655517578,2cfb4e41ddcf7ef67cb3aaf2b268028bbb1824718d38bec53dfcf8f07cc1eeef,0,0,2.66898512840271,
1,local-qwen35-27b-m32-q,mlx,0.096625,True,0,0.000176096,0.193604,,,,1.419924020767212,
1,local-qwen35-27b-m32-q,previous_int8,0.0760416588,True,0,0.00397950322,5.99975586,b4935f431ae4eb27ae825b8c70b01bf994b470bedef730dd135cb949337bd12f,0,0,1.7187740802764893,
1,local-qwen35-27b-m32-q,int8,0.0762083364,True,0,0.00397950322,5.99975586,b4935f431ae4eb27ae825b8c70b01bf994b470bedef730dd135cb949337bd12f,0,0,1.7219040393829346,
1,local-qwen35-27b-m32-q,previous_fp32,0.171000007,True,0,0.000241191731,0.655517578,c01f82f90d93aec0f8c3e680418a681148255dd7384f5ce16a982477c8f13cf5,0,0,1.0301730632781982,
1,local-qwen35-27b-m32-q,fp32,0.172208325,True,0,0.000241191731,0.655517578,c01f82f90d93aec0f8c3e680418a681148255dd7384f5ce16a982477c8f13cf5,0,0,1.025259017944336,
1,local-qwen35-27b-m32-q,previous_fp16,0.168250001,True,0,0.000241191731,0.655517578,c01f82f90d93aec0f8c3e680418a681148255dd7384f5ce16a982477c8f13cf5,0,0,1.0391130447387695,
1,local-qwen35-27b-m32-q,fp16,0.171249994,True,0,0.000241191731,0.655517578,c01f82f90d93aec0f8c3e680418a681148255dd7384f5ce16a982477c8f13cf5,0,0,1.0386440753936768,
1,local-qwen35-27b-m8-output,mlx,0.06075,True,0,0.00020532,0.413818,,,,2.1065192222595215,
1,local-qwen35-27b-m8-output,previous_int8,0.0385000021,True,0,0.00422980025,7.92993164,c4234b97656d54786fff53146a6815ea62789435d613e33d90bc8519ee68208a,0,0,2.725749969482422,
1,local-qwen35-27b-m8-output,int8,0.0385416643,True,0,0.00422980025,7.92993164,c4234b97656d54786fff53146a6815ea62789435d613e33d90bc8519ee68208a,0,0,2.773219108581543,
1,local-qwen35-27b-m8-output,previous_fp32,0.0566249946,True,0,0.000235943303,0.742675781,7f1c957ed36e0c1248643e9ed60c9cd4f1a8ddb518e250241eca9a7cf87a8794,0,0,2.022183895111084,
1,local-qwen35-27b-m8-output,fp32,0.0606666727,True,0,0.000235943303,0.742675781,7f1c957ed36e0c1248643e9ed60c9cd4f1a8ddb518e250241eca9a7cf87a8794,0,0,1.998600959777832,
1,local-qwen35-27b-m8-output,previous_fp16,0.0567499956,True,0,0.000235943303,0.742675781,7f1c957ed36e0c1248643e9ed60c9cd4f1a8ddb518e250241eca9a7cf87a8794,0,0,2.0173819065093994,
1,local-qwen35-27b-m8-output,fp16,0.0601250067,True,0,0.000235943303,0.742675781,7f1c957ed36e0c1248643e9ed60c9cd4f1a8ddb518e250241eca9a7cf87a8794,0,0,1.9736077785491943,
1,local-qwen35-27b-m8-kv,mlx,0.0137083,True,0,0.000115593,0.0661621,,,,6.489325046539307,
1,local-qwen35-27b-m8-kv,previous_int8,0.0226249977,True,0,0.00363780034,5.92675781,eaed1ae5768a0ad8c1a652d52c922bde82505c9eb03e25eb80087c3f8ebda4a8,0,0,4.273421049118042,
1,local-qwen35-27b-m8-kv,int8,0.0229583384,True,0,0.00363780034,5.92675781,eaed1ae5768a0ad8c1a652d52c922bde82505c9eb03e25eb80087c3f8ebda4a8,0,0,4.266332149505615,
1,local-qwen35-27b-m8-kv,previous_fp32,0.0281249959,True,0,0.000213474747,0.673583984,2263e21820eb5b1b26603efaec25913d625fa8f325308c4c2b9270522e0a13c2,0,0,3.6355037689208984,
1,local-qwen35-27b-m8-kv,fp32,0.0279166707,True,0,0.000213474747,0.673583984,2263e21820eb5b1b26603efaec25913d625fa8f325308c4c2b9270522e0a13c2,0,0,3.593003034591675,
1,local-qwen35-27b-m8-kv,previous_fp16,0.0280416571,True,0,0.000213474747,0.673583984,2263e21820eb5b1b26603efaec25913d625fa8f325308c4c2b9270522e0a13c2,0,0,3.646036148071289,
1,local-qwen35-27b-m8-kv,fp16,0.0281249959,True,0,0.000213474747,0.673583984,2263e21820eb5b1b26603efaec25913d625fa8f325308c4c2b9270522e0a13c2,0,0,3.603149890899658,
1,local-qwen35-27b-m8-q,mlx,0.0588333,True,0,0.000234006,0.22876,,,,2.220028877258301,
1,local-qwen35-27b-m8-q,previous_int8,0.0378333207,True,0,0.00381110972,5.91552734,85947aef9651afbc27a3f6b6c2cd745e5f0945e2b90ae91eac3833ebc2021e5a,0,0,2.770008087158203,
1,local-qwen35-27b-m8-q,int8,0.03762501,True,0,0.00381110972,5.91552734,85947aef9651afbc27a3f6b6c2cd745e5f0945e2b90ae91eac3833ebc2021e5a,0,0,2.722212076187134,
1,local-qwen35-27b-m8-q,previous_fp32,0.0566250092,True,0,0.000238401863,0.71484375,6ba1500cb6a44d4c83d415b834f4c6c3c7cec8c2319376c0b01d95d7d5d18f6c,0,0,2.1040537357330322,
1,local-qwen35-27b-m8-q,fp32,0.0569166732,True,0,0.000238401863,0.71484375,6ba1500cb6a44d4c83d415b834f4c6c3c7cec8c2319376c0b01d95d7d5d18f6c,0,0,2.152026891708374,
1,local-qwen35-27b-m8-q,previous_fp16,0.0574583391,True,0,0.000238401863,0.71484375,6ba1500cb6a44d4c83d415b834f4c6c3c7cec8c2319376c0b01d95d7d5d18f6c,0,0,2.0927581787109375,
1,local-qwen35-27b-m8-q,fp16,0.0569999975,True,0,0.000238401863,0.71484375,6ba1500cb6a44d4c83d415b834f4c6c3c7cec8c2319376c0b01d95d7d5d18f6c,0,0,2.081103801727295,
1,local-qwen35-27b-m2-output,mlx,0.033625,True,0,0.0002108,0.157227,,,,3.099544048309326,
1,local-qwen35-27b-m2-output,previous_int8,0.0208333367,True,0,0.00199816305,3.89038086,8492243ba15a590e486ccd24cd56f92c290c8410bc049b931d04bd45730b68ff,0,0,4.518506050109863,
1,local-qwen35-27b-m2-output,int8,0.0209166756,True,0,0.00199816305,3.89038086,8492243ba15a590e486ccd24cd56f92c290c8410bc049b931d04bd45730b68ff,0,0,4.533094882965088,
1,local-qwen35-27b-m2-output,previous_fp32,0.0490416714,True,0,0.000207168361,0.468994141,66b998ee27f3d0518b9126183e871db242981e064ff1c3654bb4a08e57ce0afc,0,0,2.271013021469116,
1,local-qwen35-27b-m2-output,fp32,0.0491666724,True,0,0.000207168361,0.468994141,66b998ee27f3d0518b9126183e871db242981e064ff1c3654bb4a08e57ce0afc,0,0,2.3209872245788574,
1,local-qwen35-27b-m2-output,previous_fp16,0.0487083307,True,0,0.000207168361,0.468994141,66b998ee27f3d0518b9126183e871db242981e064ff1c3654bb4a08e57ce0afc,0,0,2.303769111633301,
1,local-qwen35-27b-m2-output,fp16,0.0493333355,True,0,0.000207168361,0.468994141,66b998ee27f3d0518b9126183e871db242981e064ff1c3654bb4a08e57ce0afc,0,0,2.308641195297241,
1,local-qwen35-27b-m2-kv,mlx,0.00941668,True,0,9.83729e-05,0.0895996,,,,9.094487190246582,
1,local-qwen35-27b-m2-kv,previous_int8,0.00729167368,True,0,0.00180006788,2.97729492,667e383abdc0d9b5f27c64d7af3a211329658df67a0aa757d02e0ac128b97913,0,0,11.166745901107788,
1,local-qwen35-27b-m2-kv,int8,0.00716667273,True,0,0.00180006788,2.97729492,667e383abdc0d9b5f27c64d7af3a211329658df67a0aa757d02e0ac128b97913,0,0,11.561875104904175,
1,local-qwen35-27b-m2-kv,previous_fp32,0.0198333291,True,0,0.000224795259,0.4765625,b1cd00ca777d7c0cdb08878de595f20632da2c1380190a6a648235b442618e68,0,0,4.651939153671265,
1,local-qwen35-27b-m2-kv,fp32,0.0199583301,True,0,0.000224795259,0.4765625,b1cd00ca777d7c0cdb08878de595f20632da2c1380190a6a648235b442618e68,0,0,4.699821949005127,
1,local-qwen35-27b-m2-kv,previous_fp16,0.0198333437,True,0,0.000224795259,0.4765625,b1cd00ca777d7c0cdb08878de595f20632da2c1380190a6a648235b442618e68,0,0,4.643314838409424,
1,local-qwen35-27b-m2-kv,fp16,0.0197499903,True,0,0.000224795259,0.4765625,b1cd00ca777d7c0cdb08878de595f20632da2c1380190a6a648235b442618e68,0,0,4.673130989074707,
1,local-qwen35-27b-m2-q,mlx,0.03325,True,0,0.000185301,0.193604,,,,3.1402218341827393,
1,local-qwen35-27b-m2-q,previous_int8,0.0203749951,True,0,0.00197322623,2.91210938,77209be083b2f64bdaab65136a3b029ea9f3a73daf91e6c02a6f6085ac23c46c,0,0,4.677738904953003,
1,local-qwen35-27b-m2-q,int8,0.0207916601,True,0,0.00197322623,2.91210938,77209be083b2f64bdaab65136a3b029ea9f3a73daf91e6c02a6f6085ac23c46c,0,0,4.70259690284729,
1,local-qwen35-27b-m2-q,previous_fp32,0.0476249988,True,0,0.000221678414,0.457763672,35c5c582751127b9f7b8434e7c171b50d30e3c9d516a0f466f2c72c11d2d1c12,0,0,2.3941328525543213,
1,local-qwen35-27b-m2-q,fp32,0.0466249912,True,0,0.000221678414,0.457763672,35c5c582751127b9f7b8434e7c171b50d30e3c9d516a0f466f2c72c11d2d1c12,0,0,2.366175889968872,
1,local-qwen35-27b-m2-q,previous_fp16,0.0472916727,True,0,0.000221678414,0.457763672,35c5c582751127b9f7b8434e7c171b50d30e3c9d516a0f466f2c72c11d2d1c12,0,0,2.4168059825897217,
1,local-qwen35-27b-m2-q,fp16,0.0476249988,True,0,0.000221678414,0.457763672,35c5c582751127b9f7b8434e7c171b50d30e3c9d516a0f466f2c72c11d2d1c12,0,0,2.3442931175231934,
1,local-qwen35-27b-m1-output,mlx,0.031,True,0,0.000308227,0.114746,,,,3.28357195854187,
1,local-qwen35-27b-m1-output,previous_int8,0.0197500049,True,0,0.00203211315,3.89038086,4c09948a8d851a81f8e254312ea697969b89cf7118f1302742db44ef4aec0fc1,0,0,4.834704160690308,
1,local-qwen35-27b-m1-output,int8,0.0195833272,True,0,0.00203211315,3.89038086,4c09948a8d851a81f8e254312ea697969b89cf7118f1302742db44ef4aec0fc1,0,0,4.769965887069702,
1,local-qwen35-27b-m1-output,previous_fp32,0.0470416708,True,0,0.000207445363,0.468994141,f1ad26e8dcb0eb2b4167b3c851fbfe2f256ac52db8f44cfde9f8c0208f7d0193,0,0,2.319718837738037,
1,local-qwen35-27b-m1-output,fp32,0.0483750046,True,0,0.000207445363,0.468994141,f1ad26e8dcb0eb2b4167b3c851fbfe2f256ac52db8f44cfde9f8c0208f7d0193,0,0,2.2733190059661865,
1,local-qwen35-27b-m1-output,previous_fp16,0.0469999941,True,0,0.000207445363,0.468994141,f1ad26e8dcb0eb2b4167b3c851fbfe2f256ac52db8f44cfde9f8c0208f7d0193,0,0,2.347682237625122,
1,local-qwen35-27b-m1-output,fp16,0.0474999979,True,0,0.000207445363,0.468994141,f1ad26e8dcb0eb2b4167b3c851fbfe2f256ac52db8f44cfde9f8c0208f7d0193,0,0,2.3734610080718994,
1,local-qwen35-27b-m1-kv,mlx,0.0152083,True,0,0.000100533,0.0661621,,,,5.816818952560425,
1,local-qwen35-27b-m1-kv,previous_int8,0.00687500869,True,0,0.00196831972,3.0168457,241b59fa5f61bc6ebe603ac65b209d12e184d15bcfd7ce3399d3c91c227910cd,0,0,11.794449090957642,
1,local-qwen35-27b-m1-kv,int8,0.00675000774,True,0,0.00196831972,3.0168457,241b59fa5f61bc6ebe603ac65b209d12e184d15bcfd7ce3399d3c91c227910cd,0,0,12.240965843200684,
1,local-qwen35-27b-m1-kv,previous_fp32,0.0190833234,True,0,0.000197402235,0.374267578,3da06753ac4d46b62de7304520bb9b812be91329990222d09b1122bc71883791,0,0,4.7620930671691895,
1,local-qwen35-27b-m1-kv,fp32,0.0192083389,True,0,0.000197402235,0.374267578,3da06753ac4d46b62de7304520bb9b812be91329990222d09b1122bc71883791,0,0,4.733459949493408,
1,local-qwen35-27b-m1-kv,previous_fp16,0.0191250001,True,0,0.000197402235,0.374267578,3da06753ac4d46b62de7304520bb9b812be91329990222d09b1122bc71883791,0,0,4.576485872268677,
1,local-qwen35-27b-m1-kv,fp16,0.0191250001,True,0,0.000197402235,0.374267578,3da06753ac4d46b62de7304520bb9b812be91329990222d09b1122bc71883791,0,0,5.35464072227478,
1,local-qwen35-27b-m1-q,mlx,0.035875,True,0,0.000302069,0.193604,,,,3.321768045425415,
1,local-qwen35-27b-m1-q,previous_int8,0.0198333291,True,0,0.00199607046,2.97729492,52bd4d1e1045e3a7ad07a4a2137d47f31ee056e3e4f22e5679595d1e382f0870,0,0,5.010756969451904,
1,local-qwen35-27b-m1-q,int8,0.0195833272,True,0,0.00199607046,2.97729492,52bd4d1e1045e3a7ad07a4a2137d47f31ee056e3e4f22e5679595d1e382f0870,0,0,5.580796003341675,
1,local-qwen35-27b-m1-q,previous_fp32,0.0457499991,True,0,0.000216623037,0.457763672,31efbd2433f1ff551b04a53e8d9cdf69e4cd339bb52b223cc03d3ab504c86027,0,0,2.6764049530029297,
1,local-qwen35-27b-m1-q,fp32,0.0455833215,True,0,0.000216623037,0.457763672,31efbd2433f1ff551b04a53e8d9cdf69e4cd339bb52b223cc03d3ab504c86027,0,0,2.6706857681274414,
1,local-qwen35-27b-m1-q,previous_fp16,0.046000001,True,0,0.000216623037,0.457763672,31efbd2433f1ff551b04a53e8d9cdf69e4cd339bb52b223cc03d3ab504c86027,0,0,2.7977330684661865,
1,local-qwen35-27b-m1-q,fp16,0.0443749886,True,0,0.000216623037,0.457763672,31efbd2433f1ff551b04a53e8d9cdf69e4cd339bb52b223cc03d3ab504c86027,0,0,2.7125000953674316,
1,local-qwen35-9b-m4096-kv,mlx,0.312292,True,0,0.000243581,0.24585,,,,0.885026216506958,
1,local-qwen35-9b-m4096-kv,previous_int8,0.189875005,True,0,0.00395427816,4.70800781,9ebe1f57c071e8c1e9109ae63213aaa826ec2feb9ea7f49a154b0b405881dc27,0,0,1.0537450313568115,
1,local-qwen35-9b-m4096-kv,int8,0.190749997,True,0,0.00395427816,4.70800781,9ebe1f57c071e8c1e9109ae63213aaa826ec2feb9ea7f49a154b0b405881dc27,0,0,1.0430819988250732,
1,local-qwen35-9b-m4096-kv,previous_fp32,0.39229168,True,0,0.00023247303,0.565917969,b8ebded11e5cf20d52db675246006d4faf15bdcba01a8d98d867b44a68758995,0,0,0.8274102210998535,
1,local-qwen35-9b-m4096-kv,fp32,0.394374991,True,0,0.00023247303,0.565917969,b8ebded11e5cf20d52db675246006d4faf15bdcba01a8d98d867b44a68758995,0,0,0.8734221458435059,
1,local-qwen35-9b-m4096-kv,previous_fp16,0.303541674,True,0,0.000355638618,0.831054688,6c9c003b59c7c5c0704b0d8042171b62888d4ff33b20b7a13721d944e649123e,0,0,0.8708760738372803,
1,local-qwen35-9b-m4096-kv,fp16,0.302999993,True,0,0.000355638618,0.831054688,6c9c003b59c7c5c0704b0d8042171b62888d4ff33b20b7a13721d944e649123e,0,0,0.8700428009033203,
1,local-qwen35-9b-m3072-kv,mlx,0.225083,True,0,0.000151424,0.141846,,,,0.935614824295044,
1,local-qwen35-9b-m3072-kv,previous_int8,0.140874996,True,0,0.00426040731,5.26098633,da408e62531bf9c4feb69632482931d7fb600877384853fae6f6586eb29e7242,0,0,1.2135400772094727,
1,local-qwen35-9b-m3072-kv,int8,0.141333323,True,0,0.00426040731,5.26098633,da408e62531bf9c4feb69632482931d7fb600877384853fae6f6586eb29e7242,0,0,1.1379668712615967,
1,local-qwen35-9b-m3072-kv,previous_fp32,0.287458344,True,0,0.000251099935,0.456542969,ad0376b26871b42d03b161eb3219d6355cfd92e43015fec34a20592a51360112,0,0,0.8734712600708008,
1,local-qwen35-9b-m3072-kv,fp32,0.286124996,True,0,0.000251099935,0.456542969,ad0376b26871b42d03b161eb3219d6355cfd92e43015fec34a20592a51360112,0,0,0.8997490406036377,
1,local-qwen35-9b-m3072-kv,previous_fp16,0.249708333,True,0,0.000201368454,0.421386719,b1d3be915826ed4e31ce6ccf2ab26caf2d64268ec5f062c92e3de4fdc02892c5,0,0,0.9092321395874023,
1,local-qwen35-9b-m3072-kv,fp16,0.239000001,True,0,0.000201368454,0.421386719,b1d3be915826ed4e31ce6ccf2ab26caf2d64268ec5f062c92e3de4fdc02892c5,0,0,0.9410738945007324,
1,local-qwen35-9b-m2048-kv,mlx,0.178375,True,0,0.000109131,0.186768,,,,1.042949914932251,
1,local-qwen35-9b-m2048-kv,previous_int8,0.103708328,True,0,0.00394252547,4.83789062,7389ef2f86686de79f94109e841b6eab44728618c5127dda010608024a2d08b9,0,0,1.398935079574585,
1,local-qwen35-9b-m2048-kv,int8,0.103833328,True,0,0.00394252547,4.83789062,7389ef2f86686de79f94109e841b6eab44728618c5127dda010608024a2d08b9,0,0,1.3987128734588623,
1,local-qwen35-9b-m2048-kv,previous_fp32,0.196041656,True,0,0.000275009054,0.565917969,07428ec080508a668a87868c2a2c3eb0a4d9263b984263d43d9a1638e8dd54a3,0,0,1.0107829570770264,
1,local-qwen35-9b-m2048-kv,fp32,0.196166671,True,0,0.000275009054,0.565917969,07428ec080508a668a87868c2a2c3eb0a4d9263b984263d43d9a1638e8dd54a3,0,0,1.0365538597106934,
1,local-qwen35-9b-m2048-kv,previous_fp16,0.165000005,True,0,0.000292355112,0.469238281,619fa8e5ac035d5cbc12a4df246d6c845ec0461cb6d70f828ff3996e278db0ec,0,0,1.1007270812988281,
1,local-qwen35-9b-m2048-kv,fp16,0.164666664,True,0,0.000292355112,0.469238281,619fa8e5ac035d5cbc12a4df246d6c845ec0461cb6d70f828ff3996e278db0ec,0,0,1.120591163635254,
1,local-qwen35-9b-m1024-kv,mlx,0.091,True,0,0.000237815,0.212158,,,,1.500014066696167,
1,local-qwen35-9b-m1024-kv,previous_int8,0.0670833251,True,0,0.00363605718,4.8125,c30bcdb72a7189d2927688dfe5696f2fee0d83148fb295a6487cb8bb3ff3e314,0,0,1.9213738441467285,
1,local-qwen35-9b-m1024-kv,int8,0.0667083368,True,0,0.00363605718,4.8125,c30bcdb72a7189d2927688dfe5696f2fee0d83148fb295a6487cb8bb3ff3e314,0,0,1.8581833839416504,
1,local-qwen35-9b-m1024-kv,previous_fp32,0.108708336,True,0,0.00030257114,0.456542969,3b5b63c5c5193d593b22600c6b722013548368ffadf17c305546395188a400f0,0,0,1.377892255783081,
1,local-qwen35-9b-m1024-kv,fp32,0.108624998,True,0,0.00030257114,0.456542969,3b5b63c5c5193d593b22600c6b722013548368ffadf17c305546395188a400f0,0,0,1.3657951354980469,
1,local-qwen35-9b-m1024-kv,previous_fp16,0.0928750087,True,0,0.000292129458,0.469238281,58a41f8da6dfe50a23959fe8a971b3e2f5bf1ce56d84ab6fa1e8925bd50ab164,0,0,1.4601788520812988,
1,local-qwen35-9b-m1024-kv,fp16,0.0931249961,True,0,0.000292129458,0.469238281,58a41f8da6dfe50a23959fe8a971b3e2f5bf1ce56d84ab6fa1e8925bd50ab164,0,0,1.4747340679168701,
1,local-qwen35-9b-m512-kv,mlx,0.0531667,True,0,0.000206562,0.187744,,,,2.210164785385132,
1,local-qwen35-9b-m512-kv,previous_int8,0.0617916667,True,0,0.00365118887,4.75683594,8079876770cfa785ad40484b32797c7e5d28c45d07dc83e16c1fc5dcf82f0f1f,0,0,1.895895004272461,
1,local-qwen35-9b-m512-kv,int8,0.0617500045,True,0,0.00365118887,4.75683594,8079876770cfa785ad40484b32797c7e5d28c45d07dc83e16c1fc5dcf82f0f1f,0,0,2.041292905807495,
1,local-qwen35-9b-m512-kv,previous_fp32,0.0854166719,True,0,0.000281639255,0.657226562,854792aa7d62548de381d6ce837fbfdbc182daeeacfbe3f69557ba717639956a,0,0,1.4882349967956543,
1,local-qwen35-9b-m512-kv,fp32,0.0854999962,True,0,0.000281639255,0.657226562,854792aa7d62548de381d6ce837fbfdbc182daeeacfbe3f69557ba717639956a,0,0,1.5478160381317139,
1,local-qwen35-9b-m512-kv,previous_fp16,0.0574583391,True,0,0.000263118171,0.435302734,14f7e953600f7f7dbfeee7252f176ac5fd4fcffef1540a5c761e708442328b2a,0,0,2.0796287059783936,
1,local-qwen35-9b-m512-kv,fp16,0.0572499994,True,0,0.000263118171,0.435302734,14f7e953600f7f7dbfeee7252f176ac5fd4fcffef1540a5c761e708442328b2a,0,0,2.211181163787842,
1,local-qwen35-9b-m128-kv,mlx,0.0420417,True,0,0.000152803,0.190186,,,,2.8293728828430176,
1,local-qwen35-9b-m128-kv,previous_int8,0.0607916736,True,0,0.00351842218,5.31396484,90478e8d7f3c7384209c106d6cf09b5effab65a86506fe75499cff7cafec547c,0,0,2.082956075668335,
1,local-qwen35-9b-m128-kv,int8,0.0605833338,True,0,0.00351842218,5.31396484,90478e8d7f3c7384209c106d6cf09b5effab65a86506fe75499cff7cafec547c,0,0,2.0775229930877686,
1,local-qwen35-9b-m128-kv,previous_fp32,0.0838749984,True,0,0.000294600179,0.662597656,b409d88f0035f8f7ab60a3e476bbc053e7fa7201027356de36b7f4de84629fba,0,0,1.5752480030059814,
1,local-qwen35-9b-m128-kv,fp32,0.0839583226,True,0,0.000294600179,0.662597656,b409d88f0035f8f7ab60a3e476bbc053e7fa7201027356de36b7f4de84629fba,0,0,1.573941707611084,
1,local-qwen35-9b-m128-kv,previous_fp16,0.0512499973,True,0,0.000265406347,0.662597656,17e9b0b9f3297f5ba8765012f787f7e68ee77f5478ad69ce97a3e6017bb9dc8f,0,0,2.2865149974823,
1,local-qwen35-9b-m128-kv,fp16,0.0514999992,True,0,0.000265406347,0.662597656,17e9b0b9f3297f5ba8765012f787f7e68ee77f5478ad69ce97a3e6017bb9dc8f,0,0,2.370919942855835,
1,local-qwen35-9b-m32-kv,mlx,0.039875,True,0,0.000243581,0.24585,,,,2.8200411796569824,
1,local-qwen35-9b-m32-kv,previous_int8,0.060624996,True,0,0.0027146291,3.85839844,3d08524f5c198e7f96a0fc549a1bcd9b234909cb2a59ddbf22b837212422da0c,0,0,2.0514299869537354,
1,local-qwen35-9b-m32-kv,int8,0.0605416571,True,0,0.0027146291,3.85839844,3d08524f5c198e7f96a0fc549a1bcd9b234909cb2a59ddbf22b837212422da0c,0,0,2.03391170501709,
1,local-qwen35-9b-m32-kv,previous_fp32,0.0332083291,True,0,0.00026622251,0.662597656,2e1f3b5522e4d58365b8ac5ff9fba1c2115b299546299b0a9ad5e76e8772a90b,0,0,3.523508071899414,
1,local-qwen35-9b-m32-kv,fp32,0.0332916679,True,0,0.00026622251,0.662597656,2e1f3b5522e4d58365b8ac5ff9fba1c2115b299546299b0a9ad5e76e8772a90b,0,0,3.366827964782715,
1,local-qwen35-9b-m32-kv,previous_fp16,0.0333749922,True,0,0.00026622251,0.662597656,2e1f3b5522e4d58365b8ac5ff9fba1c2115b299546299b0a9ad5e76e8772a90b,0,0,3.5993831157684326,
1,local-qwen35-9b-m32-kv,fp16,0.0332500058,True,0,0.00026622251,0.662597656,2e1f3b5522e4d58365b8ac5ff9fba1c2115b299546299b0a9ad5e76e8772a90b,0,0,3.394522190093994,
1,local-qwen35-9b-m8-kv,mlx,0.01225,True,0,0.000237815,0.212158,,,,7.91815185546875,
1,local-qwen35-9b-m8-kv,previous_int8,0.0215416658,True,0,0.00393802886,5.31933594,6913efaebf088d77ce062ba1f14ad59d488c5ba2b89576dcef3f7e5dedef01f4,0,0,4.899481773376465,
1,local-qwen35-9b-m8-kv,int8,0.0214999891,True,0,0.00393802886,5.31933594,6913efaebf088d77ce062ba1f14ad59d488c5ba2b89576dcef3f7e5dedef01f4,0,0,5.084913015365601,
1,local-qwen35-9b-m8-kv,previous_fp32,0.0246250129,True,0,0.000265054676,0.681884766,3a68faf7886ba23468545f60e2efc791ab4dfb17c81febaefd4614110fe03e4e,0,0,4.5009472370147705,
1,local-qwen35-9b-m8-kv,fp32,0.0246250129,True,0,0.000265054676,0.681884766,3a68faf7886ba23468545f60e2efc791ab4dfb17c81febaefd4614110fe03e4e,0,0,4.5373029708862305,
1,local-qwen35-9b-m8-kv,previous_fp16,0.0244999974,True,0,0.000265054676,0.681884766,3a68faf7886ba23468545f60e2efc791ab4dfb17c81febaefd4614110fe03e4e,0,0,4.7446608543396,
1,local-qwen35-9b-m8-kv,fp16,0.0247916614,True,0,0.000265054676,0.681884766,3a68faf7886ba23468545f60e2efc791ab4dfb17c81febaefd4614110fe03e4e,0,0,4.6761181354522705,
1,local-qwen35-9b-m2-kv,mlx,0.00849999,True,0,0.000244074,0.244385,,,,11.27232837677002,
1,local-qwen35-9b-m2-kv,previous_int8,0.00674999319,True,0,0.00192918326,2.56933594,6981df6195f59b1d367c51949ca3f43a6462211198a7e9cf723bcb96afe98f37,0,0,13.791120052337646,
1,local-qwen35-9b-m2-kv,int8,0.00662499224,True,0,0.00192918326,2.56933594,6981df6195f59b1d367c51949ca3f43a6462211198a7e9cf723bcb96afe98f37,0,0,14.192991971969604,
1,local-qwen35-9b-m2-kv,previous_fp32,0.0164999947,True,0,0.00019515655,0.377929688,9a73b8018daaed78dcb7c29735f01a9673938c80695de468e2827f7f522838ad,0,0,6.187052965164185,
1,local-qwen35-9b-m2-kv,fp32,0.0166666723,True,0,0.00019515655,0.377929688,9a73b8018daaed78dcb7c29735f01a9673938c80695de468e2827f7f522838ad,0,0,6.084048748016357,
1,local-qwen35-9b-m2-kv,previous_fp16,0.0165833335,True,0,0.00019515655,0.377929688,9a73b8018daaed78dcb7c29735f01a9673938c80695de468e2827f7f522838ad,0,0,6.240424871444702,
1,local-qwen35-9b-m2-kv,fp16,0.0166250102,True,0,0.00019515655,0.377929688,9a73b8018daaed78dcb7c29735f01a9673938c80695de468e2827f7f522838ad,0,0,6.127000093460083,
1,local-qwen35-9b-m1-kv,mlx,0.013,True,0,7.45454e-05,0.0354004,,,,7.649780988693237,
1,local-qwen35-9b-m1-kv,previous_int8,0.00637499033,True,0,0.00193417127,2.20947266,b8399bad143651b7802ae523c3726bdede688b11adebf868ceda55be91a23f8b,0,0,14.164101123809814,
1,local-qwen35-9b-m1-kv,int8,0.0063333282,True,0,0.00193417127,2.20947266,b8399bad143651b7802ae523c3726bdede688b11adebf868ceda55be91a23f8b,0,0,14.26276683807373,
1,local-qwen35-9b-m1-kv,previous_fp32,0.0157916656,True,0,0.000211960586,0.359375,c00f166090bc8c2afeee3f181682f123bb66fb8e3ec9e5d3fe50daf666ab97f2,0,0,6.265316963195801,
1,local-qwen35-9b-m1-kv,fp32,0.0159999909,True,0,0.000211960586,0.359375,c00f166090bc8c2afeee3f181682f123bb66fb8e3ec9e5d3fe50daf666ab97f2,0,0,6.3830578327178955,
1,local-qwen35-9b-m1-kv,previous_fp16,0.0184999953,True,0,0.000211960586,0.359375,f86ecc9b7972d8e244e2e5cac1a1752f26f0cbca8b6c5d69e861d116c8a1061f,0,0,5.686296701431274,
1,local-qwen35-9b-m1-kv,fp16,0.0187083351,True,0,0.000211960586,0.359375,f86ecc9b7972d8e244e2e5cac1a1752f26f0cbca8b6c5d69e861d116c8a1061f,0,0,5.726759910583496,
1,local-qwen35-4b-m4096-output,mlx,0.721875,True,0,0.00013838,0.199707,,,,0.7535181045532227,
1,local-qwen35-4b-m4096-output,previous_int8,0.403500002,True,0,0.00399943979,4.82714844,249022c345f7180fd0c992475350b2c099ae598ca4b5e04ff4acfc9aca210567,0,0,0.8618359565734863,
1,local-qwen35-4b-m4096-output,int8,0.404499995,True,0,0.00399943979,4.82714844,249022c345f7180fd0c992475350b2c099ae598ca4b5e04ff4acfc9aca210567,0,0,0.8798558712005615,
1,local-qwen35-4b-m4096-output,previous_fp32,0.693458336,True,0,0.000191898603,0.254882812,ca9f7e76e5c8eab8906c15e641c2cbc33c33fd2d56d19e99b9ec6dfe6fc437c0,0,0,0.7375941276550293,
1,local-qwen35-4b-m4096-output,fp32,0.702583333,True,0,0.000191898603,0.254882812,ca9f7e76e5c8eab8906c15e641c2cbc33c33fd2d56d19e99b9ec6dfe6fc437c0,0,0,0.7353360652923584,
1,local-qwen35-4b-m4096-output,previous_fp16,0.694625007,True,0,0.000191898603,0.254882812,ca9f7e76e5c8eab8906c15e641c2cbc33c33fd2d56d19e99b9ec6dfe6fc437c0,0,0,0.7370288372039795,
1,local-qwen35-4b-m4096-output,fp16,0.723708319,True,0,0.000191898603,0.254882812,ca9f7e76e5c8eab8906c15e641c2cbc33c33fd2d56d19e99b9ec6dfe6fc437c0,0,0,0.7350420951843262,
1,local-qwen35-4b-m4096-kv,mlx,0.197375,True,0,0.000249899,0.233398,,,,1.0217702388763428,
1,local-qwen35-4b-m4096-kv,previous_int8,0.123499995,True,0,0.003953342,3.2722168,3b55aec271af0712129a04ca6eeffd5092ca92179836979e27be802c4f239f81,0,0,1.24739408493042,
1,local-qwen35-4b-m4096-kv,int8,0.123250007,True,0,0.003953342,3.2722168,3b55aec271af0712129a04ca6eeffd5092ca92179836979e27be802c4f239f81,0,0,1.2542409896850586,
1,local-qwen35-4b-m4096-kv,previous_fp32,0.234541658,True,0,0.000215151559,0.221923828,30702cd52d863d193bf9aea46323276894fc78b90b2e57309ff39438a22198c0,0,0,0.9410221576690674,
1,local-qwen35-4b-m4096-kv,fp32,0.235875006,True,0,0.000215151559,0.221923828,30702cd52d863d193bf9aea46323276894fc78b90b2e57309ff39438a22198c0,0,0,0.9580538272857666,
1,local-qwen35-4b-m4096-kv,previous_fp16,0.195166664,True,0,0.000342491085,0.408447266,9095309330696dda4cad9b410d832cad2292f09be241d8d320ed7a893829a9e0,0,0,0.9795029163360596,
1,local-qwen35-4b-m4096-kv,fp16,0.195083339,True,0,0.000342491085,0.408447266,9095309330696dda4cad9b410d832cad2292f09be241d8d320ed7a893829a9e0,0,0,0.9943926334381104,
1,local-qwen35-4b-m4096-q,mlx,0.684167,True,0,0.000124565,0.0744629,,,,0.7905399799346924,
1,local-qwen35-4b-m4096-q,previous_int8,0.396374991,True,0,0.0037313469,2.99536133,92887ed554a8a1cf8bbf64d4e5c6c170f70bb9f7b6140c2cf2858da57cf0ac31,0,0,0.86810302734375,
1,local-qwen35-4b-m4096-q,int8,0.399958328,True,0,0.0037313469,2.99536133,92887ed554a8a1cf8bbf64d4e5c6c170f70bb9f7b6140c2cf2858da57cf0ac31,0,0,0.8539080619812012,
1,local-qwen35-4b-m4096-q,previous_fp32,0.688375003,True,0,0.000227233696,0.248535156,862bb515f4e4ab147f1ec98642fd216d4a3a2e12c5471a6f316b55edec52ca30,0,0,0.7459139823913574,
1,local-qwen35-4b-m4096-q,fp32,0.687124993,True,0,0.000227233696,0.248535156,862bb515f4e4ab147f1ec98642fd216d4a3a2e12c5471a6f316b55edec52ca30,0,0,0.7374529838562012,
1,local-qwen35-4b-m4096-q,previous_fp16,0.687958338,True,0,0.000227233696,0.248535156,862bb515f4e4ab147f1ec98642fd216d4a3a2e12c5471a6f316b55edec52ca30,0,0,0.7489819526672363,
1,local-qwen35-4b-m4096-q,fp16,0.688208325,True,0,0.000227233696,0.248535156,862bb515f4e4ab147f1ec98642fd216d4a3a2e12c5471a6f316b55edec52ca30,0,0,0.7446098327636719,
1,local-qwen35-4b-m3072-output,mlx,0.558917,True,0,0.000146174,0.153564,,,,0.789546012878418,
1,local-qwen35-4b-m3072-output,previous_int8,0.325291665,True,0,0.00443262992,5.25,557463b73dae376ec955103d51d374095057432fd24198422d89db05d046f354,0,0,0.8594479560852051,
1,local-qwen35-4b-m3072-output,int8,0.322125008,True,0,0.00443262992,5.25,557463b73dae376ec955103d51d374095057432fd24198422d89db05d046f354,0,0,0.8528900146484375,
1,local-qwen35-4b-m3072-output,previous_fp32,0.562125002,True,0,0.000195971004,0.434570312,78be0201270409b4d8213025d7c59fa97a4debf96c6e5a99520a5da89c1fecf5,0,0,0.7768588066101074,
1,local-qwen35-4b-m3072-output,fp32,0.563499998,True,0,0.000195971004,0.434570312,78be0201270409b4d8213025d7c59fa97a4debf96c6e5a99520a5da89c1fecf5,0,0,0.7722611427307129,
1,local-qwen35-4b-m3072-output,previous_fp16,0.561624998,True,0,0.000195971004,0.434570312,78be0201270409b4d8213025d7c59fa97a4debf96c6e5a99520a5da89c1fecf5,0,0,0.7782800197601318,
1,local-qwen35-4b-m3072-output,fp16,0.560333341,True,0,0.000195971004,0.434570312,78be0201270409b4d8213025d7c59fa97a4debf96c6e5a99520a5da89c1fecf5,0,0,0.7632761001586914,
1,local-qwen35-4b-m3072-kv,mlx,0.139542,True,0,0.00013487,0.119141,,,,1.1510162353515625,
1,local-qwen35-4b-m3072-kv,previous_int8,0.0893749966,True,0,0.00392722924,3.29052734,3808f2d798ad32682581e387b9a8ed791fadb93dcd95fa0fe2fbd3c9e1174d80,0,0,1.508523941040039,
1,local-qwen35-4b-m3072-kv,int8,0.0893749966,True,0,0.00392722924,3.29052734,3808f2d798ad32682581e387b9a8ed791fadb93dcd95fa0fe2fbd3c9e1174d80,0,0,1.5248799324035645,
1,local-qwen35-4b-m3072-kv,previous_fp32,0.196249995,True,0,0.000212324517,0.213623047,928ba1be6b011b2820c38b5d15e82f2e74439da80688158aee6a74ce4ecb6faf,0,0,1.0074679851531982,
1,local-qwen35-4b-m3072-kv,fp32,0.195916655,True,0,0.000212324517,0.213623047,928ba1be6b011b2820c38b5d15e82f2e74439da80688158aee6a74ce4ecb6faf,0,0,1.0217726230621338,
1,local-qwen35-4b-m3072-kv,previous_fp16,0.137875002,True,0,0.000272716177,0.401855469,bac6cb5b4e87c6a7db1aa1ee2b75214bb3e6b4fc88474a04e70088e67bca7cad,0,0,1.1693902015686035,
1,local-qwen35-4b-m3072-kv,fp16,0.137916664,True,0,0.000272716177,0.401855469,bac6cb5b4e87c6a7db1aa1ee2b75214bb3e6b4fc88474a04e70088e67bca7cad,0,0,1.2042768001556396,
1,local-qwen35-4b-m3072-q,mlx,0.530583,True,0,0.000237591,0.210449,,,,0.8125288486480713,
1,local-qwen35-4b-m3072-q,previous_int8,0.319375002,True,0,0.00409152799,3.29052734,0f3ecda10c1be846ba6ba17dbaf0ceda1e5406f4fd6e3ae65c1a1dd81e4f6b26,0,0,0.868156909942627,
1,local-qwen35-4b-m3072-q,int8,0.309374998,True,0,0.00409152799,3.29052734,0f3ecda10c1be846ba6ba17dbaf0ceda1e5406f4fd6e3ae65c1a1dd81e4f6b26,0,0,0.8821101188659668,
1,local-qwen35-4b-m3072-q,previous_fp32,0.534374994,True,0,0.000193698632,0.241210938,c59d2af356745265533e2f04a18a846339d791bfff8750883e2d87cf761544ed,0,0,0.7721240520477295,
1,local-qwen35-4b-m3072-q,fp32,0.534833336,True,0,0.000193698632,0.241210938,c59d2af356745265533e2f04a18a846339d791bfff8750883e2d87cf761544ed,0,0,0.7801830768585205,
1,local-qwen35-4b-m3072-q,previous_fp16,0.534374994,True,0,0.000193698632,0.241210938,c59d2af356745265533e2f04a18a846339d791bfff8750883e2d87cf761544ed,0,0,0.7838118076324463,
1,local-qwen35-4b-m3072-q,fp16,0.535708328,True,0,0.000193698632,0.241210938,c59d2af356745265533e2f04a18a846339d791bfff8750883e2d87cf761544ed,0,0,0.7814300060272217,
1,local-qwen35-4b-m2048-output,mlx,0.39175,True,0,8.51976e-05,0.130615,,,,0.8399181365966797,
1,local-qwen35-4b-m2048-output,previous_int8,0.255666673,True,0,0.00386694975,4.83789062,d68a86dd6dae8ef972bf165b73e6791e38f2b2068a15e7ff1f14b6f06dc985f9,0,0,0.9464900493621826,
1,local-qwen35-4b-m2048-output,int8,0.253624996,True,0,0.00386694975,4.83789062,d68a86dd6dae8ef972bf165b73e6791e38f2b2068a15e7ff1f14b6f06dc985f9,0,0,0.9202141761779785,
1,local-qwen35-4b-m2048-output,previous_fp32,0.395083334,True,0,0.000198920744,0.405761719,2a9aa9b30fc43a7d3e9326a44674797ca5005976e99b1aacb02c428c4815287b,0,0,0.8264257907867432,
1,local-qwen35-4b-m2048-output,fp32,0.396499992,True,0,0.000198920744,0.405761719,2a9aa9b30fc43a7d3e9326a44674797ca5005976e99b1aacb02c428c4815287b,0,0,0.8437869548797607,
1,local-qwen35-4b-m2048-output,previous_fp16,0.438583331,True,0,0.000444969542,0.927734375,a0aa0b95596fcec9fb1c5aaeb194d753af372553cada806e4a91884b4d180195,0,0,0.8198361396789551,
1,local-qwen35-4b-m2048-output,fp16,0.440625008,True,0,0.000444969542,0.927734375,a0aa0b95596fcec9fb1c5aaeb194d753af372553cada806e4a91884b4d180195,0,0,0.8255999088287354,
1,local-qwen35-4b-m2048-kv,mlx,0.112792,True,0,7.14875e-05,0.0537109,,,,1.3308360576629639,
1,local-qwen35-4b-m2048-kv,previous_int8,0.0684999977,True,0,0.00408796348,3.29052734,420fcdee0375169ea82594798288d789c1365b5347aa1ef58ebe8a8e63036387,0,0,1.9315309524536133,
1,local-qwen35-4b-m2048-kv,int8,0.0686249987,True,0,0.00408796348,3.29052734,420fcdee0375169ea82594798288d789c1365b5347aa1ef58ebe8a8e63036387,0,0,1.8483929634094238,
1,local-qwen35-4b-m2048-kv,previous_fp32,0.126333325,True,0,0.000209840427,0.221923828,ea96c8273b0662f09716e2101ce555b88e43e40b853519487f9abec4485bdd99,0,0,1.1393990516662598,
1,local-qwen35-4b-m2048-kv,fp32,0.125624996,True,0,0.000209840427,0.221923828,ea96c8273b0662f09716e2101ce555b88e43e40b853519487f9abec4485bdd99,0,0,1.2159512042999268,
1,local-qwen35-4b-m2048-kv,previous_fp16,0.108583336,True,0,0.000332979262,0.401855469,63f328881cd774cbb6f8c1991ab2da905aa3cb57f8b6d2f0276d3aa0d4f73a9d,0,0,1.3575999736785889,
1,local-qwen35-4b-m2048-kv,fp16,0.10866666,True,0,0.000332979262,0.401855469,63f328881cd774cbb6f8c1991ab2da905aa3cb57f8b6d2f0276d3aa0d4f73a9d,0,0,1.3448071479797363,
1,local-qwen35-4b-m2048-q,mlx,0.373,True,0,0.000209441,0.202881,,,,0.8424522876739502,
1,local-qwen35-4b-m2048-q,previous_int8,0.212125,True,0,0.00421531424,3.29052734,94c3bf502ce58e339983b5fcff0d3a60dbd62ff2fd14931977b4ddccb0fc015a,0,0,0.9794011116027832,
1,local-qwen35-4b-m2048-q,int8,0.21274999,True,0,0.00421531424,3.29052734,94c3bf502ce58e339983b5fcff0d3a60dbd62ff2fd14931977b4ddccb0fc015a,0,0,0.9751520156860352,
1,local-qwen35-4b-m2048-q,previous_fp32,0.376958342,True,0,0.000209414586,0.221923828,0cdf5e3d71070be6fe3c1e466f9d3d9e1d98b882737bf3b34c439569f20589ea,0,0,0.8150990009307861,
1,local-qwen35-4b-m2048-q,fp32,0.375750009,True,0,0.000209414586,0.221923828,0cdf5e3d71070be6fe3c1e466f9d3d9e1d98b882737bf3b34c439569f20589ea,0,0,0.8134169578552246,
1,local-qwen35-4b-m2048-q,previous_fp16,0.377083328,True,0,0.000209414586,0.221923828,0cdf5e3d71070be6fe3c1e466f9d3d9e1d98b882737bf3b34c439569f20589ea,0,0,0.8025228977203369,
1,local-qwen35-4b-m2048-q,fp16,0.376541662,True,0,0.000209414586,0.221923828,0cdf5e3d71070be6fe3c1e466f9d3d9e1d98b882737bf3b34c439569f20589ea,0,0,0.7988801002502441,
1,local-qwen35-4b-m1024-output,mlx,0.221542,True,0,0.000168162,0.19458,,,,0.9399199485778809,
1,local-qwen35-4b-m1024-output,previous_int8,0.142499994,True,0,0.00399010585,5.25830078,3c465c11d0cb5aff5e84e8c9f1664e31054266d696b5db04c4d63e730fa7ea29,0,0,1.1780989170074463,
1,local-qwen35-4b-m1024-output,int8,0.154499998,True,0,0.00399010585,5.25830078,3c465c11d0cb5aff5e84e8c9f1664e31054266d696b5db04c4d63e730fa7ea29,0,0,1.1269831657409668,
1,local-qwen35-4b-m1024-output,previous_fp32,0.221666662,True,0,0.000221572927,0.419189453,bdfb5480912580ae208ca58399b7029f0d7f602e97fc36e2cbf926369c3d2feb,0,0,0.9485256671905518,
1,local-qwen35-4b-m1024-output,fp32,0.222250004,True,0,0.000221572927,0.419189453,bdfb5480912580ae208ca58399b7029f0d7f602e97fc36e2cbf926369c3d2feb,0,0,0.9467999935150146,
1,local-qwen35-4b-m1024-output,previous_fp16,0.232958322,True,0,0.000363094127,0.598632812,b4a94aea183b1ed96f0e4dfcf7bc39c31843311a9322c2973b9b2bbebee33eed,0,0,0.959693193435669,
1,local-qwen35-4b-m1024-output,fp16,0.233624989,True,0,0.000363094127,0.598632812,b4a94aea183b1ed96f0e4dfcf7bc39c31843311a9322c2973b9b2bbebee33eed,0,0,0.9397859573364258,
1,local-qwen35-4b-m1024-kv,mlx,0.062875,True,0,7.35932e-05,0.0595703,,,,1.939223051071167,
1,local-qwen35-4b-m1024-kv,previous_int8,0.0457499991,True,0,0.00389483078,3.2722168,51e894539110bdf807a327a125979e42b5d6d7bab004bad89f4034bf92b5391c,0,0,2.6621198654174805,
1,local-qwen35-4b-m1024-kv,int8,0.045708337,True,0,0.00389483078,3.2722168,51e894539110bdf807a327a125979e42b5d6d7bab004bad89f4034bf92b5391c,0,0,2.584946870803833,
1,local-qwen35-4b-m1024-kv,previous_fp32,0.0962499907,True,0,0.000197481,0.221923828,fb3cfe51045f9430a4ccffe444384ae08ebdd3c8a08245304623ef882f8c4181,0,0,1.439084768295288,
1,local-qwen35-4b-m1024-kv,fp32,0.0965000072,True,0,0.000197481,0.221923828,fb3cfe51045f9430a4ccffe444384ae08ebdd3c8a08245304623ef882f8c4181,0,0,1.4343290328979492,
1,local-qwen35-4b-m1024-kv,previous_fp16,0.06437501,True,0,0.00030798204,0.401855469,191819bcfdc0179ca371a67eb183ed417e9249d1704c7a8c46eae0bb7dff051f,0,0,1.9702348709106445,
1,local-qwen35-4b-m1024-kv,fp16,0.064250009,True,0,0.00030798204,0.401855469,191819bcfdc0179ca371a67eb183ed417e9249d1704c7a8c46eae0bb7dff051f,0,0,1.9736700057983398,
1,local-qwen35-4b-m1024-q,mlx,0.200167,True,0,0.00017029,0.115479,,,,0.9769678115844727,
1,local-qwen35-4b-m1024-q,previous_int8,0.113708345,True,0,0.00406943601,2.98608398,ed4b33ed9b72f9aba4ecf600a0337fe46e025da0d5f809324b151ebe363a7341,0,0,1.3212518692016602,
1,local-qwen35-4b-m1024-q,int8,0.114374998,True,0,0.00406943601,2.98608398,ed4b33ed9b72f9aba4ecf600a0337fe46e025da0d5f809324b151ebe363a7341,0,0,1.3120567798614502,
1,local-qwen35-4b-m1024-q,previous_fp32,0.201500006,True,0,0.000187922408,0.221923828,75fe92bd8455958a658537701cc1c207a55e1ac53df383a3071d1f3609a3d105,0,0,0.980679988861084,
1,local-qwen35-4b-m1024-q,fp32,0.201083341,True,0,0.000187922408,0.221923828,75fe92bd8455958a658537701cc1c207a55e1ac53df383a3071d1f3609a3d105,0,0,0.9847202301025391,
1,local-qwen35-4b-m1024-q,previous_fp16,0.193833344,True,0,0.000357700836,0.418212891,c72112c49585df57e9679e8666075edec7acbf5cc3dd7c666086886429115fff,0,0,1.0476250648498535,
1,local-qwen35-4b-m1024-q,fp16,0.19437501,True,0,0.000357700836,0.418212891,c72112c49585df57e9679e8666075edec7acbf5cc3dd7c666086886429115fff,0,0,1.0151894092559814,
1,local-qwen35-4b-m512-output,mlx,0.0915833,True,0,0.000124973,0.12207,,,,1.4974000453948975,
1,local-qwen35-4b-m512-output,previous_int8,0.0810416677,True,0,0.00380323836,4.83154297,79218036d4a77f0a17b68591a380ab662d1a9924143d1363d16218afcd7df824,0,0,1.656803846359253,
1,local-qwen35-4b-m512-output,int8,0.0807500037,True,0,0.00380323836,4.83154297,79218036d4a77f0a17b68591a380ab662d1a9924143d1363d16218afcd7df824,0,0,1.6484358310699463,
1,local-qwen35-4b-m512-output,previous_fp32,0.0922083273,True,0,0.000216553809,0.419189453,5251e5e8de731acaaab7e9fe68250e781ffa6dc7a94b1ee22580cea91ee8e609,0,0,1.4996330738067627,
1,local-qwen35-4b-m512-output,fp32,0.092000002,True,0,0.000216553809,0.419189453,5251e5e8de731acaaab7e9fe68250e781ffa6dc7a94b1ee22580cea91ee8e609,0,0,1.4855060577392578,
1,local-qwen35-4b-m512-output,previous_fp16,0.140000004,True,0,0.000335517534,0.598632812,eeff059adc85bdf1e9d6d7016500aaf9089e756e85212c4d3d8b2bd46d9b77f1,0,0,1.194911003112793,
1,local-qwen35-4b-m512-output,fp16,0.139541662,True,0,0.000335517534,0.598632812,eeff059adc85bdf1e9d6d7016500aaf9089e756e85212c4d3d8b2bd46d9b77f1,0,0,1.1710169315338135,
1,local-qwen35-4b-m512-kv,mlx,0.04575,True,0,0.000129089,0.10791,,,,2.5741679668426514,
1,local-qwen35-4b-m512-kv,previous_int8,0.0421666628,True,0,0.0037990113,3.0090332,168bb936a29e928d4bdbc13ed4ca7634323b9b066d0feeb3d34d04bb62f643d6,0,0,2.6749308109283447,
1,local-qwen35-4b-m512-kv,int8,0.0419999997,True,0,0.0037990113,3.0090332,168bb936a29e928d4bdbc13ed4ca7634323b9b066d0feeb3d34d04bb62f643d6,0,0,2.7318406105041504,
1,local-qwen35-4b-m512-kv,previous_fp32,0.0950416725,True,0,0.000216680728,0.235839844,413e9142db104d950902b19ca8ecf4a3313127389fdbce55d4967d301c751520,0,0,1.4644529819488525,
1,local-qwen35-4b-m512-kv,fp32,0.0947916706,True,0,0.000216680728,0.235839844,413e9142db104d950902b19ca8ecf4a3313127389fdbce55d4967d301c751520,0,0,1.4651501178741455,
1,local-qwen35-4b-m512-kv,previous_fp16,0.0611249998,True,0,0.000335937891,0.401855469,238929dba8d0c90502dabb5513ca2c78911bb61febb2307b28d395446d07c039,0,0,2.042250871658325,
1,local-qwen35-4b-m512-kv,fp16,0.0609583221,True,0,0.000335937891,0.401855469,238929dba8d0c90502dabb5513ca2c78911bb61febb2307b28d395446d07c039,0,0,2.0898947715759277,
1,local-qwen35-4b-m512-q,mlx,0.112375,True,0,0.000139374,0.10791,,,,1.3368492126464844,
1,local-qwen35-4b-m512-q,previous_int8,0.0638750062,True,0,0.00416945765,3.27539062,16676bfa6bb5bf17d3cc70029bd4e34cea3d930848f97b74e53122e9b1022063,0,0,1.9869318008422852,
1,local-qwen35-4b-m512-q,int8,0.0639999926,True,0,0.00416945765,3.27539062,16676bfa6bb5bf17d3cc70029bd4e34cea3d930848f97b74e53122e9b1022063,0,0,1.9904468059539795,
1,local-qwen35-4b-m512-q,previous_fp32,0.113375005,True,0,0.0002024945,0.235839844,3034660f93f41edaf08e9606c42a0e6c2c089c45e100538fc64900256e7132a5,0,0,1.3277082443237305,
1,local-qwen35-4b-m512-q,fp32,0.113124988,True,0,0.0002024945,0.235839844,3034660f93f41edaf08e9606c42a0e6c2c089c45e100538fc64900256e7132a5,0,0,1.3285372257232666,
1,local-qwen35-4b-m512-q,previous_fp16,0.108875,True,0,0.000336483641,0.367675781,bed3beed9abaf3ae8943d61abbc25bcd2f238e6e1a847e21b23a3a0384e2b415,0,0,1.3891730308532715,
1,local-qwen35-4b-m512-q,fp16,0.108624998,True,0,0.000336483641,0.367675781,bed3beed9abaf3ae8943d61abbc25bcd2f238e6e1a847e21b23a3a0384e2b415,0,0,1.3416011333465576,
1,local-qwen35-4b-m128-output,mlx,0.0945833,True,0,0.000174228,0.233643,,,,1.463188886642456,
1,local-qwen35-4b-m128-output,previous_int8,0.0599166669,True,0,0.00384877259,5.31396484,46338fd253f88c330124d6782ce9527ab76cd9ece270edc6c4f09c78004fbd79,0,0,2.1025259494781494,
1,local-qwen35-4b-m128-output,int8,0.0598750048,True,0,0.00384877259,5.31396484,46338fd253f88c330124d6782ce9527ab76cd9ece270edc6c4f09c78004fbd79,0,0,2.0396087169647217,
1,local-qwen35-4b-m128-output,previous_fp32,0.0846250041,True,0,0.000304772436,0.681884766,a37a4ca54617cba10e56e96a8e1dc520fc9755c5571c617a1675629e68788dec,0,0,1.5836191177368164,
1,local-qwen35-4b-m128-output,fp32,0.0849166681,True,0,0.000304772436,0.681884766,a37a4ca54617cba10e56e96a8e1dc520fc9755c5571c617a1675629e68788dec,0,0,1.5738770961761475,
1,local-qwen35-4b-m128-output,previous_fp16,0.0583750079,True,0,0.000346043153,0.681884766,82b230f5861d356b86e90a9167da2c3ec96a0fe56e944a7b104e49001098225b,0,0,2.0659139156341553,
1,local-qwen35-4b-m128-output,fp16,0.058250007,True,0,0.000346043153,0.681884766,82b230f5861d356b86e90a9167da2c3ec96a0fe56e944a7b104e49001098225b,0,0,2.076897144317627,
1,local-qwen35-4b-m128-kv,mlx,0.0425417,True,0,5.36171e-05,0.0505371,,,,2.807758092880249,
1,local-qwen35-4b-m128-kv,previous_int8,0.0412500085,True,0,0.00349659248,3.28881836,1159ebcf881d4da4628f5e01d0c4e42484d79222591b03179ddb1b11beb0f035,0,0,2.981550931930542,
1,local-qwen35-4b-m128-kv,int8,0.041249994,True,0,0.00349659248,3.28881836,1159ebcf881d4da4628f5e01d0c4e42484d79222591b03179ddb1b11beb0f035,0,0,2.8152756690979004,
1,local-qwen35-4b-m128-kv,previous_fp32,0.0964166684,True,0,0.000244396353,0.235839844,c801b278185c1303a23aa266b68c6a445da2be645617f088494513c6458c4812,0,0,1.4468650817871094,
1,local-qwen35-4b-m128-kv,fp32,0.0957916636,True,0,0.000244396353,0.235839844,c801b278185c1303a23aa266b68c6a445da2be645617f088494513c6458c4812,0,0,1.4464619159698486,
1,local-qwen35-4b-m128-kv,previous_fp16,0.0606666581,True,0,0.000307727878,0.368652344,51c5ceefd86921cd000114370c4bc2eea5dbf53dcfea3a072511aff2880eb992,0,0,2.094001054763794,
1,local-qwen35-4b-m128-kv,fp16,0.0606666727,True,0,0.000307727878,0.368652344,51c5ceefd86921cd000114370c4bc2eea5dbf53dcfea3a072511aff2880eb992,0,0,2.0998220443725586,
1,local-qwen35-4b-m128-q,mlx,0.06175,True,0,0.000104536,0.0720215,,,,2.054481029510498,
1,local-qwen35-4b-m128-q,previous_int8,0.0428750063,True,0,0.00407826339,3.28881836,c6d2084ed09d1bb8d5cfff4b1d18e395455d1e4bc48ff64dfcf2797c7abea94f,0,0,2.686481237411499,
1,local-qwen35-4b-m128-q,int8,0.0429583306,True,0,0.00407826339,3.28881836,c6d2084ed09d1bb8d5cfff4b1d18e395455d1e4bc48ff64dfcf2797c7abea94f,0,0,2.7871081829071045,
1,local-qwen35-4b-m128-q,previous_fp32,0.0968333334,True,0,0.000233255437,0.246582031,608411ee6027fe483265e00537b7c5037f64dce302580739a78d9302ad05c7b9,0,0,1.4511511325836182,
1,local-qwen35-4b-m128-q,fp32,0.0968333334,True,0,0.000233255437,0.246582031,608411ee6027fe483265e00537b7c5037f64dce302580739a78d9302ad05c7b9,0,0,1.444176197052002,
1,local-qwen35-4b-m128-q,previous_fp16,0.0626249966,True,0,0.000362636585,0.401855469,985ebf1b91698918b7bacd6527931558ab5f0a61d3236fbeb1ecf77c6e187dc8,0,0,1.9761791229248047,
1,local-qwen35-4b-m128-q,fp16,0.0612500007,True,0,0.000362636585,0.401855469,985ebf1b91698918b7bacd6527931558ab5f0a61d3236fbeb1ecf77c6e187dc8,0,0,2.066890001296997,
1,local-qwen35-4b-m32-output,mlx,0.0694167,True,0,0.00013838,0.199707,,,,1.7791469097137451,
1,local-qwen35-4b-m32-output,previous_int8,0.0598750048,True,0,0.00400115112,5.28613281,31ae948da3a779db4c886e6368c56224dc898a1381811897f6a0b662a7c3511a,0,0,1.9284570217132568,
1,local-qwen35-4b-m32-output,int8,0.0612500007,True,0,0.00400115112,5.28613281,31ae948da3a779db4c886e6368c56224dc898a1381811897f6a0b662a7c3511a,0,0,1.8778150081634521,
1,local-qwen35-4b-m32-output,previous_fp32,0.0641666556,True,0,0.000260215888,0.543701172,56c14d5a023d7d2bd13a2318d0b7e33fe2e4485acf24615c147ae35021fa3a38,0,0,1.840954065322876,
1,local-qwen35-4b-m32-output,fp32,0.0643749954,True,0,0.000260215888,0.543701172,56c14d5a023d7d2bd13a2318d0b7e33fe2e4485acf24615c147ae35021fa3a38,0,0,1.8566279411315918,
1,local-qwen35-4b-m32-output,previous_fp16,0.0639999926,True,0,0.000260215888,0.543701172,56c14d5a023d7d2bd13a2318d0b7e33fe2e4485acf24615c147ae35021fa3a38,0,0,1.8516261577606201,
1,local-qwen35-4b-m32-output,fp16,0.0640416692,True,0,0.000260215888,0.543701172,56c14d5a023d7d2bd13a2318d0b7e33fe2e4485acf24615c147ae35021fa3a38,0,0,1.8430919647216797,
1,local-qwen35-4b-m32-kv,mlx,0.039875,True,0,0.000249899,0.233398,,,,2.5666139125823975,
1,local-qwen35-4b-m32-kv,previous_int8,0.0436249975,True,0,0.00386443704,3.03515625,585a59bd74170b8b8db746d6da18663ab38c84df3270fb4dae7ccbbd2fc48daa,0,0,2.403623104095459,
1,local-qwen35-4b-m32-kv,int8,0.0436249975,True,0,0.00386443704,3.03515625,585a59bd74170b8b8db746d6da18663ab38c84df3270fb4dae7ccbbd2fc48daa,0,0,2.3947951793670654,
1,local-qwen35-4b-m32-kv,previous_fp32,0.0252500031,True,0,0.000254273504,0.286376953,bad1f9e89860a35ccf179a9c41b8e3cccae5a0d9bfaeb43a390e690223113b4e,0,0,3.939098834991455,
1,local-qwen35-4b-m32-kv,fp32,0.0251666643,True,0,0.000254273504,0.286376953,bad1f9e89860a35ccf179a9c41b8e3cccae5a0d9bfaeb43a390e690223113b4e,0,0,3.9450600147247314,
1,local-qwen35-4b-m32-kv,previous_fp16,0.0252500031,True,0,0.000254273504,0.286376953,bad1f9e89860a35ccf179a9c41b8e3cccae5a0d9bfaeb43a390e690223113b4e,0,0,3.8137452602386475,
1,local-qwen35-4b-m32-kv,fp16,0.0254583283,True,0,0.000254273504,0.286376953,bad1f9e89860a35ccf179a9c41b8e3cccae5a0d9bfaeb43a390e690223113b4e,0,0,3.7937870025634766,
1,local-qwen35-4b-m32-q,mlx,0.046125,True,0,0.000124565,0.0744629,,,,2.34588623046875,
1,local-qwen35-4b-m32-q,previous_int8,0.0441250013,True,0,0.0035319275,3.03515625,4a6d8f4913e9da62962730ad763dcd4537d93dbf404c4e695506a6d6e2864587,0,0,2.427762985229492,
1,local-qwen35-4b-m32-q,int8,0.0439583237,True,0,0.0035319275,3.03515625,4a6d8f4913e9da62962730ad763dcd4537d93dbf404c4e695506a6d6e2864587,0,0,2.4097957611083984,
1,local-qwen35-4b-m32-q,previous_fp32,0.065083339,True,0,0.000242846876,0.361083984,02d0dd6aa893e25fa703e39b292ad7e7a93fee9a798450d10e9baca9ad8180b1,0,0,1.8560230731964111,
1,local-qwen35-4b-m32-q,fp32,0.0651249866,True,0,0.000242846876,0.361083984,02d0dd6aa893e25fa703e39b292ad7e7a93fee9a798450d10e9baca9ad8180b1,0,0,1.8512308597564697,
1,local-qwen35-4b-m32-q,previous_fp16,0.0658333302,True,0,0.000242846876,0.361083984,02d0dd6aa893e25fa703e39b292ad7e7a93fee9a798450d10e9baca9ad8180b1,0,0,1.8291897773742676,
1,local-qwen35-4b-m32-q,fp16,0.064958338,True,0,0.000242846876,0.361083984,02d0dd6aa893e25fa703e39b292ad7e7a93fee9a798450d10e9baca9ad8180b1,0,0,1.854748249053955,
1,local-qwen35-4b-m8-output,mlx,0.0209167,True,0,0.000168162,0.19458,,,,4.691677093505859,
1,local-qwen35-4b-m8-output,previous_int8,0.0224999967,True,0,0.00415655181,5.31933594,dab888f3fdf92e36ff5715a7620be4ae416bb4473cda601610722d84f2cae598,0,0,4.396121978759766,
1,local-qwen35-4b-m8-output,int8,0.0228333229,True,0,0.00415655181,5.31933594,dab888f3fdf92e36ff5715a7620be4ae416bb4473cda601610722d84f2cae598,0,0,4.249636888504028,
1,local-qwen35-4b-m8-output,previous_fp32,0.0272916659,True,0,0.00030825271,0.521484375,eaed9ca38a333d632892ac6b4de29f1288f1ceaf235d8437e55e62f5203c3122,0,0,3.6652321815490723,
1,local-qwen35-4b-m8-output,fp32,0.027749993,True,0,0.00030825271,0.521484375,eaed9ca38a333d632892ac6b4de29f1288f1ceaf235d8437e55e62f5203c3122,0,0,3.655954122543335,
1,local-qwen35-4b-m8-output,previous_fp16,0.0275833445,True,0,0.00030825271,0.521484375,eaed9ca38a333d632892ac6b4de29f1288f1ceaf235d8437e55e62f5203c3122,0,0,3.61783766746521,
1,local-qwen35-4b-m8-output,fp16,0.0275000057,True,0,0.00030825271,0.521484375,eaed9ca38a333d632892ac6b4de29f1288f1ceaf235d8437e55e62f5203c3122,0,0,3.5941689014434814,
1,local-qwen35-4b-m8-kv,mlx,0.00958334,True,0,7.35932e-05,0.0595703,,,,8.678234100341797,
1,local-qwen35-4b-m8-kv,previous_int8,0.0189999992,True,0,0.00318080748,2.72729492,6a9edc9a9fcaa9b30e5524f1421b7bf30b37e8c1776a8981005248c466c5121b,0,0,4.785564184188843,
1,local-qwen35-4b-m8-kv,int8,0.0189166603,True,0,0.00318080748,2.72729492,6a9edc9a9fcaa9b30e5524f1421b7bf30b37e8c1776a8981005248c466c5121b,0,0,4.781562089920044,
1,local-qwen35-4b-m8-kv,previous_fp32,0.0201249932,True,0,0.000256968022,0.286376953,7000d1f9a06a5db037f361036549200e737633617355b1d50fc115ec1e3775a4,0,0,4.532742977142334,
1,local-qwen35-4b-m8-kv,fp32,0.0199999922,True,0,0.000256968022,0.286376953,7000d1f9a06a5db037f361036549200e737633617355b1d50fc115ec1e3775a4,0,0,4.574091672897339,
1,local-qwen35-4b-m8-kv,previous_fp16,0.0199583301,True,0,0.000256968022,0.286376953,7000d1f9a06a5db037f361036549200e737633617355b1d50fc115ec1e3775a4,0,0,4.635429859161377,
1,local-qwen35-4b-m8-kv,fp16,0.0197500049,True,0,0.000256968022,0.286376953,7000d1f9a06a5db037f361036549200e737633617355b1d50fc115ec1e3775a4,0,0,4.672092914581299,
1,local-qwen35-4b-m8-q,mlx,0.0235417,True,0,0.00017029,0.115479,,,,4.178539991378784,
1,local-qwen35-4b-m8-q,previous_int8,0.0240416557,True,0,0.00388245154,3.27099609,c9b97e377ce7270aba10f2d1609cbc6458b0ae8ba67289fe374ea8da046a4166,0,0,4.006691217422485,
1,local-qwen35-4b-m8-q,int8,0.0238749926,True,0,0.00388245154,3.27099609,c9b97e377ce7270aba10f2d1609cbc6458b0ae8ba67289fe374ea8da046a4166,0,0,3.958574056625366,
1,local-qwen35-4b-m8-q,previous_fp32,0.026208334,True,0,0.000216441854,0.278076172,2d13265398671bb9cabcaf1de619b4e186cb3550a6116ea6b7c456fc89d36219,0,0,3.7406537532806396,
1,local-qwen35-4b-m8-q,fp32,0.0262499962,True,0,0.000216441854,0.278076172,2d13265398671bb9cabcaf1de619b4e186cb3550a6116ea6b7c456fc89d36219,0,0,3.708599090576172,
1,local-qwen35-4b-m8-q,previous_fp16,0.0261666573,True,0,0.000216441854,0.278076172,2d13265398671bb9cabcaf1de619b4e186cb3550a6116ea6b7c456fc89d36219,0,0,3.5931529998779297,
1,local-qwen35-4b-m8-q,fp16,0.0262916583,True,0,0.000216441854,0.278076172,2d13265398671bb9cabcaf1de619b4e186cb3550a6116ea6b7c456fc89d36219,0,0,3.720453977584839,
1,local-qwen35-4b-m2-output,mlx,0.0135,True,0,0.000183004,0.223877,,,,6.401505947113037,
1,local-qwen35-4b-m2-output,previous_int8,0.0101249898,True,0,0.00184264017,2.59716797,ffbecf7757294a7631ddd6260e37dee630b6d6f3294c97e7e35325d62fc09974,0,0,8.20745587348938,
1,local-qwen35-4b-m2-output,int8,0.0102500053,True,0,0.00184264017,2.59716797,ffbecf7757294a7631ddd6260e37dee630b6d6f3294c97e7e35325d62fc09974,0,0,8.193601846694946,
1,local-qwen35-4b-m2-output,previous_fp32,0.0180833304,True,0,0.00022052263,0.393554688,78f1bd461253fa96ddec3c82a89a1233f70bd3445ce5d738cb1d866e5db32b69,0,0,4.931208848953247,
1,local-qwen35-4b-m2-output,fp32,0.0185833342,True,0,0.00022052263,0.393554688,78f1bd461253fa96ddec3c82a89a1233f70bd3445ce5d738cb1d866e5db32b69,0,0,4.935710906982422,
1,local-qwen35-4b-m2-output,previous_fp16,0.0181249925,True,0,0.00022052263,0.393554688,78f1bd461253fa96ddec3c82a89a1233f70bd3445ce5d738cb1d866e5db32b69,0,0,4.985562324523926,
1,local-qwen35-4b-m2-output,fp16,0.0182916701,True,0,0.00022052263,0.393554688,78f1bd461253fa96ddec3c82a89a1233f70bd3445ce5d738cb1d866e5db32b69,0,0,4.957741975784302,
1,local-qwen35-4b-m2-kv,mlx,0.00733334,True,0,0.000125838,0.0742188,,,,11.140999794006348,
1,local-qwen35-4b-m2-kv,previous_int8,0.0059583399,True,0,0.00187012445,1.54858398,78a2e09bd786ac4fd54a5257fd3de95cc114389686331cb096674e37680cf5c2,0,0,13.344759941101074,
1,local-qwen35-4b-m2-kv,int8,0.00612498843,True,0,0.00187012445,1.54858398,78a2e09bd786ac4fd54a5257fd3de95cc114389686331cb096674e37680cf5c2,0,0,13.151330709457397,
1,local-qwen35-4b-m2-kv,previous_fp32,0.0113749993,True,0,0.000228737432,0.236572266,e8dfa6b9cb8ba468e5d3ad598ae297759ecd8589441d92473934edfcf3fa886e,0,0,7.273532152175903,
1,local-qwen35-4b-m2-kv,fp32,0.0115000003,True,0,0.000228737432,0.236572266,e8dfa6b9cb8ba468e5d3ad598ae297759ecd8589441d92473934edfcf3fa886e,0,0,7.331021070480347,
1,local-qwen35-4b-m2-kv,previous_fp16,0.0115000003,True,0,0.000228737432,0.236572266,e8dfa6b9cb8ba468e5d3ad598ae297759ecd8589441d92473934edfcf3fa886e,0,0,7.281426906585693,
1,local-qwen35-4b-m2-kv,fp16,0.0115000003,True,0,0.000228737432,0.236572266,e8dfa6b9cb8ba468e5d3ad598ae297759ecd8589441d92473934edfcf3fa886e,0,0,7.307883977890015,
1,local-qwen35-4b-m2-q,mlx,0.01425,True,0,0.000129219,0.0742188,,,,6.135097980499268,
1,local-qwen35-4b-m2-q,previous_int8,0.0107499945,True,0,0.00196992567,1.54858398,3c18e12582f52a8bd3047d94578f23aec701303ee130a7c4b842fd44da03e991,0,0,7.9984447956085205,
1,local-qwen35-4b-m2-q,int8,0.0105000072,True,0,0.00196992567,1.54858398,3c18e12582f52a8bd3047d94578f23aec701303ee130a7c4b842fd44da03e991,0,0,8.090382099151611,
1,local-qwen35-4b-m2-q,previous_fp32,0.0191250001,True,0,0.000183299101,0.132324219,b71d7fade787f04f66d756c9fb0297956a8e06808d9b19623315cc3ed1c9760d,0,0,4.789441108703613,
1,local-qwen35-4b-m2-q,fp32,0.019791667,True,0,0.000183299101,0.132324219,b71d7fade787f04f66d756c9fb0297956a8e06808d9b19623315cc3ed1c9760d,0,0,4.638120889663696,
1,local-qwen35-4b-m2-q,previous_fp16,0.0188333361,True,0,0.000183299101,0.132324219,b71d7fade787f04f66d756c9fb0297956a8e06808d9b19623315cc3ed1c9760d,0,0,4.8212730884552,
1,local-qwen35-4b-m2-q,fp16,0.019083338,True,0,0.000183299101,0.132324219,b71d7fade787f04f66d756c9fb0297956a8e06808d9b19623315cc3ed1c9760d,0,0,4.684638977050781,
1,local-qwen35-4b-m1-output,mlx,0.0139167,True,0,6.57284e-05,0.0646973,,,,6.141031980514526,
1,local-qwen35-4b-m1-output,previous_int8,0.00975000148,True,0,0.00178946625,2.59716797,413e4e3da7f58e2ed4d4451bfdae2fcefeda4c056bdc83706250794dac263d4f,0,0,8.582638025283813,
1,local-qwen35-4b-m1-output,int8,0.0100833277,True,0,0.00178946625,2.59716797,413e4e3da7f58e2ed4d4451bfdae2fcefeda4c056bdc83706250794dac263d4f,0,0,8.435930967330933,
1,local-qwen35-4b-m1-output,previous_fp32,0.0180833304,True,0,0.000218464219,0.393554688,e56a2bec82ef27bb64821184489a4a52cfdb382ffda6ac52297b144ffc364332,0,0,4.999924898147583,
1,local-qwen35-4b-m1-output,fp32,0.0182499934,True,0,0.000218464219,0.393554688,e56a2bec82ef27bb64821184489a4a52cfdb382ffda6ac52297b144ffc364332,0,0,5.0038981437683105,
1,local-qwen35-4b-m1-output,previous_fp16,0.0209999998,True,0,0.000224208023,0.393554688,aef511b85318289f4e1a399b8e8f11c2b3cfbdd24e2c008d5dc740944862625e,0,0,4.411513090133667,
1,local-qwen35-4b-m1-output,fp16,0.0209999998,True,0,0.000224208023,0.393554688,aef511b85318289f4e1a399b8e8f11c2b3cfbdd24e2c008d5dc740944862625e,0,0,4.411201000213623,
1,local-qwen35-4b-m1-kv,mlx,0.009375,True,0,4.1087e-05,0.0344238,,,,8.847539901733398,
1,local-qwen35-4b-m1-kv,previous_int8,0.00566666131,True,0,0.00205712442,1.54858398,897ac19626b08391e01d30661af5933369e9bdafa814be8890fc9e822826c4d0,0,0,14.18367600440979,
1,local-qwen35-4b-m1-kv,int8,0.00570833799,True,0,0.00205712442,1.54858398,897ac19626b08391e01d30661af5933369e9bdafa814be8890fc9e822826c4d0,0,0,13.540104150772095,
1,local-qwen35-4b-m1-kv,previous_fp32,0.0110833353,True,0,0.000241567583,0.236572266,e9e4fa2332996314a3c2682e0d5a92b39f6d4ebfe8e72a42d7d2ec0cae8ec4c8,0,0,7.490708827972412,
1,local-qwen35-4b-m1-kv,fp32,0.0111249974,True,0,0.000241567583,0.236572266,e9e4fa2332996314a3c2682e0d5a92b39f6d4ebfe8e72a42d7d2ec0cae8ec4c8,0,0,7.506821155548096,
1,local-qwen35-4b-m1-kv,previous_fp16,0.0158750045,True,0,0.000263048611,0.263427734,1b13aa5bf3333fbcf2e41e9d1bd8ca507c3b8299e0fac82309d4d51dcf0124d8,0,0,5.492213010787964,
1,local-qwen35-4b-m1-kv,fp16,0.0157500035,True,0,0.000263048611,0.263427734,1b13aa5bf3333fbcf2e41e9d1bd8ca507c3b8299e0fac82309d4d51dcf0124d8,0,0,5.474735975265503,
1,local-qwen35-4b-m1-q,mlx,0.012625,True,0,8.08281e-05,0.0424805,,,,6.816204071044922,
1,local-qwen35-4b-m1-q,previous_int8,0.0101250043,True,0,0.00194993561,1.54858398,f3e31ca98abfcfd566b607c78fea6810889b777b6a830f0cad2112106586eee3,0,0,8.206171989440918,
1,local-qwen35-4b-m1-q,int8,0.0100000034,True,0,0.00194993561,1.54858398,f3e31ca98abfcfd566b607c78fea6810889b777b6a830f0cad2112106586eee3,0,0,8.520823001861572,
1,local-qwen35-4b-m1-q,previous_fp32,0.0188333361,True,0,0.000238981609,0.236572266,a5a8cf1e3ca9e8f7289e38c08a65bfd791774dc20b0a4cc2c0c844fe04e47c75,0,0,4.856853008270264,
1,local-qwen35-4b-m1-q,fp32,0.0195833272,True,0,0.000238981609,0.236572266,a5a8cf1e3ca9e8f7289e38c08a65bfd791774dc20b0a4cc2c0c844fe04e47c75,0,0,4.667811155319214,
1,local-qwen35-4b-m1-q,previous_fp16,0.0240833324,True,0,0.000254593742,0.263427734,d833d540d969d0466d7b72baaca5fddf00fcb432efe5bb65d9e7bc7d5e279bf5,0,0,3.9350621700286865,
1,local-qwen35-4b-m1-q,fp16,0.0242499955,True,0,0.000254593742,0.263427734,d833d540d969d0466d7b72baaca5fddf00fcb432efe5bb65d9e7bc7d5e279bf5,0,0,3.97080397605896,
