experiment,run,case,M,N,K,dtype,pair,baseline_ms,candidate_ms,change_pct
quantize_gpu,primary,activation_16384_14336,16384,,14336,bf16,0,7.122829137,4.763000039,-33.130503
quantize_gpu,primary,activation_16384_14336,16384,,14336,bf16,1,5.414987495,4.769287491,-11.924312
quantize_gpu,primary,activation_16384_14336,16384,,14336,bf16,2,5.419145804,4.771054164,-11.959295
quantize_gpu,primary,activation_16384_14336,16384,,14336,bf16,3,5.417962512,4.765437497,-12.043734
quantize_gpu,primary,activation_16384_14336,16384,,14336,bf16,4,5.430837488,4.763187515,-12.293684
quantize_gpu,primary,activation_16384_14336,16384,,14336,bf16,5,5.416437518,4.763812525,-12.048971
quantize_gpu,primary,activation_16384_14336,16384,,14336,bf16,6,5.417462485,4.778512474,-11.794267
quantize_gpu,primary,activation_16384_14336,16384,,14336,bf16,7,5.419987533,4.765079170,-12.083208
quantize_gpu,primary,activation_16384_14336,16384,,14336,bf16,8,5.421579164,4.773112480,-11.960845
quantize_gpu,primary,activation_16384_14336,16384,,14336,bf16,9,5.424241675,4.766616644,-12.123815
quantize_gpu,primary,activation_16384_14336,16384,,14336,bf16,10,5.422262475,4.764270829,-12.135002
quantize_gpu,primary,activation_16384_14336,16384,,14336,bf16,11,5.420470797,4.770962521,-11.982507
quantize_gpu,primary,activation_16384_14336,16384,,14336,bf16,12,5.427404167,4.770775000,-12.098402
quantize_gpu,primary,activation_16384_14336,16384,,14336,bf16,13,5.420212494,4.767920822,-12.034430
quantize_gpu,primary,activation_16384_14336,16384,,14336,bf16,14,5.424524983,4.773654137,-11.998670
quantize_gpu,primary,activation_16384_14336,16384,,14336,bf16,15,5.417962512,4.767175019,-12.011665
quantize_gpu,primary,activation_16384_14336,16384,,14336,bf16,16,5.424158322,4.784454172,-11.793611
quantize_gpu,primary,activation_16384_14336,16384,,14336,bf16,17,5.424812529,4.761962499,-12.218856
quantize_gpu,primary,activation_16384_14336,16384,,14336,bf16,18,5.428900011,4.765924998,-12.211958
quantize_gpu,primary,activation_16384_14336,16384,,14336,bf16,19,5.422812467,4.764725035,-12.135537
quantize_gpu,primary,activation_16384_14336,16384,,14336,bf16,20,5.420416687,4.772850033,-11.946806
quantize_gpu,primary,activation_16384_14336,16384,,14336,bf16,21,5.425312510,4.776858306,-11.952384
quantize_gpu,primary,activation_16384_14336,16384,,14336,bf16,22,5.423158361,4.769216664,-12.058318
quantize_gpu,primary,activation_16384_14336,16384,,14336,bf16,23,5.422604177,4.762891680,-12.165972
quantize_gpu,primary,activation_16384_14336,16384,,14336,bf16,24,5.429716641,4.774899967,-12.059868
quantize_gpu,primary,activation_16384_14336,16384,,14336,bf16,25,5.437091691,4.760762537,-12.439171
quantize_gpu,primary,activation_16384_14336,16384,,14336,bf16,26,5.424774997,4.766450031,-12.135526
quantize_gpu,primary,activation_16384_14336,16384,,14336,bf16,27,5.431441683,4.762624996,-12.313797
quantize_gpu,primary,activation_16384_14336,16384,,14336,bf16,28,5.426099990,4.770354135,-12.085031
quantize_gpu,primary,activation_16384_14336,16384,,14336,bf16,29,5.426591635,4.768424993,-12.128546
quantize_gpu,primary,activation_16384_14336,16384,,14336,bf16,30,5.430754181,4.766954156,-12.222981
quantize_gpu,primary,activation_16384_14336,16384,,14336,fp16,0,7.041395828,4.627349973,-34.283627
quantize_gpu,primary,activation_16384_14336,16384,,14336,fp16,1,5.423075007,4.626574973,-14.687240
quantize_gpu,primary,activation_16384_14336,16384,,14336,fp16,2,5.425066641,4.627837474,-14.695288
quantize_gpu,primary,activation_16384_14336,16384,,14336,fp16,3,5.426333332,4.624800012,-14.771177
quantize_gpu,primary,activation_16384_14336,16384,,14336,fp16,4,5.425575003,4.623908317,-14.775700
quantize_gpu,primary,activation_16384_14336,16384,,14336,fp16,5,5.424500024,4.626674997,-14.707808
quantize_gpu,primary,activation_16384_14336,16384,,14336,fp16,6,5.424708361,4.621820850,-14.800565
quantize_gpu,primary,activation_16384_14336,16384,,14336,fp16,7,5.420262506,4.636812536,-14.454096
quantize_gpu,primary,activation_16384_14336,16384,,14336,fp16,8,5.429662485,4.626516672,-14.791818
quantize_gpu,primary,activation_16384_14336,16384,,14336,fp16,9,5.421987502,4.623749992,-14.722231
quantize_gpu,primary,activation_16384_14336,16384,,14336,fp16,10,5.436595809,4.630095791,-14.834651
quantize_gpu,primary,activation_16384_14336,16384,,14336,fp16,11,5.424983334,4.637050023,-14.524161
quantize_gpu,primary,activation_16384_14336,16384,,14336,fp16,12,5.425012484,4.631862510,-14.620242
quantize_gpu,primary,activation_16384_14336,16384,,14336,fp16,13,5.428429181,4.632616648,-14.660089
quantize_gpu,primary,activation_16384_14336,16384,,14336,fp16,14,5.428566691,4.623704124,-14.826429
quantize_gpu,primary,activation_16384_14336,16384,,14336,fp16,15,5.424412526,4.635112500,-14.550885
quantize_gpu,primary,activation_16384_14336,16384,,14336,fp16,16,5.436591664,4.624575004,-14.936135
quantize_gpu,primary,activation_16384_14336,16384,,14336,fp16,17,5.426000012,4.628966702,-14.689151
quantize_gpu,primary,activation_16384_14336,16384,,14336,fp16,18,5.425908323,4.627870815,-14.707906
quantize_gpu,primary,activation_16384_14336,16384,,14336,fp16,19,5.424679210,4.631787492,-14.616380
quantize_gpu,primary,activation_16384_14336,16384,,14336,fp16,20,5.426754197,4.626558349,-14.745386
quantize_gpu,primary,activation_16384_14336,16384,,14336,fp16,21,5.428554164,4.629312502,-14.722920
quantize_gpu,primary,activation_16384_14336,16384,,14336,fp16,22,5.442150030,4.636154184,-14.810247
quantize_gpu,primary,activation_16384_14336,16384,,14336,fp16,23,5.427891668,4.624287505,-14.805088
quantize_gpu,primary,activation_16384_14336,16384,,14336,fp16,24,5.444849981,4.629974999,-14.965977
quantize_gpu,primary,activation_16384_14336,16384,,14336,fp16,25,5.424720841,4.632612504,-14.601827
quantize_gpu,primary,activation_16384_14336,16384,,14336,fp16,26,5.430587521,4.631087510,-14.722164
quantize_gpu,primary,activation_16384_14336,16384,,14336,fp16,27,5.439362489,4.630912514,-14.862955
quantize_gpu,primary,activation_16384_14336,16384,,14336,fp16,28,5.437520845,4.627337493,-14.899867
quantize_gpu,primary,activation_16384_14336,16384,,14336,fp16,29,5.428354163,4.622395849,-14.847195
quantize_gpu,primary,activation_16384_14336,16384,,14336,fp16,30,5.431795819,4.630891653,-14.744740
quantize_gpu,primary,activation_16384_5376,16384,,5376,bf16,0,2.172112511,1.371420873,-36.862346
quantize_gpu,primary,activation_16384_5376,16384,,5376,bf16,1,2.025516704,1.387250004,-31.511303
quantize_gpu,primary,activation_16384_5376,16384,,5376,bf16,2,2.013241686,1.349079190,-32.989705
quantize_gpu,primary,activation_16384_5376,16384,,5376,bf16,3,2.012187522,1.350733312,-32.872394
quantize_gpu,primary,activation_16384_5376,16384,,5376,bf16,4,2.015758352,1.350749983,-32.990481
quantize_gpu,primary,activation_16384_5376,16384,,5376,bf16,5,2.014587494,1.349829184,-32.997242
quantize_gpu,primary,activation_16384_5376,16384,,5376,bf16,6,2.015012503,1.352608344,-32.873452
quantize_gpu,primary,activation_16384_5376,16384,,5376,bf16,7,2.015195834,1.351287495,-32.945103
quantize_gpu,primary,activation_16384_5376,16384,,5376,bf16,8,2.017158316,1.350741647,-33.037400
quantize_gpu,primary,activation_16384_5376,16384,,5376,bf16,9,2.013929188,1.351083349,-32.913066
quantize_gpu,primary,activation_16384_5376,16384,,5376,bf16,10,2.016249998,1.349433372,-33.072120
quantize_gpu,primary,activation_16384_5376,16384,,5376,bf16,11,2.014400018,1.351391664,-32.913441
quantize_gpu,primary,activation_16384_5376,16384,,5376,bf16,12,2.018020814,1.355733350,-32.818664
quantize_gpu,primary,activation_16384_5376,16384,,5376,bf16,13,2.015412506,1.351687498,-32.932464
quantize_gpu,primary,activation_16384_5376,16384,,5376,bf16,14,2.015395835,1.350249955,-33.003238
quantize_gpu,primary,activation_16384_5376,16384,,5376,bf16,15,2.013654169,1.353783347,-32.769819
quantize_gpu,primary,activation_16384_5376,16384,,5376,bf16,16,2.019116655,1.352112507,-33.034453
quantize_gpu,primary,activation_16384_5376,16384,,5376,bf16,17,2.014691662,1.357145840,-32.637541
quantize_gpu,primary,activation_16384_5376,16384,,5376,bf16,18,2.016283339,1.353175007,-32.887656
quantize_gpu,primary,activation_16384_5376,16384,,5376,bf16,19,2.015600028,1.352120796,-32.917207
quantize_gpu,primary,activation_16384_5376,16384,,5376,bf16,20,2.015449991,1.351366658,-32.949631
quantize_gpu,primary,activation_16384_5376,16384,,5376,bf16,21,2.014199970,1.349975029,-32.977110
quantize_gpu,primary,activation_16384_5376,16384,,5376,bf16,22,2.014866658,1.350295823,-32.983366
quantize_gpu,primary,activation_16384_5376,16384,,5376,bf16,23,2.015300002,1.350158313,-33.004599
quantize_gpu,primary,activation_16384_5376,16384,,5376,bf16,24,2.016220847,1.352279168,-32.930008
quantize_gpu,primary,activation_16384_5376,16384,,5376,bf16,25,2.018225007,1.353625022,-32.929925
quantize_gpu,primary,activation_16384_5376,16384,,5376,bf16,26,2.015808364,1.349550020,-33.051671
quantize_gpu,primary,activation_16384_5376,16384,,5376,bf16,27,2.015958307,1.349487482,-33.059752
quantize_gpu,primary,activation_16384_5376,16384,,5376,bf16,28,2.016875008,1.350308303,-33.049480
quantize_gpu,primary,activation_16384_5376,16384,,5376,bf16,29,2.023149980,1.352195814,-33.163837
quantize_gpu,primary,activation_16384_5376,16384,,5376,bf16,30,2.027149964,1.352599962,-33.275782
quantize_gpu,primary,activation_16384_5376,16384,,5376,fp16,0,3.125312505,1.328400010,-57.495450
quantize_gpu,primary,activation_16384_5376,16384,,5376,fp16,1,2.015020791,1.331137493,-33.939268
quantize_gpu,primary,activation_16384_5376,16384,,5376,fp16,2,2.014512476,1.329779159,-33.990026
quantize_gpu,primary,activation_16384_5376,16384,,5376,fp16,3,2.013737475,1.331137493,-33.897168
quantize_gpu,primary,activation_16384_5376,16384,,5376,fp16,4,2.017799998,1.333962521,-33.890251
quantize_gpu,primary,activation_16384_5376,16384,,5376,fp16,5,2.015462471,1.332962466,-33.863196
quantize_gpu,primary,activation_16384_5376,16384,,5376,fp16,6,2.016925020,1.332066674,-33.955568
quantize_gpu,primary,activation_16384_5376,16384,,5376,fp16,7,2.015825035,1.331345830,-33.955288
quantize_gpu,primary,activation_16384_5376,16384,,5376,fp16,8,2.016379172,1.334075024,-33.838087
quantize_gpu,primary,activation_16384_5376,16384,,5376,fp16,9,2.017358365,1.333395811,-33.903870
quantize_gpu,primary,activation_16384_5376,16384,,5376,fp16,10,2.019674983,1.337808324,-33.761207
quantize_gpu,primary,activation_16384_5376,16384,,5376,fp16,11,2.017199993,1.335054170,-33.816470
quantize_gpu,primary,activation_16384_5376,16384,,5376,fp16,12,2.015887480,1.332733361,-33.888504
quantize_gpu,primary,activation_16384_5376,16384,,5376,fp16,13,2.016599989,1.334512513,-33.823638
quantize_gpu,primary,activation_16384_5376,16384,,5376,fp16,14,2.016445808,1.333291689,-33.879121
quantize_gpu,primary,activation_16384_5376,16384,,5376,fp16,15,2.016012510,1.334000006,-33.829775
quantize_gpu,primary,activation_16384_5376,16384,,5376,fp16,16,2.021537488,1.332349982,-34.092245
quantize_gpu,primary,activation_16384_5376,16384,,5376,fp16,17,2.019716660,1.334537473,-33.924520
quantize_gpu,primary,activation_16384_5376,16384,,5376,fp16,18,2.018608339,1.333404193,-33.944383
quantize_gpu,primary,activation_16384_5376,16384,,5376,fp16,19,2.015241655,1.337937498,-33.609079
quantize_gpu,primary,activation_16384_5376,16384,,5376,fp16,20,2.017462486,1.335200015,-33.817852
quantize_gpu,primary,activation_16384_5376,16384,,5376,fp16,21,2.016995847,1.334674982,-33.828571
quantize_gpu,primary,activation_16384_5376,16384,,5376,fp16,22,2.018975001,1.331575029,-34.046978
quantize_gpu,primary,activation_16384_5376,16384,,5376,fp16,23,2.021475043,1.334658312,-33.976018
quantize_gpu,primary,activation_16384_5376,16384,,5376,fp16,24,2.036441676,1.349804178,-33.717514
quantize_gpu,primary,activation_16384_5376,16384,,5376,fp16,25,2.035233332,1.353129139,-33.514791
quantize_gpu,primary,activation_16384_5376,16384,,5376,fp16,26,2.035625000,1.356466673,-33.363627
quantize_gpu,primary,activation_16384_5376,16384,,5376,fp16,27,2.033749968,1.347583346,-33.738986
quantize_gpu,primary,activation_16384_5376,16384,,5376,fp16,28,2.043508366,1.343062520,-34.276632
quantize_gpu,primary,activation_16384_5376,16384,,5376,fp16,29,2.034345828,1.355412509,-33.373545
quantize_gpu,primary,activation_16384_5376,16384,,5376,fp16,30,2.047591656,1.336274995,-34.739185
quantize_gpu,primary,activation_16384_7168,16384,,7168,bf16,0,3.921679175,1.806416642,-53.937674
quantize_gpu,primary,activation_16384_7168,16384,,7168,bf16,1,2.700162493,1.812008303,-32.892620
quantize_gpu,primary,activation_16384_7168,16384,,7168,bf16,2,2.712741680,1.807570830,-33.367381
quantize_gpu,primary,activation_16384_7168,16384,,7168,bf16,3,2.698116703,1.811287506,-32.868452
quantize_gpu,primary,activation_16384_7168,16384,,7168,bf16,4,2.700012503,1.813024981,-32.851238
quantize_gpu,primary,activation_16384_7168,16384,,7168,bf16,5,2.699254174,1.816212526,-32.714283
quantize_gpu,primary,activation_16384_7168,16384,,7168,bf16,6,2.702237526,1.813070849,-32.904830
quantize_gpu,primary,activation_16384_7168,16384,,7168,bf16,7,2.703654161,1.811462501,-32.999474
quantize_gpu,primary,activation_16384_7168,16384,,7168,bf16,8,2.707520826,1.814037468,-33.000055
quantize_gpu,primary,activation_16384_7168,16384,,7168,bf16,9,2.703945804,1.818670845,-32.740115
quantize_gpu,primary,activation_16384_7168,16384,,7168,bf16,10,2.705050027,1.817512512,-32.810392
quantize_gpu,primary,activation_16384_7168,16384,,7168,bf16,11,2.700737491,1.812237501,-32.898421
quantize_gpu,primary,activation_16384_7168,16384,,7168,bf16,12,2.702324977,1.811512467,-32.964670
quantize_gpu,primary,activation_16384_7168,16384,,7168,bf16,13,2.699833363,1.816425007,-32.720847
quantize_gpu,primary,activation_16384_7168,16384,,7168,bf16,14,2.699775016,1.818874991,-32.628646
quantize_gpu,primary,activation_16384_7168,16384,,7168,bf16,15,2.704112511,1.817241684,-32.797113
quantize_gpu,primary,activation_16384_7168,16384,,7168,bf16,16,2.706000023,1.814137492,-32.958704
quantize_gpu,primary,activation_16384_7168,16384,,7168,bf16,17,2.700774977,1.813562494,-32.850293
quantize_gpu,primary,activation_16384_7168,16384,,7168,bf16,18,2.701366646,1.816754136,-32.746851
quantize_gpu,primary,activation_16384_7168,16384,,7168,bf16,19,2.703908319,1.816945849,-32.802979
quantize_gpu,primary,activation_16384_7168,16384,,7168,bf16,20,2.701920830,1.814766647,-32.834203
quantize_gpu,primary,activation_16384_7168,16384,,7168,bf16,21,2.701624995,1.815424999,-32.802480
quantize_gpu,primary,activation_16384_7168,16384,,7168,bf16,22,2.701629186,1.815450005,-32.801659
quantize_gpu,primary,activation_16384_7168,16384,,7168,bf16,23,2.700091666,1.819049986,-32.630066
quantize_gpu,primary,activation_16384_7168,16384,,7168,bf16,24,2.702641627,1.815650007,-32.819432
quantize_gpu,primary,activation_16384_7168,16384,,7168,bf16,25,2.731066663,1.815095823,-33.538941
quantize_gpu,primary,activation_16384_7168,16384,,7168,bf16,26,2.732187463,1.818454172,-33.443287
quantize_gpu,primary,activation_16384_7168,16384,,7168,bf16,27,2.701241663,1.814741688,-32.818240
quantize_gpu,primary,activation_16384_7168,16384,,7168,bf16,28,2.729137521,1.830987493,-32.909665
quantize_gpu,primary,activation_16384_7168,16384,,7168,bf16,29,2.699287469,1.812445838,-32.854657
quantize_gpu,primary,activation_16384_7168,16384,,7168,bf16,30,2.707675006,1.808824996,-33.196377
quantize_gpu,primary,activation_16384_7168,16384,,7168,fp16,0,4.663337488,1.811633306,-61.151572
quantize_gpu,primary,activation_16384_7168,16384,,7168,fp16,1,2.725383313,1.827349979,-32.950717
quantize_gpu,primary,activation_16384_7168,16384,,7168,fp16,2,2.725012507,1.819125004,-33.243426
quantize_gpu,primary,activation_16384_7168,16384,,7168,fp16,3,2.708841674,1.817324990,-32.911362
quantize_gpu,primary,activation_16384_7168,16384,,7168,fp16,4,2.701300010,1.810800005,-32.965609
quantize_gpu,primary,activation_16384_7168,16384,,7168,fp16,5,2.703020815,1.816087542,-32.812669
quantize_gpu,primary,activation_16384_7168,16384,,7168,fp16,6,2.702899976,1.818420831,-32.723340
quantize_gpu,primary,activation_16384_7168,16384,,7168,fp16,7,2.711354150,1.819645846,-32.887932
quantize_gpu,primary,activation_16384_7168,16384,,7168,fp16,8,2.703883359,1.814570837,-32.890195
quantize_gpu,primary,activation_16384_7168,16384,,7168,fp16,9,2.702695830,1.821612520,-32.600165
quantize_gpu,primary,activation_16384_7168,16384,,7168,fp16,10,2.704637498,1.817575004,-32.797833
quantize_gpu,primary,activation_16384_7168,16384,,7168,fp16,11,2.704179147,1.818049978,-32.768878
quantize_gpu,primary,activation_16384_7168,16384,,7168,fp16,12,2.702312497,1.819387497,-32.672942
quantize_gpu,primary,activation_16384_7168,16384,,7168,fp16,13,2.702666679,1.817724993,-32.743279
quantize_gpu,primary,activation_16384_7168,16384,,7168,fp16,14,2.709750040,1.819725009,-32.845282
quantize_gpu,primary,activation_16384_7168,16384,,7168,fp16,15,2.715633344,1.820029179,-32.979569
quantize_gpu,primary,activation_16384_7168,16384,,7168,fp16,16,2.706266660,1.819666661,-32.760999
quantize_gpu,primary,activation_16384_7168,16384,,7168,fp16,17,2.703625010,1.821175031,-32.639511
quantize_gpu,primary,activation_16384_7168,16384,,7168,fp16,18,2.704491653,1.818666654,-32.753845
quantize_gpu,primary,activation_16384_7168,16384,,7168,fp16,19,2.705179155,1.829262497,-32.379248
quantize_gpu,primary,activation_16384_7168,16384,,7168,fp16,20,2.707437519,1.817866694,-32.856560
quantize_gpu,primary,activation_16384_7168,16384,,7168,fp16,21,2.703408338,1.820412464,-32.662320
quantize_gpu,primary,activation_16384_7168,16384,,7168,fp16,22,2.704254165,1.814995846,-32.883681
quantize_gpu,primary,activation_16384_7168,16384,,7168,fp16,23,2.706599981,1.820533304,-32.737260
quantize_gpu,primary,activation_16384_7168,16384,,7168,fp16,24,2.701137494,1.823200006,-32.502510
quantize_gpu,primary,activation_16384_7168,16384,,7168,fp16,25,2.703024959,1.819975022,-32.668952
quantize_gpu,primary,activation_16384_7168,16384,,7168,fp16,26,2.706195833,1.815383323,-32.917518
quantize_gpu,primary,activation_16384_7168,16384,,7168,fp16,27,2.704245830,1.818595827,-32.750351
quantize_gpu,primary,activation_16384_7168,16384,,7168,fp16,28,2.701675007,1.817133324,-32.740492
quantize_gpu,primary,activation_16384_7168,16384,,7168,fp16,29,2.703200001,1.827954175,-32.378138
quantize_gpu,primary,activation_16384_7168,16384,,7168,fp16,30,2.704704134,1.815037476,-32.893308
quantize_gpu,primary,activation_4096_12288,4096,,12288,bf16,0,2.416320844,0.994491670,-58.842731
quantize_gpu,primary,activation_4096_12288,4096,,12288,bf16,1,1.143962471,0.993350009,-13.165857
quantize_gpu,primary,activation_4096_12288,4096,,12288,bf16,2,1.143724984,0.993804168,-13.108118
quantize_gpu,primary,activation_4096_12288,4096,,12288,bf16,3,1.142641669,0.996962516,-12.749330
quantize_gpu,primary,activation_4096_12288,4096,,12288,bf16,4,1.143645821,0.995875010,-12.921029
quantize_gpu,primary,activation_4096_12288,4096,,12288,bf16,5,1.142854150,0.993816648,-13.040816
quantize_gpu,primary,activation_4096_12288,4096,,12288,bf16,6,1.143600000,0.995987514,-12.907703
quantize_gpu,primary,activation_4096_12288,4096,,12288,bf16,7,1.143329171,0.997004192,-12.798150
quantize_gpu,primary,activation_4096_12288,4096,,12288,bf16,8,1.142458338,0.994675001,-12.935556
quantize_gpu,primary,activation_4096_12288,4096,,12288,bf16,9,1.142658293,0.996837532,-12.761537
quantize_gpu,primary,activation_4096_12288,4096,,12288,bf16,10,1.142558316,0.995466672,-12.873885
quantize_gpu,primary,activation_4096_12288,4096,,12288,bf16,11,1.143774996,0.996754179,-12.853998
quantize_gpu,primary,activation_4096_12288,4096,,12288,bf16,12,1.141391648,0.994000025,-12.913326
quantize_gpu,primary,activation_4096_12288,4096,,12288,bf16,13,1.143250009,0.994495861,-13.011515
quantize_gpu,primary,activation_4096_12288,4096,,12288,bf16,14,1.142245810,0.995691679,-12.830350
quantize_gpu,primary,activation_4096_12288,4096,,12288,bf16,15,1.146704145,0.993775018,-13.336407
quantize_gpu,primary,activation_4096_12288,4096,,12288,bf16,16,1.145166671,0.993137481,-13.275726
quantize_gpu,primary,activation_4096_12288,4096,,12288,bf16,17,1.146762492,0.995250000,-13.212195
quantize_gpu,primary,activation_4096_12288,4096,,12288,bf16,18,1.143225003,0.995250000,-12.943646
quantize_gpu,primary,activation_4096_12288,4096,,12288,bf16,19,1.144099981,0.994820846,-13.047735
quantize_gpu,primary,activation_4096_12288,4096,,12288,bf16,20,1.144937472,0.994108338,-13.173570
quantize_gpu,primary,activation_4096_12288,4096,,12288,bf16,21,1.144174999,0.996720837,-12.887378
quantize_gpu,primary,activation_4096_12288,4096,,12288,bf16,22,1.142991660,0.995187508,-12.931341
quantize_gpu,primary,activation_4096_12288,4096,,12288,bf16,23,1.142237475,0.995258335,-12.867652
quantize_gpu,primary,activation_4096_12288,4096,,12288,bf16,24,1.144804154,0.994995842,-13.085934
quantize_gpu,primary,activation_4096_12288,4096,,12288,bf16,25,1.143537508,0.995045854,-12.985289
quantize_gpu,primary,activation_4096_12288,4096,,12288,bf16,26,1.143412478,0.995312491,-12.952455
quantize_gpu,primary,activation_4096_12288,4096,,12288,bf16,27,1.143833296,0.995562458,-12.962627
quantize_gpu,primary,activation_4096_12288,4096,,12288,bf16,28,1.145741669,0.995604135,-13.103960
quantize_gpu,primary,activation_4096_12288,4096,,12288,bf16,29,1.152424980,0.993375015,-13.801329
quantize_gpu,primary,activation_4096_12288,4096,,12288,bf16,30,1.145600015,0.994600030,-13.180864
quantize_gpu,primary,activation_4096_12288,4096,,12288,fp16,0,3.403095808,0.980045833,-71.201345
quantize_gpu,primary,activation_4096_12288,4096,,12288,fp16,1,1.143800002,0.981125003,-14.222329
quantize_gpu,primary,activation_4096_12288,4096,,12288,fp16,2,1.143850014,0.978587475,-14.447920
quantize_gpu,primary,activation_4096_12288,4096,,12288,fp16,3,1.147358352,0.979812536,-14.602745
quantize_gpu,primary,activation_4096_12288,4096,,12288,fp16,4,1.144354185,0.979891699,-14.371642
quantize_gpu,primary,activation_4096_12288,4096,,12288,fp16,5,1.145029208,0.976991700,-14.675391
quantize_gpu,primary,activation_4096_12288,4096,,12288,fp16,6,1.145654172,0.976262521,-14.785583
quantize_gpu,primary,activation_4096_12288,4096,,12288,fp16,7,1.144174999,0.978587521,-14.472216
quantize_gpu,primary,activation_4096_12288,4096,,12288,fp16,8,1.144874981,0.979158329,-14.474650
quantize_gpu,primary,activation_4096_12288,4096,,12288,fp16,9,1.148866676,0.980533333,-14.652122
quantize_gpu,primary,activation_4096_12288,4096,,12288,fp16,10,1.145458361,0.977520831,-14.661164
quantize_gpu,primary,activation_4096_12288,4096,,12288,fp16,11,1.144324988,0.980150001,-14.346885
quantize_gpu,primary,activation_4096_12288,4096,,12288,fp16,12,1.146395830,0.978129171,-14.677885
quantize_gpu,primary,activation_4096_12288,4096,,12288,fp16,13,1.144312508,0.977674965,-14.562241
quantize_gpu,primary,activation_4096_12288,4096,,12288,fp16,14,1.145691704,0.980175007,-14.446879
quantize_gpu,primary,activation_4096_12288,4096,,12288,fp16,15,1.145025017,0.979095837,-14.491315
quantize_gpu,primary,activation_4096_12288,4096,,12288,fp16,16,1.146191685,0.978549989,-14.625974
quantize_gpu,primary,activation_4096_12288,4096,,12288,fp16,17,1.145150000,0.978666684,-14.538123
quantize_gpu,primary,activation_4096_12288,4096,,12288,fp16,18,1.147366688,0.979437493,-14.636053
quantize_gpu,primary,activation_4096_12288,4096,,12288,fp16,19,1.150304172,0.979183335,-14.876138
quantize_gpu,primary,activation_4096_12288,4096,,12288,fp16,20,1.144120842,0.978824962,-14.447414
quantize_gpu,primary,activation_4096_12288,4096,,12288,fp16,21,1.144854166,0.978679163,-14.514949
quantize_gpu,primary,activation_4096_12288,4096,,12288,fp16,22,1.146349963,0.978862494,-14.610501
quantize_gpu,primary,activation_4096_12288,4096,,12288,fp16,23,1.144295838,0.979429157,-14.407697
quantize_gpu,primary,activation_4096_12288,4096,,12288,fp16,24,1.145662507,0.979149994,-14.534168
quantize_gpu,primary,activation_4096_12288,4096,,12288,fp16,25,1.145095844,0.978541654,-14.545000
quantize_gpu,primary,activation_4096_12288,4096,,12288,fp16,26,1.145712519,0.977533311,-14.679006
quantize_gpu,primary,activation_4096_12288,4096,,12288,fp16,27,1.145070838,0.979866646,-14.427421
quantize_gpu,primary,activation_4096_12288,4096,,12288,fp16,28,1.147274999,0.977549981,-14.793752
quantize_gpu,primary,activation_4096_12288,4096,,12288,fp16,29,1.145879133,0.979224965,-14.543782
quantize_gpu,primary,activation_4096_12288,4096,,12288,fp16,30,1.145312469,0.978612481,-14.554979
quantize_gpu,primary,activation_4096_14336,4096,,14336,bf16,0,2.822054131,1.166737545,-58.656443
quantize_gpu,primary,activation_4096_14336,4096,,14336,bf16,1,1.344854152,1.164099993,-13.440428
quantize_gpu,primary,activation_4096_14336,4096,,14336,bf16,2,1.346741663,1.166879153,-13.355383
quantize_gpu,primary,activation_4096_14336,4096,,14336,bf16,3,1.346408343,1.169233350,-13.159083
quantize_gpu,primary,activation_4096_14336,4096,,14336,bf16,4,1.348241698,1.166037470,-13.514211
quantize_gpu,primary,activation_4096_14336,4096,,14336,bf16,5,1.346649975,1.167012472,-13.339584
quantize_gpu,primary,activation_4096_14336,4096,,14336,bf16,6,1.346458355,1.165074995,-13.471145
quantize_gpu,primary,activation_4096_14336,4096,,14336,bf16,7,1.345187519,1.166695822,-13.268908
quantize_gpu,primary,activation_4096_14336,4096,,14336,bf16,8,1.346124988,1.166470861,-13.346021
quantize_gpu,primary,activation_4096_14336,4096,,14336,bf16,9,1.354116667,1.170516666,-13.558655
quantize_gpu,primary,activation_4096_14336,4096,,14336,bf16,10,1.350287488,1.166716637,-13.594946
quantize_gpu,primary,activation_4096_14336,4096,,14336,bf16,11,1.349012507,1.165887527,-13.574743
quantize_gpu,primary,activation_4096_14336,4096,,14336,bf16,12,1.347287465,1.165412506,-13.499343
quantize_gpu,primary,activation_4096_14336,4096,,14336,bf16,13,1.349087525,1.165212505,-13.629584
quantize_gpu,primary,activation_4096_14336,4096,,14336,bf16,14,1.347741671,1.164858323,-13.569614
quantize_gpu,primary,activation_4096_14336,4096,,14336,bf16,15,1.362725021,1.169016678,-14.214778
quantize_gpu,primary,activation_4096_14336,4096,,14336,bf16,16,1.363324979,1.165808318,-14.487863
quantize_gpu,primary,activation_4096_14336,4096,,14336,bf16,17,1.348074991,1.168904174,-13.290864
quantize_gpu,primary,activation_4096_14336,4096,,14336,bf16,18,1.348591642,1.165354205,-13.587318
quantize_gpu,primary,activation_4096_14336,4096,,14336,bf16,19,1.349170832,1.167050004,-13.498723
quantize_gpu,primary,activation_4096_14336,4096,,14336,bf16,20,1.347250026,1.168220863,-13.288488
quantize_gpu,primary,activation_4096_14336,4096,,14336,bf16,21,1.347358339,1.166337496,-13.435241
quantize_gpu,primary,activation_4096_14336,4096,,14336,bf16,22,1.349787507,1.165237511,-13.672522
quantize_gpu,primary,activation_4096_14336,4096,,14336,bf16,23,1.358050015,1.167654153,-14.019797
quantize_gpu,primary,activation_4096_14336,4096,,14336,bf16,24,1.390287513,1.196262473,-13.955749
quantize_gpu,primary,activation_4096_14336,4096,,14336,bf16,25,1.360725006,1.181216678,-13.192109
quantize_gpu,primary,activation_4096_14336,4096,,14336,bf16,26,1.362500014,1.176687516,-13.637614
quantize_gpu,primary,activation_4096_14336,4096,,14336,bf16,27,1.364766667,1.164987497,-14.638339
quantize_gpu,primary,activation_4096_14336,4096,,14336,bf16,28,1.364841685,1.181825018,-13.409370
quantize_gpu,primary,activation_4096_14336,4096,,14336,bf16,29,1.366508333,1.165595837,-14.702618
quantize_gpu,primary,activation_4096_14336,4096,,14336,bf16,30,1.362358360,1.179799996,-13.400172
quantize_gpu,primary,activation_4096_14336,4096,,14336,fp16,0,3.190287482,1.152837509,-63.864150
quantize_gpu,primary,activation_4096_14336,4096,,14336,fp16,1,1.348624984,1.150070829,-14.722711
quantize_gpu,primary,activation_4096_14336,4096,,14336,fp16,2,1.345350035,1.152599975,-14.327131
quantize_gpu,primary,activation_4096_14336,4096,,14336,fp16,3,1.346549997,1.150370808,-14.569024
quantize_gpu,primary,activation_4096_14336,4096,,14336,fp16,4,1.353925001,1.149974996,-15.063612
quantize_gpu,primary,activation_4096_14336,4096,,14336,fp16,5,1.345587475,1.153524965,-14.273506
quantize_gpu,primary,activation_4096_14336,4096,,14336,fp16,6,1.346233301,1.152679184,-14.377457
quantize_gpu,primary,activation_4096_14336,4096,,14336,fp16,7,1.345712505,1.150874980,-14.478392
quantize_gpu,primary,activation_4096_14336,4096,,14336,fp16,8,1.352212485,1.153170830,-14.719703
quantize_gpu,primary,activation_4096_14336,4096,,14336,fp16,9,1.346645830,1.152012497,-14.453194
quantize_gpu,primary,activation_4096_14336,4096,,14336,fp16,10,1.348812506,1.152362488,-14.564665
quantize_gpu,primary,activation_4096_14336,4096,,14336,fp16,11,1.346658356,1.155020855,-14.230595
quantize_gpu,primary,activation_4096_14336,4096,,14336,fp16,12,1.347166672,1.152441697,-14.454409
quantize_gpu,primary,activation_4096_14336,4096,,14336,fp16,13,1.346116653,1.153062517,-14.341561
quantize_gpu,primary,activation_4096_14336,4096,,14336,fp16,14,1.347700041,1.155574992,-14.255772
quantize_gpu,primary,activation_4096_14336,4096,,14336,fp16,15,1.347750006,1.151408302,-14.568110
quantize_gpu,primary,activation_4096_14336,4096,,14336,fp16,16,1.348262513,1.152570872,-14.514357
quantize_gpu,primary,activation_4096_14336,4096,,14336,fp16,17,1.348445844,1.155683305,-14.295164
quantize_gpu,primary,activation_4096_14336,4096,,14336,fp16,18,1.348066702,1.152337482,-14.519253
quantize_gpu,primary,activation_4096_14336,4096,,14336,fp16,19,1.346654166,1.153620845,-14.334291
quantize_gpu,primary,activation_4096_14336,4096,,14336,fp16,20,1.346383337,1.154204179,-14.273733
quantize_gpu,primary,activation_4096_14336,4096,,14336,fp16,21,1.348950015,1.153325010,-14.502020
quantize_gpu,primary,activation_4096_14336,4096,,14336,fp16,22,1.347854175,1.154624997,-14.336060
quantize_gpu,primary,activation_4096_14336,4096,,14336,fp16,23,1.349862525,1.154758316,-14.453635
quantize_gpu,primary,activation_4096_14336,4096,,14336,fp16,24,1.348620839,1.153462520,-14.470955
quantize_gpu,primary,activation_4096_14336,4096,,14336,fp16,25,1.346320845,1.152900001,-14.366623
quantize_gpu,primary,activation_4096_14336,4096,,14336,fp16,26,1.354800025,1.151470840,-15.008059
quantize_gpu,primary,activation_4096_14336,4096,,14336,fp16,27,1.349287480,1.154620852,-14.427365
quantize_gpu,primary,activation_4096_14336,4096,,14336,fp16,28,1.348329149,1.152566681,-14.518893
quantize_gpu,primary,activation_4096_14336,4096,,14336,fp16,29,1.351149986,1.155300019,-14.495057
quantize_gpu,primary,activation_4096_14336,4096,,14336,fp16,30,1.348575018,1.153000025,-14.502344
quantize_gpu,primary,activation_4096_4096,4096,,4096,bf16,0,1.425500028,0.436733337,-69.362797
quantize_gpu,primary,activation_4096_4096,4096,,4096,bf16,1,0.368616637,0.224308344,-39.148611
quantize_gpu,primary,activation_4096_4096,4096,,4096,bf16,2,0.366524979,0.222329190,-39.341327
quantize_gpu,primary,activation_4096_4096,4096,,4096,bf16,3,0.367270829,0.224216655,-38.950595
quantize_gpu,primary,activation_4096_4096,4096,,4096,bf16,4,0.366687542,0.221549999,-39.580713
quantize_gpu,primary,activation_4096_4096,4096,,4096,bf16,5,0.367791671,0.223779166,-39.156000
quantize_gpu,primary,activation_4096_4096,4096,,4096,bf16,6,0.367020862,0.222862512,-39.277972
quantize_gpu,primary,activation_4096_4096,4096,,4096,bf16,7,0.366449961,0.224166689,-38.827476
quantize_gpu,primary,activation_4096_4096,4096,,4096,bf16,8,0.364304148,0.222429167,-38.944103
quantize_gpu,primary,activation_4096_4096,4096,,4096,bf16,9,0.366845867,0.224037515,-38.928707
quantize_gpu,primary,activation_4096_4096,4096,,4096,bf16,10,0.366512500,0.221975008,-39.435897
quantize_gpu,primary,activation_4096_4096,4096,,4096,bf16,11,0.367374998,0.223787501,-39.084722
quantize_gpu,primary,activation_4096_4096,4096,,4096,bf16,12,0.366533361,0.221708370,-39.512090
quantize_gpu,primary,activation_4096_4096,4096,,4096,bf16,13,0.368087506,0.223275041,-39.341858
quantize_gpu,primary,activation_4096_4096,4096,,4096,bf16,14,0.366537506,0.221808348,-39.485498
quantize_gpu,primary,activation_4096_4096,4096,,4096,bf16,15,0.366612477,0.224212511,-38.842095
quantize_gpu,primary,activation_4096_4096,4096,,4096,bf16,16,0.366595853,0.222370820,-39.341698
quantize_gpu,primary,activation_4096_4096,4096,,4096,bf16,17,0.367425010,0.223625032,-39.137232
quantize_gpu,primary,activation_4096_4096,4096,,4096,bf16,18,0.367074972,0.222087512,-39.498051
quantize_gpu,primary,activation_4096_4096,4096,,4096,bf16,19,0.367954187,0.224320823,-39.035665
quantize_gpu,primary,activation_4096_4096,4096,,4096,bf16,20,0.367300026,0.222474989,-39.429629
quantize_gpu,primary,activation_4096_4096,4096,,4096,bf16,21,0.368225016,0.223908341,-39.192523
quantize_gpu,primary,activation_4096_4096,4096,,4096,bf16,22,0.365337543,0.222333334,-39.143037
quantize_gpu,primary,activation_4096_4096,4096,,4096,bf16,23,0.367237488,0.224362500,-38.905339
quantize_gpu,primary,activation_4096_4096,4096,,4096,bf16,24,0.366058340,0.222862512,-39.118308
quantize_gpu,primary,activation_4096_4096,4096,,4096,bf16,25,0.367650017,0.223812507,-39.123488
quantize_gpu,primary,activation_4096_4096,4096,,4096,bf16,26,0.366595853,0.222208351,-39.386016
quantize_gpu,primary,activation_4096_4096,4096,,4096,bf16,27,0.367887504,0.223900005,-39.139002
quantize_gpu,primary,activation_4096_4096,4096,,4096,bf16,28,0.363900000,0.222941674,-38.735456
quantize_gpu,primary,activation_4096_4096,4096,,4096,bf16,29,0.367712509,0.223500002,-39.218820
quantize_gpu,primary,activation_4096_4096,4096,,4096,bf16,30,0.367458351,0.222400017,-39.476129
quantize_gpu,primary,activation_4096_4096,4096,,4096,fp16,0,1.428195834,0.415529171,-70.905309
quantize_gpu,primary,activation_4096_4096,4096,,4096,fp16,1,0.512816664,0.319933333,-37.612532
quantize_gpu,primary,activation_4096_4096,4096,,4096,fp16,2,0.485316664,0.221137516,-54.434386
quantize_gpu,primary,activation_4096_4096,4096,,4096,fp16,3,0.367737515,0.222379202,-39.527736
quantize_gpu,primary,activation_4096_4096,4096,,4096,fp16,4,0.366300019,0.221412489,-39.554333
quantize_gpu,primary,activation_4096_4096,4096,,4096,fp16,5,0.367804151,0.222941674,-39.385765
quantize_gpu,primary,activation_4096_4096,4096,,4096,fp16,6,0.366150029,0.221937522,-39.386179
quantize_gpu,primary,activation_4096_4096,4096,,4096,fp16,7,0.367512507,0.222979160,-39.327463
quantize_gpu,primary,activation_4096_4096,4096,,4096,fp16,8,0.365883345,0.221470837,-39.469550
quantize_gpu,primary,activation_4096_4096,4096,,4096,fp16,9,0.367200002,0.223020837,-39.264478
quantize_gpu,primary,activation_4096_4096,4096,,4096,fp16,10,0.367141655,0.221366668,-39.705379
quantize_gpu,primary,activation_4096_4096,4096,,4096,fp16,11,0.367537467,0.223220838,-39.265828
quantize_gpu,primary,activation_4096_4096,4096,,4096,fp16,12,0.365891634,0.221995823,-39.327440
quantize_gpu,primary,activation_4096_4096,4096,,4096,fp16,13,0.368287507,0.223712483,-39.256022
quantize_gpu,primary,activation_4096_4096,4096,,4096,fp16,14,0.366637530,0.221987488,-39.453147
quantize_gpu,primary,activation_4096_4096,4096,,4096,fp16,15,0.368287507,0.222400017,-39.612392
quantize_gpu,primary,activation_4096_4096,4096,,4096,fp16,16,0.367229199,0.221062498,-39.802581
quantize_gpu,primary,activation_4096_4096,4096,,4096,fp16,17,0.366475014,0.223237509,-39.085204
quantize_gpu,primary,activation_4096_4096,4096,,4096,fp16,18,0.366629194,0.221454166,-39.597236
quantize_gpu,primary,activation_4096_4096,4096,,4096,fp16,19,0.368225016,0.224154163,-39.125765
quantize_gpu,primary,activation_4096_4096,4096,,4096,fp16,20,0.366395852,0.221433304,-39.564462
quantize_gpu,primary,activation_4096_4096,4096,,4096,fp16,21,0.367725035,0.223800028,-39.139301
quantize_gpu,primary,activation_4096_4096,4096,,4096,fp16,22,0.367750041,0.221925043,-39.653292
quantize_gpu,primary,activation_4096_4096,4096,,4096,fp16,23,0.368354144,0.223445799,-39.339409
quantize_gpu,primary,activation_4096_4096,4096,,4096,fp16,24,0.366808334,0.221391674,-39.643772
quantize_gpu,primary,activation_4096_4096,4096,,4096,fp16,25,0.366108306,0.223420840,-38.974113
quantize_gpu,primary,activation_4096_4096,4096,,4096,fp16,26,0.366549985,0.221970817,-39.443234
quantize_gpu,primary,activation_4096_4096,4096,,4096,fp16,27,0.368375005,0.223579165,-39.306641
quantize_gpu,primary,activation_4096_4096,4096,,4096,fp16,28,0.366433337,0.222049979,-39.402353
quantize_gpu,primary,activation_4096_4096,4096,,4096,fp16,29,0.367537467,0.222362485,-39.499369
quantize_gpu,primary,activation_4096_4096,4096,,4096,fp16,30,0.366545841,0.221275026,-39.632373
quantize_gpu,primary,activation_4096_5376,4096,,5376,bf16,0,1.406262489,0.452650012,-67.811841
quantize_gpu,primary,activation_4096_5376,4096,,5376,bf16,1,0.584316673,0.404924992,-30.701106
quantize_gpu,primary,activation_4096_5376,4096,,5376,bf16,2,0.488158315,0.312800007,-35.922426
quantize_gpu,primary,activation_4096_5376,4096,,5376,bf16,3,0.488854153,0.315820798,-35.395701
quantize_gpu,primary,activation_4096_5376,4096,,5376,bf16,4,0.488195801,0.313604157,-35.762627
quantize_gpu,primary,activation_4096_5376,4096,,5376,bf16,5,0.489625009,0.314762536,-35.713550
quantize_gpu,primary,activation_4096_5376,4096,,5376,bf16,6,0.486424984,0.312349992,-35.786606
quantize_gpu,primary,activation_4096_5376,4096,,5376,bf16,7,0.489350036,0.316049997,-35.414330
quantize_gpu,primary,activation_4096_5376,4096,,5376,bf16,8,0.487949979,0.313791679,-35.691835
quantize_gpu,primary,activation_4096_5376,4096,,5376,bf16,9,0.489149988,0.315012503,-35.600018
quantize_gpu,primary,activation_4096_5376,4096,,5376,bf16,10,0.488729170,0.313483318,-35.857457
quantize_gpu,primary,activation_4096_5376,4096,,5376,bf16,11,0.492704194,0.313762482,-36.318285
quantize_gpu,primary,activation_4096_5376,4096,,5376,bf16,12,0.488487538,0.312941661,-35.936613
quantize_gpu,primary,activation_4096_5376,4096,,5376,bf16,13,0.490087504,0.313708326,-35.989324
quantize_gpu,primary,activation_4096_5376,4096,,5376,bf16,14,0.487987511,0.313970819,-35.660071
quantize_gpu,primary,activation_4096_5376,4096,,5376,bf16,15,0.488258339,0.314954156,-35.494362
quantize_gpu,primary,activation_4096_5376,4096,,5376,bf16,16,0.487266667,0.312458305,-35.875297
quantize_gpu,primary,activation_4096_5376,4096,,5376,bf16,17,0.488716690,0.312900031,-35.975170
quantize_gpu,primary,activation_4096_5376,4096,,5376,bf16,18,0.487837521,0.312933326,-35.852961
quantize_gpu,primary,activation_4096_5376,4096,,5376,bf16,19,0.488924980,0.314341625,-35.707596
quantize_gpu,primary,activation_4096_5376,4096,,5376,bf16,20,0.487937499,0.313700037,-35.708971
quantize_gpu,primary,activation_4096_5376,4096,,5376,bf16,21,0.488958368,0.314179156,-35.745213
quantize_gpu,primary,activation_4096_5376,4096,,5376,bf16,22,0.488483347,0.313270837,-35.868676
quantize_gpu,primary,activation_4096_5376,4096,,5376,bf16,23,0.488074962,0.314787496,-35.504273
quantize_gpu,primary,activation_4096_5376,4096,,5376,bf16,24,0.488837482,0.312562520,-36.060034
quantize_gpu,primary,activation_4096_5376,4096,,5376,bf16,25,0.488616666,0.314125000,-35.711362
quantize_gpu,primary,activation_4096_5376,4096,,5376,bf16,26,0.489241676,0.313412491,-35.939127
quantize_gpu,primary,activation_4096_5376,4096,,5376,bf16,27,0.488587515,0.315579167,-35.409899
quantize_gpu,primary,activation_4096_5376,4096,,5376,bf16,28,0.488250004,0.312712509,-35.952380
quantize_gpu,primary,activation_4096_5376,4096,,5376,bf16,29,0.487562502,0.314049982,-35.587749
quantize_gpu,primary,activation_4096_5376,4096,,5376,bf16,30,0.488179177,0.313125039,-35.858584
quantize_gpu,primary,activation_4096_5376,4096,,5376,fp16,0,1.813991647,0.305887498,-83.137326
quantize_gpu,primary,activation_4096_5376,4096,,5376,fp16,1,0.489895837,0.307699991,-37.190732
quantize_gpu,primary,activation_4096_5376,4096,,5376,fp16,2,0.490983343,0.306487503,-37.576802
quantize_gpu,primary,activation_4096_5376,4096,,5376,fp16,3,0.489712507,0.307987491,-37.108510
quantize_gpu,primary,activation_4096_5376,4096,,5376,fp16,4,0.490441686,0.305495830,-37.710060
quantize_gpu,primary,activation_4096_5376,4096,,5376,fp16,5,0.490437495,0.308279134,-37.142014
quantize_gpu,primary,activation_4096_5376,4096,,5376,fp16,6,0.491408352,0.305674970,-37.796139
quantize_gpu,primary,activation_4096_5376,4096,,5376,fp16,7,0.489766663,0.307375006,-37.240521
quantize_gpu,primary,activation_4096_5376,4096,,5376,fp16,8,0.489687501,0.305837533,-37.544346
quantize_gpu,primary,activation_4096_5376,4096,,5376,fp16,9,0.491891708,0.307016680,-37.584498
quantize_gpu,primary,activation_4096_5376,4096,,5376,fp16,10,0.490795821,0.305558369,-37.742263
quantize_gpu,primary,activation_4096_5376,4096,,5376,fp16,11,0.490049971,0.307154143,-37.321873
quantize_gpu,primary,activation_4096_5376,4096,,5376,fp16,12,0.490499986,0.306304172,-37.552664
quantize_gpu,primary,activation_4096_5376,4096,,5376,fp16,13,0.490041682,0.307624973,-37.224733
quantize_gpu,primary,activation_4096_5376,4096,,5376,fp16,14,0.490133325,0.306575000,-37.450693
quantize_gpu,primary,activation_4096_5376,4096,,5376,fp16,15,0.490674982,0.307641691,-37.302348
quantize_gpu,primary,activation_4096_5376,4096,,5376,fp16,16,0.490354141,0.306795863,-37.433818
quantize_gpu,primary,activation_4096_5376,4096,,5376,fp16,17,0.490216678,0.307220826,-37.329585
quantize_gpu,primary,activation_4096_5376,4096,,5376,fp16,18,0.488545839,0.305574993,-37.452135
quantize_gpu,primary,activation_4096_5376,4096,,5376,fp16,19,0.489850016,0.306975003,-37.332858
quantize_gpu,primary,activation_4096_5376,4096,,5376,fp16,20,0.490549998,0.305962516,-37.628679
quantize_gpu,primary,activation_4096_5376,4096,,5376,fp16,21,0.491512520,0.307637500,-37.410038
quantize_gpu,primary,activation_4096_5376,4096,,5376,fp16,22,0.490362477,0.305516645,-37.695754
quantize_gpu,primary,activation_4096_5376,4096,,5376,fp16,23,0.489929179,0.307470839,-37.241779
quantize_gpu,primary,activation_4096_5376,4096,,5376,fp16,24,0.489895837,0.306554185,-37.424619
quantize_gpu,primary,activation_4096_5376,4096,,5376,fp16,25,0.489762472,0.307141664,-37.287628
quantize_gpu,primary,activation_4096_5376,4096,,5376,fp16,26,0.489758328,0.306087499,-37.502339
quantize_gpu,primary,activation_4096_5376,4096,,5376,fp16,27,0.491133332,0.308825029,-37.119921
quantize_gpu,primary,activation_4096_5376,4096,,5376,fp16,28,0.491299992,0.305491686,-37.819725
quantize_gpu,primary,activation_4096_5376,4096,,5376,fp16,29,0.493658334,0.308624981,-37.482068
quantize_gpu,primary,activation_4096_5376,4096,,5376,fp16,30,0.491462508,0.310800038,-36.760173
quantize_gpu,primary,activation_4096_7168,4096,,7168,bf16,0,1.884520845,0.442687515,-76.509280
quantize_gpu,primary,activation_4096_7168,4096,,7168,bf16,1,0.659666676,0.449566636,-31.849425
quantize_gpu,primary,activation_4096_7168,4096,,7168,bf16,2,0.660570851,0.447250018,-32.293407
quantize_gpu,primary,activation_4096_7168,4096,,7168,bf16,3,0.661099982,0.447604153,-32.294030
quantize_gpu,primary,activation_4096_7168,4096,,7168,bf16,4,0.659141690,0.443412503,-32.728803
quantize_gpu,primary,activation_4096_7168,4096,,7168,bf16,5,0.659899972,0.446000043,-32.413993
quantize_gpu,primary,activation_4096_7168,4096,,7168,bf16,6,0.660520839,0.442462508,-33.013089
quantize_gpu,primary,activation_4096_7168,4096,,7168,bf16,7,0.672679162,0.448375009,-33.344894
quantize_gpu,primary,activation_4096_7168,4096,,7168,bf16,8,0.671029184,0.445662485,-33.585231
quantize_gpu,primary,activation_4096_7168,4096,,7168,bf16,9,0.666045863,0.448350003,-32.684815
quantize_gpu,primary,activation_4096_7168,4096,,7168,bf16,10,0.664099958,0.448066695,-32.530233
quantize_gpu,primary,activation_4096_7168,4096,,7168,bf16,11,0.664637517,0.451337500,-32.092684
quantize_gpu,primary,activation_4096_7168,4096,,7168,bf16,12,0.663329195,0.446033338,-32.758374
quantize_gpu,primary,activation_4096_7168,4096,,7168,bf16,13,0.662641693,0.449362490,-32.186203
quantize_gpu,primary,activation_4096_7168,4096,,7168,bf16,14,0.666579185,0.444225036,-33.357500
quantize_gpu,primary,activation_4096_7168,4096,,7168,bf16,15,0.660337508,0.443704193,-32.806453
quantize_gpu,primary,activation_4096_7168,4096,,7168,bf16,16,0.662095845,0.447362475,-32.432369
quantize_gpu,primary,activation_4096_7168,4096,,7168,bf16,17,0.681433361,0.449379161,-34.053836
quantize_gpu,primary,activation_4096_7168,4096,,7168,bf16,18,0.663904147,0.444504200,-33.046931
quantize_gpu,primary,activation_4096_7168,4096,,7168,bf16,19,0.660587521,0.444000028,-32.787100
quantize_gpu,primary,activation_4096_7168,4096,,7168,bf16,20,0.660225004,0.442012493,-33.051234
quantize_gpu,primary,activation_4096_7168,4096,,7168,bf16,21,0.663095852,0.445287488,-32.847191
quantize_gpu,primary,activation_4096_7168,4096,,7168,bf16,22,0.662016636,0.445662485,-32.681075
quantize_gpu,primary,activation_4096_7168,4096,,7168,bf16,23,0.660250010,0.446700025,-32.343806
quantize_gpu,primary,activation_4096_7168,4096,,7168,bf16,24,0.662791682,0.444687484,-32.906900
quantize_gpu,primary,activation_4096_7168,4096,,7168,bf16,25,0.660391664,0.445858343,-32.485771
quantize_gpu,primary,activation_4096_7168,4096,,7168,bf16,26,0.662641646,0.440287543,-33.555709
quantize_gpu,primary,activation_4096_7168,4096,,7168,bf16,27,0.661175000,0.443170825,-32.972235
quantize_gpu,primary,activation_4096_7168,4096,,7168,bf16,28,0.659225043,0.444766693,-32.531888
quantize_gpu,primary,activation_4096_7168,4096,,7168,bf16,29,0.661979150,0.450275000,-31.980486
quantize_gpu,primary,activation_4096_7168,4096,,7168,bf16,30,0.659983326,0.445229188,-32.539328
quantize_gpu,primary,activation_4096_7168,4096,,7168,fp16,0,2.422870835,0.437025027,-81.962512
quantize_gpu,primary,activation_4096_7168,4096,,7168,fp16,1,0.658225035,0.439991662,-33.154827
quantize_gpu,primary,activation_4096_7168,4096,,7168,fp16,2,0.660158321,0.438645808,-33.554453
quantize_gpu,primary,activation_4096_7168,4096,,7168,fp16,3,0.660600001,0.438950025,-33.552827
quantize_gpu,primary,activation_4096_7168,4096,,7168,fp16,4,0.658679148,0.439191656,-33.322368
quantize_gpu,primary,activation_4096_7168,4096,,7168,fp16,5,0.659100013,0.439929171,-33.253048
quantize_gpu,primary,activation_4096_7168,4096,,7168,fp16,6,0.660062488,0.437412504,-33.731652
quantize_gpu,primary,activation_4096_7168,4096,,7168,fp16,7,0.660124980,0.438699964,-33.542893
quantize_gpu,primary,activation_4096_7168,4096,,7168,fp16,8,0.659704162,0.438212464,-33.574398
quantize_gpu,primary,activation_4096_7168,4096,,7168,fp16,9,0.660237484,0.442937482,-32.912400
quantize_gpu,primary,activation_4096_7168,4096,,7168,fp16,10,0.660100020,0.439741695,-33.382566
quantize_gpu,primary,activation_4096_7168,4096,,7168,fp16,11,0.660474971,0.439525023,-33.453190
quantize_gpu,primary,activation_4096_7168,4096,,7168,fp16,12,0.660383329,0.438325014,-33.625669
quantize_gpu,primary,activation_4096_7168,4096,,7168,fp16,13,0.659837527,0.440787524,-33.197567
quantize_gpu,primary,activation_4096_7168,4096,,7168,fp16,14,0.660687545,0.440283353,-33.359822
quantize_gpu,primary,activation_4096_7168,4096,,7168,fp16,15,0.659745838,0.440545799,-33.224922
quantize_gpu,primary,activation_4096_7168,4096,,7168,fp16,16,0.660112500,0.438549975,-33.564358
quantize_gpu,primary,activation_4096_7168,4096,,7168,fp16,17,0.660062488,0.439145835,-33.469051
quantize_gpu,primary,activation_4096_7168,4096,,7168,fp16,18,0.661549997,0.440016668,-33.487012
quantize_gpu,primary,activation_4096_7168,4096,,7168,fp16,19,0.659437524,0.440062489,-33.266993
quantize_gpu,primary,activation_4096_7168,4096,,7168,fp16,20,0.659587514,0.437712483,-33.638452
quantize_gpu,primary,activation_4096_7168,4096,,7168,fp16,21,0.659137499,0.442062505,-32.933188
quantize_gpu,primary,activation_4096_7168,4096,,7168,fp16,22,0.660324981,0.439012470,-33.515696
quantize_gpu,primary,activation_4096_7168,4096,,7168,fp16,23,0.660562469,0.439075008,-33.530131
quantize_gpu,primary,activation_4096_7168,4096,,7168,fp16,24,0.660791667,0.442175008,-33.084052
quantize_gpu,primary,activation_4096_7168,4096,,7168,fp16,25,0.659599993,0.442345813,-32.937262
quantize_gpu,primary,activation_4096_7168,4096,,7168,fp16,26,0.659804139,0.437095854,-33.753696
quantize_gpu,primary,activation_4096_7168,4096,,7168,fp16,27,0.659820810,0.440254156,-33.276709
quantize_gpu,primary,activation_4096_7168,4096,,7168,fp16,28,0.662287464,0.437679188,-33.914016
quantize_gpu,primary,activation_4096_7168,4096,,7168,fp16,29,0.659574987,0.438183313,-33.565808
quantize_gpu,primary,activation_4096_7168,4096,,7168,fp16,30,0.659762509,0.437912485,-33.625740
quantize_gpu,primary,activation_4096_9216,4096,,9216,bf16,0,2.550291689,0.720133353,-71.762706
quantize_gpu,primary,activation_4096_9216,4096,,9216,bf16,1,0.854662526,0.721458299,-15.585593
quantize_gpu,primary,activation_4096_9216,4096,,9216,bf16,2,0.854462478,0.720641669,-15.661403
quantize_gpu,primary,activation_4096_9216,4096,,9216,bf16,3,0.853608316,0.721187470,-15.513069
quantize_gpu,primary,activation_4096_9216,4096,,9216,bf16,4,0.854487484,0.719141634,-15.839419
quantize_gpu,primary,activation_4096_9216,4096,,9216,bf16,5,0.854383316,0.720887491,-15.624816
quantize_gpu,primary,activation_4096_9216,4096,,9216,bf16,6,0.856041675,0.719683338,-15.928937
quantize_gpu,primary,activation_4096_9216,4096,,9216,bf16,7,0.856729178,0.720445812,-15.907403
quantize_gpu,primary,activation_4096_9216,4096,,9216,bf16,8,0.854991702,0.719725015,-15.820819
quantize_gpu,primary,activation_4096_9216,4096,,9216,bf16,9,0.854966696,0.721708313,-15.586383
quantize_gpu,primary,activation_4096_9216,4096,,9216,bf16,10,0.858004158,0.721887499,-15.864336
quantize_gpu,primary,activation_4096_9216,4096,,9216,bf16,11,0.854275003,0.720354170,-15.676548
quantize_gpu,primary,activation_4096_9216,4096,,9216,bf16,12,0.855337502,0.722091645,-15.578161
quantize_gpu,primary,activation_4096_9216,4096,,9216,bf16,13,0.855429145,0.720445812,-15.779604
quantize_gpu,primary,activation_4096_9216,4096,,9216,bf16,14,0.855224999,0.720599992,-15.741472
quantize_gpu,primary,activation_4096_9216,4096,,9216,bf16,15,0.854604179,0.720533356,-15.688061
quantize_gpu,primary,activation_4096_9216,4096,,9216,bf16,16,0.854937499,0.719899964,-15.795018
quantize_gpu,primary,activation_4096_9216,4096,,9216,bf16,17,0.855808333,0.719699962,-15.904072
quantize_gpu,primary,activation_4096_9216,4096,,9216,bf16,18,0.856512506,0.721995812,-15.705164
quantize_gpu,primary,activation_4096_9216,4096,,9216,bf16,19,0.855587516,0.720670819,-15.768895
quantize_gpu,primary,activation_4096_9216,4096,,9216,bf16,20,0.855695875,0.720745837,-15.770795
quantize_gpu,primary,activation_4096_9216,4096,,9216,bf16,21,0.854749978,0.721674971,-15.568881
quantize_gpu,primary,activation_4096_9216,4096,,9216,bf16,22,0.854487484,0.720241666,-15.710683
quantize_gpu,primary,activation_4096_9216,4096,,9216,bf16,23,0.857050018,0.720675010,-15.912141
quantize_gpu,primary,activation_4096_9216,4096,,9216,bf16,24,0.856212480,0.719087524,-16.015295
quantize_gpu,primary,activation_4096_9216,4096,,9216,bf16,25,0.855195848,0.721949991,-15.580742
quantize_gpu,primary,activation_4096_9216,4096,,9216,bf16,26,0.855949987,0.720250001,-15.853728
quantize_gpu,primary,activation_4096_9216,4096,,9216,bf16,27,0.854025036,0.721337507,-15.536726
quantize_gpu,primary,activation_4096_9216,4096,,9216,bf16,28,0.854512537,0.719629182,-15.784830
quantize_gpu,primary,activation_4096_9216,4096,,9216,bf16,29,0.854220847,0.722029200,-15.475114
quantize_gpu,primary,activation_4096_9216,4096,,9216,bf16,30,0.854974985,0.720158359,-15.768488
quantize_gpu,primary,activation_4096_9216,4096,,9216,fp16,0,1.617087517,0.709650014,-56.115547
quantize_gpu,primary,activation_4096_9216,4096,,9216,fp16,1,0.855729170,0.711487513,-16.855994
quantize_gpu,primary,activation_4096_9216,4096,,9216,fp16,2,0.856595859,0.709495833,-17.172629
quantize_gpu,primary,activation_4096_9216,4096,,9216,fp16,3,0.856774999,0.710037490,-17.126726
quantize_gpu,primary,activation_4096_9216,4096,,9216,fp16,4,0.856520841,0.710095838,-17.095323
quantize_gpu,primary,activation_4096_9216,4096,,9216,fp16,5,0.856437488,0.710612489,-17.026929
quantize_gpu,primary,activation_4096_9216,4096,,9216,fp16,6,0.857679173,0.709879166,-17.232552
quantize_gpu,primary,activation_4096_9216,4096,,9216,fp16,7,0.856770808,0.709824963,-17.151126
quantize_gpu,primary,activation_4096_9216,4096,,9216,fp16,8,0.858387491,0.708662486,-17.442589
quantize_gpu,primary,activation_4096_9216,4096,,9216,fp16,9,0.856862497,0.712466659,-16.851693
quantize_gpu,primary,activation_4096_9216,4096,,9216,fp16,10,0.857312465,0.710287504,-17.149519
quantize_gpu,primary,activation_4096_9216,4096,,9216,fp16,11,0.856925035,0.710349996,-17.104768
quantize_gpu,primary,activation_4096_9216,4096,,9216,fp16,12,0.856704172,0.710154139,-17.106259
quantize_gpu,primary,activation_4096_9216,4096,,9216,fp16,13,0.856537512,0.710508320,-17.048780
quantize_gpu,primary,activation_4096_9216,4096,,9216,fp16,14,0.856241677,0.710562523,-17.013789
quantize_gpu,primary,activation_4096_9216,4096,,9216,fp16,15,0.858558342,0.711129187,-17.171711
quantize_gpu,primary,activation_4096_9216,4096,,9216,fp16,16,0.858441694,0.709862495,-17.308013
quantize_gpu,primary,activation_4096_9216,4096,,9216,fp16,17,0.855949987,0.709995814,-17.051717
quantize_gpu,primary,activation_4096_9216,4096,,9216,fp16,18,0.857462455,0.709687499,-17.233986
quantize_gpu,primary,activation_4096_9216,4096,,9216,fp16,19,0.858158339,0.711537525,-17.085520
quantize_gpu,primary,activation_4096_9216,4096,,9216,fp16,20,0.858425023,0.708670821,-17.445228
quantize_gpu,primary,activation_4096_9216,4096,,9216,fp16,21,0.859912485,0.710295839,-17.399055
quantize_gpu,primary,activation_4096_9216,4096,,9216,fp16,22,0.857962482,0.709279161,-17.329816
quantize_gpu,primary,activation_4096_9216,4096,,9216,fp16,23,0.858249981,0.710012531,-17.272060
quantize_gpu,primary,activation_4096_9216,4096,,9216,fp16,24,0.857212534,0.708887493,-17.303182
quantize_gpu,primary,activation_4096_9216,4096,,9216,fp16,25,0.856154133,0.709862495,-17.087068
quantize_gpu,primary,activation_4096_9216,4096,,9216,fp16,26,0.856524985,0.709637487,-17.149237
quantize_gpu,primary,activation_4096_9216,4096,,9216,fp16,27,0.856833300,0.710212486,-17.111942
quantize_gpu,primary,activation_4096_9216,4096,,9216,fp16,28,0.857137516,0.710362475,-17.123861
quantize_gpu,primary,activation_4096_9216,4096,,9216,fp16,29,0.857199961,0.710025011,-17.169267
quantize_gpu,primary,activation_4096_9216,4096,,9216,fp16,30,0.857904181,0.709612528,-17.285340
quantize_gpu,primary,activation_4352_16384,4352,,16384,bf16,0,3.023925005,1.411362505,-53.326802
quantize_gpu,primary,activation_4352_16384,4352,,16384,bf16,1,1.604466652,1.405125018,-12.424168
quantize_gpu,primary,activation_4352_16384,4352,,16384,bf16,2,1.604450028,1.409958350,-12.122015
quantize_gpu,primary,activation_4352_16384,4352,,16384,bf16,3,1.604687516,1.408699993,-12.213439
quantize_gpu,primary,activation_4352_16384,4352,,16384,bf16,4,1.602574997,1.410437468,-11.989300
quantize_gpu,primary,activation_4352_16384,4352,,16384,bf16,5,1.603412535,1.409829129,-12.073213
quantize_gpu,primary,activation_4352_16384,4352,,16384,bf16,6,1.605554158,1.412608335,-12.017397
quantize_gpu,primary,activation_4352_16384,4352,,16384,bf16,7,1.605441654,1.411141641,-12.102589
quantize_gpu,primary,activation_4352_16384,4352,,16384,bf16,8,1.606695866,1.405354170,-12.531413
quantize_gpu,primary,activation_4352_16384,4352,,16384,bf16,9,1.605962496,1.418779185,-11.655522
quantize_gpu,primary,activation_4352_16384,4352,,16384,bf16,10,1.606141683,1.416995842,-11.776411
quantize_gpu,primary,activation_4352_16384,4352,,16384,bf16,11,1.610212494,1.416295813,-12.042925
quantize_gpu,primary,activation_4352_16384,4352,,16384,bf16,12,1.606241660,1.409837510,-12.227559
quantize_gpu,primary,activation_4352_16384,4352,,16384,bf16,13,1.606187504,1.409137482,-12.268183
quantize_gpu,primary,activation_4352_16384,4352,,16384,bf16,14,1.606816659,1.412300020,-12.105715
quantize_gpu,primary,activation_4352_16384,4352,,16384,bf16,15,1.605662517,1.413908321,-11.942372
quantize_gpu,primary,activation_4352_16384,4352,,16384,bf16,16,1.606895821,1.415408356,-11.916607
quantize_gpu,primary,activation_4352_16384,4352,,16384,bf16,17,1.605704194,1.409762492,-12.202852
quantize_gpu,primary,activation_4352_16384,4352,,16384,bf16,18,1.606024988,1.407899987,-12.336359
quantize_gpu,primary,activation_4352_16384,4352,,16384,bf16,19,1.607337501,1.410229178,-12.263033
quantize_gpu,primary,activation_4352_16384,4352,,16384,bf16,20,1.606787462,1.406412479,-12.470534
quantize_gpu,primary,activation_4352_16384,4352,,16384,bf16,21,1.606925018,1.413149992,-12.058747
quantize_gpu,primary,activation_4352_16384,4352,,16384,bf16,22,1.607199991,1.413975004,-12.022461
quantize_gpu,primary,activation_4352_16384,4352,,16384,bf16,23,1.603595819,1.413200004,-11.873055
quantize_gpu,primary,activation_4352_16384,4352,,16384,bf16,24,1.607345836,1.408991637,-12.340480
quantize_gpu,primary,activation_4352_16384,4352,,16384,bf16,25,1.606995845,1.415279182,-11.930128
quantize_gpu,primary,activation_4352_16384,4352,,16384,bf16,26,1.604425022,1.416624989,-11.705130
quantize_gpu,primary,activation_4352_16384,4352,,16384,bf16,27,1.607258338,1.417224994,-11.823447
quantize_gpu,primary,activation_4352_16384,4352,,16384,bf16,28,1.607095823,1.407812489,-12.400215
quantize_gpu,primary,activation_4352_16384,4352,,16384,bf16,29,1.606533304,1.412158320,-12.099032
quantize_gpu,primary,activation_4352_16384,4352,,16384,bf16,30,1.607762463,1.411937503,-12.179968
quantize_gpu,primary,activation_4352_16384,4352,,16384,fp16,0,3.547600005,1.399887493,-60.539872
quantize_gpu,primary,activation_4352_16384,4352,,16384,fp16,1,1.600270811,1.398949977,-12.580423
quantize_gpu,primary,activation_4352_16384,4352,,16384,fp16,2,1.603408298,1.408837503,-12.134825
quantize_gpu,primary,activation_4352_16384,4352,,16384,fp16,3,1.599958353,1.404662477,-12.206310
quantize_gpu,primary,activation_4352_16384,4352,,16384,fp16,4,1.600254187,1.404299960,-12.245194
quantize_gpu,primary,activation_4352_16384,4352,,16384,fp16,5,1.603741711,1.404599985,-12.417319
quantize_gpu,primary,activation_4352_16384,4352,,16384,fp16,6,1.602708315,1.402654173,-12.482255
quantize_gpu,primary,activation_4352_16384,4352,,16384,fp16,7,1.602562517,1.400212478,-12.626655
quantize_gpu,primary,activation_4352_16384,4352,,16384,fp16,8,1.603170810,1.406025002,-12.297243
quantize_gpu,primary,activation_4352_16384,4352,,16384,fp16,9,1.602687500,1.399904164,-12.652706
quantize_gpu,primary,activation_4352_16384,4352,,16384,fp16,10,1.602666639,1.398525015,-12.737622
quantize_gpu,primary,activation_4352_16384,4352,,16384,fp16,11,1.603454165,1.406512503,-12.282338
quantize_gpu,primary,activation_4352_16384,4352,,16384,fp16,12,1.604487514,1.399845816,-12.754334
quantize_gpu,primary,activation_4352_16384,4352,,16384,fp16,13,1.600583317,1.401495840,-12.438433
quantize_gpu,primary,activation_4352_16384,4352,,16384,fp16,14,1.603599964,1.402366674,-12.548846
quantize_gpu,primary,activation_4352_16384,4352,,16384,fp16,15,1.601670822,1.400962472,-12.531186
quantize_gpu,primary,activation_4352_16384,4352,,16384,fp16,16,1.602454158,1.400770852,-12.585902
quantize_gpu,primary,activation_4352_16384,4352,,16384,fp16,17,1.602850016,1.401991630,-12.531328
quantize_gpu,primary,activation_4352_16384,4352,,16384,fp16,18,1.602695836,1.403608359,-12.422037
quantize_gpu,primary,activation_4352_16384,4352,,16384,fp16,19,1.601237478,1.406366657,-12.170014
quantize_gpu,primary,activation_4352_16384,4352,,16384,fp16,20,1.601812476,1.398399984,-12.698895
quantize_gpu,primary,activation_4352_16384,4352,,16384,fp16,21,1.601187512,1.409208355,-11.989799
quantize_gpu,primary,activation_4352_16384,4352,,16384,fp16,22,1.601462532,1.405312493,-12.248182
quantize_gpu,primary,activation_4352_16384,4352,,16384,fp16,23,1.602304168,1.403745823,-12.392051
quantize_gpu,primary,activation_4352_16384,4352,,16384,fp16,24,1.607262483,1.406600000,-12.484736
quantize_gpu,primary,activation_4352_16384,4352,,16384,fp16,25,1.604975015,1.398708345,-12.851706
quantize_gpu,primary,activation_4352_16384,4352,,16384,fp16,26,1.604158338,1.404849999,-12.424480
quantize_gpu,primary,activation_4352_16384,4352,,16384,fp16,27,1.604375010,1.409649989,-12.137126
quantize_gpu,primary,activation_4352_16384,4352,,16384,fp16,28,1.602162467,1.403366635,-12.407970
quantize_gpu,primary,activation_4352_16384,4352,,16384,fp16,29,1.603837498,1.400637534,-12.669610
quantize_gpu,primary,activation_4352_16384,4352,,16384,fp16,30,1.604450028,1.402674988,-12.575963
quantize_gpu,primary,activation_4352_6144,4352,,6144,bf16,0,2.353699971,0.777812535,-66.953624
quantize_gpu,primary,activation_4352_6144,4352,,6144,bf16,1,0.601470843,0.420137541,-30.148311
quantize_gpu,primary,activation_4352_6144,4352,,6144,bf16,2,0.599149987,0.415154174,-30.709475
quantize_gpu,primary,activation_4352_6144,4352,,6144,bf16,3,0.602441654,0.416887505,-30.800352
quantize_gpu,primary,activation_4352_6144,4352,,6144,bf16,4,0.600487506,0.410862500,-31.578510
quantize_gpu,primary,activation_4352_6144,4352,,6144,bf16,5,0.602749968,0.417741667,-30.694037
quantize_gpu,primary,activation_4352_6144,4352,,6144,bf16,6,0.600637496,0.415412476,-30.838071
quantize_gpu,primary,activation_4352_6144,4352,,6144,bf16,7,0.602174969,0.416587479,-30.819529
quantize_gpu,primary,activation_4352_6144,4352,,6144,bf16,8,0.599037530,0.417445833,-30.313910
quantize_gpu,primary,activation_4352_6144,4352,,6144,bf16,9,0.602274993,0.421504164,-30.014666
quantize_gpu,primary,activation_4352_6144,4352,,6144,bf16,10,0.600770814,0.413679192,-31.141929
quantize_gpu,primary,activation_4352_6144,4352,,6144,bf16,11,0.602087518,0.414774986,-31.110516
quantize_gpu,primary,activation_4352_6144,4352,,6144,bf16,12,0.599966664,0.415483303,-30.748935
quantize_gpu,primary,activation_4352_6144,4352,,6144,bf16,13,0.601579156,0.422941661,-29.694761
quantize_gpu,primary,activation_4352_6144,4352,,6144,bf16,14,0.599199999,0.414350023,-30.849462
quantize_gpu,primary,activation_4352_6144,4352,,6144,bf16,15,0.601204159,0.416037487,-30.799300
quantize_gpu,primary,activation_4352_6144,4352,,6144,bf16,16,0.598700019,0.415512500,-30.597547
quantize_gpu,primary,activation_4352_6144,4352,,6144,bf16,17,0.602045795,0.417145854,-30.711940
quantize_gpu,primary,activation_4352_6144,4352,,6144,bf16,18,0.600425014,0.415533315,-30.793470
quantize_gpu,primary,activation_4352_6144,4352,,6144,bf16,19,0.603008317,0.417458359,-30.770713
quantize_gpu,primary,activation_4352_6144,4352,,6144,bf16,20,0.600458309,0.413237512,-31.179650
quantize_gpu,primary,activation_4352_6144,4352,,6144,bf16,21,0.602166681,0.417870842,-30.605453
quantize_gpu,primary,activation_4352_6144,4352,,6144,bf16,22,0.602049986,0.414875010,-31.089607
quantize_gpu,primary,activation_4352_6144,4352,,6144,bf16,23,0.602712529,0.418237504,-30.607465
quantize_gpu,primary,activation_4352_6144,4352,,6144,bf16,24,0.600716658,0.411687512,-31.467272
quantize_gpu,primary,activation_4352_6144,4352,,6144,bf16,25,0.603200030,0.418150006,-30.678053
quantize_gpu,primary,activation_4352_6144,4352,,6144,bf16,26,0.600979151,0.416862499,-30.636113
quantize_gpu,primary,activation_4352_6144,4352,,6144,bf16,27,0.602637511,0.417970819,-30.643080
quantize_gpu,primary,activation_4352_6144,4352,,6144,bf16,28,0.601345813,0.415670825,-30.876575
quantize_gpu,primary,activation_4352_6144,4352,,6144,bf16,29,0.603441661,0.418737484,-30.608456
quantize_gpu,primary,activation_4352_6144,4352,,6144,bf16,30,0.601229165,0.414212514,-31.105718
quantize_gpu,primary,activation_4352_6144,4352,,6144,fp16,0,2.368575009,0.486441702,-79.462685
quantize_gpu,primary,activation_4352_6144,4352,,6144,fp16,1,0.599374995,0.405337475,-32.373309
quantize_gpu,primary,activation_4352_6144,4352,,6144,fp16,2,0.599937513,0.401675003,-33.047193
quantize_gpu,primary,activation_4352_6144,4352,,6144,fp16,3,0.601612497,0.402762461,-33.052843
quantize_gpu,primary,activation_4352_6144,4352,,6144,fp16,4,0.598099967,0.404400006,-32.385884
quantize_gpu,primary,activation_4352_6144,4352,,6144,fp16,5,0.598966656,0.404216675,-32.514328
quantize_gpu,primary,activation_4352_6144,4352,,6144,fp16,6,0.598804140,0.404091692,-32.516884
quantize_gpu,primary,activation_4352_6144,4352,,6144,fp16,7,0.601112470,0.406741677,-32.335179
quantize_gpu,primary,activation_4352_6144,4352,,6144,fp16,8,0.599733321,0.402266672,-32.925743
quantize_gpu,primary,activation_4352_6144,4352,,6144,fp16,9,0.600662502,0.401812512,-33.105111
quantize_gpu,primary,activation_4352_6144,4352,,6144,fp16,10,0.597112486,0.402691681,-32.560164
quantize_gpu,primary,activation_4352_6144,4352,,6144,fp16,11,0.600149995,0.403895834,-32.700852
quantize_gpu,primary,activation_4352_6144,4352,,6144,fp16,12,0.596945826,0.403541699,-32.398941
quantize_gpu,primary,activation_4352_6144,4352,,6144,fp16,13,0.599541701,0.404124986,-32.594349
quantize_gpu,primary,activation_4352_6144,4352,,6144,fp16,14,0.598095870,0.402954174,-32.627160
quantize_gpu,primary,activation_4352_6144,4352,,6144,fp16,15,0.598099967,0.406412501,-32.049403
quantize_gpu,primary,activation_4352_6144,4352,,6144,fp16,16,0.600112509,0.401150016,-33.154199
quantize_gpu,primary,activation_4352_6144,4352,,6144,fp16,17,0.598004181,0.406008353,-32.106101
quantize_gpu,primary,activation_4352_6144,4352,,6144,fp16,18,0.599625008,0.399175007,-33.429226
quantize_gpu,primary,activation_4352_6144,4352,,6144,fp16,19,0.601079175,0.406224979,-32.417393
quantize_gpu,primary,activation_4352_6144,4352,,6144,fp16,20,0.599862495,0.404237490,-32.611641
quantize_gpu,primary,activation_4352_6144,4352,,6144,fp16,21,0.600666646,0.404999964,-32.574920
quantize_gpu,primary,activation_4352_6144,4352,,6144,fp16,22,0.598641625,0.402024994,-32.843795
quantize_gpu,primary,activation_4352_6144,4352,,6144,fp16,23,0.599433342,0.406950014,-32.110881
quantize_gpu,primary,activation_4352_6144,4352,,6144,fp16,24,0.599949993,0.401995843,-32.995108
quantize_gpu,primary,activation_4352_6144,4352,,6144,fp16,25,0.600454165,0.403137505,-32.861236
quantize_gpu,primary,activation_4352_6144,4352,,6144,fp16,26,0.601154193,0.403579185,-32.865945
quantize_gpu,primary,activation_4352_6144,4352,,6144,fp16,27,0.601066696,0.403475016,-32.873503
quantize_gpu,primary,activation_4352_6144,4352,,6144,fp16,28,0.598833337,0.400516670,-33.117172
quantize_gpu,primary,activation_4352_6144,4352,,6144,fp16,29,0.601087464,0.402487535,-33.040105
quantize_gpu,primary,activation_4352_6144,4352,,6144,fp16,30,0.598858343,0.405050023,-32.362966
quantize_gpu,primary,activation_4608_12288,4608,,12288,bf16,0,3.179991664,1.136112493,-64.273098
quantize_gpu,primary,activation_4608_12288,4608,,12288,bf16,1,1.268158294,1.135516679,-10.459389
quantize_gpu,primary,activation_4608_12288,4608,,12288,bf16,2,1.265587518,1.136875013,-10.170178
quantize_gpu,primary,activation_4608_12288,4608,,12288,bf16,3,1.267162524,1.135312533,-10.405137
quantize_gpu,primary,activation_4608_12288,4608,,12288,bf16,4,1.267250022,1.139504183,-10.080555
quantize_gpu,primary,activation_4608_12288,4608,,12288,bf16,5,1.270579174,1.139237499,-10.337150
quantize_gpu,primary,activation_4608_12288,4608,,12288,bf16,6,1.270270813,1.132499985,-10.845784
quantize_gpu,primary,activation_4608_12288,4608,,12288,bf16,7,1.270199986,1.136475010,-10.527868
quantize_gpu,primary,activation_4608_12288,4608,,12288,bf16,8,1.268558344,1.136950031,-10.374636
quantize_gpu,primary,activation_4608_12288,4608,,12288,bf16,9,1.268995833,1.136924978,-10.407509
quantize_gpu,primary,activation_4608_12288,4608,,12288,bf16,10,1.268095849,1.135349972,-10.468126
quantize_gpu,primary,activation_4608_12288,4608,,12288,bf16,11,1.270624995,1.135045849,-10.670272
quantize_gpu,primary,activation_4608_12288,4608,,12288,bf16,12,1.268925006,1.137266681,-10.375580
quantize_gpu,primary,activation_4608_12288,4608,,12288,bf16,13,1.269437466,1.135104150,-10.582114
quantize_gpu,primary,activation_4608_12288,4608,,12288,bf16,14,1.267933333,1.138654165,-10.196054
quantize_gpu,primary,activation_4608_12288,4608,,12288,bf16,15,1.270854194,1.137045817,-10.529011
quantize_gpu,primary,activation_4608_12288,4608,,12288,bf16,16,1.269937493,1.135570835,-10.580573
quantize_gpu,primary,activation_4608_12288,4608,,12288,bf16,17,1.270300010,1.137012476,-10.492603
quantize_gpu,primary,activation_4608_12288,4608,,12288,bf16,18,1.273945859,1.137666637,-10.697411
quantize_gpu,primary,activation_4608_12288,4608,,12288,bf16,19,1.268516667,1.135204127,-10.509325
quantize_gpu,primary,activation_4608_12288,4608,,12288,bf16,20,1.269837469,1.135512488,-10.578124
quantize_gpu,primary,activation_4608_12288,4608,,12288,bf16,21,1.267899992,1.137729175,-10.266647
quantize_gpu,primary,activation_4608_12288,4608,,12288,bf16,22,1.266999962,1.139237499,-10.083857
quantize_gpu,primary,activation_4608_12288,4608,,12288,bf16,23,1.267912472,1.138008339,-10.245513
quantize_gpu,primary,activation_4608_12288,4608,,12288,bf16,24,1.269024983,1.136958320,-10.406940
quantize_gpu,primary,activation_4608_12288,4608,,12288,bf16,25,1.269525010,1.140095852,-10.195085
quantize_gpu,primary,activation_4608_12288,4608,,12288,bf16,26,1.267766673,1.137120835,-10.305196
quantize_gpu,primary,activation_4608_12288,4608,,12288,bf16,27,1.273070835,1.136412472,-10.734545
quantize_gpu,primary,activation_4608_12288,4608,,12288,bf16,28,1.272162516,1.136450004,-10.667860
quantize_gpu,primary,activation_4608_12288,4608,,12288,bf16,29,1.270787511,1.138470834,-10.412180
quantize_gpu,primary,activation_4608_12288,4608,,12288,bf16,30,1.269325009,1.135137491,-10.571565
quantize_gpu,primary,activation_4608_12288,4608,,12288,fp16,0,3.013062524,1.110300003,-63.150449
quantize_gpu,primary,activation_4608_12288,4608,,12288,fp16,1,1.264574984,1.113524986,-11.944725
quantize_gpu,primary,activation_4608_12288,4608,,12288,fp16,2,1.266916655,1.108679129,-12.489971
quantize_gpu,primary,activation_4608_12288,4608,,12288,fp16,3,1.265208330,1.111158310,-12.175862
quantize_gpu,primary,activation_4608_12288,4608,,12288,fp16,4,1.263970835,1.111133350,-12.091852
quantize_gpu,primary,activation_4608_12288,4608,,12288,fp16,5,1.263991650,1.110012503,-12.181975
quantize_gpu,primary,activation_4608_12288,4608,,12288,fp16,6,1.263949974,1.109400019,-12.227537
quantize_gpu,primary,activation_4608_12288,4608,,12288,fp16,7,1.264200034,1.108908327,-12.283792
quantize_gpu,primary,activation_4608_12288,4608,,12288,fp16,8,1.263745828,1.108245831,-12.304689
quantize_gpu,primary,activation_4608_12288,4608,,12288,fp16,9,1.268091658,1.104950020,-12.865130
quantize_gpu,primary,activation_4608_12288,4608,,12288,fp16,10,1.265941700,1.110687526,-12.263928
quantize_gpu,primary,activation_4608_12288,4608,,12288,fp16,11,1.268099993,1.109545818,-12.503286
quantize_gpu,primary,activation_4608_12288,4608,,12288,fp16,12,1.264341688,1.107883360,-12.374687
quantize_gpu,primary,activation_4608_12288,4608,,12288,fp16,13,1.266158326,1.110491669,-12.294407
quantize_gpu,primary,activation_4608_12288,4608,,12288,fp16,14,1.265637530,1.110870857,-12.228357
quantize_gpu,primary,activation_4608_12288,4608,,12288,fp16,15,1.265637483,1.112145791,-12.127619
quantize_gpu,primary,activation_4608_12288,4608,,12288,fp16,16,1.266908320,1.110237511,-12.366389
quantize_gpu,primary,activation_4608_12288,4608,,12288,fp16,17,1.267779153,1.109229168,-12.506120
quantize_gpu,primary,activation_4608_12288,4608,,12288,fp16,18,1.265487494,1.109949965,-12.290720
quantize_gpu,primary,activation_4608_12288,4608,,12288,fp16,19,1.265550032,1.113275019,-12.032319
quantize_gpu,primary,activation_4608_12288,4608,,12288,fp16,20,1.265166653,1.110374974,-12.234885
quantize_gpu,primary,activation_4608_12288,4608,,12288,fp16,21,1.264658337,1.110358350,-12.200923
quantize_gpu,primary,activation_4608_12288,4608,,12288,fp16,22,1.270087482,1.109199971,-12.667435
quantize_gpu,primary,activation_4608_12288,4608,,12288,fp16,23,1.264487486,1.112416666,-12.026281
quantize_gpu,primary,activation_4608_12288,4608,,12288,fp16,24,1.264237473,1.109862514,-12.210915
quantize_gpu,primary,activation_4608_12288,4608,,12288,fp16,25,1.267116703,1.111141685,-12.309444
quantize_gpu,primary,activation_4608_12288,4608,,12288,fp16,26,1.268012496,1.114270836,-12.124617
quantize_gpu,primary,activation_4608_12288,4608,,12288,fp16,27,1.267300034,1.112233335,-12.235989
quantize_gpu,primary,activation_4608_12288,4608,,12288,fp16,28,1.265200041,1.110720867,-12.209862
quantize_gpu,primary,activation_4608_12288,4608,,12288,fp16,29,1.265633339,1.110474998,-12.259344
quantize_gpu,primary,activation_4608_12288,4608,,12288,fp16,30,1.265504165,1.108729141,-12.388345
quantize_gpu,primary,activation_4608_16384,4608,,16384,bf16,0,3.370291647,1.485145837,-55.934204
quantize_gpu,primary,activation_4608_16384,4608,,16384,bf16,1,1.700312505,1.486025006,-12.602830
quantize_gpu,primary,activation_4608_16384,4608,,16384,bf16,2,1.695712516,1.486091642,-12.361817
quantize_gpu,primary,activation_4608_16384,4608,,16384,bf16,3,1.696425024,1.495370874,-11.851638
quantize_gpu,primary,activation_4608_16384,4608,,16384,bf16,4,1.696087513,1.490129158,-12.143144
quantize_gpu,primary,activation_4608_16384,4608,,16384,bf16,5,1.698591653,1.487104176,-12.450755
quantize_gpu,primary,activation_4608_16384,4608,,16384,bf16,6,1.695666695,1.482858323,-12.550130
quantize_gpu,primary,activation_4608_16384,4608,,16384,bf16,7,1.694566663,1.487850025,-12.198791
quantize_gpu,primary,activation_4608_16384,4608,,16384,bf16,8,1.693612477,1.484791655,-12.329906
quantize_gpu,primary,activation_4608_16384,4608,,16384,bf16,9,1.695270836,1.486866642,-12.293268
quantize_gpu,primary,activation_4608_16384,4608,,16384,bf16,10,1.696287515,1.487891702,-12.285406
quantize_gpu,primary,activation_4608_16384,4608,,16384,bf16,11,1.697375020,1.484787511,-12.524487
quantize_gpu,primary,activation_4608_16384,4608,,16384,bf16,12,1.696008351,1.489191642,-12.194321
quantize_gpu,primary,activation_4608_16384,4608,,16384,bf16,13,1.697587501,1.487445831,-12.378842
quantize_gpu,primary,activation_4608_16384,4608,,16384,bf16,14,1.697041653,1.488037501,-12.315794
quantize_gpu,primary,activation_4608_16384,4608,,16384,bf16,15,1.694570854,1.480749995,-12.617995
quantize_gpu,primary,activation_4608_16384,4608,,16384,bf16,16,1.696133334,1.479562465,-12.768505
quantize_gpu,primary,activation_4608_16384,4608,,16384,bf16,17,1.695962483,1.489987504,-12.145020
quantize_gpu,primary,activation_4608_16384,4608,,16384,bf16,18,1.695187483,1.483820844,-12.468629
quantize_gpu,primary,activation_4608_16384,4608,,16384,bf16,19,1.698104152,1.486924989,-12.436173
quantize_gpu,primary,activation_4608_16384,4608,,16384,bf16,20,1.698104152,1.491625002,-12.159393
quantize_gpu,primary,activation_4608_16384,4608,,16384,bf16,21,1.696629170,1.484249998,-12.517713
quantize_gpu,primary,activation_4608_16384,4608,,16384,bf16,22,1.697849995,1.486899983,-12.424538
quantize_gpu,primary,activation_4608_16384,4608,,16384,bf16,23,1.695491700,1.491129166,-12.053290
quantize_gpu,primary,activation_4608_16384,4608,,16384,bf16,24,1.694579143,1.479912503,-12.667844
quantize_gpu,primary,activation_4608_16384,4608,,16384,bf16,25,1.694625011,1.484424993,-12.403925
quantize_gpu,primary,activation_4608_16384,4608,,16384,bf16,26,1.695262501,1.488204161,-12.213940
quantize_gpu,primary,activation_4608_16384,4608,,16384,bf16,27,1.697287522,1.488987496,-12.272524
quantize_gpu,primary,activation_4608_16384,4608,,16384,bf16,28,1.695558336,1.482937485,-12.539872
quantize_gpu,primary,activation_4608_16384,4608,,16384,bf16,29,1.696312474,1.484700013,-12.474851
quantize_gpu,primary,activation_4608_16384,4608,,16384,bf16,30,1.698750025,1.489141677,-12.338975
quantize_gpu,primary,activation_4608_16384,4608,,16384,fp16,0,3.217775002,1.476220833,-54.122932
quantize_gpu,primary,activation_4608_16384,4608,,16384,fp16,1,1.691162493,1.476045838,-12.720046
quantize_gpu,primary,activation_4608_16384,4608,,16384,fp16,2,1.691308292,1.474000001,-12.848532
quantize_gpu,primary,activation_4608_16384,4608,,16384,fp16,3,1.691579167,1.485908311,-12.158512
quantize_gpu,primary,activation_4608_16384,4608,,16384,fp16,4,1.691525010,1.477512531,-12.652043
quantize_gpu,primary,activation_4608_16384,4608,,16384,fp16,5,1.696299994,1.480995817,-12.692577
quantize_gpu,primary,activation_4608_16384,4608,,16384,fp16,6,1.693112543,1.473762514,-12.955431
quantize_gpu,primary,activation_4608_16384,4608,,16384,fp16,7,1.692675008,1.476187538,-12.789665
quantize_gpu,primary,activation_4608_16384,4608,,16384,fp16,8,1.693674969,1.475204201,-12.899215
quantize_gpu,primary,activation_4608_16384,4608,,16384,fp16,9,1.694066683,1.479274966,-12.679059
quantize_gpu,primary,activation_4608_16384,4608,,16384,fp16,10,1.692412514,1.476141624,-12.778852
quantize_gpu,primary,activation_4608_16384,4608,,16384,fp16,11,1.692199986,1.479479205,-12.570664
quantize_gpu,primary,activation_4608_16384,4608,,16384,fp16,12,1.692108298,1.478791703,-12.606557
quantize_gpu,primary,activation_4608_16384,4608,,16384,fp16,13,1.695837500,1.476137526,-12.955249
quantize_gpu,primary,activation_4608_16384,4608,,16384,fp16,14,1.694975002,1.476525003,-12.888096
quantize_gpu,primary,activation_4608_16384,4608,,16384,fp16,15,1.698829141,1.475566626,-13.142141
quantize_gpu,primary,activation_4608_16384,4608,,16384,fp16,16,1.692699967,1.477887481,-12.690523
quantize_gpu,primary,activation_4608_16384,4608,,16384,fp16,17,1.694400003,1.478637522,-12.733857
quantize_gpu,primary,activation_4608_16384,4608,,16384,fp16,18,1.694766665,1.481166668,-12.603505
quantize_gpu,primary,activation_4608_16384,4608,,16384,fp16,19,1.692733308,1.479329169,-12.607074
quantize_gpu,primary,activation_4608_16384,4608,,16384,fp16,20,1.693287538,1.478558360,-12.681200
quantize_gpu,primary,activation_4608_16384,4608,,16384,fp16,21,1.693208329,1.476308331,-12.810001
quantize_gpu,primary,activation_4608_16384,4608,,16384,fp16,22,1.694149990,1.478787512,-12.712126
quantize_gpu,primary,activation_4608_16384,4608,,16384,fp16,23,1.693329168,1.481312513,-12.520699
quantize_gpu,primary,activation_4608_16384,4608,,16384,fp16,24,1.693095826,1.477137487,-12.755234
quantize_gpu,primary,activation_4608_16384,4608,,16384,fp16,25,1.696908334,1.477925014,-12.904841
quantize_gpu,primary,activation_4608_16384,4608,,16384,fp16,26,1.694687456,1.475175004,-12.952976
quantize_gpu,primary,activation_4608_16384,4608,,16384,fp16,27,1.692399988,1.477554161,-12.694743
quantize_gpu,primary,activation_4608_16384,4608,,16384,fp16,28,1.695541712,1.480979193,-12.654511
quantize_gpu,primary,activation_4608_16384,4608,,16384,fp16,29,1.694841636,1.477349969,-12.832566
quantize_gpu,primary,activation_4608_16384,4608,,16384,fp16,30,1.692791656,1.475995826,-12.807000
quantize_gpu,primary,activation_4608_3072,4608,,3072,bf16,0,0.341749983,0.186908338,-45.308457
quantize_gpu,primary,activation_4608_3072,4608,,3072,bf16,1,0.330825010,0.191420829,-42.138344
quantize_gpu,primary,activation_4608_3072,4608,,3072,bf16,2,0.340891676,0.192112522,-43.644115
quantize_gpu,primary,activation_4608_3072,4608,,3072,bf16,3,0.344133331,0.198750012,-42.246219
quantize_gpu,primary,activation_4608_3072,4608,,3072,bf16,4,0.341737503,0.187141681,-45.238179
quantize_gpu,primary,activation_4608_3072,4608,,3072,bf16,5,0.340945832,0.197962485,-41.937262
quantize_gpu,primary,activation_4608_3072,4608,,3072,bf16,6,0.343387481,0.168879190,-50.819643
quantize_gpu,primary,activation_4608_3072,4608,,3072,bf16,7,0.319850026,0.186012499,-41.843838
quantize_gpu,primary,activation_4608_3072,4608,,3072,bf16,8,0.319762481,0.168358348,-47.348936
quantize_gpu,primary,activation_4608_3072,4608,,3072,bf16,9,0.320645841,0.202174997,-36.947569
quantize_gpu,primary,activation_4608_3072,4608,,3072,bf16,10,0.349187478,0.189225003,-45.809912
quantize_gpu,primary,activation_4608_3072,4608,,3072,bf16,11,0.319841644,0.169620849,-46.967241
quantize_gpu,primary,activation_4608_3072,4608,,3072,bf16,12,0.319412490,0.166874984,-47.755649
quantize_gpu,primary,activation_4608_3072,4608,,3072,bf16,13,0.319766672,0.197295798,-38.300075
quantize_gpu,primary,activation_4608_3072,4608,,3072,bf16,14,0.320116663,0.202695839,-36.680635
quantize_gpu,primary,activation_4608_3072,4608,,3072,bf16,15,0.320308330,0.169058330,-47.220127
quantize_gpu,primary,activation_4608_3072,4608,,3072,bf16,16,0.319699990,0.168287475,-47.360813
quantize_gpu,primary,activation_4608_3072,4608,,3072,bf16,17,0.319487508,0.169537496,-46.934546
quantize_gpu,primary,activation_4608_3072,4608,,3072,bf16,18,0.319383340,0.168370828,-47.282526
quantize_gpu,primary,activation_4608_3072,4608,,3072,bf16,19,0.320249982,0.168854138,-47.274271
quantize_gpu,primary,activation_4608_3072,4608,,3072,bf16,20,0.320120854,0.168816652,-47.264713
quantize_gpu,primary,activation_4608_3072,4608,,3072,bf16,21,0.317724980,0.169512490,-46.648044
quantize_gpu,primary,activation_4608_3072,4608,,3072,bf16,22,0.320137525,0.168187497,-47.463985
quantize_gpu,primary,activation_4608_3072,4608,,3072,bf16,23,0.319650024,0.169637520,-46.930234
quantize_gpu,primary,activation_4608_3072,4608,,3072,bf16,24,0.319170859,0.168666663,-47.154742
quantize_gpu,primary,activation_4608_3072,4608,,3072,bf16,25,0.320366677,0.170174986,-46.881184
quantize_gpu,primary,activation_4608_3072,4608,,3072,bf16,26,0.319870841,0.167824980,-47.533517
quantize_gpu,primary,activation_4608_3072,4608,,3072,bf16,27,0.319541665,0.168649992,-47.221283
quantize_gpu,primary,activation_4608_3072,4608,,3072,bf16,28,0.319012534,0.169449998,-46.882965
quantize_gpu,primary,activation_4608_3072,4608,,3072,bf16,29,0.319695845,0.169733353,-46.907864
quantize_gpu,primary,activation_4608_3072,4608,,3072,bf16,30,0.319499988,0.167874992,-47.456965
quantize_gpu,primary,activation_4608_3072,4608,,3072,fp16,0,0.349800009,0.185625022,-46.933957
quantize_gpu,primary,activation_4608_3072,4608,,3072,fp16,1,0.332729146,0.191562483,-42.426900
quantize_gpu,primary,activation_4608_3072,4608,,3072,fp16,2,0.352500007,0.193437515,-45.124110
quantize_gpu,primary,activation_4608_3072,4608,,3072,fp16,3,0.333400024,0.179837504,-46.059541
quantize_gpu,primary,activation_4608_3072,4608,,3072,fp16,4,0.328029180,0.201112498,-38.690668
quantize_gpu,primary,activation_4608_3072,4608,,3072,fp16,5,0.319225015,0.183774997,-42.430891
quantize_gpu,primary,activation_4608_3072,4608,,3072,fp16,6,0.352637516,0.169183314,-52.023450
quantize_gpu,primary,activation_4608_3072,4608,,3072,fp16,7,0.319262501,0.196729135,-38.380131
quantize_gpu,primary,activation_4608_3072,4608,,3072,fp16,8,0.338966679,0.167933339,-50.457272
quantize_gpu,primary,activation_4608_3072,4608,,3072,fp16,9,0.319120847,0.168737536,-47.124252
quantize_gpu,primary,activation_4608_3072,4608,,3072,fp16,10,0.318549993,0.168125005,-47.221783
quantize_gpu,primary,activation_4608_3072,4608,,3072,fp16,11,0.319450023,0.169283338,-47.007880
quantize_gpu,primary,activation_4608_3072,4608,,3072,fp16,12,0.318675023,0.167849986,-47.328791
quantize_gpu,primary,activation_4608_3072,4608,,3072,fp16,13,0.318908319,0.169016700,-47.001477
quantize_gpu,primary,activation_4608_3072,4608,,3072,fp16,14,0.318816677,0.167666655,-47.409697
quantize_gpu,primary,activation_4608_3072,4608,,3072,fp16,15,0.318937516,0.169070810,-46.989363
quantize_gpu,primary,activation_4608_3072,4608,,3072,fp16,16,0.319108320,0.168416696,-47.222719
quantize_gpu,primary,activation_4608_3072,4608,,3072,fp16,17,0.318962475,0.169141684,-46.971291
quantize_gpu,primary,activation_4608_3072,4608,,3072,fp16,18,0.318754138,0.167954201,-47.309170
quantize_gpu,primary,activation_4608_3072,4608,,3072,fp16,19,0.319308368,0.169087527,-47.045695
quantize_gpu,primary,activation_4608_3072,4608,,3072,fp16,20,0.319274981,0.169262523,-46.985347
quantize_gpu,primary,activation_4608_3072,4608,,3072,fp16,21,0.318912510,0.169224991,-46.936860
quantize_gpu,primary,activation_4608_3072,4608,,3072,fp16,22,0.318458304,0.167495850,-47.404151
quantize_gpu,primary,activation_4608_3072,4608,,3072,fp16,23,0.318850018,0.169504154,-46.838907
quantize_gpu,primary,activation_4608_3072,4608,,3072,fp16,24,0.317183370,0.168837467,-46.769761
quantize_gpu,primary,activation_4608_3072,4608,,3072,fp16,25,0.319262501,0.169129157,-47.025048
quantize_gpu,primary,activation_4608_3072,4608,,3072,fp16,26,0.317391660,0.168325007,-46.966153
quantize_gpu,primary,activation_4608_3072,4608,,3072,fp16,27,0.319608347,0.169466669,-46.976770
quantize_gpu,primary,activation_4608_3072,4608,,3072,fp16,28,0.319812493,0.167962490,-47.480948
quantize_gpu,primary,activation_4608_3072,4608,,3072,fp16,29,0.319070835,0.168712484,-47.123815
quantize_gpu,primary,activation_4608_3072,4608,,3072,fp16,30,0.319029158,0.167899998,-47.371582
quantize_gpu,primary,activation_4608_4096,4608,,4096,bf16,0,0.449695811,0.273875007,-39.097719
quantize_gpu,primary,activation_4608_4096,4608,,4096,bf16,1,0.448974967,0.283166673,-36.930410
quantize_gpu,primary,activation_4608_4096,4608,,4096,bf16,2,0.450029131,0.269391667,-40.139060
quantize_gpu,primary,activation_4608_4096,4608,,4096,bf16,3,0.459541660,0.272462517,-40.709942
quantize_gpu,primary,activation_4608_4096,4608,,4096,bf16,4,0.454075029,0.285512535,-37.122168
quantize_gpu,primary,activation_4608_4096,4608,,4096,bf16,5,0.447795866,0.262783375,-41.316257
quantize_gpu,primary,activation_4608_4096,4608,,4096,bf16,6,0.445712497,0.275954138,-38.086964
quantize_gpu,primary,activation_4608_4096,4608,,4096,bf16,7,0.426054187,0.277341669,-34.904602
quantize_gpu,primary,activation_4608_4096,4608,,4096,bf16,8,0.435274979,0.264562527,-39.219450
quantize_gpu,primary,activation_4608_4096,4608,,4096,bf16,9,0.421212520,0.252025016,-40.166779
quantize_gpu,primary,activation_4608_4096,4608,,4096,bf16,10,0.420900015,0.250812527,-40.410426
quantize_gpu,primary,activation_4608_4096,4608,,4096,bf16,11,0.420912495,0.252825022,-39.934066
quantize_gpu,primary,activation_4608_4096,4608,,4096,bf16,12,0.421250006,0.270600012,-35.762609
quantize_gpu,primary,activation_4608_4096,4608,,4096,bf16,13,0.421487493,0.252175005,-40.170228
quantize_gpu,primary,activation_4608_4096,4608,,4096,bf16,14,0.420850003,0.251124986,-40.329100
quantize_gpu,primary,activation_4608_4096,4608,,4096,bf16,15,0.420974987,0.253275037,-39.836084
quantize_gpu,primary,activation_4608_4096,4608,,4096,bf16,16,0.420966698,0.251400005,-40.280310
quantize_gpu,primary,activation_4608_4096,4608,,4096,bf16,17,0.421070820,0.252379151,-40.062541
quantize_gpu,primary,activation_4608_4096,4608,,4096,bf16,18,0.421833340,0.250962516,-40.506714
quantize_gpu,primary,activation_4608_4096,4608,,4096,bf16,19,0.422975002,0.253175013,-40.144214
quantize_gpu,primary,activation_4608_4096,4608,,4096,bf16,20,0.419812510,0.251629157,-40.061539
quantize_gpu,primary,activation_4608_4096,4608,,4096,bf16,21,0.422050012,0.252929144,-40.071286
quantize_gpu,primary,activation_4608_4096,4608,,4096,bf16,22,0.421062484,0.250574993,-40.489832
quantize_gpu,primary,activation_4608_4096,4608,,4096,bf16,23,0.420787465,0.253020832,-39.869684
quantize_gpu,primary,activation_4608_4096,4608,,4096,bf16,24,0.421512499,0.250925031,-40.470323
quantize_gpu,primary,activation_4608_4096,4608,,4096,bf16,25,0.420637475,0.252899993,-39.876971
quantize_gpu,primary,activation_4608_4096,4608,,4096,bf16,26,0.419570832,0.251529133,-40.050853
quantize_gpu,primary,activation_4608_4096,4608,,4096,bf16,27,0.421399996,0.252862507,-39.994658
quantize_gpu,primary,activation_4608_4096,4608,,4096,bf16,28,0.420754170,0.251579145,-40.207569
quantize_gpu,primary,activation_4608_4096,4608,,4096,bf16,29,0.422283309,0.252837501,-40.126096
quantize_gpu,primary,activation_4608_4096,4608,,4096,bf16,30,0.419675000,0.250487542,-40.313923
quantize_gpu,primary,activation_4608_4096,4608,,4096,fp16,0,1.627174998,0.574862491,-64.671133
quantize_gpu,primary,activation_4608_4096,4608,,4096,fp16,1,0.580012472,0.342337508,-40.977561
quantize_gpu,primary,activation_4608_4096,4608,,4096,fp16,2,0.521449978,0.247550011,-52.526604
quantize_gpu,primary,activation_4608_4096,4608,,4096,fp16,3,0.420224993,0.250437483,-40.403953
quantize_gpu,primary,activation_4608_4096,4608,,4096,fp16,4,0.417750003,0.247695856,-40.707156
quantize_gpu,primary,activation_4608_4096,4608,,4096,fp16,5,0.420558313,0.249475008,-40.680044
quantize_gpu,primary,activation_4608_4096,4608,,4096,fp16,6,0.417295843,0.247895811,-40.594709
quantize_gpu,primary,activation_4608_4096,4608,,4096,fp16,7,0.419337489,0.249612471,-40.474563
quantize_gpu,primary,activation_4608_4096,4608,,4096,fp16,8,0.417845836,0.247224979,-40.833447
quantize_gpu,primary,activation_4608_4096,4608,,4096,fp16,9,0.419274997,0.249883346,-40.401086
quantize_gpu,primary,activation_4608_4096,4608,,4096,fp16,10,0.418458320,0.247091660,-40.951907
quantize_gpu,primary,activation_4608_4096,4608,,4096,fp16,11,0.418691663,0.249324972,-40.451412
quantize_gpu,primary,activation_4608_4096,4608,,4096,fp16,12,0.417641643,0.246762484,-40.915259
quantize_gpu,primary,activation_4608_4096,4608,,4096,fp16,13,0.418458367,0.249020802,-40.490901
quantize_gpu,primary,activation_4608_4096,4608,,4096,fp16,14,0.419112481,0.247462513,-40.955585
quantize_gpu,primary,activation_4608_4096,4608,,4096,fp16,15,0.418637460,0.249404181,-40.424782
quantize_gpu,primary,activation_4608_4096,4608,,4096,fp16,16,0.418316666,0.247600023,-40.810385
quantize_gpu,primary,activation_4608_4096,4608,,4096,fp16,17,0.419137487,0.249691634,-40.427272
quantize_gpu,primary,activation_4608_4096,4608,,4096,fp16,18,0.417741667,0.247441651,-40.766825
quantize_gpu,primary,activation_4608_4096,4608,,4096,fp16,19,0.418858323,0.251850020,-39.872266
quantize_gpu,primary,activation_4608_4096,4608,,4096,fp16,20,0.418866705,0.246775011,-41.085074
quantize_gpu,primary,activation_4608_4096,4608,,4096,fp16,21,0.418529147,0.249637477,-40.353622
quantize_gpu,primary,activation_4608_4096,4608,,4096,fp16,22,0.418499997,0.247595832,-40.837316
quantize_gpu,primary,activation_4608_4096,4608,,4096,fp16,23,0.419583358,0.248712534,-40.723928
quantize_gpu,primary,activation_4608_4096,4608,,4096,fp16,24,0.417637499,0.247166678,-40.817891
quantize_gpu,primary,activation_4608_4096,4608,,4096,fp16,25,0.418329146,0.249383366,-40.385850
quantize_gpu,primary,activation_4608_4096,4608,,4096,fp16,26,0.418112520,0.247558299,-40.791465
quantize_gpu,primary,activation_4608_4096,4608,,4096,fp16,27,0.418429170,0.249199988,-40.443926
quantize_gpu,primary,activation_4608_4096,4608,,4096,fp16,28,0.418725004,0.247837463,-40.811401
quantize_gpu,primary,activation_4608_4096,4608,,4096,fp16,29,0.417637499,0.249254145,-40.318064
quantize_gpu,primary,activation_4608_4096,4608,,4096,fp16,30,0.418637507,0.248141680,-40.726362
ordinary_gemm,primary,qwen21_ffn_up,4096,12288,4096,bf16,0,22.526800000,22.042000000,-2.152103
ordinary_gemm,primary,qwen21_ffn_up,4096,12288,4096,bf16,1,23.323800000,22.064000000,-5.401350
ordinary_gemm,primary,qwen21_ffn_up,4096,12288,4096,bf16,2,22.252600000,22.341800000,0.400852
ordinary_gemm,primary,qwen21_ffn_up,4096,12288,4096,bf16,3,22.769000000,22.602000000,-0.733453
ordinary_gemm,primary,qwen21_ffn_up,4096,12288,4096,bf16,4,21.919000000,22.582000000,3.024773
ordinary_gemm,primary,qwen21_ffn_up,4096,12288,4096,bf16,5,22.984000000,22.204800000,-3.390184
ordinary_gemm,primary,qwen21_ffn_up,4096,12288,4096,bf16,6,22.672200000,22.155200000,-2.280326
ordinary_gemm,primary,qwen21_ffn_up,4096,12288,4096,bf16,7,22.120200000,22.342000000,1.002703
ordinary_gemm,primary,qwen21_ffn_up,4096,12288,4096,bf16,8,22.429800000,22.119000000,-1.385657
ordinary_gemm,primary,qwen21_ffn_up,4096,12288,4096,bf16,9,22.576800000,22.525400000,-0.227667
ordinary_gemm,primary,qwen21_ffn_up,4096,12288,4096,bf16,10,22.972200000,22.109800000,-3.754103
ordinary_gemm,primary,qwen21_ffn_up,4096,12288,4096,bf16,11,22.849000000,22.132000000,-3.137993
ordinary_gemm,primary,qwen21_ffn_up,4096,12288,4096,bf16,12,23.155600000,22.711400000,-1.918326
ordinary_gemm,primary,qwen21_ffn_up,4096,12288,4096,bf16,13,22.505000000,22.573000000,0.302155
ordinary_gemm,primary,qwen21_ffn_up,4096,12288,4096,bf16,14,22.820200000,21.631000000,-5.211173
ordinary_gemm,primary,qwen21_ffn_up,4096,12288,4096,bf16,15,22.182400000,22.079600000,-0.463430
ordinary_gemm,primary,qwen21_ffn_up,4096,12288,4096,bf16,16,22.916400000,22.089800000,-3.607024
ordinary_gemm,primary,qwen21_ffn_up,4096,12288,4096,bf16,17,22.902600000,22.066200000,-3.651987
ordinary_gemm,primary,qwen21_ffn_up,4096,12288,4096,bf16,18,22.774400000,22.119000000,-2.877793
ordinary_gemm,primary,qwen21_ffn_up,4096,12288,4096,bf16,19,22.488600000,22.585800000,0.432219
ordinary_gemm,primary,qwen21_ffn_up,4096,12288,4096,bf16,20,22.814600000,21.606400000,-5.295732
ordinary_gemm,primary,qwen21_ffn_up,4096,12288,4096,bf16,21,22.165600000,22.591800000,1.922799
ordinary_gemm,primary,qwen21_ffn_up,4096,12288,4096,bf16,22,22.401400000,22.034800000,-1.636505
ordinary_gemm,primary,qwen21_ffn_up,4096,12288,4096,bf16,23,22.668600000,22.158000000,-2.252455
ordinary_gemm,primary,qwen21_ffn_up,4096,12288,4096,bf16,24,22.227200000,22.646200000,1.885078
ordinary_gemm,primary,qwen21_ffn_up,4096,12288,4096,bf16,25,22.812000000,21.650600000,-5.091180
ordinary_gemm,primary,qwen21_ffn_up,4096,12288,4096,bf16,26,22.698200000,22.695400000,-0.012336
ordinary_gemm,primary,qwen21_ffn_up,4096,12288,4096,bf16,27,22.610600000,23.181800000,2.526249
ordinary_gemm,primary,qwen21_ffn_up,4096,12288,4096,bf16,28,23.222200000,22.159800000,-4.574933
ordinary_gemm,primary,qwen21_ffn_up,4096,12288,4096,bf16,29,22.622200000,22.164200000,-2.024560
ordinary_gemm,primary,qwen21_ffn_up,4096,12288,4096,bf16,30,22.244600000,22.070400000,-0.783111
hadamard_gemm,primary,qwen21_ffn_up,4096,12288,4096,bf16,0,22.344000000,22.365400000,0.095775
hadamard_gemm,primary,qwen21_ffn_up,4096,12288,4096,bf16,1,21.959600000,22.327800000,1.676715
hadamard_gemm,primary,qwen21_ffn_up,4096,12288,4096,bf16,2,22.342000000,22.936000000,2.658670
hadamard_gemm,primary,qwen21_ffn_up,4096,12288,4096,bf16,3,22.681400000,22.548200000,-0.587265
hadamard_gemm,primary,qwen21_ffn_up,4096,12288,4096,bf16,4,22.987200000,22.397800000,-2.564036
hadamard_gemm,primary,qwen21_ffn_up,4096,12288,4096,bf16,5,22.107800000,22.972400000,3.910837
hadamard_gemm,primary,qwen21_ffn_up,4096,12288,4096,bf16,6,22.616200000,22.628400000,0.053944
hadamard_gemm,primary,qwen21_ffn_up,4096,12288,4096,bf16,7,22.202800000,22.874000000,3.023042
hadamard_gemm,primary,qwen21_ffn_up,4096,12288,4096,bf16,8,22.232800000,22.321800000,0.400309
hadamard_gemm,primary,qwen21_ffn_up,4096,12288,4096,bf16,9,22.399600000,22.818000000,1.867890
hadamard_gemm,primary,qwen21_ffn_up,4096,12288,4096,bf16,10,22.822600000,22.293400000,-2.318754
hadamard_gemm,primary,qwen21_ffn_up,4096,12288,4096,bf16,11,22.026800000,22.301200000,1.245755
hadamard_gemm,primary,qwen21_ffn_up,4096,12288,4096,bf16,12,22.724800000,22.336400000,-1.709146
hadamard_gemm,primary,qwen21_ffn_up,4096,12288,4096,bf16,13,22.644400000,22.948400000,1.342495
hadamard_gemm,primary,qwen21_ffn_up,4096,12288,4096,bf16,14,22.220000000,22.423600000,0.916292
ordinary_gemm,primary,qwen21_ffn_down,4096,4096,12288,bf16,0,28.995200000,27.829200000,-4.021355
ordinary_gemm,primary,qwen21_ffn_down,4096,4096,12288,bf16,1,26.730800000,28.932000000,8.234696
ordinary_gemm,primary,qwen21_ffn_down,4096,4096,12288,bf16,2,28.827400000,28.798400000,-0.100599
ordinary_gemm,primary,qwen21_ffn_down,4096,4096,12288,bf16,3,28.760800000,28.842200000,0.283024
ordinary_gemm,primary,qwen21_ffn_down,4096,4096,12288,bf16,4,27.690000000,28.697200000,3.637414
ordinary_gemm,primary,qwen21_ffn_down,4096,4096,12288,bf16,5,27.784200000,28.784000000,3.598448
ordinary_gemm,primary,qwen21_ffn_down,4096,4096,12288,bf16,6,28.675200000,27.681000000,-3.467107
ordinary_gemm,primary,qwen21_ffn_down,4096,4096,12288,bf16,7,27.760600000,28.814600000,3.796748
ordinary_gemm,primary,qwen21_ffn_down,4096,4096,12288,bf16,8,28.857400000,28.712000000,-0.503857
ordinary_gemm,primary,qwen21_ffn_down,4096,4096,12288,bf16,9,28.770600000,26.825800000,-6.759678
ordinary_gemm,primary,qwen21_ffn_down,4096,4096,12288,bf16,10,26.695400000,27.762000000,3.995445
ordinary_gemm,primary,qwen21_ffn_down,4096,4096,12288,bf16,11,27.679000000,26.891600000,-2.844756
ordinary_gemm,primary,qwen21_ffn_down,4096,4096,12288,bf16,12,26.698400000,28.856600000,8.083630
ordinary_gemm,primary,qwen21_ffn_down,4096,4096,12288,bf16,13,27.743800000,28.719400000,3.516461
ordinary_gemm,primary,qwen21_ffn_down,4096,4096,12288,bf16,14,27.722400000,28.734600000,3.651199
ordinary_gemm,primary,qwen21_ffn_down,4096,4096,12288,bf16,15,27.604200000,27.680000000,0.274596
ordinary_gemm,primary,qwen21_ffn_down,4096,4096,12288,bf16,16,28.825400000,27.807000000,-3.532995
ordinary_gemm,primary,qwen21_ffn_down,4096,4096,12288,bf16,17,27.721600000,26.534800000,-4.281138
ordinary_gemm,primary,qwen21_ffn_down,4096,4096,12288,bf16,18,27.658800000,28.655200000,3.602470
ordinary_gemm,primary,qwen21_ffn_down,4096,4096,12288,bf16,19,27.813600000,28.801400000,3.551500
ordinary_gemm,primary,qwen21_ffn_down,4096,4096,12288,bf16,20,28.742800000,26.851600000,-6.579735
ordinary_gemm,primary,qwen21_ffn_down,4096,4096,12288,bf16,21,27.741000000,28.546800000,2.904726
ordinary_gemm,primary,qwen21_ffn_down,4096,4096,12288,bf16,22,27.682200000,28.764000000,3.907926
ordinary_gemm,primary,qwen21_ffn_down,4096,4096,12288,bf16,23,26.698800000,27.895000000,4.480351
ordinary_gemm,primary,qwen21_ffn_down,4096,4096,12288,bf16,24,27.983200000,26.878000000,-3.949513
ordinary_gemm,primary,qwen21_ffn_down,4096,4096,12288,bf16,25,28.313200000,27.743400000,-2.012489
ordinary_gemm,primary,qwen21_ffn_down,4096,4096,12288,bf16,26,26.757600000,28.759000000,7.479744
ordinary_gemm,primary,qwen21_ffn_down,4096,4096,12288,bf16,27,27.761200000,28.823200000,3.825483
ordinary_gemm,primary,qwen21_ffn_down,4096,4096,12288,bf16,28,27.712000000,27.813000000,0.364463
ordinary_gemm,primary,qwen21_ffn_down,4096,4096,12288,bf16,29,28.890000000,27.800200000,-3.772240
ordinary_gemm,primary,qwen21_ffn_down,4096,4096,12288,bf16,30,27.527200000,27.813400000,1.039699
hadamard_gemm,primary,qwen21_ffn_down,4096,4096,12288,bf16,0,27.701600000,29.217200000,5.471164
hadamard_gemm,primary,qwen21_ffn_down,4096,4096,12288,bf16,1,28.718400000,30.162200000,5.027439
hadamard_gemm,primary,qwen21_ffn_down,4096,4096,12288,bf16,2,27.639600000,28.770200000,4.090508
hadamard_gemm,primary,qwen21_ffn_down,4096,4096,12288,bf16,3,27.676800000,27.678000000,0.004336
hadamard_gemm,primary,qwen21_ffn_down,4096,4096,12288,bf16,4,27.662000000,28.947000000,4.645362
hadamard_gemm,primary,qwen21_ffn_down,4096,4096,12288,bf16,5,28.749800000,28.897600000,0.514091
hadamard_gemm,primary,qwen21_ffn_down,4096,4096,12288,bf16,6,28.769200000,30.087600000,4.582679
hadamard_gemm,primary,qwen21_ffn_down,4096,4096,12288,bf16,7,27.716200000,27.699200000,-0.061336
hadamard_gemm,primary,qwen21_ffn_down,4096,4096,12288,bf16,8,28.750400000,27.555800000,-4.155073
hadamard_gemm,primary,qwen21_ffn_down,4096,4096,12288,bf16,9,27.778800000,30.057400000,8.202658
hadamard_gemm,primary,qwen21_ffn_down,4096,4096,12288,bf16,10,27.780600000,30.142800000,8.503056
hadamard_gemm,primary,qwen21_ffn_down,4096,4096,12288,bf16,11,28.172200000,30.049400000,6.663306
hadamard_gemm,primary,qwen21_ffn_down,4096,4096,12288,bf16,12,28.648800000,27.680200000,-3.380944
hadamard_gemm,primary,qwen21_ffn_down,4096,4096,12288,bf16,13,27.703800000,28.867400000,4.200146
hadamard_gemm,primary,qwen21_ffn_down,4096,4096,12288,bf16,14,28.673400000,27.759800000,-3.186228
ordinary_gemm,primary,klein4_single_in,4608,27648,3072,bf16,0,43.244000000,43.055600000,-0.435667
ordinary_gemm,primary,klein4_single_in,4608,27648,3072,bf16,1,43.151800000,42.983400000,-0.390250
ordinary_gemm,primary,klein4_single_in,4608,27648,3072,bf16,2,43.234000000,42.929200000,-0.705001
ordinary_gemm,primary,klein4_single_in,4608,27648,3072,bf16,3,43.258800000,43.015000000,-0.563585
ordinary_gemm,primary,klein4_single_in,4608,27648,3072,bf16,4,43.272600000,42.968200000,-0.703447
ordinary_gemm,primary,klein4_single_in,4608,27648,3072,bf16,5,43.122400000,42.959000000,-0.378921
ordinary_gemm,primary,klein4_single_in,4608,27648,3072,bf16,6,43.203000000,42.461000000,-1.717473
ordinary_gemm,primary,klein4_single_in,4608,27648,3072,bf16,7,43.283200000,43.008200000,-0.635350
ordinary_gemm,primary,klein4_single_in,4608,27648,3072,bf16,8,43.267800000,42.996200000,-0.627719
ordinary_gemm,primary,klein4_single_in,4608,27648,3072,bf16,9,43.251000000,42.944600000,-0.708423
ordinary_gemm,primary,klein4_single_in,4608,27648,3072,bf16,10,43.293200000,43.021000000,-0.628736
ordinary_gemm,primary,klein4_single_in,4608,27648,3072,bf16,11,43.250400000,42.995800000,-0.588665
ordinary_gemm,primary,klein4_single_in,4608,27648,3072,bf16,12,43.171200000,42.969000000,-0.468368
ordinary_gemm,primary,klein4_single_in,4608,27648,3072,bf16,13,43.380600000,42.996800000,-0.884727
ordinary_gemm,primary,klein4_single_in,4608,27648,3072,bf16,14,43.313200000,43.006200000,-0.708791
ordinary_gemm,primary,klein4_single_in,4608,27648,3072,bf16,15,43.247400000,42.625800000,-1.437312
ordinary_gemm,primary,klein4_single_in,4608,27648,3072,bf16,16,43.285200000,42.873400000,-0.951364
ordinary_gemm,primary,klein4_single_in,4608,27648,3072,bf16,17,43.132200000,42.955400000,-0.409903
ordinary_gemm,primary,klein4_single_in,4608,27648,3072,bf16,18,43.265000000,42.686400000,-1.337340
ordinary_gemm,primary,klein4_single_in,4608,27648,3072,bf16,19,43.268800000,42.897800000,-0.857431
ordinary_gemm,primary,klein4_single_in,4608,27648,3072,bf16,20,43.247200000,42.965600000,-0.651140
ordinary_gemm,primary,klein4_single_in,4608,27648,3072,bf16,21,43.221800000,42.959000000,-0.608027
ordinary_gemm,primary,klein4_single_in,4608,27648,3072,bf16,22,43.249400000,42.976000000,-0.632147
ordinary_gemm,primary,klein4_single_in,4608,27648,3072,bf16,23,43.235600000,43.027200000,-0.482010
ordinary_gemm,primary,klein4_single_in,4608,27648,3072,bf16,24,43.236200000,42.998000000,-0.550927
ordinary_gemm,primary,klein4_single_in,4608,27648,3072,bf16,25,43.082800000,43.019800000,-0.146230
ordinary_gemm,primary,klein4_single_in,4608,27648,3072,bf16,26,43.244800000,42.966800000,-0.642852
ordinary_gemm,primary,klein4_single_in,4608,27648,3072,bf16,27,43.273800000,42.961800000,-0.720991
ordinary_gemm,primary,klein4_single_in,4608,27648,3072,bf16,28,43.290800000,42.357200000,-2.156578
ordinary_gemm,primary,klein4_single_in,4608,27648,3072,bf16,29,43.277600000,42.957200000,-0.740337
ordinary_gemm,primary,klein4_single_in,4608,27648,3072,bf16,30,42.634600000,41.472200000,-2.726424
hadamard_gemm,primary,klein4_single_in,4608,27648,3072,bf16,0,43.235400000,43.030400000,-0.474148
hadamard_gemm,primary,klein4_single_in,4608,27648,3072,bf16,1,42.676400000,43.322800000,1.514654
hadamard_gemm,primary,klein4_single_in,4608,27648,3072,bf16,2,43.125000000,42.920200000,-0.474899
hadamard_gemm,primary,klein4_single_in,4608,27648,3072,bf16,3,43.016400000,43.340600000,0.753666
hadamard_gemm,primary,klein4_single_in,4608,27648,3072,bf16,4,43.182400000,43.384800000,0.468709
hadamard_gemm,primary,klein4_single_in,4608,27648,3072,bf16,5,43.183600000,43.411600000,0.527978
hadamard_gemm,primary,klein4_single_in,4608,27648,3072,bf16,6,42.949400000,42.951000000,0.003725
hadamard_gemm,primary,klein4_single_in,4608,27648,3072,bf16,7,43.114600000,43.413000000,0.692109
hadamard_gemm,primary,klein4_single_in,4608,27648,3072,bf16,8,43.215400000,43.408800000,0.447526
hadamard_gemm,primary,klein4_single_in,4608,27648,3072,bf16,9,43.197200000,43.301000000,0.240293
hadamard_gemm,primary,klein4_single_in,4608,27648,3072,bf16,10,43.150800000,43.322000000,0.396748
hadamard_gemm,primary,klein4_single_in,4608,27648,3072,bf16,11,43.258200000,43.411000000,0.353228
hadamard_gemm,primary,klein4_single_in,4608,27648,3072,bf16,12,43.150600000,43.383800000,0.540433
hadamard_gemm,primary,klein4_single_in,4608,27648,3072,bf16,13,43.121000000,43.350400000,0.531991
hadamard_gemm,primary,klein4_single_in,4608,27648,3072,bf16,14,43.106400000,43.363600000,0.596663
ordinary_gemm,primary,klein4_single_out,4608,3072,12288,bf16,0,22.971000000,23.531200000,2.438727
ordinary_gemm,primary,klein4_single_out,4608,3072,12288,bf16,1,22.826800000,23.364000000,2.353374
ordinary_gemm,primary,klein4_single_out,4608,3072,12288,bf16,2,23.636800000,23.481000000,-0.659142
ordinary_gemm,primary,klein4_single_out,4608,3072,12288,bf16,3,23.961200000,24.508400000,2.283692
ordinary_gemm,primary,klein4_single_out,4608,3072,12288,bf16,4,25.054400000,22.609600000,-9.757967
ordinary_gemm,primary,klein4_single_out,4608,3072,12288,bf16,5,22.987800000,23.595200000,2.642271
ordinary_gemm,primary,klein4_single_out,4608,3072,12288,bf16,6,23.715600000,23.570200000,-0.613099
ordinary_gemm,primary,klein4_single_out,4608,3072,12288,bf16,7,23.553400000,23.415800000,-0.584204
ordinary_gemm,primary,klein4_single_out,4608,3072,12288,bf16,8,23.618400000,22.622000000,-4.218745
ordinary_gemm,primary,klein4_single_out,4608,3072,12288,bf16,9,22.980400000,23.384000000,1.756279
ordinary_gemm,primary,klein4_single_out,4608,3072,12288,bf16,10,24.586400000,22.649000000,-7.879966
ordinary_gemm,primary,klein4_single_out,4608,3072,12288,bf16,11,24.066400000,23.490600000,-2.392547
ordinary_gemm,primary,klein4_single_out,4608,3072,12288,bf16,12,23.624800000,22.969600000,-2.773357
ordinary_gemm,primary,klein4_single_out,4608,3072,12288,bf16,13,23.717200000,23.524600000,-0.812069
ordinary_gemm,primary,klein4_single_out,4608,3072,12288,bf16,14,24.115200000,23.121000000,-4.122711
ordinary_gemm,primary,klein4_single_out,4608,3072,12288,bf16,15,23.696000000,23.441000000,-1.076131
ordinary_gemm,primary,klein4_single_out,4608,3072,12288,bf16,16,24.748200000,23.472800000,-5.153506
ordinary_gemm,primary,klein4_single_out,4608,3072,12288,bf16,17,23.739200000,23.658400000,-0.340365
ordinary_gemm,primary,klein4_single_out,4608,3072,12288,bf16,18,23.981800000,23.534200000,-1.866415
ordinary_gemm,primary,klein4_single_out,4608,3072,12288,bf16,19,22.753600000,24.667600000,8.411856
ordinary_gemm,primary,klein4_single_out,4608,3072,12288,bf16,20,23.733800000,23.488400000,-1.033968
ordinary_gemm,primary,klein4_single_out,4608,3072,12288,bf16,21,23.686000000,23.538200000,-0.623997
ordinary_gemm,primary,klein4_single_out,4608,3072,12288,bf16,22,23.514400000,23.566000000,0.219440
ordinary_gemm,primary,klein4_single_out,4608,3072,12288,bf16,23,22.964800000,23.458200000,2.148506
ordinary_gemm,primary,klein4_single_out,4608,3072,12288,bf16,24,23.557000000,23.588600000,0.134143
ordinary_gemm,primary,klein4_single_out,4608,3072,12288,bf16,25,23.634400000,23.529400000,-0.444268
ordinary_gemm,primary,klein4_single_out,4608,3072,12288,bf16,26,23.538000000,24.459400000,3.914521
ordinary_gemm,primary,klein4_single_out,4608,3072,12288,bf16,27,23.719200000,23.664800000,-0.229350
ordinary_gemm,primary,klein4_single_out,4608,3072,12288,bf16,28,23.593600000,23.403200000,-0.806999
ordinary_gemm,primary,klein4_single_out,4608,3072,12288,bf16,29,24.734200000,23.545400000,-4.806301
ordinary_gemm,primary,klein4_single_out,4608,3072,12288,bf16,30,23.612400000,22.543600000,-4.526435
hadamard_gemm,primary,klein4_single_out,4608,3072,12288,bf16,0,23.539200000,25.740000000,9.349511
hadamard_gemm,primary,klein4_single_out,4608,3072,12288,bf16,1,23.399000000,23.292000000,-0.457284
hadamard_gemm,primary,klein4_single_out,4608,3072,12288,bf16,2,22.780200000,25.544200000,12.133344
hadamard_gemm,primary,klein4_single_out,4608,3072,12288,bf16,3,23.356800000,24.434200000,4.612789
hadamard_gemm,primary,klein4_single_out,4608,3072,12288,bf16,4,23.925200000,24.357000000,1.804792
hadamard_gemm,primary,klein4_single_out,4608,3072,12288,bf16,5,23.906000000,25.670400000,7.380574
hadamard_gemm,primary,klein4_single_out,4608,3072,12288,bf16,6,22.779000000,25.574400000,12.271829
hadamard_gemm,primary,klein4_single_out,4608,3072,12288,bf16,7,23.953200000,23.108000000,-3.528547
hadamard_gemm,primary,klein4_single_out,4608,3072,12288,bf16,8,23.835400000,24.585400000,3.146580
hadamard_gemm,primary,klein4_single_out,4608,3072,12288,bf16,9,22.669200000,25.666600000,13.222346
hadamard_gemm,primary,klein4_single_out,4608,3072,12288,bf16,10,24.565800000,24.468800000,-0.394858
hadamard_gemm,primary,klein4_single_out,4608,3072,12288,bf16,11,22.875200000,27.005200000,18.054487
hadamard_gemm,primary,klein4_single_out,4608,3072,12288,bf16,12,23.497800000,24.481800000,4.187626
hadamard_gemm,primary,klein4_single_out,4608,3072,12288,bf16,13,22.771000000,25.638200000,12.591454
hadamard_gemm,primary,klein4_single_out,4608,3072,12288,bf16,14,23.467000000,24.537000000,4.559594
ordinary_gemm,primary,klein4_double_ffn_down,4096,3072,9216,bf16,0,14.517200000,14.788000000,1.865373
ordinary_gemm,primary,klein4_double_ffn_down,4096,3072,9216,bf16,1,15.282400000,16.050000000,5.022771
ordinary_gemm,primary,klein4_double_ffn_down,4096,3072,9216,bf16,2,14.862000000,14.092800000,-5.175616
ordinary_gemm,primary,klein4_double_ffn_down,4096,3072,9216,bf16,3,14.594400000,16.062600000,10.060023
ordinary_gemm,primary,klein4_double_ffn_down,4096,3072,9216,bf16,4,14.174600000,15.498800000,9.342063
ordinary_gemm,primary,klein4_double_ffn_down,4096,3072,9216,bf16,5,14.853000000,14.707600000,-0.978927
ordinary_gemm,primary,klein4_double_ffn_down,4096,3072,9216,bf16,6,15.701200000,14.815600000,-5.640333
ordinary_gemm,primary,klein4_double_ffn_down,4096,3072,9216,bf16,7,14.808400000,15.384600000,3.891035
ordinary_gemm,primary,klein4_double_ffn_down,4096,3072,9216,bf16,8,14.858000000,14.752000000,-0.713420
ordinary_gemm,primary,klein4_double_ffn_down,4096,3072,9216,bf16,9,15.192200000,15.436000000,1.604771
ordinary_gemm,primary,klein4_double_ffn_down,4096,3072,9216,bf16,10,15.593200000,14.442200000,-7.381423
ordinary_gemm,primary,klein4_double_ffn_down,4096,3072,9216,bf16,11,14.613200000,15.333200000,4.927052
ordinary_gemm,primary,klein4_double_ffn_down,4096,3072,9216,bf16,12,15.433400000,14.560800000,-5.653971
ordinary_gemm,primary,klein4_double_ffn_down,4096,3072,9216,bf16,13,15.323600000,14.672200000,-4.250959
ordinary_gemm,primary,klein4_double_ffn_down,4096,3072,9216,bf16,14,13.995800000,14.622800000,4.479915
ordinary_gemm,primary,klein4_double_ffn_down,4096,3072,9216,bf16,15,14.605600000,14.659000000,0.365613
ordinary_gemm,primary,klein4_double_ffn_down,4096,3072,9216,bf16,16,15.269000000,14.781200000,-3.194708
ordinary_gemm,primary,klein4_double_ffn_down,4096,3072,9216,bf16,17,14.801200000,15.379400000,3.906440
ordinary_gemm,primary,klein4_double_ffn_down,4096,3072,9216,bf16,18,14.932200000,14.741400000,-1.277776
ordinary_gemm,primary,klein4_double_ffn_down,4096,3072,9216,bf16,19,14.949200000,15.420400000,3.152008
ordinary_gemm,primary,klein4_double_ffn_down,4096,3072,9216,bf16,20,14.925600000,15.472600000,3.664844
ordinary_gemm,primary,klein4_double_ffn_down,4096,3072,9216,bf16,21,14.927600000,14.655600000,-1.822128
ordinary_gemm,primary,klein4_double_ffn_down,4096,3072,9216,bf16,22,15.326000000,15.296800000,-0.190526
ordinary_gemm,primary,klein4_double_ffn_down,4096,3072,9216,bf16,23,15.918600000,14.927600000,-6.225422
ordinary_gemm,primary,klein4_double_ffn_down,4096,3072,9216,bf16,24,14.827200000,15.289000000,3.114546
ordinary_gemm,primary,klein4_double_ffn_down,4096,3072,9216,bf16,25,14.681000000,14.449400000,-1.577549
ordinary_gemm,primary,klein4_double_ffn_down,4096,3072,9216,bf16,26,15.362400000,14.527200000,-5.436651
ordinary_gemm,primary,klein4_double_ffn_down,4096,3072,9216,bf16,27,14.518400000,14.765400000,1.701289
ordinary_gemm,primary,klein4_double_ffn_down,4096,3072,9216,bf16,28,15.312400000,14.676400000,-4.153497
ordinary_gemm,primary,klein4_double_ffn_down,4096,3072,9216,bf16,29,14.952400000,15.300000000,2.324710
ordinary_gemm,primary,klein4_double_ffn_down,4096,3072,9216,bf16,30,15.007600000,15.374200000,2.442762
hadamard_gemm,primary,klein4_double_ffn_down,4096,3072,9216,bf16,0,15.167800000,15.030000000,-0.908504
hadamard_gemm,primary,klein4_double_ffn_down,4096,3072,9216,bf16,1,14.241400000,16.280200000,14.316008
hadamard_gemm,primary,klein4_double_ffn_down,4096,3072,9216,bf16,2,15.780000000,15.532400000,-1.569075
hadamard_gemm,primary,klein4_double_ffn_down,4096,3072,9216,bf16,3,16.205000000,14.605000000,-9.873496
hadamard_gemm,primary,klein4_double_ffn_down,4096,3072,9216,bf16,4,14.990000000,15.382200000,2.616411
hadamard_gemm,primary,klein4_double_ffn_down,4096,3072,9216,bf16,5,14.335400000,15.515600000,8.232766
hadamard_gemm,primary,klein4_double_ffn_down,4096,3072,9216,bf16,6,15.482400000,16.279200000,5.146489
hadamard_gemm,primary,klein4_double_ffn_down,4096,3072,9216,bf16,7,14.484200000,15.712800000,8.482346
hadamard_gemm,primary,klein4_double_ffn_down,4096,3072,9216,bf16,8,15.014200000,16.088600000,7.155892
hadamard_gemm,primary,klein4_double_ffn_down,4096,3072,9216,bf16,9,15.002200000,14.687000000,-2.101025
hadamard_gemm,primary,klein4_double_ffn_down,4096,3072,9216,bf16,10,15.361400000,15.347200000,-0.092439
hadamard_gemm,primary,klein4_double_ffn_down,4096,3072,9216,bf16,11,15.052000000,15.572400000,3.457348
hadamard_gemm,primary,klein4_double_ffn_down,4096,3072,9216,bf16,12,15.746800000,15.579000000,-1.065613
hadamard_gemm,primary,klein4_double_ffn_down,4096,3072,9216,bf16,13,15.043600000,15.397800000,2.354490
hadamard_gemm,primary,klein4_double_ffn_down,4096,3072,9216,bf16,14,14.886200000,16.037000000,7.730650
ordinary_gemm,primary,klein9_single_in,4608,36864,4096,bf16,0,72.222800000,67.211800000,-6.938252
ordinary_gemm,primary,klein9_single_in,4608,36864,4096,bf16,1,72.909600000,67.209200000,-7.818449
ordinary_gemm,primary,klein9_single_in,4608,36864,4096,bf16,2,67.435800000,73.457400000,8.929382
ordinary_gemm,primary,klein9_single_in,4608,36864,4096,bf16,3,67.575000000,69.022400000,2.141916
ordinary_gemm,primary,klein9_single_in,4608,36864,4096,bf16,4,73.883000000,68.923000000,-6.713317
ordinary_gemm,primary,klein9_single_in,4608,36864,4096,bf16,5,69.474600000,70.238600000,1.099682
ordinary_gemm,primary,klein9_single_in,4608,36864,4096,bf16,6,67.247200000,73.166800000,8.802746
ordinary_gemm,primary,klein9_single_in,4608,36864,4096,bf16,7,66.787800000,69.238800000,3.669832
ordinary_gemm,primary,klein9_single_in,4608,36864,4096,bf16,8,67.084400000,70.028200000,4.388204
ordinary_gemm,primary,klein9_single_in,4608,36864,4096,bf16,9,69.658200000,70.449800000,1.136406
ordinary_gemm,primary,klein9_single_in,4608,36864,4096,bf16,10,70.248800000,69.576600000,-0.956885
ordinary_gemm,primary,klein9_single_in,4608,36864,4096,bf16,11,67.289400000,69.599200000,3.432636
ordinary_gemm,primary,klein9_single_in,4608,36864,4096,bf16,12,72.269800000,67.301800000,-6.874241
ordinary_gemm,primary,klein9_single_in,4608,36864,4096,bf16,13,72.716400000,67.803200000,-6.756660
ordinary_gemm,primary,klein9_single_in,4608,36864,4096,bf16,14,67.967600000,72.458400000,6.607266
ordinary_gemm,primary,klein9_single_in,4608,36864,4096,bf16,15,72.763800000,67.523800000,-7.201383
ordinary_gemm,primary,klein9_single_in,4608,36864,4096,bf16,16,69.276400000,70.148600000,1.259015
ordinary_gemm,primary,klein9_single_in,4608,36864,4096,bf16,17,67.847800000,72.856200000,7.381816
ordinary_gemm,primary,klein9_single_in,4608,36864,4096,bf16,18,72.336200000,67.987800000,-6.011375
ordinary_gemm,primary,klein9_single_in,4608,36864,4096,bf16,19,66.987000000,75.746200000,13.075970
ordinary_gemm,primary,klein9_single_in,4608,36864,4096,bf16,20,70.877800000,71.087200000,0.295438
ordinary_gemm,primary,klein9_single_in,4608,36864,4096,bf16,21,67.764800000,66.703200000,-1.566595
ordinary_gemm,primary,klein9_single_in,4608,36864,4096,bf16,22,73.502600000,69.457400000,-5.503479
ordinary_gemm,primary,klein9_single_in,4608,36864,4096,bf16,23,69.666000000,70.476000000,1.162691
ordinary_gemm,primary,klein9_single_in,4608,36864,4096,bf16,24,70.484000000,69.451800000,-1.464446
ordinary_gemm,primary,klein9_single_in,4608,36864,4096,bf16,25,69.587800000,70.281600000,0.997014
ordinary_gemm,primary,klein9_single_in,4608,36864,4096,bf16,26,69.672000000,73.420200000,5.379780
ordinary_gemm,primary,klein9_single_in,4608,36864,4096,bf16,27,73.655800000,67.175000000,-8.798764
ordinary_gemm,primary,klein9_single_in,4608,36864,4096,bf16,28,69.449400000,70.320400000,1.254151
ordinary_gemm,primary,klein9_single_in,4608,36864,4096,bf16,29,69.648200000,69.647000000,-0.001723
ordinary_gemm,primary,klein9_single_in,4608,36864,4096,bf16,30,74.140800000,67.437400000,-9.041445
hadamard_gemm,primary,klein9_single_in,4608,36864,4096,bf16,0,68.612800000,74.191200000,8.130261
hadamard_gemm,primary,klein9_single_in,4608,36864,4096,bf16,1,70.091000000,67.699000000,-3.412706
hadamard_gemm,primary,klein9_single_in,4608,36864,4096,bf16,2,69.036200000,66.720600000,-3.354182
hadamard_gemm,primary,klein9_single_in,4608,36864,4096,bf16,3,74.834000000,68.317600000,-8.707807
hadamard_gemm,primary,klein9_single_in,4608,36864,4096,bf16,4,67.968600000,73.829200000,8.622511
hadamard_gemm,primary,klein9_single_in,4608,36864,4096,bf16,5,70.023400000,69.694000000,-0.470414
hadamard_gemm,primary,klein9_single_in,4608,36864,4096,bf16,6,69.780200000,70.232000000,0.647462
hadamard_gemm,primary,klein9_single_in,4608,36864,4096,bf16,7,70.330000000,69.754600000,-0.818143
hadamard_gemm,primary,klein9_single_in,4608,36864,4096,bf16,8,69.714600000,70.195800000,0.690243
hadamard_gemm,primary,klein9_single_in,4608,36864,4096,bf16,9,70.360800000,69.123000000,-1.759218
hadamard_gemm,primary,klein9_single_in,4608,36864,4096,bf16,10,69.925000000,71.362800000,2.056203
hadamard_gemm,primary,klein9_single_in,4608,36864,4096,bf16,11,69.017200000,72.462600000,4.992089
hadamard_gemm,primary,klein9_single_in,4608,36864,4096,bf16,12,70.638200000,69.311600000,-1.878021
hadamard_gemm,primary,klein9_single_in,4608,36864,4096,bf16,13,67.703600000,74.379800000,9.860923
hadamard_gemm,primary,klein9_single_in,4608,36864,4096,bf16,14,72.506400000,69.503600000,-4.141428
ordinary_gemm,primary,klein9_single_out,4608,4096,16384,bf16,0,41.546000000,40.528800000,-2.448370
ordinary_gemm,primary,klein9_single_out,4608,4096,16384,bf16,1,41.211000000,41.366200000,0.376598
ordinary_gemm,primary,klein9_single_out,4608,4096,16384,bf16,2,41.292200000,41.324000000,0.077012
ordinary_gemm,primary,klein9_single_out,4608,4096,16384,bf16,3,41.276600000,41.025000000,-0.609546
ordinary_gemm,primary,klein9_single_out,4608,4096,16384,bf16,4,40.651600000,41.284800000,1.557626
ordinary_gemm,primary,klein9_single_out,4608,4096,16384,bf16,5,41.229600000,41.288800000,0.143586
ordinary_gemm,primary,klein9_single_out,4608,4096,16384,bf16,6,41.171400000,41.406200000,0.570299
ordinary_gemm,primary,klein9_single_out,4608,4096,16384,bf16,7,40.505800000,41.366800000,2.125622
ordinary_gemm,primary,klein9_single_out,4608,4096,16384,bf16,8,41.257600000,40.542400000,-1.733499
ordinary_gemm,primary,klein9_single_out,4608,4096,16384,bf16,9,41.148000000,40.619800000,-1.283659
ordinary_gemm,primary,klein9_single_out,4608,4096,16384,bf16,10,41.530200000,41.315000000,-0.518177
ordinary_gemm,primary,klein9_single_out,4608,4096,16384,bf16,11,41.472000000,41.379000000,-0.224248
ordinary_gemm,primary,klein9_single_out,4608,4096,16384,bf16,12,40.830000000,39.831800000,-2.444771
ordinary_gemm,primary,klein9_single_out,4608,4096,16384,bf16,13,41.393600000,41.263400000,-0.314541
ordinary_gemm,primary,klein9_single_out,4608,4096,16384,bf16,14,41.370000000,41.426800000,0.137298
ordinary_gemm,primary,klein9_single_out,4608,4096,16384,bf16,15,39.889000000,41.045800000,2.900048
ordinary_gemm,primary,klein9_single_out,4608,4096,16384,bf16,16,41.381600000,41.481600000,0.241653
ordinary_gemm,primary,klein9_single_out,4608,4096,16384,bf16,17,41.237200000,40.839400000,-0.964663
ordinary_gemm,primary,klein9_single_out,4608,4096,16384,bf16,18,40.571400000,41.311600000,1.824438
ordinary_gemm,primary,klein9_single_out,4608,4096,16384,bf16,19,41.413400000,41.362800000,-0.122183
ordinary_gemm,primary,klein9_single_out,4608,4096,16384,bf16,20,39.809400000,40.821400000,2.542113
ordinary_gemm,primary,klein9_single_out,4608,4096,16384,bf16,21,41.263400000,41.445800000,0.442038
ordinary_gemm,primary,klein9_single_out,4608,4096,16384,bf16,22,41.220800000,41.400600000,0.436188
ordinary_gemm,primary,klein9_single_out,4608,4096,16384,bf16,23,41.416600000,41.357200000,-0.143421
ordinary_gemm,primary,klein9_single_out,4608,4096,16384,bf16,24,41.363600000,41.319200000,-0.107341
ordinary_gemm,primary,klein9_single_out,4608,4096,16384,bf16,25,41.431200000,41.326000000,-0.253915
ordinary_gemm,primary,klein9_single_out,4608,4096,16384,bf16,26,41.377400000,41.485200000,0.260529
ordinary_gemm,primary,klein9_single_out,4608,4096,16384,bf16,27,39.711000000,39.848800000,0.347007
ordinary_gemm,primary,klein9_single_out,4608,4096,16384,bf16,28,40.718800000,41.510000000,1.943083
ordinary_gemm,primary,klein9_single_out,4608,4096,16384,bf16,29,40.674600000,41.362600000,1.691473
ordinary_gemm,primary,klein9_single_out,4608,4096,16384,bf16,30,41.350200000,41.274600000,-0.182829
hadamard_gemm,primary,klein9_single_out,4608,4096,16384,bf16,0,41.260400000,40.773200000,-1.180793
hadamard_gemm,primary,klein9_single_out,4608,4096,16384,bf16,1,40.781000000,41.982200000,2.945489
hadamard_gemm,primary,klein9_single_out,4608,4096,16384,bf16,2,41.186800000,41.848800000,1.607311
hadamard_gemm,primary,klein9_single_out,4608,4096,16384,bf16,3,41.284600000,41.711600000,1.034284
hadamard_gemm,primary,klein9_single_out,4608,4096,16384,bf16,4,40.712000000,42.584600000,4.599627
hadamard_gemm,primary,klein9_single_out,4608,4096,16384,bf16,5,40.284000000,43.080400000,6.941714
hadamard_gemm,primary,klein9_single_out,4608,4096,16384,bf16,6,40.673400000,43.585800000,7.160454
hadamard_gemm,primary,klein9_single_out,4608,4096,16384,bf16,7,41.279800000,41.272800000,-0.016957
hadamard_gemm,primary,klein9_single_out,4608,4096,16384,bf16,8,41.226400000,41.648000000,1.022646
hadamard_gemm,primary,klein9_single_out,4608,4096,16384,bf16,9,41.274000000,43.309200000,4.930949
hadamard_gemm,primary,klein9_single_out,4608,4096,16384,bf16,10,41.157800000,43.615400000,5.971165
hadamard_gemm,primary,klein9_single_out,4608,4096,16384,bf16,11,41.201200000,41.945400000,1.806258
hadamard_gemm,primary,klein9_single_out,4608,4096,16384,bf16,12,41.267200000,42.162800000,2.170247
hadamard_gemm,primary,klein9_single_out,4608,4096,16384,bf16,13,41.023400000,42.145400000,2.735024
hadamard_gemm,primary,klein9_single_out,4608,4096,16384,bf16,14,41.204600000,42.655400000,3.520966
ordinary_gemm,primary,h3_4k_q,4096,7168,5376,bf16,0,18.311800000,18.579000000,1.459168
ordinary_gemm,primary,h3_4k_q,4096,7168,5376,bf16,1,18.313000000,18.659000000,1.889368
ordinary_gemm,primary,h3_4k_q,4096,7168,5376,bf16,2,18.281800000,18.171200000,-0.604973
ordinary_gemm,primary,h3_4k_q,4096,7168,5376,bf16,3,18.931600000,18.695400000,-1.247649
ordinary_gemm,primary,h3_4k_q,4096,7168,5376,bf16,4,18.880400000,18.582800000,-1.576238
ordinary_gemm,primary,h3_4k_q,4096,7168,5376,bf16,5,18.561000000,18.544000000,-0.091590
ordinary_gemm,primary,h3_4k_q,4096,7168,5376,bf16,6,18.511000000,18.264200000,-1.333261
ordinary_gemm,primary,h3_4k_q,4096,7168,5376,bf16,7,18.409800000,18.550600000,0.764810
ordinary_gemm,primary,h3_4k_q,4096,7168,5376,bf16,8,18.570200000,18.590200000,0.107699
ordinary_gemm,primary,h3_4k_q,4096,7168,5376,bf16,9,18.291600000,17.991800000,-1.639004
ordinary_gemm,primary,h3_4k_q,4096,7168,5376,bf16,10,18.927000000,18.182000000,-3.936176
ordinary_gemm,primary,h3_4k_q,4096,7168,5376,bf16,11,18.448400000,19.121000000,3.645845
ordinary_gemm,primary,h3_4k_q,4096,7168,5376,bf16,12,18.961800000,18.473800000,-2.573595
ordinary_gemm,primary,h3_4k_q,4096,7168,5376,bf16,13,18.404600000,18.162800000,-1.313802
ordinary_gemm,primary,h3_4k_q,4096,7168,5376,bf16,14,18.382400000,18.650200000,1.456828
ordinary_gemm,primary,h3_4k_q,4096,7168,5376,bf16,15,18.797800000,18.094800000,-3.739799
ordinary_gemm,primary,h3_4k_q,4096,7168,5376,bf16,16,18.433600000,18.109000000,-1.760915
ordinary_gemm,primary,h3_4k_q,4096,7168,5376,bf16,17,18.242800000,18.171200000,-0.392484
ordinary_gemm,primary,h3_4k_q,4096,7168,5376,bf16,18,18.977400000,18.671400000,-1.612444
ordinary_gemm,primary,h3_4k_q,4096,7168,5376,bf16,19,18.879400000,17.870800000,-5.342331
ordinary_gemm,primary,h3_4k_q,4096,7168,5376,bf16,20,18.514200000,18.134200000,-2.052479
ordinary_gemm,primary,h3_4k_q,4096,7168,5376,bf16,21,18.520800000,18.292200000,-1.234288
ordinary_gemm,primary,h3_4k_q,4096,7168,5376,bf16,22,17.984600000,18.538000000,3.077077
ordinary_gemm,primary,h3_4k_q,4096,7168,5376,bf16,23,18.607600000,18.498600000,-0.585782
ordinary_gemm,primary,h3_4k_q,4096,7168,5376,bf16,24,18.535000000,18.696400000,0.870785
ordinary_gemm,primary,h3_4k_q,4096,7168,5376,bf16,25,18.380600000,18.708600000,1.784490
ordinary_gemm,primary,h3_4k_q,4096,7168,5376,bf16,26,18.292600000,18.620000000,1.789795
ordinary_gemm,primary,h3_4k_q,4096,7168,5376,bf16,27,18.926800000,18.651000000,-1.457193
ordinary_gemm,primary,h3_4k_q,4096,7168,5376,bf16,28,17.935200000,18.659600000,4.038985
ordinary_gemm,primary,h3_4k_q,4096,7168,5376,bf16,29,18.296400000,18.710200000,2.261647
ordinary_gemm,primary,h3_4k_q,4096,7168,5376,bf16,30,18.865800000,18.124200000,-3.930923
hadamard_gemm,primary,h3_4k_q,4096,7168,5376,bf16,0,18.697800000,18.712600000,0.079154
hadamard_gemm,primary,h3_4k_q,4096,7168,5376,bf16,1,18.004800000,19.454400000,8.051186
hadamard_gemm,primary,h3_4k_q,4096,7168,5376,bf16,2,18.601800000,18.572400000,-0.158049
hadamard_gemm,primary,h3_4k_q,4096,7168,5376,bf16,3,18.182200000,18.771000000,3.238332
hadamard_gemm,primary,h3_4k_q,4096,7168,5376,bf16,4,18.660400000,19.372200000,3.814495
hadamard_gemm,primary,h3_4k_q,4096,7168,5376,bf16,5,18.123000000,18.948200000,4.553330
hadamard_gemm,primary,h3_4k_q,4096,7168,5376,bf16,6,18.177400000,18.801200000,3.431734
hadamard_gemm,primary,h3_4k_q,4096,7168,5376,bf16,7,18.171000000,18.625600000,2.501789
hadamard_gemm,primary,h3_4k_q,4096,7168,5376,bf16,8,18.642200000,18.712000000,0.374419
hadamard_gemm,primary,h3_4k_q,4096,7168,5376,bf16,9,18.585000000,18.590600000,0.030132
hadamard_gemm,primary,h3_4k_q,4096,7168,5376,bf16,10,18.259400000,18.692800000,2.373572
hadamard_gemm,primary,h3_4k_q,4096,7168,5376,bf16,11,18.715800000,18.745000000,0.156018
hadamard_gemm,primary,h3_4k_q,4096,7168,5376,bf16,12,17.922400000,18.751800000,4.627728
hadamard_gemm,primary,h3_4k_q,4096,7168,5376,bf16,13,18.648600000,18.699800000,0.274551
hadamard_gemm,primary,h3_4k_q,4096,7168,5376,bf16,14,18.527000000,18.690200000,0.880877
ordinary_gemm,primary,h3_4k_attention_out,4096,5376,7168,bf16,0,19.534400000,19.100800000,-2.219674
ordinary_gemm,primary,h3_4k_attention_out,4096,5376,7168,bf16,1,18.998000000,18.701800000,-1.559111
ordinary_gemm,primary,h3_4k_attention_out,4096,5376,7168,bf16,2,19.034200000,19.216400000,0.957224
ordinary_gemm,primary,h3_4k_attention_out,4096,5376,7168,bf16,3,18.906600000,19.150400000,1.289497
ordinary_gemm,primary,h3_4k_attention_out,4096,5376,7168,bf16,4,19.571400000,18.773600000,-4.076356
ordinary_gemm,primary,h3_4k_attention_out,4096,5376,7168,bf16,5,19.024400000,19.112800000,0.464666
ordinary_gemm,primary,h3_4k_attention_out,4096,5376,7168,bf16,6,18.932800000,19.173000000,1.268698
ordinary_gemm,primary,h3_4k_attention_out,4096,5376,7168,bf16,7,19.401200000,18.688400000,-3.674000
ordinary_gemm,primary,h3_4k_attention_out,4096,5376,7168,bf16,8,19.247600000,18.781400000,-2.422120
ordinary_gemm,primary,h3_4k_attention_out,4096,5376,7168,bf16,9,18.832600000,19.029600000,1.046058
ordinary_gemm,primary,h3_4k_attention_out,4096,5376,7168,bf16,10,19.220400000,19.109400000,-0.577511
ordinary_gemm,primary,h3_4k_attention_out,4096,5376,7168,bf16,11,19.686400000,18.454000000,-6.260159
ordinary_gemm,primary,h3_4k_attention_out,4096,5376,7168,bf16,12,19.293800000,18.499400000,-4.117385
ordinary_gemm,primary,h3_4k_attention_out,4096,5376,7168,bf16,13,19.272400000,19.133800000,-0.719163
ordinary_gemm,primary,h3_4k_attention_out,4096,5376,7168,bf16,14,19.023400000,18.678200000,-1.814607
ordinary_gemm,primary,h3_4k_attention_out,4096,5376,7168,bf16,15,19.607400000,19.227800000,-1.936004
ordinary_gemm,primary,h3_4k_attention_out,4096,5376,7168,bf16,16,19.232400000,18.609400000,-3.239325
ordinary_gemm,primary,h3_4k_attention_out,4096,5376,7168,bf16,17,19.685600000,18.741200000,-4.797415
ordinary_gemm,primary,h3_4k_attention_out,4096,5376,7168,bf16,18,19.221400000,18.467800000,-3.920630
ordinary_gemm,primary,h3_4k_attention_out,4096,5376,7168,bf16,19,19.264000000,18.623200000,-3.326412
ordinary_gemm,primary,h3_4k_attention_out,4096,5376,7168,bf16,20,19.285200000,18.783800000,-2.599921
ordinary_gemm,primary,h3_4k_attention_out,4096,5376,7168,bf16,21,19.594200000,19.106200000,-2.490533
ordinary_gemm,primary,h3_4k_attention_out,4096,5376,7168,bf16,22,19.220200000,18.815800000,-2.104036
ordinary_gemm,primary,h3_4k_attention_out,4096,5376,7168,bf16,23,18.978400000,18.657000000,-1.693504
ordinary_gemm,primary,h3_4k_attention_out,4096,5376,7168,bf16,24,19.210800000,18.694800000,-2.685989
ordinary_gemm,primary,h3_4k_attention_out,4096,5376,7168,bf16,25,19.588000000,19.124000000,-2.368797
ordinary_gemm,primary,h3_4k_attention_out,4096,5376,7168,bf16,26,19.142600000,18.677200000,-2.431227
ordinary_gemm,primary,h3_4k_attention_out,4096,5376,7168,bf16,27,19.023000000,19.202800000,0.945172
ordinary_gemm,primary,h3_4k_attention_out,4096,5376,7168,bf16,28,19.739400000,19.203400000,-2.715381
ordinary_gemm,primary,h3_4k_attention_out,4096,5376,7168,bf16,29,19.178200000,19.130800000,-0.247156
ordinary_gemm,primary,h3_4k_attention_out,4096,5376,7168,bf16,30,18.953800000,19.201200000,1.305279
hadamard_gemm,primary,h3_4k_attention_out,4096,5376,7168,bf16,0,19.146000000,19.020400000,-0.656012
hadamard_gemm,primary,h3_4k_attention_out,4096,5376,7168,bf16,1,18.668600000,18.377800000,-1.557696
hadamard_gemm,primary,h3_4k_attention_out,4096,5376,7168,bf16,2,19.724800000,18.716800000,-5.110318
hadamard_gemm,primary,h3_4k_attention_out,4096,5376,7168,bf16,3,18.628400000,19.066400000,2.351249
hadamard_gemm,primary,h3_4k_attention_out,4096,5376,7168,bf16,4,19.106800000,18.927800000,-0.936839
hadamard_gemm,primary,h3_4k_attention_out,4096,5376,7168,bf16,5,18.606200000,18.964200000,1.924090
hadamard_gemm,primary,h3_4k_attention_out,4096,5376,7168,bf16,6,19.184000000,18.965000000,-1.141576
hadamard_gemm,primary,h3_4k_attention_out,4096,5376,7168,bf16,7,18.650600000,19.586200000,5.016461
hadamard_gemm,primary,h3_4k_attention_out,4096,5376,7168,bf16,8,19.234400000,19.092600000,-0.737221
hadamard_gemm,primary,h3_4k_attention_out,4096,5376,7168,bf16,9,19.155600000,19.606400000,2.353359
hadamard_gemm,primary,h3_4k_attention_out,4096,5376,7168,bf16,10,18.246200000,19.400000000,6.323508
hadamard_gemm,primary,h3_4k_attention_out,4096,5376,7168,bf16,11,18.582400000,18.952800000,1.993284
hadamard_gemm,primary,h3_4k_attention_out,4096,5376,7168,bf16,12,19.159600000,18.473800000,-3.579407
hadamard_gemm,primary,h3_4k_attention_out,4096,5376,7168,bf16,13,18.622200000,18.922800000,1.614202
hadamard_gemm,primary,h3_4k_attention_out,4096,5376,7168,bf16,14,19.172200000,18.997000000,-0.913823
ordinary_gemm,primary,h3_4k_ffn_down,4096,5376,14336,bf16,0,41.145200000,41.306200000,0.391297
ordinary_gemm,primary,h3_4k_ffn_down,4096,5376,14336,bf16,1,41.054200000,41.318200000,0.643052
ordinary_gemm,primary,h3_4k_ffn_down,4096,5376,14336,bf16,2,40.911200000,41.415800000,1.233403
ordinary_gemm,primary,h3_4k_ffn_down,4096,5376,14336,bf16,3,41.097000000,41.369200000,0.662335
ordinary_gemm,primary,h3_4k_ffn_down,4096,5376,14336,bf16,4,41.059600000,41.257800000,0.482713
ordinary_gemm,primary,h3_4k_ffn_down,4096,5376,14336,bf16,5,41.133200000,41.197800000,0.157051
ordinary_gemm,primary,h3_4k_ffn_down,4096,5376,14336,bf16,6,41.092000000,41.420000000,0.798209
ordinary_gemm,primary,h3_4k_ffn_down,4096,5376,14336,bf16,7,40.955600000,40.769000000,-0.455615
ordinary_gemm,primary,h3_4k_ffn_down,4096,5376,14336,bf16,8,41.106000000,40.916000000,-0.462220
ordinary_gemm,primary,h3_4k_ffn_down,4096,5376,14336,bf16,9,41.161400000,41.310000000,0.361018
ordinary_gemm,primary,h3_4k_ffn_down,4096,5376,14336,bf16,10,41.122600000,41.466600000,0.836523
ordinary_gemm,primary,h3_4k_ffn_down,4096,5376,14336,bf16,11,41.037400000,41.426000000,0.946941
ordinary_gemm,primary,h3_4k_ffn_down,4096,5376,14336,bf16,12,41.158000000,41.252600000,0.229846
ordinary_gemm,primary,h3_4k_ffn_down,4096,5376,14336,bf16,13,40.997800000,41.195600000,0.482465
ordinary_gemm,primary,h3_4k_ffn_down,4096,5376,14336,bf16,14,39.770400000,41.256600000,3.736950
ordinary_gemm,primary,h3_4k_ffn_down,4096,5376,14336,bf16,15,40.687600000,41.430400000,1.825618
ordinary_gemm,primary,h3_4k_ffn_down,4096,5376,14336,bf16,16,41.008200000,39.805200000,-2.933560
ordinary_gemm,primary,h3_4k_ffn_down,4096,5376,14336,bf16,17,41.253000000,40.238400000,-2.459457
ordinary_gemm,primary,h3_4k_ffn_down,4096,5376,14336,bf16,18,41.045600000,41.633600000,1.432553
ordinary_gemm,primary,h3_4k_ffn_down,4096,5376,14336,bf16,19,41.200600000,41.573400000,0.904841
ordinary_gemm,primary,h3_4k_ffn_down,4096,5376,14336,bf16,20,41.322600000,40.036800000,-3.111614
ordinary_gemm,primary,h3_4k_ffn_down,4096,5376,14336,bf16,21,41.281800000,41.558000000,0.669060
ordinary_gemm,primary,h3_4k_ffn_down,4096,5376,14336,bf16,22,41.151600000,41.399600000,0.602650
ordinary_gemm,primary,h3_4k_ffn_down,4096,5376,14336,bf16,23,40.727000000,41.406000000,1.667199
ordinary_gemm,primary,h3_4k_ffn_down,4096,5376,14336,bf16,24,41.159800000,41.481600000,0.781831
ordinary_gemm,primary,h3_4k_ffn_down,4096,5376,14336,bf16,25,41.291600000,41.550200000,0.626277
ordinary_gemm,primary,h3_4k_ffn_down,4096,5376,14336,bf16,26,41.212400000,41.421800000,0.508100
ordinary_gemm,primary,h3_4k_ffn_down,4096,5376,14336,bf16,27,41.307600000,41.432400000,0.302124
ordinary_gemm,primary,h3_4k_ffn_down,4096,5376,14336,bf16,28,41.257800000,41.151200000,-0.258375
ordinary_gemm,primary,h3_4k_ffn_down,4096,5376,14336,bf16,29,41.004400000,41.432800000,1.044766
ordinary_gemm,primary,h3_4k_ffn_down,4096,5376,14336,bf16,30,40.976600000,41.634200000,1.604818
hadamard_gemm,primary,h3_4k_ffn_down,4096,5376,14336,bf16,0,40.938400000,42.835400000,4.633791
hadamard_gemm,primary,h3_4k_ffn_down,4096,5376,14336,bf16,1,40.823200000,42.757600000,4.738482
hadamard_gemm,primary,h3_4k_ffn_down,4096,5376,14336,bf16,2,40.962600000,42.831600000,4.562699
hadamard_gemm,primary,h3_4k_ffn_down,4096,5376,14336,bf16,3,41.041000000,42.559400000,3.699715
hadamard_gemm,primary,h3_4k_ffn_down,4096,5376,14336,bf16,4,40.997000000,42.899200000,4.639852
hadamard_gemm,primary,h3_4k_ffn_down,4096,5376,14336,bf16,5,40.975200000,41.277400000,0.737519
hadamard_gemm,primary,h3_4k_ffn_down,4096,5376,14336,bf16,6,40.943800000,42.393000000,3.539486
hadamard_gemm,primary,h3_4k_ffn_down,4096,5376,14336,bf16,7,40.924600000,42.852200000,4.710125
hadamard_gemm,primary,h3_4k_ffn_down,4096,5376,14336,bf16,8,41.040400000,42.792400000,4.268964
hadamard_gemm,primary,h3_4k_ffn_down,4096,5376,14336,bf16,9,40.935600000,42.696400000,4.301390
hadamard_gemm,primary,h3_4k_ffn_down,4096,5376,14336,bf16,10,40.983400000,42.847400000,4.548183
hadamard_gemm,primary,h3_4k_ffn_down,4096,5376,14336,bf16,11,41.065800000,42.921600000,4.519089
hadamard_gemm,primary,h3_4k_ffn_down,4096,5376,14336,bf16,12,40.755400000,42.791800000,4.996638
hadamard_gemm,primary,h3_4k_ffn_down,4096,5376,14336,bf16,13,40.977000000,42.850600000,4.572321
hadamard_gemm,primary,h3_4k_ffn_down,4096,5376,14336,bf16,14,41.045600000,42.739800000,4.127604
ordinary_gemm,primary,h3_16k_q,16384,7168,5376,bf16,0,67.476200000,64.776400000,-4.001114
ordinary_gemm,primary,h3_16k_q,16384,7168,5376,bf16,1,67.446200000,64.743600000,-4.007046
ordinary_gemm,primary,h3_16k_q,16384,7168,5376,bf16,2,67.523600000,64.739000000,-4.123891
ordinary_gemm,primary,h3_16k_q,16384,7168,5376,bf16,3,67.369600000,64.749400000,-3.889291
ordinary_gemm,primary,h3_16k_q,16384,7168,5376,bf16,4,67.055000000,64.718800000,-3.484006
ordinary_gemm,primary,h3_16k_q,16384,7168,5376,bf16,5,66.946000000,64.676000000,-3.390793
ordinary_gemm,primary,h3_16k_q,16384,7168,5376,bf16,6,66.764400000,64.748200000,-3.019873
ordinary_gemm,primary,h3_16k_q,16384,7168,5376,bf16,7,67.183800000,64.797200000,-3.552344
ordinary_gemm,primary,h3_16k_q,16384,7168,5376,bf16,8,67.539800000,64.705600000,-4.196341
ordinary_gemm,primary,h3_16k_q,16384,7168,5376,bf16,9,66.124400000,64.780400000,-2.032533
ordinary_gemm,primary,h3_16k_q,16384,7168,5376,bf16,10,67.419400000,64.691200000,-4.046610
ordinary_gemm,primary,h3_16k_q,16384,7168,5376,bf16,11,66.471400000,64.743400000,-2.599614
ordinary_gemm,primary,h3_16k_q,16384,7168,5376,bf16,12,66.650600000,64.754400000,-2.844986
ordinary_gemm,primary,h3_16k_q,16384,7168,5376,bf16,13,67.084800000,64.825600000,-3.367678
ordinary_gemm,primary,h3_16k_q,16384,7168,5376,bf16,14,66.681800000,64.754600000,-2.890144
ordinary_gemm,primary,h3_16k_q,16384,7168,5376,bf16,15,67.267000000,64.805200000,-3.659744
ordinary_gemm,primary,h3_16k_q,16384,7168,5376,bf16,16,66.787400000,64.694000000,-3.134424
ordinary_gemm,primary,h3_16k_q,16384,7168,5376,bf16,17,66.996400000,64.722400000,-3.394212
ordinary_gemm,primary,h3_16k_q,16384,7168,5376,bf16,18,66.969600000,64.744800000,-3.322104
ordinary_gemm,primary,h3_16k_q,16384,7168,5376,bf16,19,67.036000000,64.729000000,-3.441434
ordinary_gemm,primary,h3_16k_q,16384,7168,5376,bf16,20,67.559400000,64.759000000,-4.145093
ordinary_gemm,primary,h3_16k_q,16384,7168,5376,bf16,21,66.471200000,64.638000000,-2.757886
ordinary_gemm,primary,h3_16k_q,16384,7168,5376,bf16,22,67.157400000,64.580600000,-3.836956
ordinary_gemm,primary,h3_16k_q,16384,7168,5376,bf16,23,66.878200000,64.685200000,-3.279095
ordinary_gemm,primary,h3_16k_q,16384,7168,5376,bf16,24,67.047600000,64.765800000,-3.403254
ordinary_gemm,primary,h3_16k_q,16384,7168,5376,bf16,25,66.737400000,64.638400000,-3.145163
ordinary_gemm,primary,h3_16k_q,16384,7168,5376,bf16,26,67.368600000,64.582200000,-4.136052
ordinary_gemm,primary,h3_16k_q,16384,7168,5376,bf16,27,67.194400000,64.271800000,-4.349470
ordinary_gemm,primary,h3_16k_q,16384,7168,5376,bf16,28,67.457600000,64.516600000,-4.359776
ordinary_gemm,primary,h3_16k_q,16384,7168,5376,bf16,29,67.500000000,64.733000000,-4.099259
ordinary_gemm,primary,h3_16k_q,16384,7168,5376,bf16,30,67.560000000,64.793200000,-4.095323
hadamard_gemm,primary,h3_16k_q,16384,7168,5376,bf16,0,60.574600000,66.485000000,9.757225
hadamard_gemm,primary,h3_16k_q,16384,7168,5376,bf16,1,60.661800000,60.846600000,0.304640
hadamard_gemm,primary,h3_16k_q,16384,7168,5376,bf16,2,64.358000000,64.993000000,0.986668
hadamard_gemm,primary,h3_16k_q,16384,7168,5376,bf16,3,61.523400000,61.101800000,-0.685268
hadamard_gemm,primary,h3_16k_q,16384,7168,5376,bf16,4,64.889400000,68.051200000,4.872599
hadamard_gemm,primary,h3_16k_q,16384,7168,5376,bf16,5,60.232600000,63.348400000,5.172946
hadamard_gemm,primary,h3_16k_q,16384,7168,5376,bf16,6,63.135400000,63.378800000,0.385521
hadamard_gemm,primary,h3_16k_q,16384,7168,5376,bf16,7,63.224800000,61.630200000,-2.522112
hadamard_gemm,primary,h3_16k_q,16384,7168,5376,bf16,8,64.741600000,63.412200000,-2.053394
hadamard_gemm,primary,h3_16k_q,16384,7168,5376,bf16,9,62.302600000,61.575800000,-1.166564
hadamard_gemm,primary,h3_16k_q,16384,7168,5376,bf16,10,64.775600000,67.422600000,4.086415
hadamard_gemm,primary,h3_16k_q,16384,7168,5376,bf16,11,64.853800000,67.180600000,3.587762
hadamard_gemm,primary,h3_16k_q,16384,7168,5376,bf16,12,64.847200000,64.944000000,0.149274
hadamard_gemm,primary,h3_16k_q,16384,7168,5376,bf16,13,61.999400000,61.058800000,-1.517111
hadamard_gemm,primary,h3_16k_q,16384,7168,5376,bf16,14,64.624400000,68.042200000,5.288714
ordinary_gemm,primary,h3_16k_attention_out,16384,5376,7168,bf16,0,69.361600000,61.158200000,-11.827005
ordinary_gemm,primary,h3_16k_attention_out,16384,5376,7168,bf16,1,68.060600000,62.333800000,-8.414266
ordinary_gemm,primary,h3_16k_attention_out,16384,5376,7168,bf16,2,66.571200000,61.531200000,-7.570841
ordinary_gemm,primary,h3_16k_attention_out,16384,5376,7168,bf16,3,70.098400000,63.934000000,-8.793924
ordinary_gemm,primary,h3_16k_attention_out,16384,5376,7168,bf16,4,62.351000000,61.961800000,-0.624208
ordinary_gemm,primary,h3_16k_attention_out,16384,5376,7168,bf16,5,70.113600000,65.596000000,-6.443258
ordinary_gemm,primary,h3_16k_attention_out,16384,5376,7168,bf16,6,62.333200000,63.238600000,1.452516
ordinary_gemm,primary,h3_16k_attention_out,16384,5376,7168,bf16,7,69.385400000,66.834000000,-3.677142
ordinary_gemm,primary,h3_16k_attention_out,16384,5376,7168,bf16,8,65.023800000,61.690400000,-5.126431
ordinary_gemm,primary,h3_16k_attention_out,16384,5376,7168,bf16,9,69.908200000,64.773400000,-7.345061
ordinary_gemm,primary,h3_16k_attention_out,16384,5376,7168,bf16,10,62.497000000,62.577000000,0.128006
ordinary_gemm,primary,h3_16k_attention_out,16384,5376,7168,bf16,11,64.970000000,66.758200000,2.752347
ordinary_gemm,primary,h3_16k_attention_out,16384,5376,7168,bf16,12,63.404200000,65.330400000,3.037969
ordinary_gemm,primary,h3_16k_attention_out,16384,5376,7168,bf16,13,69.634400000,66.981400000,-3.809899
ordinary_gemm,primary,h3_16k_attention_out,16384,5376,7168,bf16,14,64.365800000,61.603000000,-4.292342
ordinary_gemm,primary,h3_16k_attention_out,16384,5376,7168,bf16,15,64.906800000,64.157000000,-1.155195
ordinary_gemm,primary,h3_16k_attention_out,16384,5376,7168,bf16,16,63.012400000,65.162800000,3.412662
ordinary_gemm,primary,h3_16k_attention_out,16384,5376,7168,bf16,17,65.079000000,66.874400000,2.758801
ordinary_gemm,primary,h3_16k_attention_out,16384,5376,7168,bf16,18,63.570400000,65.414200000,2.900406
ordinary_gemm,primary,h3_16k_attention_out,16384,5376,7168,bf16,19,70.011600000,66.830400000,-4.543818
ordinary_gemm,primary,h3_16k_attention_out,16384,5376,7168,bf16,20,62.228000000,62.197400000,-0.049174
ordinary_gemm,primary,h3_16k_attention_out,16384,5376,7168,bf16,21,70.033200000,65.331400000,-6.713673
ordinary_gemm,primary,h3_16k_attention_out,16384,5376,7168,bf16,22,62.371000000,62.844400000,0.759007
ordinary_gemm,primary,h3_16k_attention_out,16384,5376,7168,bf16,23,66.702400000,66.601000000,-0.152019
ordinary_gemm,primary,h3_16k_attention_out,16384,5376,7168,bf16,24,62.710000000,63.430000000,1.148142
ordinary_gemm,primary,h3_16k_attention_out,16384,5376,7168,bf16,25,66.708200000,66.791800000,0.125322
ordinary_gemm,primary,h3_16k_attention_out,16384,5376,7168,bf16,26,63.101600000,64.498000000,2.212939
ordinary_gemm,primary,h3_16k_attention_out,16384,5376,7168,bf16,27,69.506400000,67.004200000,-3.599956
ordinary_gemm,primary,h3_16k_attention_out,16384,5376,7168,bf16,28,64.780800000,61.555800000,-4.978327
ordinary_gemm,primary,h3_16k_attention_out,16384,5376,7168,bf16,29,70.094600000,64.293200000,-8.276529
ordinary_gemm,primary,h3_16k_attention_out,16384,5376,7168,bf16,30,70.248000000,66.426200000,-5.440440
hadamard_gemm,primary,h3_16k_attention_out,16384,5376,7168,bf16,0,66.280600000,68.772600000,3.759773
hadamard_gemm,primary,h3_16k_attention_out,16384,5376,7168,bf16,1,67.083600000,69.248000000,3.226422
hadamard_gemm,primary,h3_16k_attention_out,16384,5376,7168,bf16,2,66.851600000,69.238600000,3.570595
hadamard_gemm,primary,h3_16k_attention_out,16384,5376,7168,bf16,3,66.802200000,68.502000000,2.544527
hadamard_gemm,primary,h3_16k_attention_out,16384,5376,7168,bf16,4,66.909200000,69.047000000,3.195076
hadamard_gemm,primary,h3_16k_attention_out,16384,5376,7168,bf16,5,66.862200000,69.265800000,3.594856
hadamard_gemm,primary,h3_16k_attention_out,16384,5376,7168,bf16,6,66.709400000,69.196400000,3.728110
hadamard_gemm,primary,h3_16k_attention_out,16384,5376,7168,bf16,7,66.446000000,67.605600000,1.745177
hadamard_gemm,primary,h3_16k_attention_out,16384,5376,7168,bf16,8,66.632800000,67.382000000,1.124371
hadamard_gemm,primary,h3_16k_attention_out,16384,5376,7168,bf16,9,66.886000000,67.373600000,0.729002
hadamard_gemm,primary,h3_16k_attention_out,16384,5376,7168,bf16,10,66.389200000,68.879400000,3.750911
hadamard_gemm,primary,h3_16k_attention_out,16384,5376,7168,bf16,11,66.771600000,68.840000000,3.097724
hadamard_gemm,primary,h3_16k_attention_out,16384,5376,7168,bf16,12,66.591800000,68.731200000,3.212708
hadamard_gemm,primary,h3_16k_attention_out,16384,5376,7168,bf16,13,66.378600000,69.207000000,4.261012
hadamard_gemm,primary,h3_16k_attention_out,16384,5376,7168,bf16,14,66.741200000,68.544800000,2.702379
ordinary_gemm,primary,h3_16k_ffn_down,16384,5376,14336,bf16,0,139.816200000,142.622400000,2.007064
ordinary_gemm,primary,h3_16k_ffn_down,16384,5376,14336,bf16,1,143.338800000,142.607400000,-0.510260
ordinary_gemm,primary,h3_16k_ffn_down,16384,5376,14336,bf16,2,140.765800000,143.023600000,1.603941
ordinary_gemm,primary,h3_16k_ffn_down,16384,5376,14336,bf16,3,140.739800000,142.909200000,1.541426
ordinary_gemm,primary,h3_16k_ffn_down,16384,5376,14336,bf16,4,143.392200000,140.851200000,-1.772063
ordinary_gemm,primary,h3_16k_ffn_down,16384,5376,14336,bf16,5,139.769800000,140.067800000,0.213208
ordinary_gemm,primary,h3_16k_ffn_down,16384,5376,14336,bf16,6,143.206600000,139.422400000,-2.642476
ordinary_gemm,primary,h3_16k_ffn_down,16384,5376,14336,bf16,7,141.800600000,140.934000000,-0.611140
ordinary_gemm,primary,h3_16k_ffn_down,16384,5376,14336,bf16,8,141.337600000,142.271400000,0.660688
ordinary_gemm,primary,h3_16k_ffn_down,16384,5376,14336,bf16,9,143.408600000,140.798800000,-1.819835
ordinary_gemm,primary,h3_16k_ffn_down,16384,5376,14336,bf16,10,140.134600000,143.168200000,2.164776
ordinary_gemm,primary,h3_16k_ffn_down,16384,5376,14336,bf16,11,142.610400000,140.174800000,-1.707870
ordinary_gemm,primary,h3_16k_ffn_down,16384,5376,14336,bf16,12,142.758000000,141.532800000,-0.858236
ordinary_gemm,primary,h3_16k_ffn_down,16384,5376,14336,bf16,13,143.312800000,142.967000000,-0.241290
ordinary_gemm,primary,h3_16k_ffn_down,16384,5376,14336,bf16,14,140.236800000,139.640200000,-0.425423
ordinary_gemm,primary,h3_16k_ffn_down,16384,5376,14336,bf16,15,142.674600000,140.300200000,-1.664207
ordinary_gemm,primary,h3_16k_ffn_down,16384,5376,14336,bf16,16,142.695800000,142.497200000,-0.139177
ordinary_gemm,primary,h3_16k_ffn_down,16384,5376,14336,bf16,17,136.754600000,142.050200000,3.872338
ordinary_gemm,primary,h3_16k_ffn_down,16384,5376,14336,bf16,18,139.872800000,143.215000000,2.389457
ordinary_gemm,primary,h3_16k_ffn_down,16384,5376,14336,bf16,19,142.378600000,140.243800000,-1.499383
ordinary_gemm,primary,h3_16k_ffn_down,16384,5376,14336,bf16,20,140.924800000,142.457200000,1.087388
ordinary_gemm,primary,h3_16k_ffn_down,16384,5376,14336,bf16,21,142.571600000,140.826000000,-1.224367
ordinary_gemm,primary,h3_16k_ffn_down,16384,5376,14336,bf16,22,137.345600000,142.620600000,3.840676
ordinary_gemm,primary,h3_16k_ffn_down,16384,5376,14336,bf16,23,142.530000000,140.833800000,-1.190065
ordinary_gemm,primary,h3_16k_ffn_down,16384,5376,14336,bf16,24,142.345800000,141.750000000,-0.418558
ordinary_gemm,primary,h3_16k_ffn_down,16384,5376,14336,bf16,25,140.951400000,142.473600000,1.079947
ordinary_gemm,primary,h3_16k_ffn_down,16384,5376,14336,bf16,26,142.393600000,143.344800000,0.668008
ordinary_gemm,primary,h3_16k_ffn_down,16384,5376,14336,bf16,27,143.027000000,141.196600000,-1.279758
ordinary_gemm,primary,h3_16k_ffn_down,16384,5376,14336,bf16,28,141.731800000,141.494200000,-0.167641
ordinary_gemm,primary,h3_16k_ffn_down,16384,5376,14336,bf16,29,142.674600000,143.228400000,0.388156
ordinary_gemm,primary,h3_16k_ffn_down,16384,5376,14336,bf16,30,142.785800000,143.141400000,0.249044
hadamard_gemm,primary,h3_16k_ffn_down,16384,5376,14336,bf16,0,143.526200000,143.694400000,0.117191
hadamard_gemm,primary,h3_16k_ffn_down,16384,5376,14336,bf16,1,143.323200000,149.223600000,4.116849
hadamard_gemm,primary,h3_16k_ffn_down,16384,5376,14336,bf16,2,140.570200000,142.857400000,1.627087
hadamard_gemm,primary,h3_16k_ffn_down,16384,5376,14336,bf16,3,142.926800000,143.423800000,0.347730
hadamard_gemm,primary,h3_16k_ffn_down,16384,5376,14336,bf16,4,140.773200000,149.357400000,6.097894
hadamard_gemm,primary,h3_16k_ffn_down,16384,5376,14336,bf16,5,143.261800000,146.788600000,2.461787
hadamard_gemm,primary,h3_16k_ffn_down,16384,5376,14336,bf16,6,142.973400000,144.594200000,1.133637
hadamard_gemm,primary,h3_16k_ffn_down,16384,5376,14336,bf16,7,142.313000000,146.606600000,3.017012
hadamard_gemm,primary,h3_16k_ffn_down,16384,5376,14336,bf16,8,143.326200000,143.635200000,0.215592
hadamard_gemm,primary,h3_16k_ffn_down,16384,5376,14336,bf16,9,140.575200000,140.023800000,-0.392246
hadamard_gemm,primary,h3_16k_ffn_down,16384,5376,14336,bf16,10,142.909200000,146.462400000,2.486334
hadamard_gemm,primary,h3_16k_ffn_down,16384,5376,14336,bf16,11,144.939400000,144.075800000,-0.595835
hadamard_gemm,primary,h3_16k_ffn_down,16384,5376,14336,bf16,12,140.143000000,141.365200000,0.872109
hadamard_gemm,primary,h3_16k_ffn_down,16384,5376,14336,bf16,13,140.211400000,142.958000000,1.958899
hadamard_gemm,primary,h3_16k_ffn_down,16384,5376,14336,bf16,14,139.452200000,143.687000000,3.036739
ordinary_gemm,primary,krea2_q,4352,6144,6144,bf16,0,19.207200000,18.979400000,-1.186014
ordinary_gemm,primary,krea2_q,4352,6144,6144,bf16,1,19.784200000,19.508200000,-1.395053
ordinary_gemm,primary,krea2_q,4352,6144,6144,bf16,2,19.524800000,18.649600000,-4.482504
ordinary_gemm,primary,krea2_q,4352,6144,6144,bf16,3,19.246000000,19.136400000,-0.569469
ordinary_gemm,primary,krea2_q,4352,6144,6144,bf16,4,19.839800000,19.337800000,-2.530267
ordinary_gemm,primary,krea2_q,4352,6144,6144,bf16,5,19.558800000,19.883200000,1.658588
ordinary_gemm,primary,krea2_q,4352,6144,6144,bf16,6,19.798200000,19.439000000,-1.814306
ordinary_gemm,primary,krea2_q,4352,6144,6144,bf16,7,19.841600000,18.829400000,-5.101403
ordinary_gemm,primary,krea2_q,4352,6144,6144,bf16,8,18.848800000,19.246400000,2.109418
ordinary_gemm,primary,krea2_q,4352,6144,6144,bf16,9,20.053200000,18.939400000,-5.554226
ordinary_gemm,primary,krea2_q,4352,6144,6144,bf16,10,19.182000000,19.382000000,1.042644
ordinary_gemm,primary,krea2_q,4352,6144,6144,bf16,11,19.370400000,19.330600000,-0.205468
ordinary_gemm,primary,krea2_q,4352,6144,6144,bf16,12,19.580800000,19.080600000,-2.554543
ordinary_gemm,primary,krea2_q,4352,6144,6144,bf16,13,19.863600000,18.874800000,-4.977950
ordinary_gemm,primary,krea2_q,4352,6144,6144,bf16,14,19.577200000,19.009400000,-2.900313
ordinary_gemm,primary,krea2_q,4352,6144,6144,bf16,15,19.942600000,18.857000000,-5.443623
ordinary_gemm,primary,krea2_q,4352,6144,6144,bf16,16,19.159800000,18.901400000,-1.348657
ordinary_gemm,primary,krea2_q,4352,6144,6144,bf16,17,19.913800000,18.861800000,-5.282769
ordinary_gemm,primary,krea2_q,4352,6144,6144,bf16,18,19.259400000,19.336800000,0.401882
ordinary_gemm,primary,krea2_q,4352,6144,6144,bf16,19,19.865800000,19.077600000,-3.967623
ordinary_gemm,primary,krea2_q,4352,6144,6144,bf16,20,18.926800000,18.938000000,0.059175
ordinary_gemm,primary,krea2_q,4352,6144,6144,bf16,21,19.897400000,19.458200000,-2.207324
ordinary_gemm,primary,krea2_q,4352,6144,6144,bf16,22,19.523400000,19.101400000,-2.161509
ordinary_gemm,primary,krea2_q,4352,6144,6144,bf16,23,18.904400000,19.407800000,2.662872
ordinary_gemm,primary,krea2_q,4352,6144,6144,bf16,24,19.963800000,19.134400000,-4.154520
ordinary_gemm,primary,krea2_q,4352,6144,6144,bf16,25,19.885400000,18.853600000,-5.188731
ordinary_gemm,primary,krea2_q,4352,6144,6144,bf16,26,18.900800000,19.367600000,2.469737
ordinary_gemm,primary,krea2_q,4352,6144,6144,bf16,27,19.113800000,19.322200000,1.090312
ordinary_gemm,primary,krea2_q,4352,6144,6144,bf16,28,19.075600000,19.499400000,2.221686
ordinary_gemm,primary,krea2_q,4352,6144,6144,bf16,29,19.153000000,19.448200000,1.541273
ordinary_gemm,primary,krea2_q,4352,6144,6144,bf16,30,19.577600000,18.877600000,-3.575515
hadamard_gemm,primary,krea2_q,4352,6144,6144,bf16,0,19.454800000,19.239600000,-1.106154
hadamard_gemm,primary,krea2_q,4352,6144,6144,bf16,1,19.415600000,18.991800000,-2.182781
hadamard_gemm,primary,krea2_q,4352,6144,6144,bf16,2,19.039200000,19.198000000,0.834069
hadamard_gemm,primary,krea2_q,4352,6144,6144,bf16,3,19.443600000,19.175400000,-1.379374
hadamard_gemm,primary,krea2_q,4352,6144,6144,bf16,4,19.085800000,19.244400000,0.830984
hadamard_gemm,primary,krea2_q,4352,6144,6144,bf16,5,19.359800000,19.266600000,-0.481410
hadamard_gemm,primary,krea2_q,4352,6144,6144,bf16,6,19.032200000,19.238600000,1.084478
hadamard_gemm,primary,krea2_q,4352,6144,6144,bf16,7,18.854600000,19.254800000,2.122559
hadamard_gemm,primary,krea2_q,4352,6144,6144,bf16,8,19.287200000,19.167000000,-0.623211
hadamard_gemm,primary,krea2_q,4352,6144,6144,bf16,9,19.462800000,19.304200000,-0.814888
hadamard_gemm,primary,krea2_q,4352,6144,6144,bf16,10,19.402800000,19.284200000,-0.611252
hadamard_gemm,primary,krea2_q,4352,6144,6144,bf16,11,18.764000000,19.859400000,5.837774
hadamard_gemm,primary,krea2_q,4352,6144,6144,bf16,12,19.510600000,19.379400000,-0.672455
hadamard_gemm,primary,krea2_q,4352,6144,6144,bf16,13,18.816400000,19.276600000,2.445739
hadamard_gemm,primary,krea2_q,4352,6144,6144,bf16,14,19.374200000,19.171400000,-1.046753
ordinary_gemm,primary,krea2_kv,4352,1536,6144,bf16,0,5.594200000,5.712200000,2.109328
ordinary_gemm,primary,krea2_kv,4352,1536,6144,bf16,1,5.592200000,5.813600000,3.959086
ordinary_gemm,primary,krea2_kv,4352,1536,6144,bf16,2,5.564800000,5.505400000,-1.067424
ordinary_gemm,primary,krea2_kv,4352,1536,6144,bf16,3,5.544800000,5.998600000,8.184245
ordinary_gemm,primary,krea2_kv,4352,1536,6144,bf16,4,5.616600000,6.242200000,11.138411
ordinary_gemm,primary,krea2_kv,4352,1536,6144,bf16,5,6.549000000,5.843200000,-10.777218
ordinary_gemm,primary,krea2_kv,4352,1536,6144,bf16,6,5.685800000,5.559600000,-2.219565
ordinary_gemm,primary,krea2_kv,4352,1536,6144,bf16,7,5.607600000,5.861800000,4.533134
ordinary_gemm,primary,krea2_kv,4352,1536,6144,bf16,8,5.639600000,6.203400000,9.997163
ordinary_gemm,primary,krea2_kv,4352,1536,6144,bf16,9,5.387200000,5.801200000,7.684883
ordinary_gemm,primary,krea2_kv,4352,1536,6144,bf16,10,5.486800000,5.948000000,8.405628
ordinary_gemm,primary,krea2_kv,4352,1536,6144,bf16,11,6.636400000,5.479800000,-17.428124
ordinary_gemm,primary,krea2_kv,4352,1536,6144,bf16,12,5.729200000,5.490400000,-4.168121
ordinary_gemm,primary,krea2_kv,4352,1536,6144,bf16,13,6.454000000,5.522800000,-14.428262
ordinary_gemm,primary,krea2_kv,4352,1536,6144,bf16,14,5.517800000,6.257400000,13.403893
ordinary_gemm,primary,krea2_kv,4352,1536,6144,bf16,15,6.022400000,5.312200000,-11.792641
ordinary_gemm,primary,krea2_kv,4352,1536,6144,bf16,16,5.901200000,5.458600000,-7.500169
ordinary_gemm,primary,krea2_kv,4352,1536,6144,bf16,17,6.426200000,5.225400000,-18.686004
ordinary_gemm,primary,krea2_kv,4352,1536,6144,bf16,18,5.595000000,5.385600000,-3.742627
ordinary_gemm,primary,krea2_kv,4352,1536,6144,bf16,19,5.890800000,5.996400000,1.792626
ordinary_gemm,primary,krea2_kv,4352,1536,6144,bf16,20,7.337400000,5.443000000,-25.818410
ordinary_gemm,primary,krea2_kv,4352,1536,6144,bf16,21,6.416000000,5.279600000,-17.711970
ordinary_gemm,primary,krea2_kv,4352,1536,6144,bf16,22,5.551400000,5.383000000,-3.033469
ordinary_gemm,primary,krea2_kv,4352,1536,6144,bf16,23,5.874400000,5.907800000,0.568569
ordinary_gemm,primary,krea2_kv,4352,1536,6144,bf16,24,5.580000000,5.428400000,-2.716846
ordinary_gemm,primary,krea2_kv,4352,1536,6144,bf16,25,5.580000000,5.952600000,6.677419
ordinary_gemm,primary,krea2_kv,4352,1536,6144,bf16,26,6.652400000,5.291600000,-20.455775
ordinary_gemm,primary,krea2_kv,4352,1536,6144,bf16,27,5.873000000,5.641600000,-3.940065
ordinary_gemm,primary,krea2_kv,4352,1536,6144,bf16,28,5.579600000,5.532400000,-0.845939
ordinary_gemm,primary,krea2_kv,4352,1536,6144,bf16,29,5.406600000,6.305600000,16.627825
ordinary_gemm,primary,krea2_kv,4352,1536,6144,bf16,30,5.554200000,5.962800000,7.356595
hadamard_gemm,primary,krea2_kv,4352,1536,6144,bf16,0,5.563200000,5.609000000,0.823267
hadamard_gemm,primary,krea2_kv,4352,1536,6144,bf16,1,5.508200000,6.729600000,22.174213
hadamard_gemm,primary,krea2_kv,4352,1536,6144,bf16,2,6.302800000,5.346800000,-15.167862
hadamard_gemm,primary,krea2_kv,4352,1536,6144,bf16,3,5.603800000,6.550000000,16.884971
hadamard_gemm,primary,krea2_kv,4352,1536,6144,bf16,4,5.592200000,6.308400000,12.807124
hadamard_gemm,primary,krea2_kv,4352,1536,6144,bf16,5,6.319200000,5.423200000,-14.179010
hadamard_gemm,primary,krea2_kv,4352,1536,6144,bf16,6,5.451600000,5.459400000,0.143077
hadamard_gemm,primary,krea2_kv,4352,1536,6144,bf16,7,5.728000000,5.837600000,1.913408
hadamard_gemm,primary,krea2_kv,4352,1536,6144,bf16,8,5.612400000,6.619400000,17.942413
hadamard_gemm,primary,krea2_kv,4352,1536,6144,bf16,9,5.402400000,5.468800000,1.229083
hadamard_gemm,primary,krea2_kv,4352,1536,6144,bf16,10,6.034400000,5.603600000,-7.139069
hadamard_gemm,primary,krea2_kv,4352,1536,6144,bf16,11,5.478400000,6.507400000,18.782856
hadamard_gemm,primary,krea2_kv,4352,1536,6144,bf16,12,6.180400000,5.425200000,-12.219274
hadamard_gemm,primary,krea2_kv,4352,1536,6144,bf16,13,6.236000000,5.469000000,-12.299551
hadamard_gemm,primary,krea2_kv,4352,1536,6144,bf16,14,5.368400000,6.069000000,13.050443
ordinary_gemm,primary,krea2_ffn_up,4352,16384,6144,bf16,0,49.062200000,48.608400000,-0.924948
ordinary_gemm,primary,krea2_ffn_up,4352,16384,6144,bf16,1,48.956000000,48.610000000,-0.706757
ordinary_gemm,primary,krea2_ffn_up,4352,16384,6144,bf16,2,49.002800000,48.595600000,-0.830973
ordinary_gemm,primary,krea2_ffn_up,4352,16384,6144,bf16,3,48.901800000,48.553600000,-0.712039
ordinary_gemm,primary,krea2_ffn_up,4352,16384,6144,bf16,4,48.742600000,48.514200000,-0.468584
ordinary_gemm,primary,krea2_ffn_up,4352,16384,6144,bf16,5,49.014600000,48.597600000,-0.850767
ordinary_gemm,primary,krea2_ffn_up,4352,16384,6144,bf16,6,48.866000000,48.241800000,-1.277371
ordinary_gemm,primary,krea2_ffn_up,4352,16384,6144,bf16,7,48.746200000,48.455600000,-0.596149
ordinary_gemm,primary,krea2_ffn_up,4352,16384,6144,bf16,8,48.781000000,48.579600000,-0.412866
ordinary_gemm,primary,krea2_ffn_up,4352,16384,6144,bf16,9,49.059400000,48.690000000,-0.752965
ordinary_gemm,primary,krea2_ffn_up,4352,16384,6144,bf16,10,48.973800000,48.446600000,-1.076494
ordinary_gemm,primary,krea2_ffn_up,4352,16384,6144,bf16,11,48.974000000,48.570400000,-0.824111
ordinary_gemm,primary,krea2_ffn_up,4352,16384,6144,bf16,12,48.918600000,48.503600000,-0.848348
ordinary_gemm,primary,krea2_ffn_up,4352,16384,6144,bf16,13,48.820800000,48.540800000,-0.573526
ordinary_gemm,primary,krea2_ffn_up,4352,16384,6144,bf16,14,48.863200000,48.286400000,-1.180438
ordinary_gemm,primary,krea2_ffn_up,4352,16384,6144,bf16,15,48.913600000,48.575600000,-0.691014
ordinary_gemm,primary,krea2_ffn_up,4352,16384,6144,bf16,16,48.931600000,48.632800000,-0.610648
ordinary_gemm,primary,krea2_ffn_up,4352,16384,6144,bf16,17,48.931200000,48.572000000,-0.734092
ordinary_gemm,primary,krea2_ffn_up,4352,16384,6144,bf16,18,48.585400000,48.430600000,-0.318614
ordinary_gemm,primary,krea2_ffn_up,4352,16384,6144,bf16,19,48.967200000,48.516200000,-0.921025
ordinary_gemm,primary,krea2_ffn_up,4352,16384,6144,bf16,20,49.011200000,48.648600000,-0.739831
ordinary_gemm,primary,krea2_ffn_up,4352,16384,6144,bf16,21,48.958600000,48.694400000,-0.539640
ordinary_gemm,primary,krea2_ffn_up,4352,16384,6144,bf16,22,48.922800000,48.577400000,-0.706010
ordinary_gemm,primary,krea2_ffn_up,4352,16384,6144,bf16,23,48.974800000,48.604200000,-0.756716
ordinary_gemm,primary,krea2_ffn_up,4352,16384,6144,bf16,24,48.975600000,48.565200000,-0.837968
ordinary_gemm,primary,krea2_ffn_up,4352,16384,6144,bf16,25,48.922600000,48.480400000,-0.903877
ordinary_gemm,primary,krea2_ffn_up,4352,16384,6144,bf16,26,48.972000000,48.459000000,-1.047537
ordinary_gemm,primary,krea2_ffn_up,4352,16384,6144,bf16,27,48.972200000,48.439600000,-1.087556
ordinary_gemm,primary,krea2_ffn_up,4352,16384,6144,bf16,28,48.968000000,48.594800000,-0.762130
ordinary_gemm,primary,krea2_ffn_up,4352,16384,6144,bf16,29,48.919800000,48.569200000,-0.716683
ordinary_gemm,primary,krea2_ffn_up,4352,16384,6144,bf16,30,48.696000000,48.544800000,-0.310498
hadamard_gemm,primary,krea2_ffn_up,4352,16384,6144,bf16,0,48.676200000,49.214400000,1.105674
hadamard_gemm,primary,krea2_ffn_up,4352,16384,6144,bf16,1,48.614800000,49.153400000,1.107893
hadamard_gemm,primary,krea2_ffn_up,4352,16384,6144,bf16,2,48.673400000,49.250000000,1.184631
hadamard_gemm,primary,krea2_ffn_up,4352,16384,6144,bf16,3,48.620200000,49.142000000,1.073216
hadamard_gemm,primary,krea2_ffn_up,4352,16384,6144,bf16,4,44.950000000,45.609400000,1.466963
hadamard_gemm,primary,krea2_ffn_up,4352,16384,6144,bf16,5,48.714400000,48.871800000,0.323108
hadamard_gemm,primary,krea2_ffn_up,4352,16384,6144,bf16,6,48.628000000,49.188000000,1.151600
hadamard_gemm,primary,krea2_ffn_up,4352,16384,6144,bf16,7,48.695400000,49.100200000,0.831290
hadamard_gemm,primary,krea2_ffn_up,4352,16384,6144,bf16,8,48.678000000,49.209600000,1.092074
hadamard_gemm,primary,krea2_ffn_up,4352,16384,6144,bf16,9,48.744000000,49.151400000,0.835795
hadamard_gemm,primary,krea2_ffn_up,4352,16384,6144,bf16,10,48.601200000,49.152400000,1.134128
hadamard_gemm,primary,krea2_ffn_up,4352,16384,6144,bf16,11,48.587000000,49.196200000,1.253833
hadamard_gemm,primary,krea2_ffn_up,4352,16384,6144,bf16,12,48.572600000,49.197800000,1.287145
hadamard_gemm,primary,krea2_ffn_up,4352,16384,6144,bf16,13,48.690400000,49.156000000,0.956246
hadamard_gemm,primary,krea2_ffn_up,4352,16384,6144,bf16,14,48.558600000,49.136400000,1.189903
ordinary_gemm,primary,krea2_ffn_down,4352,6144,16384,bf16,0,55.110200000,55.222000000,0.202866
ordinary_gemm,primary,krea2_ffn_down,4352,6144,16384,bf16,1,55.175400000,55.364800000,0.343269
ordinary_gemm,primary,krea2_ffn_down,4352,6144,16384,bf16,2,54.693400000,55.435600000,1.357019
ordinary_gemm,primary,krea2_ffn_down,4352,6144,16384,bf16,3,55.169400000,55.468200000,0.541605
ordinary_gemm,primary,krea2_ffn_down,4352,6144,16384,bf16,4,55.194600000,55.260800000,0.119939
ordinary_gemm,primary,krea2_ffn_down,4352,6144,16384,bf16,5,55.086000000,55.336000000,0.453836
ordinary_gemm,primary,krea2_ffn_down,4352,6144,16384,bf16,6,55.129800000,55.403000000,0.495558
ordinary_gemm,primary,krea2_ffn_down,4352,6144,16384,bf16,7,54.810000000,55.432600000,1.135924
ordinary_gemm,primary,krea2_ffn_down,4352,6144,16384,bf16,8,55.114800000,55.252000000,0.248935
ordinary_gemm,primary,krea2_ffn_down,4352,6144,16384,bf16,9,55.178400000,55.360400000,0.329839
ordinary_gemm,primary,krea2_ffn_down,4352,6144,16384,bf16,10,55.072600000,55.056800000,-0.028689
ordinary_gemm,primary,krea2_ffn_down,4352,6144,16384,bf16,11,54.979000000,55.122200000,0.260463
ordinary_gemm,primary,krea2_ffn_down,4352,6144,16384,bf16,12,54.558000000,55.230400000,1.232450
ordinary_gemm,primary,krea2_ffn_down,4352,6144,16384,bf16,13,54.738600000,55.519000000,1.425685
ordinary_gemm,primary,krea2_ffn_down,4352,6144,16384,bf16,14,55.227400000,55.331200000,0.187950
ordinary_gemm,primary,krea2_ffn_down,4352,6144,16384,bf16,15,55.158600000,55.446800000,0.522493
ordinary_gemm,primary,krea2_ffn_down,4352,6144,16384,bf16,16,55.136200000,55.500000000,0.659821
ordinary_gemm,primary,krea2_ffn_down,4352,6144,16384,bf16,17,54.744000000,55.625000000,1.609309
ordinary_gemm,primary,krea2_ffn_down,4352,6144,16384,bf16,18,54.492600000,54.481200000,-0.020920
ordinary_gemm,primary,krea2_ffn_down,4352,6144,16384,bf16,19,55.136200000,55.514000000,0.685212
ordinary_gemm,primary,krea2_ffn_down,4352,6144,16384,bf16,20,55.134600000,55.000800000,-0.242679
ordinary_gemm,primary,krea2_ffn_down,4352,6144,16384,bf16,21,55.102800000,55.328000000,0.408691
ordinary_gemm,primary,krea2_ffn_down,4352,6144,16384,bf16,22,55.133400000,55.417800000,0.515840
ordinary_gemm,primary,krea2_ffn_down,4352,6144,16384,bf16,23,55.263400000,55.414400000,0.273237
ordinary_gemm,primary,krea2_ffn_down,4352,6144,16384,bf16,24,55.009400000,54.446600000,-1.023098
ordinary_gemm,primary,krea2_ffn_down,4352,6144,16384,bf16,25,54.955400000,55.244200000,0.525517
ordinary_gemm,primary,krea2_ffn_down,4352,6144,16384,bf16,26,55.231000000,55.356400000,0.227046
ordinary_gemm,primary,krea2_ffn_down,4352,6144,16384,bf16,27,55.230200000,55.447200000,0.392901
ordinary_gemm,primary,krea2_ffn_down,4352,6144,16384,bf16,28,55.097600000,55.436600000,0.615272
ordinary_gemm,primary,krea2_ffn_down,4352,6144,16384,bf16,29,55.082000000,55.527200000,0.808250
ordinary_gemm,primary,krea2_ffn_down,4352,6144,16384,bf16,30,55.092000000,55.484200000,0.711900
hadamard_gemm,primary,krea2_ffn_down,4352,6144,16384,bf16,0,49.191400000,50.878000000,3.428648
hadamard_gemm,primary,krea2_ffn_down,4352,6144,16384,bf16,1,54.470000000,53.522600000,-1.739306
hadamard_gemm,primary,krea2_ffn_down,4352,6144,16384,bf16,2,55.180600000,53.805600000,-2.491818
hadamard_gemm,primary,krea2_ffn_down,4352,6144,16384,bf16,3,49.935200000,49.654000000,-0.563130
hadamard_gemm,primary,krea2_ffn_down,4352,6144,16384,bf16,4,51.089600000,52.316800000,2.402054
hadamard_gemm,primary,krea2_ffn_down,4352,6144,16384,bf16,5,50.124200000,49.719000000,-0.808392
hadamard_gemm,primary,krea2_ffn_down,4352,6144,16384,bf16,6,51.189800000,52.492200000,2.544257
hadamard_gemm,primary,krea2_ffn_down,4352,6144,16384,bf16,7,49.924800000,49.850400000,-0.149024
hadamard_gemm,primary,krea2_ffn_down,4352,6144,16384,bf16,8,50.972600000,52.473600000,2.944719
hadamard_gemm,primary,krea2_ffn_down,4352,6144,16384,bf16,9,50.030000000,49.690800000,-0.677993
hadamard_gemm,primary,krea2_ffn_down,4352,6144,16384,bf16,10,51.238600000,52.297400000,2.066411
hadamard_gemm,primary,krea2_ffn_down,4352,6144,16384,bf16,11,49.982000000,49.849000000,-0.266096
hadamard_gemm,primary,krea2_ffn_down,4352,6144,16384,bf16,12,51.116800000,52.260400000,2.237229
hadamard_gemm,primary,krea2_ffn_down,4352,6144,16384,bf16,13,49.750800000,50.054000000,0.609437
hadamard_gemm,primary,krea2_ffn_down,4352,6144,16384,bf16,14,51.091000000,56.697000000,10.972578
ordinary_gemm,confirmation,krea2_ffn_down,4352,6144,16384,bf16,0,55.553600000,55.515300000,-0.068942
ordinary_gemm,confirmation,krea2_ffn_down,4352,6144,16384,bf16,1,55.515800000,55.500300000,-0.027920
ordinary_gemm,confirmation,krea2_ffn_down,4352,6144,16384,bf16,2,53.277300000,55.939600000,4.997063
ordinary_gemm,confirmation,krea2_ffn_down,4352,6144,16384,bf16,3,55.465800000,55.384700000,-0.146216
ordinary_gemm,confirmation,krea2_ffn_down,4352,6144,16384,bf16,4,55.417200000,55.457700000,0.073082
ordinary_gemm,confirmation,krea2_ffn_down,4352,6144,16384,bf16,5,55.543000000,55.148400000,-0.710441
ordinary_gemm,confirmation,krea2_ffn_down,4352,6144,16384,bf16,6,55.544300000,55.469500000,-0.134667
ordinary_gemm,confirmation,krea2_ffn_down,4352,6144,16384,bf16,7,55.663200000,55.054400000,-1.093721
ordinary_gemm,confirmation,krea2_ffn_down,4352,6144,16384,bf16,8,55.053500000,55.329600000,0.501512
ordinary_gemm,confirmation,krea2_ffn_down,4352,6144,16384,bf16,9,55.523400000,55.171500000,-0.633787
ordinary_gemm,confirmation,krea2_ffn_down,4352,6144,16384,bf16,10,55.530100000,55.252700000,-0.499549
ordinary_gemm,confirmation,krea2_ffn_down,4352,6144,16384,bf16,11,55.426700000,55.367000000,-0.107710
ordinary_gemm,confirmation,krea2_ffn_down,4352,6144,16384,bf16,12,55.138700000,55.550100000,0.746118
ordinary_gemm,confirmation,krea2_ffn_down,4352,6144,16384,bf16,13,55.424700000,55.327800000,-0.174832
ordinary_gemm,confirmation,krea2_ffn_down,4352,6144,16384,bf16,14,55.467500000,55.385000000,-0.148736
ordinary_gemm,confirmation,krea2_ffn_down,4352,6144,16384,bf16,15,55.288600000,55.428000000,0.252132
ordinary_gemm,confirmation,krea2_ffn_down,4352,6144,16384,bf16,16,55.396800000,55.500800000,0.187736
ordinary_gemm,confirmation,krea2_ffn_down,4352,6144,16384,bf16,17,55.577400000,55.371200000,-0.371014
ordinary_gemm,confirmation,krea2_ffn_down,4352,6144,16384,bf16,18,55.474300000,55.523900000,0.089411
ordinary_gemm,confirmation,krea2_ffn_down,4352,6144,16384,bf16,19,55.506800000,55.457000000,-0.089719
ordinary_gemm,confirmation,krea2_ffn_down,4352,6144,16384,bf16,20,55.393100000,55.406200000,0.023649
ordinary_gemm,confirmation,krea2_ffn_down,4352,6144,16384,bf16,21,55.384000000,55.441300000,0.103459
ordinary_gemm,confirmation,krea2_ffn_down,4352,6144,16384,bf16,22,55.389100000,55.492000000,0.185777
ordinary_gemm,confirmation,krea2_ffn_down,4352,6144,16384,bf16,23,55.213500000,55.304500000,0.164815
ordinary_gemm,confirmation,krea2_ffn_down,4352,6144,16384,bf16,24,55.468800000,55.247500000,-0.398963
ordinary_gemm,confirmation,krea2_ffn_down,4352,6144,16384,bf16,25,55.432400000,55.460800000,0.051234
ordinary_gemm,confirmation,krea2_ffn_down,4352,6144,16384,bf16,26,55.400600000,55.522400000,0.219853
ordinary_gemm,confirmation,krea2_ffn_down,4352,6144,16384,bf16,27,55.514500000,55.331800000,-0.329103
ordinary_gemm,confirmation,krea2_ffn_down,4352,6144,16384,bf16,28,55.436400000,55.275600000,-0.290062
ordinary_gemm,confirmation,krea2_ffn_down,4352,6144,16384,bf16,29,55.582600000,55.329100000,-0.456078
ordinary_gemm,confirmation,krea2_ffn_down,4352,6144,16384,bf16,30,55.417400000,55.190400000,-0.409619
ordinary_gemm,confirmation,krea2_ffn_down,4352,6144,16384,bf16,31,55.080300000,55.138800000,0.106209
ordinary_gemm,confirmation,krea2_ffn_down,4352,6144,16384,bf16,32,55.419900000,55.408000000,-0.021472
ordinary_gemm,confirmation,krea2_ffn_down,4352,6144,16384,bf16,33,55.177800000,55.076700000,-0.183226
ordinary_gemm,confirmation,krea2_ffn_down,4352,6144,16384,bf16,34,55.401400000,55.421200000,0.035739
ordinary_gemm,confirmation,krea2_ffn_down,4352,6144,16384,bf16,35,55.364300000,55.408500000,0.079835
ordinary_gemm,confirmation,krea2_ffn_down,4352,6144,16384,bf16,36,55.111700000,55.284000000,0.312638
ordinary_gemm,confirmation,krea2_ffn_down,4352,6144,16384,bf16,37,55.476500000,55.329900000,-0.264256
ordinary_gemm,confirmation,krea2_ffn_down,4352,6144,16384,bf16,38,55.385400000,55.162200000,-0.402994
ordinary_gemm,confirmation,krea2_ffn_down,4352,6144,16384,bf16,39,55.131800000,54.976400000,-0.281870
ordinary_gemm,confirmation,krea2_ffn_down,4352,6144,16384,bf16,40,55.361900000,55.309900000,-0.093927
ordinary_gemm,confirmation,krea2_ffn_down,4352,6144,16384,bf16,41,55.544900000,55.293000000,-0.453507
ordinary_gemm,confirmation,krea2_ffn_down,4352,6144,16384,bf16,42,55.042700000,54.962700000,-0.145342
ordinary_gemm,confirmation,krea2_ffn_down,4352,6144,16384,bf16,43,55.390300000,55.268300000,-0.220255
ordinary_gemm,confirmation,krea2_ffn_down,4352,6144,16384,bf16,44,55.313300000,55.449900000,0.246957
ordinary_gemm,confirmation,krea2_ffn_down,4352,6144,16384,bf16,45,55.399200000,55.306700000,-0.166970
ordinary_gemm,confirmation,krea2_ffn_down,4352,6144,16384,bf16,46,55.121600000,55.357900000,0.428689
ordinary_gemm,confirmation,krea2_ffn_down,4352,6144,16384,bf16,47,55.552100000,55.326000000,-0.407005
ordinary_gemm,confirmation,krea2_ffn_down,4352,6144,16384,bf16,48,55.431700000,54.988700000,-0.799182
ordinary_gemm,confirmation,krea2_ffn_down,4352,6144,16384,bf16,49,55.470300000,55.239300000,-0.416439
ordinary_gemm,confirmation,krea2_ffn_down,4352,6144,16384,bf16,50,55.025700000,55.284800000,0.470871
ordinary_gemm,confirmation,h3_4k_ffn_down,4096,5376,14336,bf16,0,41.099900000,41.320000000,0.535524
ordinary_gemm,confirmation,h3_4k_ffn_down,4096,5376,14336,bf16,1,41.238600000,41.491800000,0.613988
ordinary_gemm,confirmation,h3_4k_ffn_down,4096,5376,14336,bf16,2,41.407300000,41.462500000,0.133310
ordinary_gemm,confirmation,h3_4k_ffn_down,4096,5376,14336,bf16,3,41.362100000,41.351100000,-0.026594
ordinary_gemm,confirmation,h3_4k_ffn_down,4096,5376,14336,bf16,4,41.402200000,41.460600000,0.141055
ordinary_gemm,confirmation,h3_4k_ffn_down,4096,5376,14336,bf16,5,41.396700000,41.250200000,-0.353893
ordinary_gemm,confirmation,h3_4k_ffn_down,4096,5376,14336,bf16,6,41.329500000,41.407200000,0.188001
ordinary_gemm,confirmation,h3_4k_ffn_down,4096,5376,14336,bf16,7,41.342300000,41.255500000,-0.209954
ordinary_gemm,confirmation,h3_4k_ffn_down,4096,5376,14336,bf16,8,41.165800000,41.308600000,0.346890
ordinary_gemm,confirmation,h3_4k_ffn_down,4096,5376,14336,bf16,9,41.373900000,41.335100000,-0.093779
ordinary_gemm,confirmation,h3_4k_ffn_down,4096,5376,14336,bf16,10,41.459900000,41.439600000,-0.048963
ordinary_gemm,confirmation,h3_4k_ffn_down,4096,5376,14336,bf16,11,41.293900000,41.457900000,0.397153
ordinary_gemm,confirmation,h3_4k_ffn_down,4096,5376,14336,bf16,12,41.055600000,41.342800000,0.699539
ordinary_gemm,confirmation,h3_4k_ffn_down,4096,5376,14336,bf16,13,41.344200000,41.421500000,0.186967
ordinary_gemm,confirmation,h3_4k_ffn_down,4096,5376,14336,bf16,14,41.373500000,41.364900000,-0.020786
ordinary_gemm,confirmation,h3_4k_ffn_down,4096,5376,14336,bf16,15,41.377300000,41.399600000,0.053894
ordinary_gemm,confirmation,h3_4k_ffn_down,4096,5376,14336,bf16,16,41.156000000,41.374000000,0.529692
ordinary_gemm,confirmation,h3_4k_ffn_down,4096,5376,14336,bf16,17,41.311200000,41.531400000,0.533027
ordinary_gemm,confirmation,h3_4k_ffn_down,4096,5376,14336,bf16,18,41.350100000,41.436700000,0.209431
ordinary_gemm,confirmation,h3_4k_ffn_down,4096,5376,14336,bf16,19,41.330500000,41.285100000,-0.109846
ordinary_gemm,confirmation,h3_4k_ffn_down,4096,5376,14336,bf16,20,41.292500000,41.364400000,0.174124
ordinary_gemm,confirmation,h3_4k_ffn_down,4096,5376,14336,bf16,21,41.489700000,41.323400000,-0.400822
ordinary_gemm,confirmation,h3_4k_ffn_down,4096,5376,14336,bf16,22,41.319600000,41.084600000,-0.568737
ordinary_gemm,confirmation,h3_4k_ffn_down,4096,5376,14336,bf16,23,41.123700000,41.422200000,0.725859
ordinary_gemm,confirmation,h3_4k_ffn_down,4096,5376,14336,bf16,24,41.356700000,41.466800000,0.266220
ordinary_gemm,confirmation,h3_4k_ffn_down,4096,5376,14336,bf16,25,41.345900000,41.276800000,-0.167127
ordinary_gemm,confirmation,h3_4k_ffn_down,4096,5376,14336,bf16,26,41.220800000,41.436100000,0.522309
ordinary_gemm,confirmation,h3_4k_ffn_down,4096,5376,14336,bf16,27,41.301100000,41.434800000,0.323720
ordinary_gemm,confirmation,h3_4k_ffn_down,4096,5376,14336,bf16,28,41.405100000,41.467700000,0.151189
ordinary_gemm,confirmation,h3_4k_ffn_down,4096,5376,14336,bf16,29,41.353000000,41.542200000,0.457524
ordinary_gemm,confirmation,h3_4k_ffn_down,4096,5376,14336,bf16,30,41.342000000,41.427400000,0.206570
ordinary_gemm,confirmation,h3_4k_ffn_down,4096,5376,14336,bf16,31,40.972800000,41.304200000,0.808829
ordinary_gemm,confirmation,h3_4k_ffn_down,4096,5376,14336,bf16,32,41.389000000,41.489500000,0.242818
ordinary_gemm,confirmation,h3_4k_ffn_down,4096,5376,14336,bf16,33,41.382300000,41.208400000,-0.420228
ordinary_gemm,confirmation,h3_4k_ffn_down,4096,5376,14336,bf16,34,41.230100000,41.297400000,0.163230
ordinary_gemm,confirmation,h3_4k_ffn_down,4096,5376,14336,bf16,35,41.345100000,41.401900000,0.137380
ordinary_gemm,confirmation,h3_4k_ffn_down,4096,5376,14336,bf16,36,41.345000000,41.123700000,-0.535252
ordinary_gemm,confirmation,h3_4k_ffn_down,4096,5376,14336,bf16,37,41.238200000,41.392000000,0.372955
ordinary_gemm,confirmation,h3_4k_ffn_down,4096,5376,14336,bf16,38,41.311200000,41.366500000,0.133862
ordinary_gemm,confirmation,h3_4k_ffn_down,4096,5376,14336,bf16,39,41.358100000,41.203200000,-0.374534
ordinary_gemm,confirmation,h3_4k_ffn_down,4096,5376,14336,bf16,40,41.310400000,41.497200000,0.452186
ordinary_gemm,confirmation,h3_4k_ffn_down,4096,5376,14336,bf16,41,41.155500000,40.764000000,-0.951270
ordinary_gemm,confirmation,h3_4k_ffn_down,4096,5376,14336,bf16,42,41.362900000,41.438300000,0.182289
ordinary_gemm,confirmation,h3_4k_ffn_down,4096,5376,14336,bf16,43,41.397000000,41.253000000,-0.347851
ordinary_gemm,confirmation,h3_4k_ffn_down,4096,5376,14336,bf16,44,41.211100000,41.372100000,0.390671
ordinary_gemm,confirmation,h3_4k_ffn_down,4096,5376,14336,bf16,45,41.351500000,41.385400000,0.081980
ordinary_gemm,confirmation,h3_4k_ffn_down,4096,5376,14336,bf16,46,41.308900000,41.374100000,0.157835
ordinary_gemm,confirmation,h3_4k_ffn_down,4096,5376,14336,bf16,47,41.342800000,41.421500000,0.190360
ordinary_gemm,confirmation,h3_4k_ffn_down,4096,5376,14336,bf16,48,41.310900000,40.642100000,-1.618943
ordinary_gemm,confirmation,h3_4k_ffn_down,4096,5376,14336,bf16,49,41.254000000,41.348300000,0.228584
ordinary_gemm,confirmation,h3_4k_ffn_down,4096,5376,14336,bf16,50,41.369100000,41.258500000,-0.267349
hadamard_gemm,confirmation,krea2_kv,4352,1536,6144,bf16,0,5.998000000,5.994600000,-0.056686
hadamard_gemm,confirmation,krea2_kv,4352,1536,6144,bf16,1,5.770350000,5.845800000,1.307546
hadamard_gemm,confirmation,krea2_kv,4352,1536,6144,bf16,2,5.768400000,5.838150000,1.209174
hadamard_gemm,confirmation,krea2_kv,4352,1536,6144,bf16,3,5.945800000,5.958050000,0.206028
hadamard_gemm,confirmation,krea2_kv,4352,1536,6144,bf16,4,5.831750000,6.048850000,3.722725
hadamard_gemm,confirmation,krea2_kv,4352,1536,6144,bf16,5,5.771100000,5.664250000,-1.851467
hadamard_gemm,confirmation,krea2_kv,4352,1536,6144,bf16,6,5.735950000,6.121900000,6.728615
hadamard_gemm,confirmation,krea2_kv,4352,1536,6144,bf16,7,5.832500000,5.690400000,-2.436348
hadamard_gemm,confirmation,krea2_kv,4352,1536,6144,bf16,8,5.943750000,5.970900000,0.456782
hadamard_gemm,confirmation,krea2_kv,4352,1536,6144,bf16,9,5.741800000,5.959150000,3.785398
hadamard_gemm,confirmation,krea2_kv,4352,1536,6144,bf16,10,5.811600000,5.869350000,0.993702
hadamard_gemm,confirmation,krea2_kv,4352,1536,6144,bf16,11,5.752850000,5.861050000,1.880807
hadamard_gemm,confirmation,krea2_kv,4352,1536,6144,bf16,12,5.722450000,7.463250000,30.420537
hadamard_gemm,confirmation,krea2_kv,4352,1536,6144,bf16,13,5.681500000,6.350850000,11.781220
hadamard_gemm,confirmation,krea2_kv,4352,1536,6144,bf16,14,5.682300000,5.944850000,4.620488
hadamard_gemm,confirmation,krea2_kv,4352,1536,6144,bf16,15,5.744650000,5.767950000,0.405595
hadamard_gemm,confirmation,krea2_kv,4352,1536,6144,bf16,16,5.747100000,5.918050000,2.974544
hadamard_gemm,confirmation,krea2_kv,4352,1536,6144,bf16,17,5.633050000,5.833500000,3.558463
hadamard_gemm,confirmation,krea2_kv,4352,1536,6144,bf16,18,5.778350000,5.592050000,-3.224104
hadamard_gemm,confirmation,krea2_kv,4352,1536,6144,bf16,19,5.496700000,6.355000000,15.614823
hadamard_gemm,confirmation,krea2_kv,4352,1536,6144,bf16,20,5.654400000,5.836150000,3.214311
hadamard_gemm,confirmation,krea2_kv,4352,1536,6144,bf16,21,5.775050000,6.093900000,5.521164
hadamard_gemm,confirmation,krea2_kv,4352,1536,6144,bf16,22,5.600250000,5.840100000,4.282845
hadamard_gemm,confirmation,krea2_kv,4352,1536,6144,bf16,23,5.583350000,5.912250000,5.890729
hadamard_gemm,confirmation,krea2_kv,4352,1536,6144,bf16,24,5.700300000,5.718550000,0.320159
hadamard_gemm,confirmation,krea2_kv,4352,1536,6144,bf16,25,5.743450000,5.756900000,0.234180
hadamard_gemm,confirmation,krea2_kv,4352,1536,6144,bf16,26,5.519750000,5.872000000,6.381630
hadamard_gemm,confirmation,krea2_kv,4352,1536,6144,bf16,27,5.719500000,5.619800000,-1.743159
hadamard_gemm,confirmation,krea2_kv,4352,1536,6144,bf16,28,5.601050000,5.791150000,3.394006
hadamard_gemm,confirmation,krea2_kv,4352,1536,6144,bf16,29,5.646400000,5.842850000,3.479208
hadamard_gemm,confirmation,krea2_kv,4352,1536,6144,bf16,30,5.717550000,6.085200000,6.430202
hadamard_gemm,confirmation,krea2_kv,4352,1536,6144,bf16,31,5.762250000,6.133450000,6.441928
hadamard_gemm,confirmation,krea2_kv,4352,1536,6144,bf16,32,5.704000000,5.847350000,2.513149
hadamard_gemm,confirmation,krea2_kv,4352,1536,6144,bf16,33,5.630700000,5.792400000,2.871757
hadamard_gemm,confirmation,krea2_kv,4352,1536,6144,bf16,34,5.728250000,5.802400000,1.294462
hadamard_gemm,confirmation,krea2_kv,4352,1536,6144,bf16,35,5.565550000,5.881700000,5.680481
hadamard_gemm,confirmation,krea2_kv,4352,1536,6144,bf16,36,5.986150000,5.864400000,-2.033861
hadamard_gemm,confirmation,krea2_kv,4352,1536,6144,bf16,37,5.748100000,5.769200000,0.367078
hadamard_gemm,confirmation,krea2_kv,4352,1536,6144,bf16,38,5.780950000,5.728600000,-0.905561
hadamard_gemm,confirmation,krea2_kv,4352,1536,6144,bf16,39,5.700900000,5.936750000,4.137066
hadamard_gemm,confirmation,krea2_kv,4352,1536,6144,bf16,40,5.956450000,6.099150000,2.395722
hadamard_gemm,confirmation,krea2_kv,4352,1536,6144,bf16,41,5.764000000,5.612600000,-2.626648
hadamard_gemm,confirmation,krea2_kv,4352,1536,6144,bf16,42,5.796100000,5.884400000,1.523438
hadamard_gemm,confirmation,krea2_kv,4352,1536,6144,bf16,43,5.455700000,5.865050000,7.503162
hadamard_gemm,confirmation,krea2_kv,4352,1536,6144,bf16,44,5.622850000,5.840550000,3.871702
hadamard_gemm,confirmation,krea2_kv,4352,1536,6144,bf16,45,5.769200000,5.826150000,0.987139
hadamard_gemm,confirmation,krea2_kv,4352,1536,6144,bf16,46,5.658250000,6.195950000,9.502938
hadamard_gemm,confirmation,krea2_kv,4352,1536,6144,bf16,47,5.738900000,5.914250000,3.055464
hadamard_gemm,confirmation,krea2_kv,4352,1536,6144,bf16,48,5.517200000,6.070500000,10.028638
hadamard_gemm,confirmation,krea2_kv,4352,1536,6144,bf16,49,5.715850000,5.892100000,3.083531
hadamard_gemm,confirmation,krea2_kv,4352,1536,6144,bf16,50,5.557350000,5.862050000,5.482829
hadamard_gemm,confirmation,krea2_kv,4352,1536,6144,bf16,51,5.687750000,5.654500000,-0.584590
hadamard_gemm,confirmation,krea2_kv,4352,1536,6144,bf16,52,5.921000000,5.618700000,-5.105556
hadamard_gemm,confirmation,krea2_kv,4352,1536,6144,bf16,53,5.713350000,6.083650000,6.481311
hadamard_gemm,confirmation,krea2_kv,4352,1536,6144,bf16,54,5.687300000,5.685550000,-0.030770
hadamard_gemm,confirmation,krea2_kv,4352,1536,6144,bf16,55,5.548800000,6.127350000,10.426579
hadamard_gemm,confirmation,krea2_kv,4352,1536,6144,bf16,56,5.785850000,5.682050000,-1.794032
hadamard_gemm,confirmation,krea2_kv,4352,1536,6144,bf16,57,5.712000000,5.653950000,-1.016282
hadamard_gemm,confirmation,krea2_kv,4352,1536,6144,bf16,58,5.672150000,5.792400000,2.120007
hadamard_gemm,confirmation,krea2_kv,4352,1536,6144,bf16,59,5.530500000,5.765200000,4.243739
hadamard_gemm,confirmation,krea2_kv,4352,1536,6144,bf16,60,5.788050000,5.753850000,-0.590873
hadamard_gemm,confirmation,krea2_kv,4352,1536,6144,bf16,61,5.637250000,5.632550000,-0.083374
hadamard_gemm,confirmation,krea2_kv,4352,1536,6144,bf16,62,5.727500000,5.802000000,1.300742
hadamard_gemm,confirmation,krea2_kv,4352,1536,6144,bf16,63,5.676500000,5.749750000,1.290408
hadamard_gemm,confirmation,krea2_kv,4352,1536,6144,bf16,64,5.594550000,5.594150000,-0.007150
hadamard_gemm,confirmation,krea2_kv,4352,1536,6144,bf16,65,5.665050000,6.008850000,6.068790
hadamard_gemm,confirmation,krea2_kv,4352,1536,6144,bf16,66,5.634800000,5.727350000,1.642472
hadamard_gemm,confirmation,krea2_kv,4352,1536,6144,bf16,67,5.635250000,5.772550000,2.436449
hadamard_gemm,confirmation,krea2_kv,4352,1536,6144,bf16,68,5.680150000,5.790750000,1.947132
hadamard_gemm,confirmation,krea2_kv,4352,1536,6144,bf16,69,5.746200000,5.806200000,1.044168
hadamard_gemm,confirmation,krea2_kv,4352,1536,6144,bf16,70,5.641250000,5.668700000,0.486594
hadamard_gemm,confirmation,krea2_kv,4352,1536,6144,bf16,71,5.646100000,5.683050000,0.654434
hadamard_gemm,confirmation,krea2_kv,4352,1536,6144,bf16,72,5.692050000,5.642750000,-0.866120
hadamard_gemm,confirmation,krea2_kv,4352,1536,6144,bf16,73,5.756800000,5.869550000,1.958553
hadamard_gemm,confirmation,krea2_kv,4352,1536,6144,bf16,74,5.787000000,5.808950000,0.379298
hadamard_gemm,confirmation,krea2_kv,4352,1536,6144,bf16,75,5.663500000,6.234850000,10.088285
hadamard_gemm,confirmation,krea2_kv,4352,1536,6144,bf16,76,5.858450000,5.684700000,-2.965802
hadamard_gemm,confirmation,krea2_kv,4352,1536,6144,bf16,77,5.720400000,5.826750000,1.859136
hadamard_gemm,confirmation,krea2_kv,4352,1536,6144,bf16,78,5.528600000,5.781550000,4.575299
hadamard_gemm,confirmation,krea2_kv,4352,1536,6144,bf16,79,5.631050000,5.631450000,0.007103
hadamard_gemm,confirmation,krea2_kv,4352,1536,6144,bf16,80,5.575550000,6.229800000,11.734268
hadamard_gemm,confirmation,krea2_kv,4352,1536,6144,bf16,81,5.758900000,5.677900000,-1.406519
hadamard_gemm,confirmation,krea2_kv,4352,1536,6144,bf16,82,5.618500000,5.838050000,3.907627
hadamard_gemm,confirmation,krea2_kv,4352,1536,6144,bf16,83,5.856450000,5.849650000,-0.116111
hadamard_gemm,confirmation,krea2_kv,4352,1536,6144,bf16,84,5.859600000,6.004900000,2.479691
hadamard_gemm,confirmation,krea2_kv,4352,1536,6144,bf16,85,5.766100000,5.715000000,-0.886214
hadamard_gemm,confirmation,krea2_kv,4352,1536,6144,bf16,86,5.687850000,5.824850000,2.408643
hadamard_gemm,confirmation,krea2_kv,4352,1536,6144,bf16,87,5.615050000,5.831150000,3.848585
hadamard_gemm,confirmation,krea2_kv,4352,1536,6144,bf16,88,5.572150000,5.873900000,5.415324
hadamard_gemm,confirmation,krea2_kv,4352,1536,6144,bf16,89,5.730550000,5.624100000,-1.857588
hadamard_gemm,confirmation,krea2_kv,4352,1536,6144,bf16,90,5.763350000,5.998150000,4.074019
hadamard_gemm,confirmation,krea2_kv,4352,1536,6144,bf16,91,5.653800000,5.664900000,0.196328
hadamard_gemm,confirmation,krea2_kv,4352,1536,6144,bf16,92,5.619250000,5.882150000,4.678560
hadamard_gemm,confirmation,krea2_kv,4352,1536,6144,bf16,93,5.880800000,5.923050000,0.718440
hadamard_gemm,confirmation,krea2_kv,4352,1536,6144,bf16,94,5.650900000,5.880650000,4.065724
hadamard_gemm,confirmation,krea2_kv,4352,1536,6144,bf16,95,5.879150000,5.791750000,-1.486609
hadamard_gemm,confirmation,krea2_kv,4352,1536,6144,bf16,96,5.666950000,5.800650000,2.359294
hadamard_gemm,confirmation,krea2_kv,4352,1536,6144,bf16,97,5.521400000,5.696550000,3.172203
hadamard_gemm,confirmation,krea2_kv,4352,1536,6144,bf16,98,5.928750000,5.627200000,-5.086232
hadamard_gemm,confirmation,krea2_kv,4352,1536,6144,bf16,99,5.535150000,5.827650000,5.284410
hadamard_gemm,confirmation,krea2_kv,4352,1536,6144,bf16,100,5.678100000,6.139150000,8.119794
hadamard_gemm,confirmation,qwen21_ffn_up,4096,12288,4096,bf16,0,22.156800000,22.596800000,1.985846
hadamard_gemm,confirmation,qwen21_ffn_up,4096,12288,4096,bf16,1,22.185600000,22.504600000,1.437870
hadamard_gemm,confirmation,qwen21_ffn_up,4096,12288,4096,bf16,2,22.380600000,22.194600000,-0.831077
hadamard_gemm,confirmation,qwen21_ffn_up,4096,12288,4096,bf16,3,22.170500000,22.665600000,2.233148
hadamard_gemm,confirmation,qwen21_ffn_up,4096,12288,4096,bf16,4,22.602300000,22.554800000,-0.210156
hadamard_gemm,confirmation,qwen21_ffn_up,4096,12288,4096,bf16,5,22.048500000,22.229500000,0.820918
hadamard_gemm,confirmation,qwen21_ffn_up,4096,12288,4096,bf16,6,21.987600000,22.256000000,1.220688
hadamard_gemm,confirmation,qwen21_ffn_up,4096,12288,4096,bf16,7,22.307000000,22.611800000,1.366387
hadamard_gemm,confirmation,qwen21_ffn_up,4096,12288,4096,bf16,8,22.082900000,22.902100000,3.709658
hadamard_gemm,confirmation,qwen21_ffn_up,4096,12288,4096,bf16,9,22.107500000,22.115500000,0.036187
hadamard_gemm,confirmation,qwen21_ffn_up,4096,12288,4096,bf16,10,22.354000000,22.240700000,-0.506844
hadamard_gemm,confirmation,qwen21_ffn_up,4096,12288,4096,bf16,11,22.434700000,22.839800000,1.805685
hadamard_gemm,confirmation,qwen21_ffn_up,4096,12288,4096,bf16,12,22.255800000,22.163500000,-0.414723
hadamard_gemm,confirmation,qwen21_ffn_up,4096,12288,4096,bf16,13,22.162900000,22.186600000,0.106935
hadamard_gemm,confirmation,qwen21_ffn_up,4096,12288,4096,bf16,14,21.872300000,22.906000000,4.726069
hadamard_gemm,confirmation,qwen21_ffn_up,4096,12288,4096,bf16,15,22.051800000,22.482400000,1.952675
hadamard_gemm,confirmation,qwen21_ffn_up,4096,12288,4096,bf16,16,22.253200000,22.380100000,0.570255
hadamard_gemm,confirmation,qwen21_ffn_up,4096,12288,4096,bf16,17,21.999700000,22.834400000,3.794143
hadamard_gemm,confirmation,qwen21_ffn_up,4096,12288,4096,bf16,18,22.352700000,22.641800000,1.293356
hadamard_gemm,confirmation,qwen21_ffn_up,4096,12288,4096,bf16,19,22.331300000,21.957200000,-1.675227
hadamard_gemm,confirmation,qwen21_ffn_up,4096,12288,4096,bf16,20,21.995900000,22.297800000,1.372529
hadamard_gemm,confirmation,qwen21_ffn_up,4096,12288,4096,bf16,21,22.231600000,22.528300000,1.334587
hadamard_gemm,confirmation,qwen21_ffn_up,4096,12288,4096,bf16,22,22.198200000,22.157900000,-0.181546
hadamard_gemm,confirmation,qwen21_ffn_up,4096,12288,4096,bf16,23,22.281800000,22.497000000,0.965811
hadamard_gemm,confirmation,qwen21_ffn_up,4096,12288,4096,bf16,24,22.046300000,21.814700000,-1.050516
hadamard_gemm,confirmation,qwen21_ffn_up,4096,12288,4096,bf16,25,21.743300000,22.321600000,2.659670
hadamard_gemm,confirmation,qwen21_ffn_up,4096,12288,4096,bf16,26,21.957400000,22.598000000,2.917467
hadamard_gemm,confirmation,qwen21_ffn_up,4096,12288,4096,bf16,27,22.050000000,22.201000000,0.684807
hadamard_gemm,confirmation,qwen21_ffn_up,4096,12288,4096,bf16,28,22.126900000,22.195700000,0.310934
hadamard_gemm,confirmation,qwen21_ffn_up,4096,12288,4096,bf16,29,22.328000000,22.191700000,-0.610444
hadamard_gemm,confirmation,qwen21_ffn_up,4096,12288,4096,bf16,30,22.772500000,22.850700000,0.343397
hadamard_gemm,confirmation,qwen21_ffn_up,4096,12288,4096,bf16,31,22.063700000,22.432200000,1.670164
hadamard_gemm,confirmation,qwen21_ffn_up,4096,12288,4096,bf16,32,22.047400000,22.220200000,0.783766
hadamard_gemm,confirmation,qwen21_ffn_up,4096,12288,4096,bf16,33,22.163600000,22.118600000,-0.203036
hadamard_gemm,confirmation,qwen21_ffn_up,4096,12288,4096,bf16,34,22.002500000,22.951500000,4.313146
hadamard_gemm,confirmation,qwen21_ffn_up,4096,12288,4096,bf16,35,22.552900000,22.449300000,-0.459364
hadamard_gemm,confirmation,qwen21_ffn_up,4096,12288,4096,bf16,36,22.099700000,22.287900000,0.851595
hadamard_gemm,confirmation,qwen21_ffn_up,4096,12288,4096,bf16,37,22.047100000,22.940300000,4.051326
hadamard_gemm,confirmation,qwen21_ffn_up,4096,12288,4096,bf16,38,23.033800000,22.930800000,-0.447169
hadamard_gemm,confirmation,qwen21_ffn_up,4096,12288,4096,bf16,39,22.292800000,22.344200000,0.230568
hadamard_gemm,confirmation,qwen21_ffn_up,4096,12288,4096,bf16,40,22.494000000,22.383800000,-0.489908
hadamard_gemm,confirmation,qwen21_ffn_up,4096,12288,4096,bf16,41,22.755200000,22.299100000,-2.004377
hadamard_gemm,confirmation,qwen21_ffn_up,4096,12288,4096,bf16,42,21.835600000,22.286700000,2.065892
hadamard_gemm,confirmation,qwen21_ffn_up,4096,12288,4096,bf16,43,22.400900000,22.930900000,2.365976
hadamard_gemm,confirmation,qwen21_ffn_up,4096,12288,4096,bf16,44,22.391400000,22.522500000,0.585493
hadamard_gemm,confirmation,qwen21_ffn_up,4096,12288,4096,bf16,45,22.515400000,22.663400000,0.657328
hadamard_gemm,confirmation,qwen21_ffn_up,4096,12288,4096,bf16,46,21.827800000,22.235700000,1.868718
hadamard_gemm,confirmation,qwen21_ffn_up,4096,12288,4096,bf16,47,22.811600000,22.316700000,-2.169510
hadamard_gemm,confirmation,qwen21_ffn_up,4096,12288,4096,bf16,48,22.318400000,22.365600000,0.211485
hadamard_gemm,confirmation,qwen21_ffn_up,4096,12288,4096,bf16,49,22.246400000,22.306700000,0.271055
hadamard_gemm,confirmation,qwen21_ffn_up,4096,12288,4096,bf16,50,22.125900000,22.596700000,2.127823
hadamard_gemm,confirmation,qwen21_ffn_up,4096,12288,4096,bf16,51,22.366700000,22.434900000,0.304918
hadamard_gemm,confirmation,qwen21_ffn_up,4096,12288,4096,bf16,52,22.371800000,22.300600000,-0.318258
hadamard_gemm,confirmation,qwen21_ffn_up,4096,12288,4096,bf16,53,22.482800000,22.363500000,-0.530628
hadamard_gemm,confirmation,qwen21_ffn_up,4096,12288,4096,bf16,54,22.770100000,22.653100000,-0.513832
hadamard_gemm,confirmation,qwen21_ffn_up,4096,12288,4096,bf16,55,21.840200000,22.230600000,1.787529
hadamard_gemm,confirmation,qwen21_ffn_up,4096,12288,4096,bf16,56,22.347800000,22.296000000,-0.231790
hadamard_gemm,confirmation,qwen21_ffn_up,4096,12288,4096,bf16,57,22.247400000,22.375100000,0.574000
hadamard_gemm,confirmation,qwen21_ffn_up,4096,12288,4096,bf16,58,22.518600000,22.696200000,0.788681
hadamard_gemm,confirmation,qwen21_ffn_up,4096,12288,4096,bf16,59,22.406400000,22.318100000,-0.394084
hadamard_gemm,confirmation,qwen21_ffn_up,4096,12288,4096,bf16,60,22.174300000,22.460700000,1.291585
hadamard_gemm,confirmation,qwen21_ffn_up,4096,12288,4096,bf16,61,22.383600000,22.735800000,1.573473
hadamard_gemm,confirmation,qwen21_ffn_up,4096,12288,4096,bf16,62,21.980200000,22.674000000,3.156477
hadamard_gemm,confirmation,qwen21_ffn_up,4096,12288,4096,bf16,63,22.269300000,22.694700000,1.910253
hadamard_gemm,confirmation,qwen21_ffn_up,4096,12288,4096,bf16,64,22.042800000,22.955700000,4.141488
hadamard_gemm,confirmation,qwen21_ffn_up,4096,12288,4096,bf16,65,22.419200000,22.510800000,0.408578
hadamard_gemm,confirmation,qwen21_ffn_up,4096,12288,4096,bf16,66,21.867200000,22.646700000,3.564700
hadamard_gemm,confirmation,qwen21_ffn_up,4096,12288,4096,bf16,67,22.160500000,22.502500000,1.543286
hadamard_gemm,confirmation,qwen21_ffn_up,4096,12288,4096,bf16,68,22.267900000,22.644900000,1.693020
hadamard_gemm,confirmation,qwen21_ffn_up,4096,12288,4096,bf16,69,22.389300000,22.644100000,1.138044
hadamard_gemm,confirmation,qwen21_ffn_up,4096,12288,4096,bf16,70,22.052900000,22.641000000,2.666769
hadamard_gemm,confirmation,qwen21_ffn_up,4096,12288,4096,bf16,71,22.438400000,22.364200000,-0.330683
hadamard_gemm,confirmation,qwen21_ffn_up,4096,12288,4096,bf16,72,22.094600000,22.905700000,3.671033
hadamard_gemm,confirmation,qwen21_ffn_up,4096,12288,4096,bf16,73,22.440500000,22.307000000,-0.594907
hadamard_gemm,confirmation,qwen21_ffn_up,4096,12288,4096,bf16,74,22.482400000,22.048400000,-1.930399
hadamard_gemm,confirmation,qwen21_ffn_up,4096,12288,4096,bf16,75,22.181600000,22.688800000,2.286580
hadamard_gemm,confirmation,qwen21_ffn_up,4096,12288,4096,bf16,76,22.761100000,22.314700000,-1.961241
hadamard_gemm,confirmation,qwen21_ffn_up,4096,12288,4096,bf16,77,22.080400000,22.454600000,1.694716
hadamard_gemm,confirmation,qwen21_ffn_up,4096,12288,4096,bf16,78,21.845500000,22.254500000,1.872239
hadamard_gemm,confirmation,qwen21_ffn_up,4096,12288,4096,bf16,79,22.070800000,22.641800000,2.587129
hadamard_gemm,confirmation,qwen21_ffn_up,4096,12288,4096,bf16,80,22.431800000,22.330600000,-0.451145
hadamard_gemm,confirmation,qwen21_ffn_up,4096,12288,4096,bf16,81,22.145200000,22.653500000,2.295306
hadamard_gemm,confirmation,qwen21_ffn_up,4096,12288,4096,bf16,82,22.777000000,22.259100000,-2.273785
hadamard_gemm,confirmation,qwen21_ffn_up,4096,12288,4096,bf16,83,22.229100000,22.665200000,1.961843
hadamard_gemm,confirmation,qwen21_ffn_up,4096,12288,4096,bf16,84,22.729700000,22.299500000,-1.892678
hadamard_gemm,confirmation,qwen21_ffn_up,4096,12288,4096,bf16,85,22.498300000,22.203600000,-1.309877
hadamard_gemm,confirmation,qwen21_ffn_up,4096,12288,4096,bf16,86,22.201300000,22.276100000,0.336917
hadamard_gemm,confirmation,qwen21_ffn_up,4096,12288,4096,bf16,87,22.154300000,22.565500000,1.856073
hadamard_gemm,confirmation,qwen21_ffn_up,4096,12288,4096,bf16,88,22.684300000,22.381800000,-1.333521
hadamard_gemm,confirmation,qwen21_ffn_up,4096,12288,4096,bf16,89,22.055000000,21.946500000,-0.491952
hadamard_gemm,confirmation,qwen21_ffn_up,4096,12288,4096,bf16,90,22.826400000,22.428200000,-1.744471
hadamard_gemm,confirmation,qwen21_ffn_up,4096,12288,4096,bf16,91,22.222400000,22.583200000,1.623587
hadamard_gemm,confirmation,qwen21_ffn_up,4096,12288,4096,bf16,92,22.291100000,22.374700000,0.375038
hadamard_gemm,confirmation,qwen21_ffn_up,4096,12288,4096,bf16,93,22.119800000,22.680100000,2.533025
hadamard_gemm,confirmation,qwen21_ffn_up,4096,12288,4096,bf16,94,22.418800000,22.893000000,2.115189
hadamard_gemm,confirmation,qwen21_ffn_up,4096,12288,4096,bf16,95,22.168400000,22.279600000,0.501615
hadamard_gemm,confirmation,qwen21_ffn_up,4096,12288,4096,bf16,96,22.480500000,22.448100000,-0.144125
hadamard_gemm,confirmation,qwen21_ffn_up,4096,12288,4096,bf16,97,22.775700000,22.604900000,-0.749922
hadamard_gemm,confirmation,qwen21_ffn_up,4096,12288,4096,bf16,98,22.455200000,22.604200000,0.663543
hadamard_gemm,confirmation,qwen21_ffn_up,4096,12288,4096,bf16,99,22.134200000,22.048100000,-0.388991
hadamard_gemm,confirmation,qwen21_ffn_up,4096,12288,4096,bf16,100,22.496800000,22.948500000,2.007841
hadamard_gemm,committed_hadamard,krea2_kv,4352,1536,6144,bf16,0,5.541500000,6.387500000,15.266625
hadamard_gemm,committed_hadamard,krea2_kv,4352,1536,6144,bf16,1,5.573300000,5.722000000,2.668078
hadamard_gemm,committed_hadamard,krea2_kv,4352,1536,6144,bf16,2,5.764400000,6.016700000,4.376865
hadamard_gemm,committed_hadamard,krea2_kv,4352,1536,6144,bf16,3,5.621700000,6.019700000,7.079709
hadamard_gemm,committed_hadamard,krea2_kv,4352,1536,6144,bf16,4,6.190800000,6.063400000,-2.057892
hadamard_gemm,committed_hadamard,krea2_kv,4352,1536,6144,bf16,5,5.729600000,5.413800000,-5.511729
hadamard_gemm,committed_hadamard,krea2_kv,4352,1536,6144,bf16,6,5.608200000,6.112200000,8.986841
hadamard_gemm,committed_hadamard,krea2_kv,4352,1536,6144,bf16,7,5.887300000,5.521200000,-6.218470
hadamard_gemm,committed_hadamard,krea2_kv,4352,1536,6144,bf16,8,5.389300000,6.497000000,20.553690
hadamard_gemm,committed_hadamard,krea2_kv,4352,1536,6144,bf16,9,5.339800000,5.886600000,10.240084
hadamard_gemm,committed_hadamard,krea2_kv,4352,1536,6144,bf16,10,5.818700000,6.012700000,3.334078
hadamard_gemm,committed_hadamard,krea2_kv,4352,1536,6144,bf16,11,5.592700000,6.004400000,7.361382
hadamard_gemm,committed_hadamard,krea2_kv,4352,1536,6144,bf16,12,5.847700000,5.433300000,-7.086547
hadamard_gemm,committed_hadamard,krea2_kv,4352,1536,6144,bf16,13,5.781300000,5.997500000,3.739643
hadamard_gemm,committed_hadamard,krea2_kv,4352,1536,6144,bf16,14,5.655000000,5.933400000,4.923077
hadamard_gemm,committed_hadamard,krea2_kv,4352,1536,6144,bf16,15,5.629500000,5.567900000,-1.094236
hadamard_gemm,committed_hadamard,krea2_kv,4352,1536,6144,bf16,16,5.736600000,6.147300000,7.159293
hadamard_gemm,committed_hadamard,krea2_kv,4352,1536,6144,bf16,17,6.051100000,5.528700000,-8.633141
hadamard_gemm,committed_hadamard,krea2_kv,4352,1536,6144,bf16,18,5.667400000,6.055000000,6.839115
hadamard_gemm,committed_hadamard,krea2_kv,4352,1536,6144,bf16,19,5.736000000,5.469400000,-4.647838
hadamard_gemm,committed_hadamard,krea2_kv,4352,1536,6144,bf16,20,5.696800000,6.437000000,12.993259
hadamard_gemm,committed_hadamard,krea2_kv,4352,1536,6144,bf16,21,5.410800000,5.821000000,7.581134
hadamard_gemm,committed_hadamard,krea2_kv,4352,1536,6144,bf16,22,6.057200000,6.076300000,0.315327
hadamard_gemm,committed_hadamard,krea2_kv,4352,1536,6144,bf16,23,6.004300000,5.327500000,-11.271922
hadamard_gemm,committed_hadamard,krea2_kv,4352,1536,6144,bf16,24,5.453900000,5.760200000,5.616165
hadamard_gemm,committed_hadamard,krea2_kv,4352,1536,6144,bf16,25,5.592900000,5.965300000,6.658442
hadamard_gemm,committed_hadamard,krea2_kv,4352,1536,6144,bf16,26,5.483500000,6.372700000,16.215920
hadamard_gemm,committed_hadamard,krea2_kv,4352,1536,6144,bf16,27,6.034000000,5.427200000,-10.056347
hadamard_gemm,committed_hadamard,krea2_kv,4352,1536,6144,bf16,28,5.747800000,5.758100000,0.179199
hadamard_gemm,committed_hadamard,krea2_kv,4352,1536,6144,bf16,29,5.714800000,5.614900000,-1.748093
hadamard_gemm,committed_hadamard,krea2_kv,4352,1536,6144,bf16,30,5.656900000,5.952600000,5.227245
hadamard_gemm,committed_hadamard,qwen21_ffn_up,4096,12288,4096,bf16,0,22.631600000,22.738000000,0.470139
hadamard_gemm,committed_hadamard,qwen21_ffn_up,4096,12288,4096,bf16,1,22.704200000,22.063600000,-2.821504
hadamard_gemm,committed_hadamard,qwen21_ffn_up,4096,12288,4096,bf16,2,22.250000000,22.113000000,-0.615730
hadamard_gemm,committed_hadamard,qwen21_ffn_up,4096,12288,4096,bf16,3,22.205400000,23.476000000,5.722032
hadamard_gemm,committed_hadamard,qwen21_ffn_up,4096,12288,4096,bf16,4,22.585400000,22.095000000,-2.171314
hadamard_gemm,committed_hadamard,qwen21_ffn_up,4096,12288,4096,bf16,5,21.755800000,22.447400000,3.178922
hadamard_gemm,committed_hadamard,qwen21_ffn_up,4096,12288,4096,bf16,6,22.028000000,22.643600000,2.794625
hadamard_gemm,committed_hadamard,qwen21_ffn_up,4096,12288,4096,bf16,7,22.353000000,22.825000000,2.111573
hadamard_gemm,committed_hadamard,qwen21_ffn_up,4096,12288,4096,bf16,8,22.667200000,22.751400000,0.371462
hadamard_gemm,committed_hadamard,qwen21_ffn_up,4096,12288,4096,bf16,9,22.001200000,22.039600000,0.174536
hadamard_gemm,committed_hadamard,qwen21_ffn_up,4096,12288,4096,bf16,10,21.665000000,22.568800000,4.171706
hadamard_gemm,committed_hadamard,qwen21_ffn_up,4096,12288,4096,bf16,11,21.720800000,23.582200000,8.569666
hadamard_gemm,committed_hadamard,qwen21_ffn_up,4096,12288,4096,bf16,12,22.853800000,22.523600000,-1.444836
hadamard_gemm,committed_hadamard,qwen21_ffn_up,4096,12288,4096,bf16,13,22.828800000,22.591200000,-1.040791
hadamard_gemm,committed_hadamard,qwen21_ffn_up,4096,12288,4096,bf16,14,22.677200000,22.706000000,0.127000
hadamard_gemm,committed_hadamard,qwen21_ffn_up,4096,12288,4096,bf16,15,22.363800000,23.346600000,4.394602
hadamard_gemm,committed_hadamard,qwen21_ffn_up,4096,12288,4096,bf16,16,22.571000000,22.598800000,0.123167
hadamard_gemm,committed_hadamard,qwen21_ffn_up,4096,12288,4096,bf16,17,22.035000000,22.102800000,0.307692
hadamard_gemm,committed_hadamard,qwen21_ffn_up,4096,12288,4096,bf16,18,22.636200000,22.702400000,0.292452
hadamard_gemm,committed_hadamard,qwen21_ffn_up,4096,12288,4096,bf16,19,22.124800000,22.661800000,2.427141
hadamard_gemm,committed_hadamard,qwen21_ffn_up,4096,12288,4096,bf16,20,22.668200000,22.777400000,0.481732
hadamard_gemm,committed_hadamard,qwen21_ffn_up,4096,12288,4096,bf16,21,22.654200000,22.616000000,-0.168622
hadamard_gemm,committed_hadamard,qwen21_ffn_up,4096,12288,4096,bf16,22,22.429200000,22.677000000,1.104810
hadamard_gemm,committed_hadamard,qwen21_ffn_up,4096,12288,4096,bf16,23,21.798000000,23.340600000,7.076796
hadamard_gemm,committed_hadamard,qwen21_ffn_up,4096,12288,4096,bf16,24,22.802000000,22.673400000,-0.563986
hadamard_gemm,committed_hadamard,qwen21_ffn_up,4096,12288,4096,bf16,25,22.262400000,23.189000000,4.162175
hadamard_gemm,committed_hadamard,qwen21_ffn_up,4096,12288,4096,bf16,26,22.179200000,22.647600000,2.111889
hadamard_gemm,committed_hadamard,qwen21_ffn_up,4096,12288,4096,bf16,27,22.795800000,22.616200000,-0.787864
hadamard_gemm,committed_hadamard,qwen21_ffn_up,4096,12288,4096,bf16,28,22.159600000,23.395200000,5.575913
hadamard_gemm,committed_hadamard,qwen21_ffn_up,4096,12288,4096,bf16,29,23.226800000,22.661200000,-2.435118
hadamard_gemm,committed_hadamard,qwen21_ffn_up,4096,12288,4096,bf16,30,22.363200000,22.805200000,1.976461
hadamard_gemm,adaptive_hadamard_initial,krea2_kv,4352,1536,6144,bf16,0,5.960200000,6.011000000,0.852320
hadamard_gemm,adaptive_hadamard_initial,krea2_kv,4352,1536,6144,bf16,1,5.532300000,5.591500000,1.070079
hadamard_gemm,adaptive_hadamard_initial,krea2_kv,4352,1536,6144,bf16,2,6.181100000,6.124100000,-0.922166
hadamard_gemm,adaptive_hadamard_initial,krea2_kv,4352,1536,6144,bf16,3,5.631900000,5.374700000,-4.566842
hadamard_gemm,adaptive_hadamard_initial,krea2_kv,4352,1536,6144,bf16,4,5.628700000,6.072300000,7.881038
hadamard_gemm,adaptive_hadamard_initial,krea2_kv,4352,1536,6144,bf16,5,5.338700000,5.758300000,7.859591
hadamard_gemm,adaptive_hadamard_initial,krea2_kv,4352,1536,6144,bf16,6,5.607600000,5.891900000,5.069905
hadamard_gemm,adaptive_hadamard_initial,krea2_kv,4352,1536,6144,bf16,7,5.800000000,5.853900000,0.929310
hadamard_gemm,adaptive_hadamard_initial,krea2_kv,4352,1536,6144,bf16,8,5.752300000,6.022100000,4.690298
hadamard_gemm,adaptive_hadamard_initial,krea2_kv,4352,1536,6144,bf16,9,5.782800000,5.591900000,-3.301169
hadamard_gemm,adaptive_hadamard_initial,krea2_kv,4352,1536,6144,bf16,10,5.575900000,5.868200000,5.242203
hadamard_gemm,adaptive_hadamard_initial,krea2_kv,4352,1536,6144,bf16,11,5.846100000,5.841700000,-0.075264
hadamard_gemm,adaptive_hadamard_initial,krea2_kv,4352,1536,6144,bf16,12,5.289100000,5.836300000,10.345806
hadamard_gemm,adaptive_hadamard_initial,krea2_kv,4352,1536,6144,bf16,13,5.691800000,5.779000000,1.532029
hadamard_gemm,adaptive_hadamard_initial,krea2_kv,4352,1536,6144,bf16,14,5.435900000,5.778400000,6.300705
hadamard_gemm,adaptive_hadamard_initial,krea2_kv,4352,1536,6144,bf16,15,5.953000000,5.770000000,-3.074080
hadamard_gemm,adaptive_hadamard_initial,krea2_kv,4352,1536,6144,bf16,16,5.874000000,5.473000000,-6.826694
hadamard_gemm,adaptive_hadamard_initial,krea2_kv,4352,1536,6144,bf16,17,5.718800000,5.801000000,1.437364
hadamard_gemm,adaptive_hadamard_initial,krea2_kv,4352,1536,6144,bf16,18,5.699600000,5.968400000,4.716120
hadamard_gemm,adaptive_hadamard_initial,krea2_kv,4352,1536,6144,bf16,19,5.640600000,5.510600000,-2.304719
hadamard_gemm,adaptive_hadamard_initial,krea2_kv,4352,1536,6144,bf16,20,5.659300000,5.902400000,4.295584
hadamard_gemm,adaptive_hadamard_initial,krea2_kv,4352,1536,6144,bf16,21,5.245000000,5.771700000,10.041945
hadamard_gemm,adaptive_hadamard_initial,krea2_kv,4352,1536,6144,bf16,22,6.090300000,5.531800000,-9.170320
hadamard_gemm,adaptive_hadamard_initial,krea2_kv,4352,1536,6144,bf16,23,6.071600000,5.559900000,-8.427762
hadamard_gemm,adaptive_hadamard_initial,krea2_kv,4352,1536,6144,bf16,24,5.698800000,5.872100000,3.040991
hadamard_gemm,adaptive_hadamard_initial,krea2_kv,4352,1536,6144,bf16,25,5.802200000,5.367700000,-7.488539
hadamard_gemm,adaptive_hadamard_initial,krea2_kv,4352,1536,6144,bf16,26,5.707100000,5.825100000,2.067600
hadamard_gemm,adaptive_hadamard_initial,krea2_kv,4352,1536,6144,bf16,27,5.372100000,5.929700000,10.379554
hadamard_gemm,adaptive_hadamard_initial,krea2_kv,4352,1536,6144,bf16,28,6.092700000,6.292200000,3.274410
hadamard_gemm,adaptive_hadamard_initial,krea2_kv,4352,1536,6144,bf16,29,5.394200000,6.222400000,15.353528
hadamard_gemm,adaptive_hadamard_initial,krea2_kv,4352,1536,6144,bf16,30,5.787700000,5.996000000,3.599012
hadamard_gemm,adaptive_hadamard_initial,qwen21_ffn_up,4096,12288,4096,bf16,0,22.295600000,22.334000000,0.172231
hadamard_gemm,adaptive_hadamard_initial,qwen21_ffn_up,4096,12288,4096,bf16,1,22.140400000,23.035200000,4.041481
hadamard_gemm,adaptive_hadamard_initial,qwen21_ffn_up,4096,12288,4096,bf16,2,22.568800000,22.575200000,0.028358
hadamard_gemm,adaptive_hadamard_initial,qwen21_ffn_up,4096,12288,4096,bf16,3,22.614800000,22.971400000,1.576843
hadamard_gemm,adaptive_hadamard_initial,qwen21_ffn_up,4096,12288,4096,bf16,4,22.373200000,22.344600000,-0.127832
hadamard_gemm,adaptive_hadamard_initial,qwen21_ffn_up,4096,12288,4096,bf16,5,22.260200000,22.917200000,2.951456
hadamard_gemm,adaptive_hadamard_initial,qwen21_ffn_up,4096,12288,4096,bf16,6,22.745400000,22.345200000,-1.759477
hadamard_gemm,adaptive_hadamard_initial,qwen21_ffn_up,4096,12288,4096,bf16,7,22.403600000,22.841000000,1.952365
hadamard_gemm,adaptive_hadamard_initial,qwen21_ffn_up,4096,12288,4096,bf16,8,22.739200000,22.301800000,-1.923551
hadamard_gemm,adaptive_hadamard_initial,qwen21_ffn_up,4096,12288,4096,bf16,9,22.519200000,23.128200000,2.704359
hadamard_gemm,adaptive_hadamard_initial,qwen21_ffn_up,4096,12288,4096,bf16,10,22.178200000,23.058200000,3.967860
hadamard_gemm,adaptive_hadamard_initial,qwen21_ffn_up,4096,12288,4096,bf16,11,22.617600000,22.493200000,-0.550014
hadamard_gemm,adaptive_hadamard_initial,qwen21_ffn_up,4096,12288,4096,bf16,12,21.733800000,22.325000000,2.720187
hadamard_gemm,adaptive_hadamard_initial,qwen21_ffn_up,4096,12288,4096,bf16,13,22.818000000,22.323400000,-2.167587
hadamard_gemm,adaptive_hadamard_initial,qwen21_ffn_up,4096,12288,4096,bf16,14,22.172000000,23.639400000,6.618257
hadamard_gemm,adaptive_hadamard_initial,qwen21_ffn_up,4096,12288,4096,bf16,15,22.083000000,23.149800000,4.830865
hadamard_gemm,adaptive_hadamard_initial,qwen21_ffn_up,4096,12288,4096,bf16,16,22.773600000,22.586200000,-0.822883
hadamard_gemm,adaptive_hadamard_initial,qwen21_ffn_up,4096,12288,4096,bf16,17,22.656200000,22.415400000,-1.062844
hadamard_gemm,adaptive_hadamard_initial,qwen21_ffn_up,4096,12288,4096,bf16,18,21.701600000,22.670400000,4.464187
hadamard_gemm,adaptive_hadamard_initial,qwen21_ffn_up,4096,12288,4096,bf16,19,21.748800000,22.879600000,5.199367
hadamard_gemm,adaptive_hadamard_initial,qwen21_ffn_up,4096,12288,4096,bf16,20,22.071800000,23.004000000,4.223489
hadamard_gemm,adaptive_hadamard_initial,qwen21_ffn_up,4096,12288,4096,bf16,21,22.752600000,23.017000000,1.162065
hadamard_gemm,adaptive_hadamard_initial,qwen21_ffn_up,4096,12288,4096,bf16,22,22.285000000,22.391000000,0.475656
hadamard_gemm,adaptive_hadamard_initial,qwen21_ffn_up,4096,12288,4096,bf16,23,22.676200000,23.027400000,1.548760
hadamard_gemm,adaptive_hadamard_initial,qwen21_ffn_up,4096,12288,4096,bf16,24,22.123200000,22.331600000,0.941998
hadamard_gemm,adaptive_hadamard_initial,qwen21_ffn_up,4096,12288,4096,bf16,25,22.637400000,23.029400000,1.731648
hadamard_gemm,adaptive_hadamard_initial,qwen21_ffn_up,4096,12288,4096,bf16,26,22.308600000,22.968800000,2.959397
hadamard_gemm,adaptive_hadamard_initial,qwen21_ffn_up,4096,12288,4096,bf16,27,22.025800000,22.431400000,1.841477
hadamard_gemm,adaptive_hadamard_initial,qwen21_ffn_up,4096,12288,4096,bf16,28,22.394400000,22.366200000,-0.125924
hadamard_gemm,adaptive_hadamard_initial,qwen21_ffn_up,4096,12288,4096,bf16,29,22.117800000,22.478200000,1.629457
hadamard_gemm,adaptive_hadamard_initial,qwen21_ffn_up,4096,12288,4096,bf16,30,22.118000000,23.045600000,4.193869
